order_id,order_date,customer_id,customer_city,channel,category,product_name,quantity,unit_price,unit_cost,discount_pct,payment_method,returned,revenue,profit,order_year,order_month
703339,2024-10-28,C102125,Karachi,Online,Jeans,Straight Leg Jeans,1,3310,1860,10,COD,No,2979.0,1119.0,2024,2024-10
702995,2023-12-24,C101797,Karachi,Online,Accessories,Sunglasses,1,2130,1160,0,Card,No,2130.0,970.0,2023,2023-12
704797,2024-08-12,C101615,Lahore,Online,T-Shirts,Polo Shirt,1,2300,1330,15,Wallet,No,1955.0,625.0,2024,2024-08
704872,2025-06-23,C101730,Sialkot,Online,Shoes,Sneakers,2,4580,2890,10,COD,No,8244.0,2464.0,2025,2025-06
702330,2025-05-21,C101466,Unknown,Store,Accessories,Sunglasses,1,2240,1320,10,Wallet,No,2016.0,696.0,2025,2025-05
704720,2025-03-30,C100948,Multan,Online,Accessories,Sunglasses,2,2170,1200,15,COD,No,3689.0,1289.0,2025,2025-03
700434,2024-01-28,C101865,Multan,Online,T-Shirts,Classic Cotton Tee,3,1230,690,0,COD,No,3690.0,1620.0,2024,2024-01
704224,2025-06-26,C101235,Lahore,Online,Accessories,Leather Belt,3,1220,570,0,COD,No,3660.0,1950.0,2025,2025-06
703956,2024-09-05,C100537,Lahore,Online,Jeans,High-Waist Jeans,1,4310,2600,0,COD,No,4310.0,1710.0,2024,2024-09
703969,2023-09-25,C101780,Lahore,Online,Shoes,Sneakers,1,4380,2540,10,Card,No,3942.0,1402.0,2023,2023-09
701468,2023-12-29,C101016,Rawalpindi,Store,Kurtas,Cotton Kurta,1,1880,1070,20,COD,No,1504.0,434.0,2023,2023-12
703765,2024-10-12,C100520,Multan,Online,Accessories,Tote Bag,1,1560,870,0,COD,No,1560.0,690.0,2024,2024-10
701951,2024-02-18,C100475,Karachi,Store,T-Shirts,Classic Cotton Tee,1,1150,700,0,COD,No,1150.0,450.0,2024,2024-02
702254,2023-09-18,C102138,Faisalabad,Store,Dresses,Bodycon Dress,1,4030,2100,0,COD,No,4030.0,1930.0,2023,2023-09
704417,2023-09-14,C100691,Peshawar,Online,Kurtas,Cotton Kurta,1,1960,1220,0,Card,No,1960.0,740.0,2023,2023-09
704894,2024-05-14,C100875,Peshawar,Store,Dresses,Bodycon Dress,1,3830,1750,0,Card,No,3830.0,2080.0,2024,2024-05
701879,2024-07-12,C101732,Faisalabad,Store,Dresses,Bodycon Dress,2,4000,2500,0,COD,Yes,8000.0,3000.0,2024,2024-07
705026,2025-04-14,C101493,Faisalabad,Store,Jeans,Slim Fit Jeans,3,3660,2310,20,COD,Yes,8784.0,1854.0,2025,2025-04
701861,2023-07-07,C101838,Faisalabad,Store,Accessories,Tote Bag,2,1640,1000,15,Bank Transfer,No,2788.0,788.0,2023,2023-07
701223,2024-09-14,C100544,Lahore,Online,Shoes,Boots,1,6200,3460,0,Card,No,6200.0,2740.0,2024,2024-09
702968,2023-11-18,C101366,Lahore,Online,Kurtas,Embroidered Kurta,1,2860,1330,0,Bank Transfer,No,2860.0,1530.0,2023,2023-11
701042,2024-05-14,C101009,Unknown,Online,T-Shirts,Classic Cotton Tee,1,1220,670,20,Wallet,No,976.0,306.0,2024,2024-05
701904,2025-04-17,C101690,Faisalabad,Online,T-Shirts,Classic Cotton Tee,3,1280,740,10,COD,No,3456.0,1236.0,2025,2025-04
702354,2025-05-22,C100715,Lahore,Store,T-Shirts,Graphic Print Tee,3,1600,820,0,Wallet,No,4800.0,2340.0,2025,2025-05
704489,2023-12-27,C100061,Karachi,Store,Accessories,Sunglasses,3,2180,1220,10,Bank Transfer,No,5886.0,2226.0,2023,2023-12
700447,2024-08-07,C101749,Karachi,Store,T-Shirts,Graphic Print Tee,2,1590,830,0,Bank Transfer,No,3180.0,1520.0,2024,2024-08
702744,2025-01-19,C100306,Karachi,Store,Kurtas,Cotton Kurta,2,1870,1210,0,Wallet,No,3740.0,1320.0,2025,2025-01
701966,2024-10-12,C102000,Multan,Store,Shoes,Boots,1,6850,3400,0,COD,No,6850.0,3450.0,2024,2024-10
701886,2024-04-25,C100183,Karachi,Store,T-Shirts,Oversized Tee,1,1840,900,0,Card,No,1840.0,940.0,2024,2024-04
702128,2024-02-07,C102197,Islamabad,Store,Jeans,Straight Leg Jeans,3,3190,1460,0,Bank Transfer,No,9570.0,5190.0,2024,2024-02
700340,2025-01-29,C101279,Islamabad,Online,Jeans,Ripped Jeans,1,3860,1860,10,Card,No,3474.0,1614.0,2025,2025-01
704742,2024-04-25,C102157,Karachi,Store,Kurtas,Embroidered Kurta,1,2870,1570,10,Card,No,2583.0,1013.0,2024,2024-04
704133,2025-06-12,C102128,Lahore,Online,T-Shirts,Oversized Tee,1,1790,1160,0,Bank Transfer,No,1790.0,630.0,2025,2025-06
703449,2023-07-22,C100171,Islamabad,Online,Dresses,Wrap Dress,1,4170,2670,0,COD,No,4170.0,1500.0,2023,2023-07
700337,2025-03-18,C100256,Faisalabad,Store,T-Shirts,Oversized Tee,3,1870,980,0,Card,No,5610.0,2670.0,2025,2025-03
701183,2024-03-13,C101639,Rawalpindi,Online,Jeans,Slim Fit Jeans,2,3510,2200,10,COD,No,6318.0,1918.0,2024,2024-03
703749,2025-02-06,C101529,Karachi,Store,Jackets,Hooded Jacket,1,4680,2990,0,Card,No,4680.0,1690.0,2025,2025-02
701709,2023-12-10,C102042,Islamabad,Store,Jackets,Hooded Jacket,1,4690,2720,0,COD,No,4690.0,1970.0,2023,2023-12
703043,2024-01-09,C102054,Karachi,Store,Shoes,Sneakers,1,4660,2760,0,Wallet,No,4660.0,1900.0,2024,2024-01
703832,2023-07-09,C100200,Faisalabad,Online,Shoes,Sneakers,1,4650,2900,0,Bank Transfer,Yes,4650.0,1750.0,2023,2023-07
700199,2025-05-11,C100429,Faisalabad,Store,Shoes,Loafers,1,5570,3490,0,COD,No,5570.0,2080.0,2025,2025-05
701534,2024-08-25,C101947,Peshawar,Online,Kurtas,Cotton Kurta,2,1890,1200,10,Bank Transfer,No,3402.0,1002.0,2024,2024-08
704678,2024-10-19,C101840,Lahore,Store,Kurtas,Cotton Kurta,2,1830,890,0,COD,No,3660.0,1880.0,2024,2024-10
701113,2023-07-25,C101297,Lahore,Store,Accessories,Tote Bag,1,1550,730,10,COD,No,1395.0,665.0,2023,2023-07
702156,2024-01-25,C100212,Lahore,Online,Accessories,Sunglasses,3,2240,1100,0,Card,No,6720.0,3420.0,2024,2024-01
704729,2025-05-25,C100575,Islamabad,Online,Jackets,Bomber Jacket,2,5150,3250,0,Card,No,10300.0,3800.0,2025,2025-05
704961,2024-11-25,C100772,Islamabad,Store,T-Shirts,Oversized Tee,2,1900,970,20,Bank Transfer,No,3040.0,1100.0,2024,2024-11
703047,2024-04-10,C100291,Lahore,Online,Accessories,Tote Bag,3,1710,810,15,Card,No,4360.5,1930.5,2024,2024-04
701140,2025-05-06,C101066,Karachi,Online,Shoes,Sneakers,2,4530,2780,0,COD,No,9060.0,3500.0,2025,2025-05
700017,2024-04-15,C101321,Karachi,Online,Shoes,Boots,1,6990,4500,0,Wallet,No,6990.0,2490.0,2024,2024-04
703049,2024-12-20,C100707,Faisalabad,Online,Jackets,Denim Jacket,2,5660,3670,20,COD,No,9056.0,1716.0,2024,2024-12
700012,2024-07-15,C101332,Islamabad,Online,Shoes,Boots,1,6580,4040,0,COD,No,6580.0,2540.0,2024,2024-07
701030,2023-08-25,C100229,Lahore,Online,Dresses,Bodycon Dress,1,3640,2330,0,COD,No,3640.0,1310.0,2023,2023-08
703248,2024-01-14,C100549,Karachi,Store,Jackets,Bomber Jacket,2,5120,3190,15,Bank Transfer,No,8704.0,2324.0,2024,2024-01
704884,2024-01-02,C101656,Lahore,Store,T-Shirts,Oversized Tee,1,1900,960,0,COD,No,1900.0,940.0,2024,2024-01
701537,2023-10-27,C101075,Karachi,Store,T-Shirts,Classic Cotton Tee,1,1290,680,0,Wallet,No,1290.0,610.0,2023,2023-10
704092,2024-12-10,C101940,Lahore,Online,T-Shirts,Oversized Tee,1,1820,1170,0,Card,No,1820.0,650.0,2024,2024-12
702592,2024-08-13,C101921,Karachi,Online,Dresses,Maxi Dress,1,4810,2930,0,Bank Transfer,No,4810.0,1880.0,2024,2024-08
703301,2024-12-27,C100937,Lahore,Online,Jeans,High-Waist Jeans,1,4450,2030,0,Card,No,4450.0,2420.0,2024,2024-12
704451,2025-02-25,C100775,Multan,Online,Accessories,Baseball Cap,2,870,520,0,COD,No,1740.0,700.0,2025,2025-02
703730,2025-03-15,C101673,Lahore,Online,Jeans,Slim Fit Jeans,2,3440,1910,0,Card,No,6880.0,3060.0,2025,2025-03
700962,2024-05-18,C100474,Karachi,Online,Kurtas,Printed Kurta,3,2550,1270,0,COD,No,7650.0,3840.0,2024,2024-05
704710,2024-01-05,C100388,Lahore,Online,Jackets,Puffer Jacket,3,6950,3660,10,Wallet,No,18765.0,7785.0,2024,2024-01
702998,2023-10-27,C101356,Islamabad,Store,Accessories,Baseball Cap,2,910,490,10,COD,No,1638.0,658.0,2023,2023-10
703704,2024-11-06,C100916,Lahore,Store,Shoes,Boots,1,6360,3400,20,COD,No,5088.0,1688.0,2024,2024-11
702857,2023-07-12,C100723,Sialkot,Store,Jackets,Bomber Jacket,3,5060,2490,0,Wallet,No,15180.0,7710.0,2023,2023-07
702842,2024-09-10,C101839,Faisalabad,Store,Jeans,Slim Fit Jeans,1,3510,1820,0,Bank Transfer,No,3510.0,1690.0,2024,2024-09
703229,2024-07-29,C101962,Islamabad,Store,T-Shirts,Classic Cotton Tee,1,1250,710,10,Card,No,1125.0,415.0,2024,2024-07
700355,2024-08-28,C102064,Karachi,Online,T-Shirts,Oversized Tee,2,1800,990,0,COD,No,3600.0,1620.0,2024,2024-08
701851,2024-05-17,C100218,Peshawar,Store,T-Shirts,Classic Cotton Tee,1,1180,610,10,COD,No,1062.0,452.0,2024,2024-05
702372,2024-05-04,C102006,Karachi,Online,T-Shirts,Oversized Tee,1,1920,900,0,Bank Transfer,No,1920.0,1020.0,2024,2024-05
702422,2025-04-07,C100568,Karachi,Store,Dresses,Wrap Dress,1,4100,2120,20,Card,No,3280.0,1160.0,2025,2025-04
701359,2024-01-09,C101927,Rawalpindi,Online,Kurtas,Embroidered Kurta,1,2750,1570,0,Wallet,No,2750.0,1180.0,2024,2024-01
704443,2025-04-06,C101710,Faisalabad,Online,Shoes,Boots,2,6370,3880,0,Card,No,12740.0,4980.0,2025,2025-04
704225,2023-12-09,C100347,Lahore,Online,Shoes,Loafers,2,5480,2720,15,Card,No,9316.0,3876.0,2023,2023-12
700692,2023-09-08,C100181,Peshawar,Online,Jackets,Denim Jacket,2,5580,3450,15,Card,No,9486.0,2586.0,2023,2023-09
704024,2024-03-02,C101808,Karachi,Online,Jeans,Straight Leg Jeans,1,3440,1720,0,Bank Transfer,No,3440.0,1720.0,2024,2024-03
703265,2024-01-27,C101742,Lahore,Store,Jeans,High-Waist Jeans,1,4440,2160,0,COD,No,4440.0,2280.0,2024,2024-01
704870,2024-05-06,C100312,Lahore,Online,Dresses,Wrap Dress,2,3870,1930,15,Wallet,No,6579.0,2719.0,2024,2024-05
700115,2024-02-10,C100246,Islamabad,Online,Jackets,Puffer Jacket,1,6640,3530,0,Card,No,6640.0,3110.0,2024,2024-02
702690,2023-11-23,C100294,Multan,Online,Dresses,Maxi Dress,2,4470,2310,20,COD,Yes,7152.0,2532.0,2023,2023-11
702123,2024-09-13,C101598,Faisalabad,Store,T-Shirts,Polo Shirt,1,2250,1110,0,Card,No,2250.0,1140.0,2024,2024-09
701881,2024-10-08,C100410,Rawalpindi,Store,Jeans,Straight Leg Jeans,1,3210,1800,0,Card,Yes,3210.0,1410.0,2024,2024-10
701382,2025-06-08,C101799,Islamabad,Online,Dresses,Maxi Dress,1,4810,2700,10,Card,No,4329.0,1629.0,2025,2025-06
703327,2025-03-26,C100659,Karachi,Online,Jackets,Bomber Jacket,2,5150,2770,0,COD,No,10300.0,4760.0,2025,2025-03
701726,2023-09-29,C101390,Peshawar,Online,T-Shirts,Polo Shirt,1,2100,1210,0,COD,No,2100.0,890.0,2023,2023-09
704909,2024-04-25,C100606,Multan,Store,Kurtas,Printed Kurta,1,2380,1300,15,Card,No,2023.0,723.0,2024,2024-04
701622,2023-10-07,C100011,Peshawar,Store,Shoes,Loafers,1,5020,2440,0,COD,No,5020.0,2580.0,2023,2023-10
704046,2024-11-21,C102046,Karachi,Online,Shoes,Boots,1,6930,3770,20,Bank Transfer,No,5544.0,1774.0,2024,2024-11
703331,2023-08-16,C101521,Islamabad,Online,Jeans,Ripped Jeans,3,3930,1870,0,COD,No,11790.0,6180.0,2023,2023-08
702093,2023-11-13,C100057,Islamabad,Online,Jeans,Ripped Jeans,1,3780,2070,20,COD,No,3024.0,954.0,2023,2023-11
704787,2023-08-30,C101460,Faisalabad,Online,Dresses,Wrap Dress,1,3890,2110,0,Bank Transfer,No,3890.0,1780.0,2023,2023-08
702549,2025-05-07,C101647,Faisalabad,Store,Kurtas,Festive Kurta,1,4230,2280,10,Card,No,3807.0,1527.0,2025,2025-05
702534,2023-07-08,C101631,Multan,Online,Accessories,Tote Bag,1,1530,900,0,COD,No,1530.0,630.0,2023,2023-07
705010,2025-04-06,C101220,Lahore,Store,T-Shirts,Polo Shirt,1,2340,1080,10,COD,No,2106.0,1026.0,2025,2025-04
701026,2023-11-07,C100105,Rawalpindi,Store,Jackets,Bomber Jacket,2,4970,2420,15,Unknown,No,8449.0,3609.0,2023,2023-11
703225,2024-01-20,C101438,Peshawar,Online,T-Shirts,Polo Shirt,1,2210,1390,0,COD,No,2210.0,820.0,2024,2024-01
703821,2024-07-08,C101695,Islamabad,Store,Kurtas,Cotton Kurta,2,1920,910,0,COD,No,3840.0,2020.0,2024,2024-07
701505,2024-12-20,C100837,Sialkot,Online,Accessories,Tote Bag,2,1620,770,30,COD,No,2268.0,728.0,2024,2024-12
705095,2024-01-08,C101038,Karachi,Online,Jackets,Bomber Jacket,2,5600,3370,0,Wallet,No,11200.0,4460.0,2024,2024-01
704166,2024-06-17,C101715,Unknown,Online,Jeans,Ripped Jeans,1,3930,2410,0,Bank Transfer,No,3930.0,1520.0,2024,2024-06
701014,2024-06-06,C100627,Lahore,Store,Kurtas,Cotton Kurta,2,1910,1160,0,Card,No,3820.0,1500.0,2024,2024-06
702434,2023-09-23,C100882,Peshawar,Store,Dresses,Summer Floral Dress,3,3420,2000,0,COD,No,10260.0,4260.0,2023,2023-09
703286,2023-11-06,C100652,Rawalpindi,Online,Accessories,Leather Belt,2,1190,630,15,Card,No,2023.0,763.0,2023,2023-11
704638,2023-07-23,C101496,Multan,Store,Accessories,Leather Belt,1,1250,800,0,COD,No,1250.0,450.0,2023,2023-07
705081,2023-08-20,C100688,Faisalabad,Online,Jackets,Hooded Jacket,1,4610,2620,0,Card,No,4610.0,1990.0,2023,2023-08
700026,2024-08-19,C101518,Lahore,Online,Dresses,Wrap Dress,1,3920,2280,0,Wallet,Yes,3920.0,1640.0,2024,2024-08
702990,2023-08-28,C102132,Sialkot,Store,Kurtas,Printed Kurta,3,2580,1390,10,Wallet,No,6966.0,2796.0,2023,2023-08
700205,2025-04-12,C101167,Islamabad,Online,T-Shirts,Classic Cotton Tee,3,1240,680,10,COD,No,3348.0,1308.0,2025,2025-04
700589,2024-02-25,C101617,Islamabad,Store,Jeans,High-Waist Jeans,1,4460,2320,0,Wallet,No,4460.0,2140.0,2024,2024-02
703467,2024-11-12,C101282,Karachi,Online,Kurtas,Embroidered Kurta,1,2750,1260,20,Card,Yes,2200.0,940.0,2024,2024-11
700636,2023-10-17,C101683,Karachi,Store,Jackets,Denim Jacket,1,5520,2820,0,Card,Yes,5520.0,2700.0,2023,2023-10
700460,2023-07-18,C100677,Karachi,Store,Accessories,Tote Bag,2,1710,1100,0,Card,No,3420.0,1220.0,2023,2023-07
704909,2024-04-25,C100606,Multan,Store,Jeans,Ripped Jeans,1,3940,1830,0,Card,No,3940.0,2110.0,2024,2024-04
704823,2024-03-13,C101268,Karachi,Online,Jeans,Ripped Jeans,1,3630,2140,10,Card,No,3267.0,1127.0,2024,2024-03
701033,2023-12-06,C101483,Lahore,Store,Jeans,Straight Leg Jeans,1,3430,1920,20,Wallet,No,2744.0,824.0,2023,2023-12
702157,2024-06-22,C101769,Multan,Store,T-Shirts,Oversized Tee,1,1850,1140,15,Card,No,1572.5,432.5,2024,2024-06
704578,2023-08-08,C100710,Sialkot,Online,T-Shirts,Classic Cotton Tee,1,1260,590,0,Card,No,1260.0,670.0,2023,2023-08
705185,2024-10-05,C102148,Faisalabad,Online,Shoes,Sneakers,1,4300,2470,0,COD,No,4300.0,1830.0,2024,2024-10
705128,2024-05-10,C100100,Peshawar,Store,Jeans,Straight Leg Jeans,2,3130,1750,0,COD,No,6260.0,2760.0,2024,2024-05
701501,2024-09-19,C102057,Karachi,Online,T-Shirts,Classic Cotton Tee,3,1250,570,0,COD,No,3750.0,2040.0,2024,2024-09
700593,2025-02-04,C101790,Faisalabad,Store,Dresses,Summer Floral Dress,2,3410,1600,0,Card,No,6820.0,3620.0,2025,2025-02
703327,2025-03-26,C100659,Karachi,Online,Shoes,Loafers,1,5130,2350,15,COD,Yes,4360.5,2010.5,2025,2025-03
705135,2025-06-05,C100033,Karachi,Online,Accessories,Baseball Cap,2,950,580,0,COD,No,1900.0,740.0,2025,2025-06
700195,2023-10-14,C100616,Faisalabad,Online,Jeans,Ripped Jeans,1,3700,2100,15,Card,No,3145.0,1045.0,2023,2023-10
704658,2025-01-28,C101643,Lahore,Store,Jeans,Ripped Jeans,2,4040,1890,10,Wallet,No,7272.0,3492.0,2025,2025-01
701358,2023-08-03,C100431,Faisalabad,Online,Shoes,Sneakers,1,4500,2510,0,Card,No,4500.0,1990.0,2023,2023-08
704291,2025-05-22,C100073,Lahore,Online,Jeans,Ripped Jeans,2,4070,1950,0,Card,No,8140.0,4240.0,2025,2025-05
704478,2023-12-11,C101710,Faisalabad,Online,Kurtas,Embroidered Kurta,1,2940,1330,20,Card,No,2352.0,1022.0,2023,2023-12
702389,2023-12-19,C101865,Multan,Online,Jackets,Denim Jacket,1,5590,3420,15,COD,No,4751.5,1331.5,2023,2023-12
703190,2023-10-08,C100072,Multan,Online,T-Shirts,Polo Shirt,2,2200,1330,15,Card,No,3740.0,1080.0,2023,2023-10
703484,2024-03-26,C100371,Karachi,Online,T-Shirts,Oversized Tee,1,1940,1120,0,Card,No,1940.0,820.0,2024,2024-03
702237,2024-10-15,C100881,Islamabad,Online,T-Shirts,Classic Cotton Tee,2,1150,590,0,Card,No,2300.0,1120.0,2024,2024-10
700616,2025-01-13,C102153,Faisalabad,Online,Accessories,Leather Belt,1,1210,660,0,COD,No,1210.0,550.0,2025,2025-01
703995,2023-12-27,C100975,Islamabad,Online,Accessories,Tote Bag,2,1580,770,0,Card,No,3160.0,1620.0,2023,2023-12
701468,2023-12-29,C101016,Rawalpindi,Store,Shoes,Boots,3,6270,2850,0,COD,No,18810.0,10260.0,2023,2023-12
705006,2024-02-29,C100078,Islamabad,Online,Shoes,Boots,1,6350,3380,10,Wallet,No,5715.0,2335.0,2024,2024-02
703155,2024-12-23,C100203,Unknown,Online,Shoes,Sneakers,2,4470,2470,20,COD,No,7152.0,2212.0,2024,2024-12
703776,2023-08-19,C102058,Lahore,Online,Accessories,Tote Bag,2,1700,1050,15,COD,No,2890.0,790.0,2023,2023-08
703095,2024-03-10,C101836,Lahore,Online,Dresses,Wrap Dress,1,3810,2220,0,COD,No,3810.0,1590.0,2024,2024-03
704473,2024-05-10,C100348,Islamabad,Online,Shoes,Sneakers,2,4340,2760,0,Card,No,8680.0,3160.0,2024,2024-05
700874,2024-04-30,C101990,Lahore,Store,Dresses,Maxi Dress,1,4690,2850,10,Card,No,4221.0,1371.0,2024,2024-04
703970,2025-06-06,C101705,Sialkot,Online,Dresses,Maxi Dress,1,4740,2150,0,Bank Transfer,No,4740.0,2590.0,2025,2025-06
702094,2025-04-17,C100814,Lahore,Online,Accessories,Tote Bag,2,1640,830,10,Card,No,2952.0,1292.0,2025,2025-04
703932,2023-09-22,C101567,Lahore,Online,Shoes,Loafers,1,4940,2610,0,Card,No,4940.0,2330.0,2023,2023-09
702612,2023-07-07,C100708,Karachi,Online,Jackets,Bomber Jacket,2,5120,2660,0,COD,No,10240.0,4920.0,2023,2023-07
702319,2023-11-29,C102066,Islamabad,Online,Jackets,Bomber Jacket,1,5270,3000,20,Card,No,4216.0,1216.0,2023,2023-11
700672,2025-04-14,C102138,Faisalabad,Online,Accessories,Tote Bag,2,1630,990,20,Card,Yes,2608.0,628.0,2025,2025-04
700928,2024-12-02,C101133,Rawalpindi,Online,Accessories,Baseball Cap,2,860,400,20,COD,Yes,1376.0,576.0,2024,2024-12
702528,2025-02-06,C100124,Lahore,Online,Accessories,Baseball Cap,3,940,530,0,Bank Transfer,No,2820.0,1230.0,2025,2025-02
702250,2025-05-01,C101220,Lahore,Online,Accessories,Sunglasses,1,2370,1150,20,COD,No,1896.0,746.0,2025,2025-05
703837,2024-03-14,C101201,Islamabad,Online,Accessories,Baseball Cap,1,940,570,10,COD,No,846.0,276.0,2024,2024-03
704639,2025-05-17,C100089,Islamabad,Store,Shoes,Sneakers,1,4590,2980,15,COD,Yes,3901.5,921.5,2025,2025-05
704112,2024-01-19,C101420,Rawalpindi,Online,T-Shirts,Graphic Print Tee,2,1580,950,10,Wallet,No,2844.0,944.0,2024,2024-01
703876,2025-03-13,C100541,Islamabad,Online,Jackets,Hooded Jacket,2,5150,2590,0,Wallet,No,10300.0,5120.0,2025,2025-03
701350,2025-03-02,C101484,Islamabad,Online,Jackets,Bomber Jacket,2,5110,2950,0,COD,Yes,10220.0,4320.0,2025,2025-03
701338,2024-08-28,C102124,Karachi,Store,Shoes,Loafers,3,5420,3220,0,Wallet,No,16260.0,6600.0,2024,2024-08
703455,2023-09-24,C101618,Sialkot,Online,Jeans,Ripped Jeans,1,3870,1760,0,Card,No,3870.0,2110.0,2023,2023-09
700753,2025-03-26,C101262,Karachi,Online,Accessories,Sunglasses,1,2280,1100,0,COD,No,2280.0,1180.0,2025,2025-03
705060,2023-07-31,C100704,Karachi,Online,Kurtas,Printed Kurta,1,2350,1220,0,Card,No,2350.0,1130.0,2023,2023-07
702443,2024-04-16,C101207,Karachi,Online,Kurtas,Embroidered Kurta,2,2950,1510,20,COD,No,4720.0,1700.0,2024,2024-04
702132,2025-03-09,C102062,Islamabad,Online,Jeans,Slim Fit Jeans,1,3600,1780,0,COD,No,3600.0,1820.0,2025,2025-03
704206,2024-09-23,C102058,Lahore,Online,Accessories,Tote Bag,1,1550,830,10,COD,No,1395.0,565.0,2024,2024-09
703490,2025-03-10,C100786,Faisalabad,Store,Kurtas,Printed Kurta,2,2380,1120,0,Card,No,4760.0,2520.0,2025,2025-03
704923,2024-04-22,C100124,Lahore,Store,Shoes,Loafers,2,5200,3360,20,Card,No,8320.0,1600.0,2024,2024-04
703745,2024-10-04,C101606,Sialkot,Store,T-Shirts,Polo Shirt,3,2370,1080,0,COD,No,7110.0,3870.0,2024,2024-10
704008,2025-04-07,C101368,Lahore,Store,Kurtas,Printed Kurta,2,2460,1340,10,COD,No,4428.0,1748.0,2025,2025-04
704361,2024-05-24,C101101,Karachi,Store,Kurtas,Embroidered Kurta,3,2870,1630,0,Wallet,No,8610.0,3720.0,2024,2024-05
705151,2025-05-28,C101652,Lahore,Store,T-Shirts,Graphic Print Tee,1,1490,810,15,Bank Transfer,No,1266.5,456.5,2025,2025-05
702002,2024-03-13,C101490,Lahore,Online,Jeans,Slim Fit Jeans,1,3560,1610,0,COD,No,3560.0,1950.0,2024,2024-03
700774,2024-03-22,C101386,Rawalpindi,Online,Shoes,Sandals,1,2860,1630,0,COD,Yes,2860.0,1230.0,2024,2024-03
700175,2025-05-16,C100638,Faisalabad,Online,T-Shirts,Graphic Print Tee,1,1470,750,10,COD,No,1323.0,573.0,2025,2025-05
705031,2025-01-30,C100566,Faisalabad,Store,Dresses,Summer Floral Dress,1,3410,2050,0,Card,No,3410.0,1360.0,2025,2025-01
703691,2023-07-30,C100412,Lahore,Online,Accessories,Tote Bag,3,1530,770,0,Bank Transfer,No,4590.0,2280.0,2023,2023-07
704053,2024-05-06,C100726,Lahore,Online,Shoes,Sneakers,1,4710,2230,10,Bank Transfer,No,4239.0,2009.0,2024,2024-05
701670,2023-11-02,C101830,Karachi,Store,Jackets,Bomber Jacket,2,5420,3100,15,COD,No,9214.0,3014.0,2023,2023-11
703554,2023-11-02,C100102,Karachi,Online,Jackets,Bomber Jacket,2,5510,3060,20,COD,No,8816.0,2696.0,2023,2023-11
703520,2023-11-07,C101347,Karachi,Online,Kurtas,Printed Kurta,2,2470,1440,25,COD,No,3705.0,825.0,2023,2023-11
700814,2025-05-08,C101212,Islamabad,Store,Jackets,Puffer Jacket,1,6700,3930,20,COD,Yes,5360.0,1430.0,2025,2025-05
705177,2023-09-20,C100926,Lahore,Online,Accessories,Sunglasses,1,2310,1260,0,Card,No,2310.0,1050.0,2023,2023-09
700544,2023-11-08,C100166,Multan,Online,Jackets,Denim Jacket,1,5470,2930,20,Card,No,4376.0,1446.0,2023,2023-11
702403,2024-08-17,C102193,Lahore,Store,Kurtas,Embroidered Kurta,1,2970,1550,0,Card,No,2970.0,1420.0,2024,2024-08
703715,2023-11-24,C101902,Multan,Online,Accessories,Tote Bag,1,1680,1070,20,COD,No,1344.0,274.0,2023,2023-11
701507,2025-05-21,C100963,Lahore,Online,T-Shirts,Graphic Print Tee,1,1590,750,15,Bank Transfer,Yes,1351.5,601.5,2025,2025-05
704074,2024-02-04,C100296,Sialkot,Store,Accessories,Tote Bag,1,1580,920,0,COD,No,1580.0,660.0,2024,2024-02
702274,2024-05-10,C101415,Faisalabad,Store,Accessories,Tote Bag,2,1530,980,0,Bank Transfer,No,3060.0,1100.0,2024,2024-05
700226,2024-09-11,C100477,Islamabad,Store,T-Shirts,Classic Cotton Tee,3,1230,680,0,Wallet,No,3690.0,1650.0,2024,2024-09
704273,2025-06-24,C100241,Faisalabad,Online,Kurtas,Embroidered Kurta,1,2990,1900,10,COD,No,2691.0,791.0,2025,2025-06
704138,2023-11-26,C101185,Multan,Store,Kurtas,Printed Kurta,1,2460,1480,0,Bank Transfer,No,2460.0,980.0,2023,2023-11
702725,2025-04-19,C100637,Rawalpindi,Store,Shoes,Loafers,1,5610,2620,15,Card,No,4768.5,2148.5,2025,2025-04
703111,2024-04-19,C100166,Multan,Store,Accessories,Leather Belt,1,1280,630,0,Wallet,No,1280.0,650.0,2024,2024-04
701897,2024-04-28,C102021,Lahore,Store,Kurtas,Printed Kurta,2,2400,1400,15,COD,No,4080.0,1280.0,2024,2024-04
703361,2024-05-19,C101020,Peshawar,Online,Kurtas,Festive Kurta,2,4030,2540,0,COD,No,8060.0,2980.0,2024,2024-05
704864,2023-08-12,C100787,Karachi,Store,Accessories,Baseball Cap,3,890,480,0,Card,Yes,2670.0,1230.0,2023,2023-08
705047,2025-03-27,C101118,Karachi,Online,Kurtas,Printed Kurta,2,2330,1510,15,Card,No,3961.0,941.0,2025,2025-03
700663,2024-06-26,C100997,Lahore,Store,Accessories,Baseball Cap,1,970,440,0,COD,No,970.0,530.0,2024,2024-06
701081,2025-03-14,C101289,Islamabad,Online,Jeans,Straight Leg Jeans,1,3230,1780,10,Wallet,No,2907.0,1127.0,2025,2025-03
704963,2024-04-17,C100549,Karachi,Online,Dresses,Bodycon Dress,1,3630,1910,0,Card,No,3630.0,1720.0,2024,2024-04
700621,2023-08-08,C100311,Karachi,Store,Shoes,Loafers,1,5040,2700,10,Wallet,No,4536.0,1836.0,2023,2023-08
704328,2024-04-16,C101927,Rawalpindi,Online,Shoes,Loafers,2,5470,3230,15,Card,No,9299.0,2839.0,2024,2024-04
702306,2024-11-08,C100936,Sialkot,Online,T-Shirts,Classic Cotton Tee,2,1290,800,20,COD,No,2064.0,464.0,2024,2024-11
700881,2023-08-30,C101944,Multan,Online,Shoes,Loafers,2,5020,3130,0,COD,No,10040.0,3780.0,2023,2023-08
700748,2025-06-30,C101311,Peshawar,Store,Dresses,Summer Floral Dress,1,3330,2120,10,Card,No,2997.0,877.0,2025,2025-06
700202,2023-10-29,C100234,Peshawar,Online,T-Shirts,Polo Shirt,1,2270,1260,0,Card,No,2270.0,1010.0,2023,2023-10
702703,2023-07-04,C101506,Faisalabad,Store,Kurtas,Printed Kurta,1,2430,1370,0,Bank Transfer,No,2430.0,1060.0,2023,2023-07
702149,2024-06-24,C102192,Rawalpindi,Online,Accessories,Baseball Cap,2,890,500,0,Card,No,1780.0,780.0,2024,2024-06
704500,2024-10-03,C100406,Karachi,Store,Dresses,Bodycon Dress,1,3970,2110,0,COD,No,3970.0,1860.0,2024,2024-10
705073,2024-04-01,C100707,Faisalabad,Store,Dresses,Summer Floral Dress,1,3260,1530,15,COD,No,2771.0,1241.0,2024,2024-04
701660,2023-07-03,C101137,Karachi,Online,Accessories,Sunglasses,2,2370,1440,0,Wallet,No,4740.0,1860.0,2023,2023-07
702221,2025-05-08,C101125,Islamabad,Store,Jeans,High-Waist Jeans,2,4330,2780,10,Card,No,7794.0,2234.0,2025,2025-05
703803,2025-06-07,C101653,Lahore,Store,Dresses,Maxi Dress,3,4660,2910,0,Bank Transfer,No,13980.0,5250.0,2025,2025-06
702094,2025-04-17,C100814,Lahore,Online,Jeans,Slim Fit Jeans,1,3570,1730,15,Card,Yes,3034.5,1304.5,2025,2025-04
700740,2024-05-27,C100748,Faisalabad,Store,Kurtas,Cotton Kurta,3,1830,1140,0,Card,Yes,5490.0,2070.0,2024,2024-05
701706,2024-11-13,C100863,Islamabad,Online,Kurtas,Printed Kurta,1,2430,1350,10,COD,Yes,2187.0,837.0,2024,2024-11
703515,2024-08-17,C101913,Islamabad,Online,Shoes,Sneakers,3,4370,2690,0,Card,No,13110.0,5040.0,2024,2024-08
701510,2025-03-23,C101176,Karachi,Online,Dresses,Bodycon Dress,2,4010,2350,0,Wallet,No,8020.0,3320.0,2025,2025-03
704958,2025-04-07,C100292,Peshawar,Online,Kurtas,Festive Kurta,1,4320,2160,0,COD,No,4320.0,2160.0,2025,2025-04
702201,2023-12-18,C100329,Karachi,Online,Jeans,Ripped Jeans,1,4030,2030,0,Card,No,4030.0,2000.0,2023,2023-12
704717,2025-06-16,C101827,Karachi,Store,Jeans,Straight Leg Jeans,1,3390,1640,0,Card,No,3390.0,1750.0,2025,2025-06
701053,2024-05-01,C100110,Karachi,Online,Shoes,Loafers,1,5210,3220,0,Card,No,5210.0,1990.0,2024,2024-05
702447,2024-12-25,C100644,Islamabad,Online,Jeans,Straight Leg Jeans,2,3270,1510,15,Card,No,5559.0,2539.0,2024,2024-12
700135,2024-05-07,C100163,Lahore,Store,Kurtas,Printed Kurta,1,2300,1200,20,COD,No,1840.0,640.0,2024,2024-05
701116,2023-07-18,C101371,Sialkot,Online,T-Shirts,Polo Shirt,1,2120,1140,0,Card,No,2120.0,980.0,2023,2023-07
701941,2023-11-15,C100863,Islamabad,Store,Jackets,Denim Jacket,2,5530,3060,20,Card,No,8848.0,2728.0,2023,2023-11
701710,2024-04-10,C100111,Lahore,Store,Kurtas,Festive Kurta,1,4020,1990,15,Card,No,3417.0,1427.0,2024,2024-04
700132,2024-05-02,C100329,Karachi,Store,Jeans,Ripped Jeans,2,3810,2370,10,COD,No,6858.0,2118.0,2024,2024-05
705057,2024-06-14,C100206,Lahore,Store,Dresses,Summer Floral Dress,1,3160,1990,15,Bank Transfer,No,2686.0,696.0,2024,2024-06
701353,2023-08-20,C101520,Karachi,Store,Dresses,Wrap Dress,3,3930,2510,0,Card,No,11790.0,4260.0,2023,2023-08
702008,2025-05-21,C100033,Karachi,Online,T-Shirts,Oversized Tee,1,1940,1180,15,Wallet,No,1649.0,469.0,2025,2025-05
700296,2023-08-18,C101590,Lahore,Online,Accessories,Tote Bag,1,1610,920,10,COD,Yes,1449.0,529.0,2023,2023-08
701280,2023-08-16,C101415,Faisalabad,Online,Accessories,Tote Bag,2,1600,940,0,Wallet,No,3200.0,1320.0,2023,2023-08
703335,2023-10-17,C101685,Lahore,Online,Dresses,Bodycon Dress,1,3620,1910,0,COD,Yes,3620.0,1710.0,2023,2023-10
701567,2024-08-07,C100512,Lahore,Online,Jeans,High-Waist Jeans,2,4120,2260,0,Card,Yes,8240.0,3720.0,2024,2024-08
700763,2024-07-05,C100465,Rawalpindi,Store,Accessories,Sunglasses,1,2270,1090,0,Card,No,2270.0,1180.0,2024,2024-07
702601,2023-11-14,C100230,Lahore,Online,T-Shirts,Oversized Tee,1,1850,1020,0,Bank Transfer,No,1850.0,830.0,2023,2023-11
700571,2024-03-16,C101074,Multan,Online,Shoes,Sneakers,2,4440,2660,0,Card,No,8880.0,3560.0,2024,2024-03
702750,2024-01-12,C101102,Faisalabad,Online,Accessories,Leather Belt,2,1160,620,0,COD,No,2320.0,1080.0,2024,2024-01
701284,2024-10-13,C101003,Lahore,Online,T-Shirts,Polo Shirt,2,2220,1310,0,Card,No,4440.0,1820.0,2024,2024-10
703344,2023-10-22,C100457,Karachi,Store,Dresses,Wrap Dress,2,4050,2350,10,Card,No,7290.0,2590.0,2023,2023-10
701951,2024-02-18,C100475,Karachi,Store,Dresses,Wrap Dress,1,3980,2370,0,COD,No,3980.0,1610.0,2024,2024-02
702945,2024-04-25,C101483,Lahore,Online,Shoes,Sandals,2,2710,1530,0,COD,No,5420.0,2360.0,2024,2024-04
700470,2025-05-22,C101956,Islamabad,Online,Dresses,Wrap Dress,2,4320,2400,10,COD,No,7776.0,2976.0,2025,2025-05
702742,2024-11-16,C100261,Multan,Online,Kurtas,Embroidered Kurta,1,2960,1520,0,COD,No,2960.0,1440.0,2024,2024-11
702034,2024-05-13,C101634,Sialkot,Online,T-Shirts,Graphic Print Tee,3,1580,830,10,COD,No,4266.0,1776.0,2024,2024-05
703185,2025-04-24,C100138,Faisalabad,Store,Jeans,Ripped Jeans,1,4010,2180,0,Card,No,4010.0,1830.0,2025,2025-04
703873,2023-09-14,C101446,Peshawar,Store,T-Shirts,Graphic Print Tee,2,1550,740,10,Wallet,No,2790.0,1310.0,2023,2023-09
700213,2023-09-08,C100117,Rawalpindi,Online,Dresses,Maxi Dress,1,4400,2040,0,COD,No,4400.0,2360.0,2023,2023-09
703078,2024-05-28,C100588,Lahore,Online,Kurtas,Festive Kurta,1,4520,2170,10,COD,No,4068.0,1898.0,2024,2024-05
700519,2024-03-22,C100531,Unknown,Online,Kurtas,Printed Kurta,3,2290,1410,10,COD,No,6183.0,1953.0,2024,2024-03
702642,2025-06-24,C101940,Lahore,Online,T-Shirts,Graphic Print Tee,1,1580,940,0,COD,No,1580.0,640.0,2025,2025-06
700245,2025-01-27,C100217,Lahore,Store,Accessories,Leather Belt,1,1220,630,10,Wallet,No,1098.0,468.0,2025,2025-01
703582,2024-11-24,C102072,Karachi,Store,Dresses,Bodycon Dress,2,3700,1680,30,Card,No,5180.0,1820.0,2024,2024-11
700057,2025-06-13,C100229,Lahore,Online,Jeans,Ripped Jeans,2,3950,2500,0,Wallet,No,7900.0,2900.0,2025,2025-06
704073,2024-02-19,C101222,Peshawar,Online,Kurtas,Embroidered Kurta,1,2980,1920,15,COD,No,2533.0,613.0,2024,2024-02
703762,2025-05-01,C101681,Multan,Online,Kurtas,Cotton Kurta,3,2010,1260,10,COD,No,5427.0,1647.0,2025,2025-05
704086,2025-03-23,C101410,Multan,Online,Kurtas,Printed Kurta,2,2490,1460,0,Bank Transfer,No,4980.0,2060.0,2025,2025-03
700835,2024-04-04,C100950,Islamabad,Store,Kurtas,Printed Kurta,1,2380,1110,15,COD,No,2023.0,913.0,2024,2024-04
701155,2024-10-27,C100638,Faisalabad,Online,Dresses,Summer Floral Dress,3,3320,1900,0,Card,No,9960.0,4260.0,2024,2024-10
704130,2024-10-27,C100603,Rawalpindi,Online,Jeans,High-Waist Jeans,3,4240,1920,10,COD,No,11448.0,5688.0,2024,2024-10
703702,2024-12-27,C100365,Karachi,Online,Kurtas,Printed Kurta,1,2490,1130,10,COD,No,2241.0,1111.0,2024,2024-12
700424,2024-01-28,C100703,Multan,Online,Jackets,Denim Jacket,2,5250,2850,0,COD,No,10500.0,4800.0,2024,2024-01
704000,2024-04-27,C101688,Islamabad,Online,Kurtas,Festive Kurta,1,4120,2630,15,COD,No,3502.0,872.0,2024,2024-04
702944,2025-06-12,C100094,Karachi,Store,T-Shirts,Oversized Tee,1,1830,1020,0,COD,No,1830.0,810.0,2025,2025-06
702801,2024-02-01,C101147,Faisalabad,Online,T-Shirts,Polo Shirt,2,2260,1310,0,COD,No,4520.0,1900.0,2024,2024-02
701343,2024-12-12,C100128,Lahore,Store,Kurtas,Festive Kurta,1,4380,2760,15,Card,No,3723.0,963.0,2024,2024-12
700561,2025-06-19,C101056,Peshawar,Online,T-Shirts,Classic Cotton Tee,3,1260,650,0,COD,No,3780.0,1830.0,2025,2025-06
705139,2023-10-28,C102160,Karachi,Online,T-Shirts,Graphic Print Tee,2,1580,720,0,Wallet,No,3160.0,1720.0,2023,2023-10
701828,2023-10-23,C101899,Lahore,Store,Accessories,Leather Belt,2,1230,570,0,Wallet,No,2460.0,1320.0,2023,2023-10
701578,2024-03-13,C100881,Islamabad,Online,Jeans,Ripped Jeans,2,3910,2160,0,COD,No,7820.0,3500.0,2024,2024-03
702282,2024-08-24,C100644,Islamabad,Online,T-Shirts,Oversized Tee,3,1720,850,0,Card,No,5160.0,2610.0,2024,2024-08
701489,2023-09-08,C102160,Karachi,Store,Shoes,Loafers,1,5480,3310,0,COD,Yes,5480.0,2170.0,2023,2023-09
703488,2024-01-15,C100228,Islamabad,Online,Accessories,Baseball Cap,2,870,410,15,Unknown,No,1479.0,659.0,2024,2024-01
703512,2023-11-10,C100639,Multan,Store,T-Shirts,Polo Shirt,1,2100,1260,25,Card,No,1575.0,315.0,2023,2023-11
700176,2024-01-02,C100905,Rawalpindi,Store,Jackets,Bomber Jacket,1,5010,2260,0,Bank Transfer,No,5010.0,2750.0,2024,2024-01
701004,2023-09-18,C100069,Karachi,Online,Accessories,Sunglasses,1,2250,1430,0,COD,No,2250.0,820.0,2023,2023-09
703200,2025-06-05,C100809,Sialkot,Store,Jeans,Slim Fit Jeans,2,3620,2030,10,Card,No,6516.0,2456.0,2025,2025-06
701028,2025-01-13,C102147,Sialkot,Online,Shoes,Loafers,1,4980,3220,15,Wallet,No,4233.0,1013.0,2025,2025-01
702264,2025-01-21,C100325,Rawalpindi,Online,Accessories,Tote Bag,1,1700,770,0,COD,No,1700.0,930.0,2025,2025-01
701446,2024-05-15,C100954,Sialkot,Store,Shoes,Loafers,1,4980,2740,15,Card,Yes,4233.0,1493.0,2024,2024-05
700520,2024-04-29,C101572,Islamabad,Online,Accessories,Tote Bag,2,1700,870,10,COD,No,3060.0,1320.0,2024,2024-04
703772,2024-06-17,C101364,Karachi,Online,T-Shirts,Graphic Print Tee,1,1560,860,0,COD,No,1560.0,700.0,2024,2024-06
703494,2025-05-17,C102051,Lahore,Online,Jeans,High-Waist Jeans,2,4480,2890,10,COD,No,8064.0,2284.0,2025,2025-05
700411,2025-01-22,C101675,Peshawar,Online,Jackets,Puffer Jacket,2,7270,4610,0,COD,No,14540.0,5320.0,2025,2025-01
701060,2024-06-20,C101805,Rawalpindi,Store,T-Shirts,Oversized Tee,1,1910,880,0,Card,No,1910.0,1030.0,2024,2024-06
704133,2025-06-12,C102128,Lahore,Online,Kurtas,Printed Kurta,1,2330,1170,0,Bank Transfer,No,2330.0,1160.0,2025,2025-06
701661,2023-09-21,C100879,Islamabad,Online,Shoes,Sandals,2,3000,1400,0,Card,No,6000.0,3200.0,2023,2023-09
701811,2024-04-01,C100024,Faisalabad,Online,Jackets,Bomber Jacket,2,5530,2770,10,COD,Yes,9954.0,4414.0,2024,2024-04
703258,2023-09-07,C100915,Sialkot,Online,Jackets,Puffer Jacket,1,6670,4040,0,Wallet,No,6670.0,2630.0,2023,2023-09
703710,2024-09-23,C100210,Rawalpindi,Online,Shoes,Sandals,3,2900,1660,0,COD,No,8700.0,3720.0,2024,2024-09
703854,2024-07-19,C101982,Multan,Store,Accessories,Baseball Cap,1,860,500,15,COD,No,731.0,231.0,2024,2024-07
700796,2024-05-21,C100067,Karachi,Online,Kurtas,Festive Kurta,3,4220,2450,0,Bank Transfer,No,12660.0,5310.0,2024,2024-05
702065,2023-07-30,C100408,Lahore,Online,Dresses,Bodycon Dress,2,3740,1830,0,Bank Transfer,No,7480.0,3820.0,2023,2023-07
704588,2025-06-27,C100957,Islamabad,Online,T-Shirts,Classic Cotton Tee,1,1220,580,15,Card,No,1037.0,457.0,2025,2025-06
700770,2024-05-16,C101246,Islamabad,Store,T-Shirts,Oversized Tee,2,1750,900,0,Card,No,3500.0,1700.0,2024,2024-05
700401,2023-09-06,C100284,Islamabad,Online,Jeans,Slim Fit Jeans,2,3420,1690,0,Card,No,6840.0,3460.0,2023,2023-09
703403,2025-02-12,C100975,Islamabad,Online,Shoes,Loafers,1,5110,3280,10,Card,No,4599.0,1319.0,2025,2025-02
703607,2025-06-02,C102096,Lahore,Store,Accessories,Leather Belt,1,1150,720,0,COD,No,1150.0,430.0,2025,2025-06
701151,2024-04-09,C100573,Faisalabad,Online,Jeans,Ripped Jeans,1,4080,2270,0,COD,No,4080.0,1810.0,2024,2024-04
703485,2025-01-23,C101703,Islamabad,Online,Accessories,Baseball Cap,1,900,420,0,Card,No,900.0,480.0,2025,2025-01
700185,2024-05-13,C100616,Faisalabad,Store,Dresses,Maxi Dress,1,4310,1980,10,Unknown,No,3879.0,1899.0,2024,2024-05
700510,2024-03-08,C101447,Islamabad,Online,Dresses,Wrap Dress,1,4040,2110,0,Card,Yes,4040.0,1930.0,2024,2024-03
704518,2024-07-05,C101903,Lahore,Store,Kurtas,Cotton Kurta,1,1820,1150,0,Bank Transfer,No,1820.0,670.0,2024,2024-07
703725,2025-05-24,C100723,Sialkot,Online,Shoes,Boots,1,6830,4040,10,Bank Transfer,Yes,6147.0,2107.0,2025,2025-05
703981,2023-09-30,C101832,Karachi,Online,Kurtas,Printed Kurta,2,2470,1570,10,COD,No,4446.0,1306.0,2023,2023-09
701403,2024-12-02,C101755,Islamabad,Online,Accessories,Tote Bag,1,1550,820,15,COD,No,1317.5,497.5,2024,2024-12
703851,2024-06-10,C101291,Rawalpindi,Online,Dresses,Bodycon Dress,2,3800,1790,0,Bank Transfer,Yes,7600.0,4020.0,2024,2024-06
704200,2025-01-23,C101391,Multan,Online,Shoes,Sandals,1,2860,1760,0,COD,Yes,2860.0,1100.0,2025,2025-01
702150,2024-06-02,C101543,Lahore,Online,Kurtas,Embroidered Kurta,3,2840,1730,0,COD,No,8520.0,3330.0,2024,2024-06
700264,2025-04-15,C101766,Sialkot,Online,Kurtas,Festive Kurta,1,4210,2420,20,COD,No,3368.0,948.0,2025,2025-04
702879,2023-08-09,C100287,Karachi,Online,Accessories,Sunglasses,1,2130,1260,0,COD,Yes,2130.0,870.0,2023,2023-08
705039,2024-02-25,C102154,Islamabad,Online,Shoes,Sandals,3,2760,1610,0,COD,No,8280.0,3450.0,2024,2024-02
704945,2023-07-13,C100095,Islamabad,Store,Accessories,Baseball Cap,1,860,520,0,COD,No,860.0,340.0,2023,2023-07
701635,2023-08-22,C101387,Unknown,Online,Jeans,Ripped Jeans,2,3850,2170,15,COD,No,6545.0,2205.0,2023,2023-08
701467,2024-07-28,C102188,Karachi,Online,Dresses,Bodycon Dress,3,3920,2510,0,Card,No,11760.0,4230.0,2024,2024-07
702003,2024-02-04,C102091,Multan,Online,T-Shirts,Oversized Tee,1,1840,890,0,Unknown,No,1840.0,950.0,2024,2024-02
702228,2025-03-14,C101600,Peshawar,Store,Dresses,Maxi Dress,3,4710,2610,0,Card,No,14130.0,6300.0,2025,2025-03
702238,2025-03-02,C101489,Karachi,Online,T-Shirts,Graphic Print Tee,1,1590,880,0,Card,Yes,1590.0,710.0,2025,2025-03
702586,2024-12-18,C101389,Lahore,Online,Shoes,Loafers,2,5520,2560,10,COD,No,9936.0,4816.0,2024,2024-12
704628,2023-11-30,C101347,Karachi,Online,T-Shirts,Polo Shirt,2,2170,1260,10,COD,No,3906.0,1386.0,2023,2023-11
703615,2025-02-13,C102172,Islamabad,Online,Jackets,Hooded Jacket,1,5040,2330,0,COD,No,5040.0,2710.0,2025,2025-02
702481,2025-05-05,C101657,Multan,Store,Accessories,Tote Bag,2,1600,820,15,Card,No,2720.0,1080.0,2025,2025-05
700101,2024-01-23,C101192,Multan,Online,Dresses,Summer Floral Dress,1,3210,2040,0,COD,No,3210.0,1170.0,2024,2024-01
704474,2024-09-19,C101517,Sialkot,Store,Jeans,High-Waist Jeans,1,4010,2220,0,COD,No,4010.0,1790.0,2024,2024-09
702349,2023-12-30,C101019,Karachi,Online,Jeans,Straight Leg Jeans,1,3050,1970,0,Card,No,3050.0,1080.0,2023,2023-12
705074,2025-02-19,C101446,Peshawar,Store,Kurtas,Printed Kurta,1,2510,1600,15,COD,No,2133.5,533.5,2025,2025-02
701127,2025-06-04,C100600,Karachi,Online,Dresses,Bodycon Dress,2,3810,1910,0,Wallet,No,7620.0,3800.0,2025,2025-06
700345,2023-10-16,C101078,Islamabad,Store,Jeans,Straight Leg Jeans,3,3170,1850,0,Wallet,No,9510.0,3960.0,2023,2023-10
700170,2023-09-19,C101560,Sialkot,Store,Jeans,Ripped Jeans,1,4080,2020,0,Card,Yes,4080.0,2060.0,2023,2023-09
700044,2024-10-22,C100388,Lahore,Online,Jackets,Denim Jacket,2,5900,2730,0,Card,No,11800.0,6340.0,2024,2024-10
700223,2023-11-12,C100844,Lahore,Online,Kurtas,Cotton Kurta,2,1840,870,0,Card,No,3680.0,1940.0,2023,2023-11
701841,2024-11-03,C100414,Lahore,Store,Jeans,Slim Fit Jeans,2,3400,1840,0,Wallet,No,6800.0,3120.0,2024,2024-11
702885,2025-05-04,C102140,Peshawar,Store,Dresses,Wrap Dress,1,4020,2050,10,COD,No,3618.0,1568.0,2025,2025-05
701682,2023-07-12,C101879,Islamabad,Online,Jeans,Straight Leg Jeans,1,3260,1800,0,COD,No,3260.0,1460.0,2023,2023-07
701459,2024-11-12,C101881,Islamabad,Online,T-Shirts,Polo Shirt,1,2370,1290,20,COD,No,1896.0,606.0,2024,2024-11
703262,2023-11-19,C101805,Rawalpindi,Store,Accessories,Baseball Cap,1,960,550,15,Wallet,No,816.0,266.0,2023,2023-11
701989,2023-12-19,C102158,Karachi,Store,Shoes,Sandals,3,2980,1530,15,Card,No,7599.0,3009.0,2023,2023-12
701690,2025-05-07,C101176,Karachi,Online,Dresses,Wrap Dress,2,4040,2590,10,COD,No,7272.0,2092.0,2025,2025-05
703815,2023-08-26,C100908,Lahore,Online,Jeans,Slim Fit Jeans,1,3460,2000,0,COD,No,3460.0,1460.0,2023,2023-08
700263,2024-07-20,C100647,Islamabad,Online,Dresses,Bodycon Dress,1,4030,1880,0,Bank Transfer,No,4030.0,2150.0,2024,2024-07
704280,2024-10-31,C101632,Rawalpindi,Store,Jackets,Bomber Jacket,3,5080,3230,0,Card,No,15240.0,5550.0,2024,2024-10
701481,2023-10-12,C100737,Karachi,Online,Kurtas,Printed Kurta,1,2460,1190,0,Card,No,2460.0,1270.0,2023,2023-10
702019,2023-07-30,C101039,Lahore,Online,Accessories,Leather Belt,2,1290,700,10,COD,No,2322.0,922.0,2023,2023-07
703249,2023-10-01,C101670,Karachi,Online,T-Shirts,Classic Cotton Tee,1,1160,640,0,COD,No,1160.0,520.0,2023,2023-10
704198,2023-12-06,C100638,Faisalabad,Online,Shoes,Sneakers,1,4300,2130,20,Card,No,3440.0,1310.0,2023,2023-12
701422,2024-06-09,C102078,Karachi,Online,Kurtas,Cotton Kurta,1,1890,1000,0,Card,No,1890.0,890.0,2024,2024-06
700146,2023-07-12,C102092,Islamabad,Online,Kurtas,Festive Kurta,1,4030,2340,0,Card,No,4030.0,1690.0,2023,2023-07
701338,2024-08-28,C102124,Karachi,Store,Jackets,Denim Jacket,1,5310,3100,15,Wallet,No,4513.5,1413.5,2024,2024-08
700342,2025-03-20,C100423,Lahore,Store,Dresses,Bodycon Dress,2,3830,2180,10,COD,No,6894.0,2534.0,2025,2025-03
704982,2025-02-01,C100347,Lahore,Store,Dresses,Maxi Dress,3,4300,2480,0,Card,No,12900.0,5460.0,2025,2025-02
703778,2023-09-27,C101200,Islamabad,Store,Kurtas,Printed Kurta,1,2410,1160,0,COD,No,2410.0,1250.0,2023,2023-09
704802,2024-03-24,C100731,Lahore,Online,T-Shirts,Polo Shirt,1,2340,1370,0,Bank Transfer,No,2340.0,970.0,2024,2024-03
700919,2024-09-13,C101404,Lahore,Store,Accessories,Tote Bag,2,1530,950,10,Card,No,2754.0,854.0,2024,2024-09
702658,2024-02-17,C101974,Lahore,Online,T-Shirts,Oversized Tee,3,1790,980,0,Wallet,Yes,5370.0,2430.0,2024,2024-02
700060,2024-11-26,C101126,Islamabad,Online,Shoes,Boots,1,6450,4060,20,Wallet,No,5160.0,1100.0,2024,2024-11
703156,2025-01-09,C101703,Islamabad,Online,Jeans,Ripped Jeans,1,3630,1690,0,Unknown,No,3630.0,1940.0,2025,2025-01
704234,2025-02-27,C100998,Sialkot,Online,Accessories,Baseball Cap,1,960,550,15,Card,No,816.0,266.0,2025,2025-02
701440,2025-03-18,C100568,Karachi,Online,Accessories,Sunglasses,1,2170,1120,0,Card,No,2170.0,1050.0,2025,2025-03
702504,2024-03-13,C100687,Sialkot,Online,Jackets,Bomber Jacket,3,5600,3070,10,COD,No,15120.0,5910.0,2024,2024-03
703971,2024-05-31,C101438,Peshawar,Store,Shoes,Sneakers,2,4730,2220,20,Card,No,7568.0,3128.0,2024,2024-05
702957,2024-08-14,C101865,Multan,Online,Shoes,Sandals,1,2760,1650,0,Card,No,2760.0,1110.0,2024,2024-08
704857,2024-01-08,C100823,Rawalpindi,Store,Accessories,Leather Belt,2,1250,700,0,Card,No,2500.0,1100.0,2024,2024-01
702218,2023-08-30,C101593,Karachi,Store,Jeans,Ripped Jeans,1,3750,2300,0,Wallet,No,3750.0,1450.0,2023,2023-08
704917,2024-04-18,C101189,Rawalpindi,Online,Kurtas,Printed Kurta,1,2490,1600,15,Wallet,No,2116.5,516.5,2024,2024-04
700188,2023-07-23,C101126,Unknown,Online,Shoes,Boots,2,6830,4290,0,COD,No,13660.0,5080.0,2023,2023-07
704384,2024-12-27,C101850,Lahore,Online,Shoes,Sneakers,3,4560,2760,20,Wallet,No,10944.0,2664.0,2024,2024-12
701264,2023-12-21,C101216,Karachi,Online,T-Shirts,Polo Shirt,3,2100,1250,25,COD,No,4725.0,975.0,2023,2023-12
702951,2023-11-16,C100843,Karachi,Online,Kurtas,Printed Kurta,1,2530,1300,10,Card,No,2277.0,977.0,2023,2023-11
701192,2024-12-10,C101639,Rawalpindi,Store,Shoes,Boots,1,6480,4010,10,Card,No,5832.0,1822.0,2024,2024-12
704658,2025-01-28,C101643,Lahore,Store,Accessories,Baseball Cap,3,860,430,0,Wallet,No,2580.0,1290.0,2025,2025-01
701167,2023-08-18,C102060,Sialkot,Online,Dresses,Bodycon Dress,1,3660,2170,0,Wallet,No,3660.0,1490.0,2023,2023-08
701956,2025-04-22,C100012,Unknown,Store,T-Shirts,Polo Shirt,1,2260,1260,0,COD,No,2260.0,1000.0,2025,2025-04
701891,2024-05-04,C101442,Lahore,Online,T-Shirts,Oversized Tee,3,1810,1130,0,COD,No,5430.0,2040.0,2024,2024-05
701963,2025-04-24,C100127,Lahore,Online,Shoes,Sneakers,1,4680,2150,10,COD,Yes,4212.0,2062.0,2025,2025-04
702840,2024-01-18,C100740,Lahore,Online,Jackets,Hooded Jacket,1,5080,3130,0,COD,No,5080.0,1950.0,2024,2024-01
703898,2024-08-30,C101653,Lahore,Online,Kurtas,Festive Kurta,3,4110,2280,0,Card,No,12330.0,5490.0,2024,2024-08
703113,2024-12-06,C102166,Peshawar,Online,Jackets,Hooded Jacket,1,4650,2580,15,Bank Transfer,No,3952.5,1372.5,2024,2024-12
703586,2023-08-19,C101600,Peshawar,Online,T-Shirts,Polo Shirt,1,2340,1370,10,Card,No,2106.0,736.0,2023,2023-08
701418,2024-05-22,C100655,Karachi,Online,Dresses,Wrap Dress,2,4020,2280,0,Wallet,No,8040.0,3480.0,2024,2024-05
702163,2023-08-12,C100603,Rawalpindi,Online,Shoes,Sandals,3,2990,1480,0,COD,No,8970.0,4530.0,2023,2023-08
702500,2024-07-16,C101774,Islamabad,Store,Shoes,Boots,2,6230,3100,0,Card,No,12460.0,6260.0,2024,2024-07
700349,2023-12-05,C100876,Karachi,Online,Shoes,Boots,1,6340,3190,15,Wallet,No,5389.0,2199.0,2023,2023-12
702361,2024-04-06,C101226,Karachi,Online,T-Shirts,Oversized Tee,1,1900,900,20,COD,No,1520.0,620.0,2024,2024-04
701143,2024-10-01,C101118,Unknown,Online,Jackets,Denim Jacket,2,5770,3410,0,COD,No,11540.0,4720.0,2024,2024-10
704529,2024-01-03,C100902,Lahore,Online,Jackets,Bomber Jacket,1,4940,2670,0,Card,No,4940.0,2270.0,2024,2024-01
703034,2023-10-30,C101338,Multan,Online,Kurtas,Embroidered Kurta,2,2950,1800,0,Wallet,No,5900.0,2300.0,2023,2023-10
701788,2025-02-17,C100228,Islamabad,Store,T-Shirts,Oversized Tee,1,1780,1060,10,Card,No,1602.0,542.0,2025,2025-02
702920,2023-07-06,C100852,Multan,Online,Kurtas,Printed Kurta,1,2510,1400,0,Card,No,2510.0,1110.0,2023,2023-07
703514,2024-07-02,C100828,Multan,Online,Accessories,Baseball Cap,1,860,480,0,Card,No,860.0,380.0,2024,2024-07
705019,2025-04-25,C100926,Lahore,Online,Accessories,Tote Bag,2,1690,930,10,Card,No,3042.0,1182.0,2025,2025-04
702206,2024-01-11,C102082,Rawalpindi,Online,Jeans,Slim Fit Jeans,1,3500,1630,0,Card,No,3500.0,1870.0,2024,2024-01
702972,2023-07-15,C101496,Multan,Online,Kurtas,Cotton Kurta,1,1910,1160,10,COD,No,1719.0,559.0,2023,2023-07
704116,2023-12-12,C101810,Lahore,Store,Accessories,Leather Belt,1,1230,550,0,Card,No,1230.0,680.0,2023,2023-12
701538,2024-03-02,C101545,Karachi,Online,Jeans,Slim Fit Jeans,3,3730,1920,10,Card,No,10071.0,4311.0,2024,2024-03
705008,2024-03-16,C100685,Karachi,Store,Accessories,Baseball Cap,3,880,410,0,Bank Transfer,No,2640.0,1410.0,2024,2024-03
703437,2024-11-05,C102169,Islamabad,Store,Jeans,Straight Leg Jeans,2,3430,2210,15,Card,No,5831.0,1411.0,2024,2024-11
700003,2024-07-01,C100760,Rawalpindi,Online,Shoes,Sneakers,2,4490,2310,0,COD,No,8980.0,4360.0,2024,2024-07
704645,2024-12-28,C100042,Rawalpindi,Store,Kurtas,Cotton Kurta,2,2050,1000,0,Wallet,No,4100.0,2100.0,2024,2024-12
703412,2024-10-06,C100296,Sialkot,Store,T-Shirts,Graphic Print Tee,3,1440,760,0,Bank Transfer,No,4320.0,2040.0,2024,2024-10
703566,2025-01-30,C100602,Peshawar,Online,Jeans,High-Waist Jeans,1,4270,2670,0,Card,No,4270.0,1600.0,2025,2025-01
702671,2024-11-29,C100964,Sialkot,Store,Jeans,Straight Leg Jeans,1,3360,2030,15,Card,No,2856.0,826.0,2024,2024-11
704645,2024-12-28,C100042,Rawalpindi,Store,T-Shirts,Polo Shirt,1,2150,1300,0,Wallet,No,2150.0,850.0,2024,2024-12
704770,2024-05-15,C100899,Islamabad,Online,T-Shirts,Oversized Tee,2,1760,1060,0,Card,No,3520.0,1400.0,2024,2024-05
704694,2023-09-29,C101991,Rawalpindi,Online,Accessories,Leather Belt,1,1180,550,0,Unknown,No,1180.0,630.0,2023,2023-09
703073,2025-04-09,C100996,Islamabad,Store,Jackets,Puffer Jacket,2,7340,4720,10,Card,No,13212.0,3772.0,2025,2025-04
700356,2023-12-10,C100480,Karachi,Online,Jackets,Puffer Jacket,1,6500,3610,15,Card,No,5525.0,1915.0,2023,2023-12
700922,2024-05-17,C100653,Lahore,Store,T-Shirts,Polo Shirt,1,2340,1380,10,COD,No,2106.0,726.0,2024,2024-05
703097,2025-05-26,C101715,Faisalabad,Online,Dresses,Maxi Dress,1,4660,2780,10,COD,No,4194.0,1414.0,2025,2025-05
701420,2024-11-09,C102038,Islamabad,Store,Dresses,Bodycon Dress,2,3880,2350,20,Wallet,No,6208.0,1508.0,2024,2024-11
703975,2024-03-21,C101180,Faisalabad,Online,Accessories,Baseball Cap,1,870,440,0,Card,No,870.0,430.0,2024,2024-03
702333,2023-11-16,C100214,Rawalpindi,Online,Jackets,Denim Jacket,1,5370,2940,25,COD,No,4027.5,1087.5,2023,2023-11
704308,2023-12-18,C101151,Multan,Store,T-Shirts,Oversized Tee,1,1860,1170,10,COD,No,1674.0,504.0,2023,2023-12
704824,2023-08-21,C100604,Sialkot,Online,Kurtas,Cotton Kurta,1,1860,970,0,Card,No,1860.0,890.0,2023,2023-08
702659,2023-08-05,C100226,Lahore,Store,Jackets,Hooded Jacket,1,4730,2720,0,COD,No,4730.0,2010.0,2023,2023-08
700357,2023-07-06,C101598,Faisalabad,Store,Shoes,Sandals,3,2920,1750,0,COD,No,8760.0,3510.0,2023,2023-07
701452,2024-01-10,C102191,Islamabad,Store,Shoes,Sneakers,1,4290,2320,0,Card,No,4290.0,1970.0,2024,2024-01
701464,2023-12-18,C101371,Sialkot,Online,Jackets,Denim Jacket,1,5360,2490,20,Card,No,4288.0,1798.0,2023,2023-12
700244,2024-12-11,C100906,Karachi,Online,T-Shirts,Classic Cotton Tee,1,1190,620,15,Wallet,No,1011.5,391.5,2024,2024-12
704297,2023-12-04,C101002,Lahore,Online,Jeans,Straight Leg Jeans,2,3380,1660,20,COD,No,5408.0,2088.0,2023,2023-12
705132,2024-06-01,C100353,Islamabad,Store,T-Shirts,Oversized Tee,2,1780,1120,10,COD,No,3204.0,964.0,2024,2024-06
701966,2024-10-12,C102000,Multan,Store,Shoes,Loafers,2,4940,2580,10,COD,No,8892.0,3732.0,2024,2024-10
700881,2023-08-30,C101944,Multan,Online,Dresses,Wrap Dress,1,3960,2240,0,COD,No,3960.0,1720.0,2023,2023-08
701881,2024-10-08,C100410,Rawalpindi,Store,Jeans,Slim Fit Jeans,3,3590,1820,0,Card,No,10770.0,5310.0,2024,2024-10
701126,2023-08-29,C101543,Lahore,Online,Kurtas,Cotton Kurta,3,1830,870,0,Card,No,5490.0,2880.0,2023,2023-08
703065,2024-05-01,C102034,Lahore,Online,Kurtas,Printed Kurta,1,2360,1260,10,Card,No,2124.0,864.0,2024,2024-05
701887,2025-03-20,C101776,Rawalpindi,Online,Kurtas,Printed Kurta,1,2300,1290,0,Card,No,2300.0,1010.0,2025,2025-03
705116,2023-11-06,C100222,Rawalpindi,Store,Shoes,Sandals,3,3010,1370,0,COD,Yes,9030.0,4920.0,2023,2023-11
703067,2024-09-22,C101420,Rawalpindi,Store,Jeans,High-Waist Jeans,2,4250,2450,0,Card,No,8500.0,3600.0,2024,2024-09
700251,2024-09-30,C100075,Karachi,Store,Accessories,Sunglasses,1,2290,1170,10,Bank Transfer,No,2061.0,891.0,2024,2024-09
700397,2025-05-28,C100429,Faisalabad,Online,T-Shirts,Oversized Tee,2,1750,890,0,COD,No,3500.0,1720.0,2025,2025-05
700687,2025-03-10,C102106,Rawalpindi,Store,Jackets,Bomber Jacket,2,5380,2640,0,Wallet,No,10760.0,5480.0,2025,2025-03
704125,2023-11-21,C100010,Karachi,Online,Shoes,Boots,1,6990,3250,25,Bank Transfer,No,5242.5,1992.5,2023,2023-11
702969,2024-01-15,C100049,Lahore,Online,Jackets,Puffer Jacket,1,6840,3190,0,Card,No,6840.0,3650.0,2024,2024-01
701179,2025-05-31,C100743,Lahore,Online,Kurtas,Cotton Kurta,3,1840,1070,15,Card,No,4692.0,1482.0,2025,2025-05
703849,2024-03-08,C101864,Islamabad,Store,Jeans,Slim Fit Jeans,1,3570,2220,0,COD,No,3570.0,1350.0,2024,2024-03
702754,2024-07-18,C100983,Karachi,Online,T-Shirts,Graphic Print Tee,2,1590,960,0,Wallet,No,3180.0,1260.0,2024,2024-07
700163,2024-08-08,C100631,Multan,Online,Kurtas,Embroidered Kurta,3,2950,1820,15,COD,No,7522.5,2062.5,2024,2024-08
702360,2024-02-17,C100011,Peshawar,Online,Jackets,Bomber Jacket,2,5610,2930,15,COD,No,9537.0,3677.0,2024,2024-02
704655,2024-07-09,C101043,Rawalpindi,Store,Shoes,Loafers,2,5220,3010,10,COD,Yes,9396.0,3376.0,2024,2024-07
702420,2023-10-03,C100156,Karachi,Online,Shoes,Sneakers,1,4590,2600,0,Bank Transfer,No,4590.0,1990.0,2023,2023-10
701652,2024-09-27,C100950,Islamabad,Online,Jackets,Bomber Jacket,1,5130,2310,10,Card,No,4617.0,2307.0,2024,2024-09
700408,2024-06-07,C101111,Karachi,Online,Jeans,Ripped Jeans,2,3740,1880,0,Card,No,7480.0,3720.0,2024,2024-06
705130,2023-07-10,C101861,Sialkot,Online,Dresses,Bodycon Dress,2,3720,1940,0,Bank Transfer,No,7440.0,3560.0,2023,2023-07
703922,2023-09-21,C100284,Islamabad,Online,Dresses,Wrap Dress,1,3910,2090,0,Bank Transfer,No,3910.0,1820.0,2023,2023-09
703789,2024-07-02,C102075,Islamabad,Online,Accessories,Baseball Cap,1,940,610,0,Wallet,No,940.0,330.0,2024,2024-07
700983,2024-04-11,C101789,Lahore,Online,Kurtas,Printed Kurta,1,2400,1460,20,Card,No,1920.0,460.0,2024,2024-04
703159,2024-10-28,C100420,Rawalpindi,Store,Jeans,Straight Leg Jeans,1,3390,2110,15,Card,Yes,2881.5,771.5,2024,2024-10
703739,2023-07-01,C101597,Lahore,Store,Kurtas,Embroidered Kurta,2,2910,1460,0,Bank Transfer,No,5820.0,2900.0,2023,2023-07
703095,2024-03-10,C101836,Lahore,Online,Dresses,Maxi Dress,1,4350,2600,0,COD,Yes,4350.0,1750.0,2024,2024-03
700292,2024-06-25,C101207,Karachi,Online,Kurtas,Embroidered Kurta,2,2830,1360,10,Card,No,5094.0,2374.0,2024,2024-06
700974,2024-02-06,C101993,Lahore,Online,Shoes,Sandals,1,2710,1710,10,Wallet,No,2439.0,729.0,2024,2024-02
700065,2025-06-04,C100986,Karachi,Store,Dresses,Bodycon Dress,3,3730,2110,0,Card,No,11190.0,4860.0,2025,2025-06
703370,2024-08-22,C100881,Islamabad,Online,Shoes,Sneakers,1,4600,2630,15,Bank Transfer,No,3910.0,1280.0,2024,2024-08
704483,2023-11-02,C100335,Islamabad,Online,Jeans,High-Waist Jeans,2,4340,2030,20,Unknown,No,6944.0,2884.0,2023,2023-11
700914,2024-11-03,C101282,Karachi,Store,Jackets,Denim Jacket,1,5900,3410,20,COD,Yes,4720.0,1310.0,2024,2024-11
701419,2024-02-21,C101082,Peshawar,Online,Kurtas,Printed Kurta,1,2580,1420,0,Card,No,2580.0,1160.0,2024,2024-02
703036,2024-06-26,C100040,Karachi,Online,Kurtas,Printed Kurta,1,2380,1220,10,Card,No,2142.0,922.0,2024,2024-06
701095,2024-07-08,C100528,Faisalabad,Online,T-Shirts,Classic Cotton Tee,2,1230,700,0,Wallet,No,2460.0,1060.0,2024,2024-07
701751,2024-10-22,C101891,Faisalabad,Store,Jackets,Denim Jacket,2,5610,3210,0,Card,No,11220.0,4800.0,2024,2024-10
704606,2025-06-25,C101979,Lahore,Store,Shoes,Sneakers,1,4400,2670,15,COD,No,3740.0,1070.0,2025,2025-06
703627,2024-11-15,C101591,Lahore,Store,Dresses,Maxi Dress,1,4510,2070,20,Wallet,No,3608.0,1538.0,2024,2024-11
702454,2023-08-22,C102033,Karachi,Online,T-Shirts,Classic Cotton Tee,1,1280,580,0,Wallet,No,1280.0,700.0,2023,2023-08
701465,2024-04-01,C101996,Karachi,Store,Accessories,Leather Belt,1,1200,640,0,COD,No,1200.0,560.0,2024,2024-04
702761,2025-05-18,C101045,Karachi,Store,Dresses,Wrap Dress,2,4280,2680,0,Card,No,8560.0,3200.0,2025,2025-05
701935,2023-07-28,C100950,Islamabad,Store,Jeans,High-Waist Jeans,1,4400,2440,10,Card,No,3960.0,1520.0,2023,2023-07
704514,2024-06-30,C100831,Islamabad,Online,Kurtas,Festive Kurta,1,4380,2370,15,Card,No,3723.0,1353.0,2024,2024-06
704172,2024-09-03,C100371,Karachi,Store,Accessories,Sunglasses,1,2280,1190,0,Wallet,No,2280.0,1090.0,2024,2024-09
705062,2024-07-30,C100962,Lahore,Store,Jeans,Slim Fit Jeans,3,3490,2070,10,Card,No,9423.0,3213.0,2024,2024-07
701868,2023-11-09,C102095,Karachi,Online,Shoes,Sandals,1,2950,1680,10,Wallet,No,2655.0,975.0,2023,2023-11
703832,2023-07-09,C100200,Faisalabad,Online,Dresses,Summer Floral Dress,1,3090,1790,15,Bank Transfer,No,2626.5,836.5,2023,2023-07
702982,2024-05-11,C100507,Multan,Store,T-Shirts,Polo Shirt,2,2340,1370,0,Wallet,Yes,4680.0,1940.0,2024,2024-05
701719,2024-10-11,C102001,Karachi,Online,T-Shirts,Polo Shirt,1,2150,1030,0,Wallet,No,2150.0,1120.0,2024,2024-10
704460,2023-12-31,C101995,Faisalabad,Store,Jackets,Bomber Jacket,1,4960,2840,25,Card,No,3720.0,880.0,2023,2023-12
701619,2023-07-05,C101505,Islamabad,Store,Dresses,Wrap Dress,3,4100,2490,0,Wallet,No,12300.0,4830.0,2023,2023-07
702976,2023-07-27,C100827,Lahore,Online,Accessories,Sunglasses,2,2180,1100,15,Wallet,No,3706.0,1506.0,2023,2023-07
704612,2025-01-09,C101720,Unknown,Online,Jeans,High-Waist Jeans,1,4100,2550,0,Card,No,4100.0,1550.0,2025,2025-01
702329,2024-01-14,C101733,Lahore,Store,T-Shirts,Graphic Print Tee,3,1470,740,0,COD,No,4410.0,2190.0,2024,2024-01
702560,2025-05-19,C101820,Peshawar,Online,Shoes,Loafers,1,5360,3000,0,COD,No,5360.0,2360.0,2025,2025-05
704921,2025-05-11,C100704,Karachi,Online,Dresses,Maxi Dress,1,4550,2190,20,COD,No,3640.0,1450.0,2025,2025-05
702886,2024-11-07,C100492,Rawalpindi,Online,T-Shirts,Graphic Print Tee,1,1560,960,15,Wallet,No,1326.0,366.0,2024,2024-11
701000,2025-04-23,C101013,Sialkot,Online,Dresses,Maxi Dress,3,4740,2240,10,Card,No,12798.0,6078.0,2025,2025-04
700163,2024-08-08,C100631,Multan,Online,T-Shirts,Oversized Tee,1,1740,910,0,COD,No,1740.0,830.0,2024,2024-08
705023,2023-12-26,C102098,Lahore,Online,Jackets,Denim Jacket,1,5650,2820,20,Card,No,4520.0,1700.0,2023,2023-12
702323,2023-07-30,C100969,Lahore,Online,Shoes,Sneakers,1,4740,2690,15,COD,No,4029.0,1339.0,2023,2023-07
704969,2024-11-04,C101955,Sialkot,Store,Dresses,Wrap Dress,1,3810,1850,10,Card,No,3429.0,1579.0,2024,2024-11
702698,2024-09-19,C100412,Lahore,Store,Dresses,Bodycon Dress,1,3840,2330,0,COD,No,3840.0,1510.0,2024,2024-09
704629,2023-10-26,C100202,Islamabad,Store,T-Shirts,Graphic Print Tee,1,1550,700,0,COD,No,1550.0,850.0,2023,2023-10
703235,2023-11-18,C101866,Peshawar,Online,Jackets,Denim Jacket,1,5240,2630,0,Wallet,No,5240.0,2610.0,2023,2023-11
700094,2025-03-01,C100166,Multan,Online,Jeans,High-Waist Jeans,2,4320,2460,0,Bank Transfer,No,8640.0,3720.0,2025,2025-03
704140,2025-05-06,C101193,Sialkot,Online,Dresses,Wrap Dress,2,4050,2340,10,COD,No,7290.0,2610.0,2025,2025-05
702289,2024-08-31,C100840,Lahore,Online,Shoes,Sandals,1,2990,1820,0,Card,Yes,2990.0,1170.0,2024,2024-08
701035,2023-10-04,C101222,Peshawar,Store,Shoes,Sneakers,1,4530,2530,0,COD,No,4530.0,2000.0,2023,2023-10
704434,2025-01-17,C102008,Lahore,Store,Dresses,Maxi Dress,3,4390,2690,0,Card,No,13170.0,5100.0,2025,2025-01
701883,2024-12-22,C100703,Multan,Online,Shoes,Sandals,3,2670,1690,25,Card,No,6007.5,937.5,2024,2024-12
702210,2023-12-06,C100687,Sialkot,Store,Accessories,Baseball Cap,1,860,500,20,COD,No,688.0,188.0,2023,2023-12
701614,2024-03-03,C101216,Karachi,Online,Dresses,Wrap Dress,2,3990,2200,15,COD,No,6783.0,2383.0,2024,2024-03
704195,2025-03-07,C101047,Faisalabad,Store,Shoes,Boots,1,6300,2970,0,Card,No,6300.0,3330.0,2025,2025-03
704272,2023-09-06,C100270,Lahore,Online,Kurtas,Printed Kurta,3,2500,1550,0,Bank Transfer,No,7500.0,2850.0,2023,2023-09
704756,2025-05-30,C101241,Karachi,Store,Dresses,Maxi Dress,1,4300,2700,20,Card,No,3440.0,740.0,2025,2025-05
704109,2025-02-13,C100805,Lahore,Online,Kurtas,Embroidered Kurta,1,2760,1520,0,COD,No,2760.0,1240.0,2025,2025-02
703251,2023-10-10,C101968,Karachi,Online,Accessories,Sunglasses,1,2350,1330,0,COD,No,2350.0,1020.0,2023,2023-10
700637,2025-04-12,C101212,Islamabad,Online,Accessories,Tote Bag,1,1570,840,0,COD,Yes,1570.0,730.0,2025,2025-04
703961,2025-06-05,C100802,Peshawar,Store,Jeans,High-Waist Jeans,1,4040,2060,0,COD,No,4040.0,1980.0,2025,2025-06
703065,2024-05-01,C102034,Lahore,Online,T-Shirts,Oversized Tee,1,1860,1070,0,Card,No,1860.0,790.0,2024,2024-05
704042,2024-10-26,C100774,Lahore,Online,T-Shirts,Oversized Tee,1,1750,820,0,COD,No,1750.0,930.0,2024,2024-10
701431,2025-04-23,C101944,Multan,Online,Dresses,Maxi Dress,1,4690,2430,15,Card,No,3986.5,1556.5,2025,2025-04
701069,2024-08-25,C100854,Lahore,Online,Accessories,Baseball Cap,1,870,500,0,COD,No,870.0,370.0,2024,2024-08
701311,2024-07-15,C100150,Multan,Online,Shoes,Sandals,1,2900,1490,0,Wallet,No,2900.0,1410.0,2024,2024-07
702888,2024-06-27,C100212,Lahore,Online,Accessories,Sunglasses,1,2360,1340,0,Wallet,No,2360.0,1020.0,2024,2024-06
705084,2025-02-06,C101496,Multan,Online,T-Shirts,Classic Cotton Tee,3,1150,660,0,Card,No,3450.0,1470.0,2025,2025-02
704401,2023-10-05,C100010,Karachi,Store,Kurtas,Cotton Kurta,1,2030,1130,15,COD,No,1725.5,595.5,2023,2023-10
700715,2024-10-30,C101167,Islamabad,Store,Jackets,Denim Jacket,3,5880,3610,0,Bank Transfer,No,17640.0,6810.0,2024,2024-10
702970,2024-06-07,C101512,Islamabad,Online,Kurtas,Printed Kurta,1,2530,1430,0,Card,No,2530.0,1100.0,2024,2024-06
704491,2024-06-22,C100275,Karachi,Online,Kurtas,Embroidered Kurta,1,2860,1500,0,Unknown,No,2860.0,1360.0,2024,2024-06
704840,2023-11-15,C100722,Lahore,Online,Accessories,Leather Belt,3,1280,690,30,COD,No,2688.0,618.0,2023,2023-11
703621,2025-01-09,C101517,Sialkot,Online,Shoes,Sneakers,2,4810,2500,10,COD,No,8658.0,3658.0,2025,2025-01
701644,2025-01-07,C101944,Multan,Store,Jackets,Hooded Jacket,2,4930,2320,0,COD,No,9860.0,5220.0,2025,2025-01
702219,2024-10-22,C100412,Lahore,Online,Accessories,Leather Belt,1,1270,750,15,Unknown,No,1079.5,329.5,2024,2024-10
704342,2024-05-14,C101336,Lahore,Online,Shoes,Sneakers,3,4380,1980,20,COD,No,10512.0,4572.0,2024,2024-05
704526,2024-07-13,C101076,Islamabad,Online,Jackets,Hooded Jacket,1,5070,3100,0,Card,No,5070.0,1970.0,2024,2024-07
704733,2023-07-04,C100748,Faisalabad,Store,Shoes,Loafers,1,5580,3240,10,Wallet,No,5022.0,1782.0,2023,2023-07
701742,2024-01-08,C100173,Peshawar,Store,Jeans,Straight Leg Jeans,2,3310,1970,0,Wallet,No,6620.0,2680.0,2024,2024-01
705180,2023-07-14,C102018,Islamabad,Store,Jeans,High-Waist Jeans,1,4190,2050,10,Card,Yes,3771.0,1721.0,2023,2023-07
700392,2024-03-19,C100749,Multan,Online,Accessories,Tote Bag,1,1610,760,0,Card,No,1610.0,850.0,2024,2024-03
702675,2024-05-26,C101620,Unknown,Store,Dresses,Wrap Dress,1,3860,2230,20,Wallet,Yes,3088.0,858.0,2024,2024-05
701589,2025-05-21,C101626,Karachi,Online,Kurtas,Festive Kurta,1,4040,2310,10,COD,No,3636.0,1326.0,2025,2025-05
704326,2023-08-12,C101408,Multan,Store,Jeans,Slim Fit Jeans,3,3730,2260,15,COD,No,9511.5,2731.5,2023,2023-08
703533,2024-05-17,C101506,Faisalabad,Online,T-Shirts,Classic Cotton Tee,3,1180,560,0,Wallet,No,3540.0,1860.0,2024,2024-05
704652,2025-03-13,C101493,Faisalabad,Online,T-Shirts,Polo Shirt,1,2170,1290,10,Card,No,1953.0,663.0,2025,2025-03
701747,2023-10-31,C100005,Sialkot,Online,Jackets,Hooded Jacket,1,4820,2870,0,COD,No,4820.0,1950.0,2023,2023-10
704137,2024-02-04,C100800,Faisalabad,Online,Jackets,Puffer Jacket,1,6660,4310,0,COD,No,6660.0,2350.0,2024,2024-02
700243,2025-05-29,C100776,Islamabad,Online,Jackets,Hooded Jacket,1,4880,3090,0,Wallet,Yes,4880.0,1790.0,2025,2025-05
702417,2024-06-24,C101035,Rawalpindi,Online,Accessories,Tote Bag,1,1700,960,0,Card,No,1700.0,740.0,2024,2024-06
703129,2024-03-17,C101175,Faisalabad,Online,Jeans,High-Waist Jeans,3,4390,2130,0,Card,No,13170.0,6780.0,2024,2024-03
702015,2025-01-11,C100739,Karachi,Online,Accessories,Leather Belt,1,1220,580,0,Bank Transfer,No,1220.0,640.0,2025,2025-01
702803,2025-06-04,C102002,Unknown,Store,Accessories,Sunglasses,1,2260,1320,0,Card,No,2260.0,940.0,2025,2025-06
702828,2023-09-09,C100488,Islamabad,Online,Jackets,Bomber Jacket,3,5490,3030,0,Card,No,16470.0,7380.0,2023,2023-09
702015,2025-01-11,C100739,Karachi,Online,Accessories,Tote Bag,1,1650,880,0,Bank Transfer,No,1650.0,770.0,2025,2025-01
702593,2024-10-27,C100198,Lahore,Store,Jeans,Straight Leg Jeans,1,3090,1560,0,COD,No,3090.0,1530.0,2024,2024-10
702353,2023-11-15,C101188,Lahore,Store,Dresses,Maxi Dress,3,4840,3020,15,COD,No,12342.0,3282.0,2023,2023-11
704320,2025-04-01,C100695,Islamabad,Online,Accessories,Sunglasses,3,2290,1360,0,COD,No,6870.0,2790.0,2025,2025-04
704443,2025-04-06,C101710,Faisalabad,Online,Dresses,Maxi Dress,2,4730,3000,0,Card,No,9460.0,3460.0,2025,2025-04
704939,2023-07-24,C101202,Multan,Online,T-Shirts,Oversized Tee,1,1830,1100,0,COD,No,1830.0,730.0,2023,2023-07
701933,2024-11-08,C100352,Islamabad,Online,Jackets,Puffer Jacket,1,6960,3940,20,Card,No,5568.0,1628.0,2024,2024-11
700923,2024-10-07,C101028,Faisalabad,Online,Accessories,Sunglasses,1,2320,1180,0,Bank Transfer,No,2320.0,1140.0,2024,2024-10
704821,2023-12-03,C100631,Multan,Store,Jackets,Bomber Jacket,1,5370,3470,25,Card,No,4027.5,557.5,2023,2023-12
701106,2024-02-28,C102082,Rawalpindi,Store,T-Shirts,Graphic Print Tee,1,1550,750,10,COD,No,1395.0,645.0,2024,2024-02
700138,2024-06-22,C100599,Islamabad,Online,Dresses,Maxi Dress,1,4350,1990,0,Card,No,4350.0,2360.0,2024,2024-06
701839,2025-02-09,C100252,Karachi,Store,Jeans,Straight Leg Jeans,3,3140,1530,0,Card,No,9420.0,4830.0,2025,2025-02
702404,2023-10-30,C100065,Islamabad,Online,T-Shirts,Graphic Print Tee,1,1480,890,10,Wallet,No,1332.0,442.0,2023,2023-10
700981,2025-04-04,C100652,Rawalpindi,Store,Jeans,High-Waist Jeans,1,4490,2210,0,Card,No,4490.0,2280.0,2025,2025-04
700967,2023-07-31,C100484,Lahore,Store,T-Shirts,Graphic Print Tee,1,1430,890,0,COD,No,1430.0,540.0,2023,2023-07
700666,2024-12-02,C100437,Islamabad,Store,Accessories,Tote Bag,1,1670,1070,20,COD,No,1336.0,266.0,2024,2024-12
704563,2025-02-01,C100212,Lahore,Store,Shoes,Loafers,3,5320,3120,0,COD,Yes,15960.0,6600.0,2025,2025-02
704934,2025-06-30,C100633,Karachi,Store,Dresses,Wrap Dress,2,4300,2180,0,COD,No,8600.0,4240.0,2025,2025-06
703182,2024-09-27,C100921,Multan,Store,Dresses,Wrap Dress,3,3890,1800,0,Card,Yes,11670.0,6270.0,2024,2024-09
705071,2025-05-29,C100396,Multan,Online,T-Shirts,Polo Shirt,2,2290,1360,10,COD,No,4122.0,1402.0,2025,2025-05
704111,2024-01-01,C100673,Rawalpindi,Store,T-Shirts,Classic Cotton Tee,1,1170,660,0,COD,No,1170.0,510.0,2024,2024-01
701503,2023-07-19,C100110,Karachi,Online,Jeans,Straight Leg Jeans,1,3290,1850,0,Card,No,3290.0,1440.0,2023,2023-07
701294,2024-01-13,C100363,Lahore,Store,Jackets,Puffer Jacket,2,6670,3810,0,Card,No,13340.0,5720.0,2024,2024-01
704468,2024-12-13,C100653,Lahore,Store,T-Shirts,Graphic Print Tee,2,1540,780,0,COD,Yes,3080.0,1520.0,2024,2024-12
702682,2024-10-17,C102086,Karachi,Online,Accessories,Baseball Cap,2,890,420,0,COD,No,1780.0,940.0,2024,2024-10
702126,2024-01-20,C100712,Faisalabad,Online,T-Shirts,Graphic Print Tee,1,1590,880,10,Card,No,1431.0,551.0,2024,2024-01
700843,2025-03-25,C101304,Multan,Online,Jackets,Denim Jacket,1,5890,3400,10,Card,No,5301.0,1901.0,2025,2025-03
705177,2023-09-20,C100926,Lahore,Online,Jackets,Denim Jacket,1,5590,3420,0,Card,No,5590.0,2170.0,2023,2023-09
700168,2024-08-23,C101598,Faisalabad,Store,Dresses,Summer Floral Dress,1,3390,1630,0,Card,No,3390.0,1760.0,2024,2024-08
704801,2023-10-17,C100349,Lahore,Online,Shoes,Loafers,1,5250,3150,0,Card,No,5250.0,2100.0,2023,2023-10
703178,2023-07-27,C100380,Islamabad,Store,Jackets,Denim Jacket,2,5570,3500,0,Wallet,No,11140.0,4140.0,2023,2023-07
701433,2023-12-22,C102149,Lahore,Online,Jeans,Straight Leg Jeans,2,3170,1640,25,Card,No,4755.0,1475.0,2023,2023-12
702338,2024-11-14,C100201,Sialkot,Store,Shoes,Sneakers,2,4840,2420,30,Bank Transfer,No,6776.0,1936.0,2024,2024-11
703213,2024-09-07,C101652,Lahore,Online,Jeans,Straight Leg Jeans,2,3380,1740,0,Bank Transfer,No,6760.0,3280.0,2024,2024-09
702333,2023-11-16,C100214,Rawalpindi,Online,Jeans,Slim Fit Jeans,2,3710,2400,25,COD,No,5565.0,765.0,2023,2023-11
701055,2024-03-31,C101400,Karachi,Online,Shoes,Loafers,1,4990,2650,0,Card,No,4990.0,2340.0,2024,2024-03
703069,2023-10-29,C101712,Sialkot,Online,Shoes,Sneakers,3,4740,2440,10,COD,No,12798.0,5478.0,2023,2023-10
702909,2023-07-29,C101196,Lahore,Online,Kurtas,Printed Kurta,3,2480,1420,10,COD,No,6696.0,2436.0,2023,2023-07
704854,2025-02-07,C100328,Islamabad,Online,Jeans,Ripped Jeans,1,3830,2230,15,COD,Yes,3255.5,1025.5,2025,2025-02
702105,2024-05-27,C102083,Lahore,Online,Accessories,Sunglasses,1,2110,1310,0,COD,No,2110.0,800.0,2024,2024-05
700642,2024-09-20,C101963,Lahore,Store,Kurtas,Embroidered Kurta,1,2990,1900,0,Card,No,2990.0,1090.0,2024,2024-09
702487,2024-03-23,C101921,Karachi,Store,Dresses,Wrap Dress,3,3830,1770,0,COD,No,11490.0,6180.0,2024,2024-03
703110,2024-01-11,C101551,Karachi,Store,Jackets,Denim Jacket,1,5860,2960,10,Card,Yes,5274.0,2314.0,2024,2024-01
704014,2025-05-19,C101952,Faisalabad,Store,Jackets,Denim Jacket,2,5740,2860,20,Card,No,9184.0,3464.0,2025,2025-05
701967,2023-08-25,C101266,Lahore,Online,T-Shirts,Classic Cotton Tee,1,1250,790,10,COD,No,1125.0,335.0,2023,2023-08
700036,2024-09-30,C101574,Lahore,Store,Accessories,Sunglasses,1,2320,1320,0,COD,No,2320.0,1000.0,2024,2024-09
700645,2024-01-02,C100906,Karachi,Online,Shoes,Boots,2,6470,4160,0,COD,No,12940.0,4620.0,2024,2024-01
703014,2024-09-06,C100816,Peshawar,Store,Kurtas,Festive Kurta,3,4300,2330,0,Wallet,No,12900.0,5910.0,2024,2024-09
702219,2024-10-22,C100412,Lahore,Online,Shoes,Sneakers,1,4510,2720,0,Wallet,No,4510.0,1790.0,2024,2024-10
702186,2023-11-23,C101245,Karachi,Store,Accessories,Sunglasses,2,2250,1450,20,Card,No,3600.0,700.0,2023,2023-11
704747,2023-10-20,C100804,Lahore,Online,T-Shirts,Graphic Print Tee,3,1520,730,0,Card,Yes,4560.0,2370.0,2023,2023-10
701312,2024-06-25,C100585,Islamabad,Store,Dresses,Maxi Dress,3,4800,2240,0,COD,No,14400.0,7680.0,2024,2024-06
703549,2024-01-09,C101314,Lahore,Online,Jeans,Ripped Jeans,3,3970,1840,0,Card,Yes,11910.0,6390.0,2024,2024-01
703440,2024-02-12,C100830,Islamabad,Store,Jeans,High-Waist Jeans,1,4400,2710,0,Wallet,No,4400.0,1690.0,2024,2024-02
702022,2024-08-29,C100689,Islamabad,Online,Shoes,Boots,1,6670,3590,10,Card,No,6003.0,2413.0,2024,2024-08
701101,2025-01-30,C102108,Karachi,Store,Jackets,Puffer Jacket,1,6930,4200,0,Card,No,6930.0,2730.0,2025,2025-01
702044,2024-05-18,C101693,Faisalabad,Online,Shoes,Sneakers,1,4570,2460,10,COD,No,4113.0,1653.0,2024,2024-05
701993,2023-07-16,C100907,Lahore,Store,Kurtas,Festive Kurta,1,4460,2740,0,Card,No,4460.0,1720.0,2023,2023-07
700930,2025-06-20,C101316,Islamabad,Online,Kurtas,Embroidered Kurta,1,2770,1370,0,COD,No,2770.0,1400.0,2025,2025-06
701335,2025-02-17,C101891,Faisalabad,Store,Accessories,Baseball Cap,1,890,420,0,COD,No,890.0,470.0,2025,2025-02
704712,2024-04-06,C101356,Islamabad,Store,Dresses,Summer Floral Dress,1,3130,1600,0,Card,No,3130.0,1530.0,2024,2024-04
704374,2024-04-07,C101019,Karachi,Online,Jackets,Puffer Jacket,2,7020,3240,0,COD,No,14040.0,7560.0,2024,2024-04
702169,2025-02-17,C100859,Islamabad,Online,Jeans,Ripped Jeans,3,3930,1880,15,COD,No,10021.5,4381.5,2025,2025-02
703327,2025-03-26,C100659,Karachi,Online,Accessories,Sunglasses,2,2340,1340,0,COD,No,4680.0,2000.0,2025,2025-03
703593,2024-01-14,C101288,Karachi,Store,Shoes,Loafers,1,5510,3310,15,Card,Yes,4683.5,1373.5,2024,2024-01
701941,2023-11-15,C100863,Islamabad,Store,Dresses,Wrap Dress,3,3820,1760,15,Card,No,9741.0,4461.0,2023,2023-11
701559,2025-06-06,C101947,Peshawar,Online,T-Shirts,Polo Shirt,3,2250,1330,10,Card,No,6075.0,2085.0,2025,2025-06
703760,2024-01-19,C101915,Lahore,Store,Accessories,Tote Bag,1,1680,1010,0,Card,No,1680.0,670.0,2024,2024-01
704212,2025-05-09,C101846,Karachi,Store,Accessories,Tote Bag,1,1560,990,20,COD,No,1248.0,258.0,2025,2025-05
703144,2024-02-18,C101262,Karachi,Online,T-Shirts,Polo Shirt,1,2300,1170,0,Card,No,2300.0,1130.0,2024,2024-02
700539,2024-04-26,C101585,Peshawar,Online,Jeans,Straight Leg Jeans,2,3330,1910,15,Bank Transfer,No,5661.0,1841.0,2024,2024-04
703895,2024-12-31,C102176,Karachi,Online,Jeans,Slim Fit Jeans,1,3360,2070,15,Unknown,No,2856.0,786.0,2024,2024-12
701320,2025-03-23,C100834,Rawalpindi,Online,Shoes,Boots,1,6940,4270,0,COD,No,6940.0,2670.0,2025,2025-03
701846,2023-12-14,C101946,Lahore,Store,Kurtas,Embroidered Kurta,3,2710,1510,15,COD,No,6910.5,2380.5,2023,2023-12
704597,2024-02-15,C100372,Karachi,Online,Accessories,Baseball Cap,1,960,570,0,COD,No,960.0,390.0,2024,2024-02
702525,2024-10-04,C100391,Lahore,Store,Jackets,Denim Jacket,1,5470,3510,10,Card,No,4923.0,1413.0,2024,2024-10
702954,2024-07-16,C100674,Islamabad,Online,Dresses,Bodycon Dress,2,3610,1690,0,Card,No,7220.0,3840.0,2024,2024-07
702841,2024-02-03,C101423,Karachi,Online,Jeans,Ripped Jeans,1,3970,2430,0,Card,No,3970.0,1540.0,2024,2024-02
700055,2024-12-19,C101335,Multan,Online,T-Shirts,Polo Shirt,1,2220,1070,0,Card,No,2220.0,1150.0,2024,2024-12
704991,2024-01-01,C101071,Islamabad,Online,Kurtas,Cotton Kurta,1,1920,1180,0,Card,Yes,1920.0,740.0,2024,2024-01
704076,2024-04-13,C102166,Peshawar,Store,Shoes,Sneakers,2,4290,2390,0,Unknown,Yes,8580.0,3800.0,2024,2024-04
703058,2024-01-25,C101100,Lahore,Online,Shoes,Boots,2,6750,3780,10,COD,Yes,12150.0,4590.0,2024,2024-01
700668,2025-01-07,C101072,Karachi,Online,Kurtas,Festive Kurta,1,4170,2630,10,Wallet,No,3753.0,1123.0,2025,2025-01
704476,2024-02-28,C100467,Sialkot,Store,Shoes,Loafers,1,4960,2400,0,COD,No,4960.0,2560.0,2024,2024-02
704102,2023-08-27,C100222,Rawalpindi,Store,Jackets,Hooded Jacket,2,5110,3210,0,Card,No,10220.0,3800.0,2023,2023-08
700013,2025-04-08,C100748,Faisalabad,Store,Jeans,High-Waist Jeans,1,4160,2680,0,Card,No,4160.0,1480.0,2025,2025-04
704251,2024-05-01,C100174,Lahore,Online,T-Shirts,Polo Shirt,1,2240,1130,10,COD,No,2016.0,886.0,2024,2024-05
701913,2024-03-15,C100795,Karachi,Store,Dresses,Wrap Dress,1,4010,2250,10,Wallet,No,3609.0,1359.0,2024,2024-03
700256,2023-11-15,C100795,Karachi,Online,Jackets,Puffer Jacket,2,7140,4610,0,Wallet,No,14280.0,5060.0,2023,2023-11
703623,2024-04-12,C100725,Lahore,Online,Jackets,Puffer Jacket,1,6480,2950,0,COD,No,6480.0,3530.0,2024,2024-04
702499,2024-05-19,C100097,Lahore,Store,T-Shirts,Classic Cotton Tee,1,1290,830,0,Wallet,No,1290.0,460.0,2024,2024-05
702500,2024-07-16,C101774,Islamabad,Store,Shoes,Sandals,1,2810,1780,10,Card,Yes,2529.0,749.0,2024,2024-07
701923,2023-10-06,C100939,Lahore,Store,Kurtas,Embroidered Kurta,1,2800,1290,10,COD,No,2520.0,1230.0,2023,2023-10
703592,2023-12-09,C101063,Islamabad,Online,T-Shirts,Classic Cotton Tee,1,1260,660,20,COD,No,1008.0,348.0,2023,2023-12
702862,2024-10-22,C100584,Peshawar,Store,Jeans,Slim Fit Jeans,1,3720,2260,0,Wallet,Yes,3720.0,1460.0,2024,2024-10
701722,2024-09-26,C100462,Sialkot,Store,Jackets,Puffer Jacket,2,7010,3190,0,Bank Transfer,No,14020.0,7640.0,2024,2024-09
701808,2024-05-15,C100400,Karachi,Store,Kurtas,Cotton Kurta,1,1980,930,0,Card,No,1980.0,1050.0,2024,2024-05
705032,2023-09-26,C102018,Islamabad,Store,Jackets,Hooded Jacket,1,4880,2460,0,COD,No,4880.0,2420.0,2023,2023-09
702910,2024-04-16,C101324,Karachi,Online,Jeans,High-Waist Jeans,1,4240,2420,20,Wallet,No,3392.0,972.0,2024,2024-04
700244,2024-12-11,C100906,Karachi,Online,Jackets,Hooded Jacket,2,4650,2610,10,Wallet,No,8370.0,3150.0,2024,2024-12
700403,2024-09-29,C100554,Lahore,Store,Accessories,Leather Belt,1,1200,600,0,COD,No,1200.0,600.0,2024,2024-09
702514,2024-05-16,C100722,Lahore,Online,Accessories,Tote Bag,1,1560,1010,10,COD,No,1404.0,394.0,2024,2024-05
703211,2024-04-03,C101096,Lahore,Online,Dresses,Bodycon Dress,1,3610,2210,0,COD,No,3610.0,1400.0,2024,2024-04
700200,2025-03-14,C100294,Multan,Store,Jackets,Puffer Jacket,3,6670,3950,0,Card,No,20010.0,8160.0,2025,2025-03
700717,2023-10-24,C100928,Islamabad,Online,Jackets,Puffer Jacket,1,6870,3980,0,Card,No,6870.0,2890.0,2023,2023-10
700021,2025-06-07,C102167,Karachi,Store,T-Shirts,Polo Shirt,2,2150,1020,0,Card,No,4300.0,2260.0,2025,2025-06
702059,2024-08-21,C101853,Faisalabad,Store,Dresses,Maxi Dress,1,4370,2400,0,Bank Transfer,Yes,4370.0,1970.0,2024,2024-08
701634,2023-11-13,C100544,Lahore,Online,Kurtas,Festive Kurta,3,4310,2020,15,Wallet,No,10990.5,4930.5,2023,2023-11
702891,2024-08-12,C100713,Peshawar,Online,Dresses,Bodycon Dress,1,3710,2330,10,Wallet,No,3339.0,1009.0,2024,2024-08
703977,2024-05-27,C100809,Sialkot,Online,Jackets,Bomber Jacket,2,5600,3050,10,COD,Yes,10080.0,3980.0,2024,2024-05
702926,2023-07-11,C100641,Faisalabad,Online,Dresses,Summer Floral Dress,1,3420,1740,0,COD,No,3420.0,1680.0,2023,2023-07
702711,2024-12-02,C101480,Karachi,Online,Jackets,Puffer Jacket,1,6820,3720,0,Wallet,No,6820.0,3100.0,2024,2024-12
701066,2024-05-26,C100372,Karachi,Online,Shoes,Sandals,1,2760,1470,15,COD,No,2346.0,876.0,2024,2024-05
702406,2024-06-25,C101725,Lahore,Store,Shoes,Boots,2,6900,3440,10,Card,No,12420.0,5540.0,2024,2024-06
705010,2025-04-06,C101220,Lahore,Store,Kurtas,Festive Kurta,1,4120,1870,0,COD,Yes,4120.0,2250.0,2025,2025-04
703264,2024-08-31,C101997,Karachi,Online,Kurtas,Cotton Kurta,1,1930,1020,0,COD,No,1930.0,910.0,2024,2024-08
701070,2025-03-03,C101653,Lahore,Online,Kurtas,Embroidered Kurta,3,2870,1520,10,COD,No,7749.0,3189.0,2025,2025-03
702169,2025-02-17,C100859,Islamabad,Online,Kurtas,Printed Kurta,1,2430,1370,0,COD,No,2430.0,1060.0,2025,2025-02
701986,2023-10-07,C100616,Faisalabad,Online,Jackets,Puffer Jacket,2,6700,3860,0,COD,No,13400.0,5680.0,2023,2023-10
703380,2024-07-07,C102115,Peshawar,Online,Accessories,Leather Belt,1,1170,590,0,Wallet,No,1170.0,580.0,2024,2024-07
704264,2025-05-27,C101649,Faisalabad,Online,Shoes,Loafers,3,5040,2330,10,Card,No,13608.0,6618.0,2025,2025-05
702240,2023-11-20,C100553,Peshawar,Online,Kurtas,Cotton Kurta,2,1940,1050,20,Wallet,No,3104.0,1004.0,2023,2023-11
705103,2023-12-14,C100584,Peshawar,Online,Jeans,Ripped Jeans,1,3750,2370,30,COD,No,2625.0,255.0,2023,2023-12
704235,2025-04-22,C100942,Lahore,Store,Kurtas,Printed Kurta,1,2460,1230,20,COD,No,1968.0,738.0,2025,2025-04
704904,2024-11-18,C100541,Islamabad,Store,Jackets,Hooded Jacket,1,4950,2420,15,COD,No,4207.5,1787.5,2024,2024-11
701258,2025-02-04,C101855,Sialkot,Online,Jackets,Bomber Jacket,1,5100,2970,0,COD,Yes,5100.0,2130.0,2025,2025-02
702611,2024-05-05,C100652,Rawalpindi,Online,T-Shirts,Classic Cotton Tee,3,1220,680,0,Unknown,No,3660.0,1620.0,2024,2024-05
700896,2024-06-20,C101495,Islamabad,Online,Accessories,Leather Belt,1,1160,720,0,Card,No,1160.0,440.0,2024,2024-06
702569,2023-07-25,C101164,Lahore,Online,Shoes,Boots,1,6200,3460,0,COD,No,6200.0,2740.0,2023,2023-07
700730,2024-04-12,C101827,Karachi,Store,Jackets,Denim Jacket,1,5660,3220,15,Bank Transfer,No,4811.0,1591.0,2024,2024-04
702046,2024-11-05,C102122,Karachi,Online,Jackets,Bomber Jacket,2,5160,2470,20,COD,No,8256.0,3316.0,2024,2024-11
700831,2025-01-28,C101601,Lahore,Online,Jackets,Puffer Jacket,3,6800,4120,0,Card,No,20400.0,8040.0,2025,2025-01
701999,2024-04-15,C102044,Sialkot,Store,Shoes,Sandals,3,2940,1460,0,Wallet,No,8820.0,4440.0,2024,2024-04
701491,2024-02-23,C101147,Faisalabad,Online,Accessories,Baseball Cap,1,910,520,10,Wallet,No,819.0,299.0,2024,2024-02
704157,2023-09-09,C101336,Lahore,Store,Jeans,Slim Fit Jeans,1,3500,2080,0,Wallet,No,3500.0,1420.0,2023,2023-09
703177,2024-02-29,C101504,Faisalabad,Store,Jeans,High-Waist Jeans,1,4300,2240,0,COD,No,4300.0,2060.0,2024,2024-02
703498,2023-08-02,C100409,Sialkot,Store,Shoes,Loafers,1,5200,3000,0,Card,No,5200.0,2200.0,2023,2023-08
700993,2024-03-21,C100338,Lahore,Store,Shoes,Boots,1,6830,3850,0,Bank Transfer,No,6830.0,2980.0,2024,2024-03
702605,2024-10-08,C101492,Rawalpindi,Online,Accessories,Leather Belt,1,1190,560,0,COD,No,1190.0,630.0,2024,2024-10
700872,2024-10-21,C100196,Islamabad,Store,T-Shirts,Classic Cotton Tee,2,1260,640,0,COD,No,2520.0,1240.0,2024,2024-10
703805,2024-06-23,C101913,Islamabad,Online,Kurtas,Cotton Kurta,2,1930,980,15,Card,No,3281.0,1321.0,2024,2024-06
702042,2023-12-19,C100162,Lahore,Online,Jackets,Hooded Jacket,1,4970,2950,20,Card,No,3976.0,1026.0,2023,2023-12
700109,2024-08-28,C101489,Karachi,Store,Dresses,Summer Floral Dress,2,3200,1760,0,Card,No,6400.0,2880.0,2024,2024-08
703627,2024-11-15,C101591,Lahore,Store,Jeans,Slim Fit Jeans,3,3510,1970,25,Wallet,No,7897.5,1987.5,2024,2024-11
702517,2024-01-01,C101404,Lahore,Online,Shoes,Loafers,1,5210,3240,0,COD,No,5210.0,1970.0,2024,2024-01
701048,2025-03-02,C100482,Islamabad,Online,Kurtas,Festive Kurta,2,4050,1820,10,Wallet,No,7290.0,3650.0,2025,2025-03
700212,2025-05-09,C101569,Karachi,Online,Accessories,Sunglasses,1,2130,1150,0,COD,No,2130.0,980.0,2025,2025-05
702262,2024-11-30,C100573,Unknown,Store,Jackets,Puffer Jacket,2,6530,3870,0,COD,No,13060.0,5320.0,2024,2024-11
700570,2023-11-05,C100391,Lahore,Online,Kurtas,Embroidered Kurta,1,2930,1630,0,COD,No,2930.0,1300.0,2023,2023-11
703131,2025-01-13,C101940,Lahore,Online,Kurtas,Festive Kurta,1,4280,2480,0,Bank Transfer,No,4280.0,1800.0,2025,2025-01
701025,2023-07-25,C101505,Islamabad,Online,Accessories,Leather Belt,1,1240,680,0,Card,No,1240.0,560.0,2023,2023-07
702911,2024-04-08,C100570,Karachi,Online,Kurtas,Festive Kurta,3,4140,2060,0,COD,No,12420.0,6240.0,2024,2024-04
702349,2023-12-30,C101019,Karachi,Online,Dresses,Summer Floral Dress,3,3100,1520,10,Card,No,8370.0,3810.0,2023,2023-12
702356,2024-03-24,C100960,Islamabad,Online,Jeans,Slim Fit Jeans,1,3570,1780,0,COD,No,3570.0,1790.0,2024,2024-03
702132,2025-03-09,C102062,Islamabad,Online,Shoes,Sneakers,1,4780,2590,0,COD,No,4780.0,2190.0,2025,2025-03
702588,2025-02-15,C101647,Faisalabad,Store,Jackets,Hooded Jacket,1,4750,2360,0,COD,No,4750.0,2390.0,2025,2025-02
704625,2023-08-17,C100217,Lahore,Store,Dresses,Bodycon Dress,2,3960,2250,0,COD,No,7920.0,3420.0,2023,2023-08
702552,2025-04-01,C100063,Faisalabad,Online,Accessories,Tote Bag,1,1610,730,10,COD,No,1449.0,719.0,2025,2025-04
703791,2023-10-08,C101743,Sialkot,Store,Accessories,Sunglasses,1,2130,1250,0,Card,No,2130.0,880.0,2023,2023-10
704468,2024-12-13,C100653,Lahore,Store,Jackets,Bomber Jacket,2,5460,3180,15,Unknown,No,9282.0,2922.0,2024,2024-12
703894,2023-10-25,C101724,Karachi,Online,Accessories,Tote Bag,2,1620,780,0,Wallet,No,3240.0,1680.0,2023,2023-10
700502,2024-09-15,C101316,Islamabad,Online,Kurtas,Cotton Kurta,1,1830,1080,0,Card,No,1830.0,750.0,2024,2024-09
704515,2024-01-18,C101506,Faisalabad,Online,Shoes,Sandals,1,2800,1630,0,COD,No,2800.0,1170.0,2024,2024-01
702864,2024-11-16,C100916,Lahore,Online,Shoes,Loafers,1,5100,2400,10,COD,No,4590.0,2190.0,2024,2024-11
700273,2025-02-10,C100481,Lahore,Online,Shoes,Boots,1,6910,4200,0,Card,Yes,6910.0,2710.0,2025,2025-02
700697,2025-06-05,C101435,Sialkot,Online,Jeans,Straight Leg Jeans,2,3340,1640,0,Card,Yes,6680.0,3400.0,2025,2025-06
704356,2025-04-12,C101324,Karachi,Online,T-Shirts,Oversized Tee,1,1880,970,10,COD,No,1692.0,722.0,2025,2025-04
700198,2025-05-23,C100769,Islamabad,Store,T-Shirts,Oversized Tee,3,1760,1040,10,COD,No,4752.0,1632.0,2025,2025-05
701754,2024-03-25,C101751,Lahore,Store,Kurtas,Cotton Kurta,2,2000,1230,10,Wallet,No,3600.0,1140.0,2024,2024-03
702643,2024-05-06,C100198,Lahore,Store,Jeans,Slim Fit Jeans,2,3620,2060,10,Card,No,6516.0,2396.0,2024,2024-05
704304,2024-05-03,C101701,Sialkot,Online,Kurtas,Festive Kurta,2,4380,2620,20,COD,No,7008.0,1768.0,2024,2024-05
702687,2025-01-03,C101856,Lahore,Online,Jackets,Hooded Jacket,1,4720,2270,15,COD,No,4012.0,1742.0,2025,2025-01
705161,2023-11-12,C101680,Faisalabad,Store,Jackets,Bomber Jacket,2,5060,2860,0,COD,No,10120.0,4400.0,2023,2023-11
700729,2023-10-06,C100412,Lahore,Online,Jackets,Puffer Jacket,1,6580,2960,0,Wallet,No,6580.0,3620.0,2023,2023-10
703600,2025-02-04,C101420,Rawalpindi,Store,Shoes,Boots,3,6740,4290,0,Card,No,20220.0,7350.0,2025,2025-02
701657,2024-06-10,C100160,Lahore,Online,Accessories,Sunglasses,1,2280,1460,0,COD,No,2280.0,820.0,2024,2024-06
703430,2024-10-09,C102047,Islamabad,Online,Accessories,Baseball Cap,2,940,570,0,COD,No,1880.0,740.0,2024,2024-10
702725,2025-04-19,C100637,Rawalpindi,Store,Dresses,Wrap Dress,1,4070,2030,0,Unknown,No,4070.0,2040.0,2025,2025-04
702982,2024-05-11,C100507,Multan,Store,Kurtas,Printed Kurta,2,2580,1170,10,Wallet,No,4644.0,2304.0,2024,2024-05
700044,2024-10-22,C100388,Lahore,Online,Accessories,Sunglasses,3,2180,1350,0,Card,No,6540.0,2490.0,2024,2024-10
701455,2025-05-03,C101543,Lahore,Store,Shoes,Sneakers,2,4470,2330,0,COD,Yes,8940.0,4280.0,2025,2025-05
700093,2023-12-02,C102075,Islamabad,Online,Jackets,Bomber Jacket,1,5120,3320,0,Card,No,5120.0,1800.0,2023,2023-12
700216,2023-07-18,C100827,Lahore,Online,Accessories,Tote Bag,1,1520,870,0,COD,No,1520.0,650.0,2023,2023-07
700873,2025-02-19,C100947,Multan,Store,Jackets,Bomber Jacket,3,5020,2560,0,Wallet,No,15060.0,7380.0,2025,2025-02
704287,2025-03-26,C100665,Rawalpindi,Store,Accessories,Leather Belt,2,1180,670,0,Wallet,No,2360.0,1020.0,2025,2025-03
701016,2025-05-29,C102006,Karachi,Store,T-Shirts,Classic Cotton Tee,1,1270,590,0,Wallet,No,1270.0,680.0,2025,2025-05
702302,2024-02-11,C100269,Lahore,Store,Jackets,Hooded Jacket,2,5120,2800,0,COD,No,10240.0,4640.0,2024,2024-02
701583,2024-08-25,C101235,Lahore,Online,T-Shirts,Graphic Print Tee,1,1480,920,0,COD,No,1480.0,560.0,2024,2024-08
705009,2023-09-12,C101636,Karachi,Online,Jackets,Hooded Jacket,3,4950,3050,0,COD,No,14850.0,5700.0,2023,2023-09
702644,2023-07-30,C101710,Faisalabad,Online,T-Shirts,Oversized Tee,1,1760,1100,0,COD,No,1760.0,660.0,2023,2023-07
700474,2023-08-21,C100287,Karachi,Online,Jeans,Slim Fit Jeans,2,3390,1690,0,COD,No,6780.0,3400.0,2023,2023-08
703444,2024-06-23,C100669,Karachi,Online,Accessories,Tote Bag,1,1660,750,10,COD,No,1494.0,744.0,2024,2024-06
700111,2023-09-12,C100795,Karachi,Store,T-Shirts,Classic Cotton Tee,1,1170,650,15,Card,No,994.5,344.5,2023,2023-09
705036,2025-03-28,C101278,Multan,Store,Shoes,Loafers,1,5110,2760,10,Wallet,Yes,4599.0,1839.0,2025,2025-03
701667,2023-12-24,C100626,Faisalabad,Store,Jackets,Hooded Jacket,2,5060,2910,0,Card,No,10120.0,4300.0,2023,2023-12
703862,2023-10-12,C100493,Karachi,Online,Dresses,Bodycon Dress,2,3650,1810,10,COD,Yes,6570.0,2950.0,2023,2023-10
704044,2025-04-01,C102139,Multan,Online,Shoes,Sneakers,3,4450,2280,15,COD,Yes,11347.5,4507.5,2025,2025-04
701746,2024-12-09,C101622,Faisalabad,Online,Jackets,Hooded Jacket,1,5030,3160,20,Card,No,4024.0,864.0,2024,2024-12
702252,2024-01-06,C100588,Lahore,Online,Shoes,Boots,1,6550,4010,0,Card,No,6550.0,2540.0,2024,2024-01
701168,2024-03-24,C100100,Peshawar,Store,T-Shirts,Graphic Print Tee,1,1460,820,0,COD,No,1460.0,640.0,2024,2024-03
703045,2024-09-21,C102156,Lahore,Online,Dresses,Summer Floral Dress,1,3240,1820,0,Wallet,No,3240.0,1420.0,2024,2024-09
704972,2024-10-18,C100192,Lahore,Online,Dresses,Wrap Dress,2,4270,2670,0,COD,No,8540.0,3200.0,2024,2024-10
703197,2024-05-31,C100638,Faisalabad,Store,Kurtas,Cotton Kurta,1,1910,870,15,COD,No,1623.5,753.5,2024,2024-05
700006,2025-06-18,C101469,Lahore,Online,Kurtas,Cotton Kurta,1,1810,1130,0,Card,No,1810.0,680.0,2025,2025-06
703169,2024-05-25,C101808,Karachi,Online,Dresses,Bodycon Dress,1,3860,2210,0,COD,No,3860.0,1650.0,2024,2024-05
702146,2023-10-05,C101561,Islamabad,Online,Jeans,Ripped Jeans,1,3890,1800,0,COD,No,3890.0,2090.0,2023,2023-10
700670,2023-10-04,C100694,Peshawar,Online,Jackets,Puffer Jacket,1,6520,3210,0,Card,No,6520.0,3310.0,2023,2023-10
704149,2025-01-27,C100739,Karachi,Online,Jeans,Straight Leg Jeans,2,3430,2070,0,COD,No,6860.0,2720.0,2025,2025-01
701954,2025-04-09,C102151,Lahore,Store,Accessories,Sunglasses,1,2220,1350,10,COD,No,1998.0,648.0,2025,2025-04
702014,2023-10-30,C101013,Sialkot,Store,Jeans,Slim Fit Jeans,2,3430,2170,10,Card,No,6174.0,1834.0,2023,2023-10
701206,2024-11-05,C100051,Lahore,Online,Jackets,Hooded Jacket,3,4920,2540,10,Card,No,13284.0,5664.0,2024,2024-11
705162,2024-09-27,C102156,Lahore,Store,Dresses,Bodycon Dress,1,3880,2050,10,COD,No,3492.0,1442.0,2024,2024-09
703669,2025-04-14,C101026,Sialkot,Store,Jeans,Slim Fit Jeans,3,3420,1660,20,Card,Yes,8208.0,3228.0,2025,2025-04
701917,2025-04-06,C100538,Lahore,Online,Jeans,Straight Leg Jeans,3,3110,1860,20,Card,No,7464.0,1884.0,2025,2025-04
704348,2023-11-23,C100573,Faisalabad,Store,Kurtas,Embroidered Kurta,1,2870,1460,30,COD,No,2009.0,549.0,2023,2023-11
704108,2024-06-03,C101527,Karachi,Online,Shoes,Sneakers,1,4320,2220,0,COD,No,4320.0,2100.0,2024,2024-06
701942,2023-08-16,C100457,Karachi,Store,Shoes,Boots,1,6700,3300,0,COD,No,6700.0,3400.0,2023,2023-08
701510,2025-03-23,C101176,Karachi,Online,Kurtas,Cotton Kurta,1,1910,930,10,Wallet,No,1719.0,789.0,2025,2025-03
700198,2025-05-23,C100769,Islamabad,Store,Jeans,High-Waist Jeans,2,4270,2740,20,COD,No,6832.0,1352.0,2025,2025-05
700900,2024-12-08,C101562,Peshawar,Online,Dresses,Summer Floral Dress,2,3120,1710,25,COD,No,4680.0,1260.0,2024,2024-12
704385,2025-05-04,C101844,Lahore,Online,Accessories,Leather Belt,1,1260,790,0,COD,Yes,1260.0,470.0,2025,2025-05
704374,2024-04-07,C101019,Karachi,Online,Kurtas,Embroidered Kurta,1,2770,1400,10,COD,Yes,2493.0,1093.0,2024,2024-04
701272,2023-08-28,C100520,Multan,Store,Shoes,Sandals,3,2810,1560,0,Wallet,No,8430.0,3750.0,2023,2023-08
704151,2024-10-13,C101462,Lahore,Store,Kurtas,Festive Kurta,1,4150,2260,0,COD,No,4150.0,1890.0,2024,2024-10
704004,2023-10-23,C100953,Lahore,Store,Jackets,Hooded Jacket,1,4900,2660,10,COD,Yes,4410.0,1750.0,2023,2023-10
702934,2023-11-05,C100708,Karachi,Store,Shoes,Sandals,3,2790,1580,20,Bank Transfer,No,6696.0,1956.0,2023,2023-11
703372,2023-12-12,C100155,Rawalpindi,Online,Kurtas,Festive Kurta,2,4220,2410,0,COD,No,8440.0,3620.0,2023,2023-12
702065,2023-07-30,C100408,Lahore,Online,Jeans,High-Waist Jeans,1,4490,2820,0,Bank Transfer,No,4490.0,1670.0,2023,2023-07
703539,2025-06-22,C100691,Peshawar,Online,T-Shirts,Classic Cotton Tee,2,1180,720,0,COD,No,2360.0,920.0,2025,2025-06
701398,2023-12-21,C100644,Islamabad,Online,Dresses,Maxi Dress,1,4780,2990,10,Card,No,4302.0,1312.0,2023,2023-12
700125,2025-04-09,C101225,Peshawar,Online,Jeans,High-Waist Jeans,3,4360,2210,10,Card,No,11772.0,5142.0,2025,2025-04
703381,2024-03-07,C101520,Karachi,Online,Dresses,Bodycon Dress,1,4000,2510,0,COD,No,4000.0,1490.0,2024,2024-03
704376,2024-10-13,C100763,Lahore,Store,Jeans,Slim Fit Jeans,2,3480,2140,15,Card,No,5916.0,1636.0,2024,2024-10
700120,2023-07-19,C100914,Sialkot,Store,Shoes,Sneakers,2,4460,2380,10,Bank Transfer,Yes,8028.0,3268.0,2023,2023-07
700275,2024-08-26,C101903,Lahore,Online,Accessories,Baseball Cap,1,930,430,15,Card,No,790.5,360.5,2024,2024-08
705108,2024-06-09,C102141,Karachi,Online,Accessories,Leather Belt,2,1260,620,0,COD,No,2520.0,1280.0,2024,2024-06
704430,2025-05-31,C101033,Peshawar,Online,Kurtas,Cotton Kurta,2,2020,1020,20,COD,No,3232.0,1192.0,2025,2025-05
700061,2023-08-17,C101492,Rawalpindi,Online,T-Shirts,Classic Cotton Tee,1,1220,720,10,COD,No,1098.0,378.0,2023,2023-08
702362,2024-12-12,C100480,Karachi,Online,Shoes,Sneakers,3,4420,2870,25,Wallet,No,9945.0,1335.0,2024,2024-12
701541,2024-10-20,C101591,Lahore,Online,Jackets,Denim Jacket,1,5610,2830,0,Card,Yes,5610.0,2780.0,2024,2024-10
704168,2024-03-18,C101104,Lahore,Online,Jackets,Bomber Jacket,2,5470,2740,0,Card,No,10940.0,5460.0,2024,2024-03
701504,2024-06-09,C101434,Lahore,Online,Shoes,Sneakers,1,4460,2490,0,Card,No,4460.0,1970.0,2024,2024-06
705150,2024-07-05,C100329,Karachi,Online,Accessories,Sunglasses,2,2130,1190,0,Wallet,No,4260.0,1880.0,2024,2024-07
702661,2025-03-09,C101668,Lahore,Online,T-Shirts,Classic Cotton Tee,1,1250,710,0,COD,No,1250.0,540.0,2025,2025-03
704307,2024-12-02,C100701,Karachi,Store,Accessories,Sunglasses,2,2290,1340,20,COD,No,3664.0,984.0,2024,2024-12
701386,2024-10-25,C100564,Rawalpindi,Store,Jackets,Bomber Jacket,3,5580,2970,0,Card,No,16740.0,7830.0,2024,2024-10
705192,2023-10-15,C102192,Rawalpindi,Online,Dresses,Bodycon Dress,1,3880,1850,15,Wallet,No,3298.0,1448.0,2023,2023-10
702473,2025-05-10,C100708,Karachi,Store,T-Shirts,Graphic Print Tee,2,1580,770,15,Card,No,2686.0,1146.0,2025,2025-05
703779,2024-01-25,C100521,Karachi,Online,Shoes,Loafers,1,5460,3320,0,COD,No,5460.0,2140.0,2024,2024-01
701385,2024-02-23,C100254,Lahore,Store,Dresses,Maxi Dress,2,4390,2130,15,COD,No,7463.0,3203.0,2024,2024-02
704959,2024-09-15,C101203,Rawalpindi,Store,Jeans,Straight Leg Jeans,2,3070,1830,0,Card,No,6140.0,2480.0,2024,2024-09
701603,2024-10-26,C101436,Lahore,Online,Accessories,Tote Bag,1,1590,790,0,Card,No,1590.0,800.0,2024,2024-10
701629,2023-09-05,C102001,Karachi,Store,Kurtas,Embroidered Kurta,1,2670,1720,0,Card,Yes,2670.0,950.0,2023,2023-09
702902,2025-05-02,C100332,Rawalpindi,Online,Kurtas,Embroidered Kurta,1,2850,1790,15,COD,No,2422.5,632.5,2025,2025-05
701225,2023-12-02,C100406,Karachi,Store,Dresses,Wrap Dress,1,4140,2050,30,Card,No,2898.0,848.0,2023,2023-12
700364,2024-02-23,C101344,Sialkot,Store,Jackets,Hooded Jacket,1,5030,2980,10,Bank Transfer,No,4527.0,1547.0,2024,2024-02
701871,2023-12-08,C101607,Karachi,Online,Jackets,Puffer Jacket,2,6560,3230,15,Card,No,11152.0,4692.0,2023,2023-12
700952,2023-12-15,C100302,Islamabad,Store,Jackets,Hooded Jacket,2,5080,2970,15,Wallet,Yes,8636.0,2696.0,2023,2023-12
701796,2024-02-29,C100267,Lahore,Store,Dresses,Wrap Dress,1,3840,2470,0,Card,Yes,3840.0,1370.0,2024,2024-02
702743,2024-02-15,C102058,Lahore,Store,Accessories,Leather Belt,2,1170,570,10,COD,No,2106.0,966.0,2024,2024-02
701585,2023-07-22,C100210,Rawalpindi,Store,Kurtas,Embroidered Kurta,1,2940,1790,0,COD,No,2940.0,1150.0,2023,2023-07
704863,2025-06-10,C100632,Lahore,Online,Jeans,Ripped Jeans,3,3780,2030,0,Card,No,11340.0,5250.0,2025,2025-06
701214,2024-05-18,C100001,Karachi,Store,Jeans,High-Waist Jeans,2,4430,2750,15,COD,No,7531.0,2031.0,2024,2024-05
700062,2025-03-04,C100239,Lahore,Online,Kurtas,Festive Kurta,1,4010,2540,0,COD,No,4010.0,1470.0,2025,2025-03
701359,2024-01-09,C101927,Unknown,Online,Dresses,Summer Floral Dress,1,3330,1600,0,Wallet,No,3330.0,1730.0,2024,2024-01
703298,2024-10-25,C100167,Faisalabad,Online,Dresses,Summer Floral Dress,1,3110,2010,0,Card,No,3110.0,1100.0,2024,2024-10
704700,2025-04-10,C100394,Lahore,Store,Accessories,Baseball Cap,1,900,560,0,COD,No,900.0,340.0,2025,2025-04
701500,2023-07-27,C100999,Karachi,Online,Accessories,Leather Belt,2,1210,580,0,Bank Transfer,No,2420.0,1260.0,2023,2023-07
700776,2024-10-15,C101827,Karachi,Online,Kurtas,Cotton Kurta,2,1950,880,0,COD,No,3900.0,2140.0,2024,2024-10
703585,2024-05-13,C100106,Karachi,Online,T-Shirts,Classic Cotton Tee,2,1210,540,10,Card,No,2178.0,1098.0,2024,2024-05
701114,2024-09-27,C102049,Karachi,Online,Shoes,Sneakers,1,4680,2130,10,COD,No,4212.0,2082.0,2024,2024-09
705130,2023-07-10,C101861,Sialkot,Online,Kurtas,Embroidered Kurta,1,2870,1590,0,Bank Transfer,No,2870.0,1280.0,2023,2023-07
705198,2024-03-07,C100680,Lahore,Store,Jeans,Straight Leg Jeans,3,3140,1530,0,Bank Transfer,No,9420.0,4830.0,2024,2024-03
703532,2025-05-10,C101943,Lahore,Online,Kurtas,Printed Kurta,2,2340,1440,10,COD,No,4212.0,1332.0,2025,2025-05
701452,2024-01-10,C102191,Islamabad,Store,Kurtas,Cotton Kurta,3,1940,880,0,Card,No,5820.0,3180.0,2024,2024-01
703071,2025-02-08,C100124,Lahore,Store,Jackets,Denim Jacket,2,5340,2470,0,COD,No,10680.0,5740.0,2025,2025-02
702153,2023-07-06,C101488,Peshawar,Store,T-Shirts,Oversized Tee,2,1800,980,0,COD,No,3600.0,1640.0,2023,2023-07
703841,2023-08-31,C101019,Karachi,Online,Dresses,Summer Floral Dress,1,3120,1550,10,Bank Transfer,Yes,2808.0,1258.0,2023,2023-08
703459,2024-04-13,C102126,Karachi,Online,Shoes,Boots,1,6560,3360,0,Card,Yes,6560.0,3200.0,2024,2024-04
702117,2024-12-17,C100181,Peshawar,Online,Jeans,Straight Leg Jeans,1,3080,1640,25,Wallet,No,2310.0,670.0,2024,2024-12
700227,2025-06-30,C101210,Faisalabad,Online,Kurtas,Cotton Kurta,1,1830,1150,0,Wallet,No,1830.0,680.0,2025,2025-06
700635,2024-10-13,C101489,Karachi,Online,T-Shirts,Polo Shirt,2,2210,1100,0,Card,No,4420.0,2220.0,2024,2024-10
701663,2023-07-15,C100590,Peshawar,Online,T-Shirts,Classic Cotton Tee,2,1270,650,0,COD,No,2540.0,1240.0,2023,2023-07
703296,2025-03-13,C100069,Karachi,Store,Kurtas,Printed Kurta,2,2350,1360,0,Bank Transfer,No,4700.0,1980.0,2025,2025-03
703258,2023-09-07,C100915,Sialkot,Online,Kurtas,Printed Kurta,2,2540,1550,0,Wallet,No,5080.0,1980.0,2023,2023-09
702907,2024-02-25,C102109,Lahore,Online,Dresses,Summer Floral Dress,2,3080,1840,10,Card,No,5544.0,1864.0,2024,2024-02
702203,2025-03-08,C101038,Karachi,Store,Jeans,High-Waist Jeans,2,4460,2710,15,COD,No,7582.0,2162.0,2025,2025-03
704925,2024-02-03,C101612,Faisalabad,Online,Kurtas,Festive Kurta,2,4110,2420,0,COD,Yes,8220.0,3380.0,2024,2024-02
701623,2023-08-04,C100857,Multan,Online,T-Shirts,Oversized Tee,2,1900,900,10,Card,No,3420.0,1620.0,2023,2023-08
700247,2024-05-09,C100206,Lahore,Store,Dresses,Maxi Dress,1,4430,2310,0,Unknown,No,4430.0,2120.0,2024,2024-05
701935,2023-07-28,C100950,Islamabad,Store,T-Shirts,Classic Cotton Tee,1,1220,740,0,Card,No,1220.0,480.0,2023,2023-07
705044,2024-12-16,C100540,Sialkot,Store,Accessories,Sunglasses,2,2110,1070,25,COD,No,3165.0,1025.0,2024,2024-12
704603,2025-06-26,C100182,Islamabad,Online,Kurtas,Printed Kurta,1,2470,1330,0,Wallet,No,2470.0,1140.0,2025,2025-06
701062,2024-03-21,C100880,Karachi,Store,Jackets,Puffer Jacket,2,6900,3290,0,COD,No,13800.0,7220.0,2024,2024-03
704990,2024-08-08,C101796,Islamabad,Online,Shoes,Boots,2,6660,3030,10,Card,No,11988.0,5928.0,2024,2024-08
702669,2024-12-03,C101019,Karachi,Store,Shoes,Sandals,1,2920,1420,0,Card,No,2920.0,1500.0,2024,2024-12
703354,2025-05-02,C100423,Lahore,Store,Dresses,Maxi Dress,1,4760,2750,10,COD,No,4284.0,1534.0,2025,2025-05
701460,2025-05-18,C100240,Multan,Online,Kurtas,Printed Kurta,1,2510,1210,0,COD,No,2510.0,1300.0,2025,2025-05
704314,2024-05-13,C102103,Peshawar,Store,Dresses,Bodycon Dress,1,3680,2370,15,Wallet,No,3128.0,758.0,2024,2024-05
704304,2024-05-03,C101701,Sialkot,Online,Kurtas,Embroidered Kurta,1,2860,1310,15,COD,No,2431.0,1121.0,2024,2024-05
702932,2025-03-11,C101973,Karachi,Online,Jackets,Puffer Jacket,2,6910,4090,15,Wallet,No,11747.0,3567.0,2025,2025-03
705196,2023-11-26,C101571,Islamabad,Online,Shoes,Sneakers,1,4360,2110,0,Card,Yes,4360.0,2250.0,2023,2023-11
703193,2024-07-17,C100793,Lahore,Store,T-Shirts,Classic Cotton Tee,1,1250,810,0,Wallet,No,1250.0,440.0,2024,2024-07
704856,2025-05-30,C101295,Karachi,Store,Accessories,Baseball Cap,1,860,530,20,COD,No,688.0,158.0,2025,2025-05
703029,2024-02-21,C101142,Multan,Store,Shoes,Sneakers,1,4830,2220,0,Card,No,4830.0,2610.0,2024,2024-02
703376,2023-07-23,C101811,Karachi,Store,T-Shirts,Graphic Print Tee,1,1470,700,0,Wallet,No,1470.0,770.0,2023,2023-07
704255,2025-01-28,C101808,Karachi,Store,Jeans,Straight Leg Jeans,3,3160,1780,10,Card,No,8532.0,3192.0,2025,2025-01
701237,2024-01-21,C101706,Lahore,Online,Jeans,Straight Leg Jeans,2,3160,1450,0,Wallet,No,6320.0,3420.0,2024,2024-01
704317,2024-05-11,C101002,Lahore,Online,Accessories,Leather Belt,1,1160,630,0,Card,No,1160.0,530.0,2024,2024-05
702304,2023-07-25,C102188,Karachi,Online,Kurtas,Printed Kurta,1,2450,1410,15,COD,No,2082.5,672.5,2023,2023-07
702022,2024-08-29,C100689,Islamabad,Online,Jeans,Straight Leg Jeans,1,3240,1950,0,Card,Yes,3240.0,1290.0,2024,2024-08
700833,2023-07-12,C100729,Islamabad,Online,Jeans,High-Waist Jeans,1,4120,2080,0,COD,No,4120.0,2040.0,2023,2023-07
703793,2025-01-26,C101994,Karachi,Online,Shoes,Boots,3,6720,4020,0,Card,No,20160.0,8100.0,2025,2025-01
700932,2024-10-22,C101258,Islamabad,Store,Jeans,High-Waist Jeans,1,4440,2430,0,Card,No,4440.0,2010.0,2024,2024-10
702749,2023-07-13,C101394,Multan,Store,Jeans,Straight Leg Jeans,2,3140,1690,10,Wallet,No,5652.0,2272.0,2023,2023-07
702892,2023-11-14,C100819,Karachi,Store,Jeans,Straight Leg Jeans,1,3190,1900,10,COD,No,2871.0,971.0,2023,2023-11
701876,2024-08-15,C101022,Sialkot,Online,Kurtas,Festive Kurta,1,4350,2710,0,Card,No,4350.0,1640.0,2024,2024-08
702395,2025-01-05,C100969,Lahore,Online,Shoes,Sneakers,1,4550,2820,0,Bank Transfer,No,4550.0,1730.0,2025,2025-01
705107,2024-07-04,C101868,Islamabad,Store,T-Shirts,Polo Shirt,1,2120,1150,0,COD,No,2120.0,970.0,2024,2024-07
702702,2024-05-30,C100371,Karachi,Online,Kurtas,Festive Kurta,1,4130,2140,10,Bank Transfer,No,3717.0,1577.0,2024,2024-05
705000,2025-04-27,C101715,Faisalabad,Online,T-Shirts,Graphic Print Tee,2,1560,940,10,Bank Transfer,No,2808.0,928.0,2025,2025-04
704155,2024-04-29,C100284,Islamabad,Online,Shoes,Loafers,2,5000,2290,10,Card,No,9000.0,4420.0,2024,2024-04
700762,2023-11-22,C101608,Karachi,Online,Shoes,Sandals,3,2680,1270,10,COD,No,7236.0,3426.0,2023,2023-11
700542,2025-04-06,C102109,Lahore,Store,T-Shirts,Graphic Print Tee,2,1580,860,20,COD,No,2528.0,808.0,2025,2025-04
702950,2025-01-03,C100789,Islamabad,Online,T-Shirts,Oversized Tee,1,1810,980,0,Card,Yes,1810.0,830.0,2025,2025-01
701647,2023-11-08,C100417,Faisalabad,Online,Jeans,High-Waist Jeans,1,4450,2020,0,Wallet,No,4450.0,2430.0,2023,2023-11
703616,2024-12-06,C100711,Rawalpindi,Online,Accessories,Leather Belt,1,1220,610,30,COD,No,854.0,244.0,2024,2024-12
704779,2024-12-01,C101890,Lahore,Online,Kurtas,Printed Kurta,2,2540,1600,20,COD,No,4064.0,864.0,2024,2024-12
702685,2023-10-16,C100948,Multan,Online,Shoes,Boots,2,6310,3840,0,Card,No,12620.0,4940.0,2023,2023-10
704061,2024-12-13,C101720,Lahore,Store,Jackets,Puffer Jacket,3,6510,4090,10,COD,Yes,17577.0,5307.0,2024,2024-12
702238,2025-03-02,C101489,Karachi,Online,Accessories,Leather Belt,2,1250,690,0,Card,No,2500.0,1120.0,2025,2025-03
703252,2025-03-27,C101069,Karachi,Online,Kurtas,Cotton Kurta,1,2040,980,15,COD,No,1734.0,754.0,2025,2025-03
700406,2024-07-04,C101216,Karachi,Online,Dresses,Summer Floral Dress,2,3320,1710,0,COD,Yes,6640.0,3220.0,2024,2024-07
700804,2024-05-01,C101425,Karachi,Store,Shoes,Sneakers,1,4590,2900,10,Wallet,No,4131.0,1231.0,2024,2024-05
704977,2023-07-08,C100410,Rawalpindi,Store,Accessories,Leather Belt,1,1220,660,0,Card,No,1220.0,560.0,2023,2023-07
701352,2023-07-12,C101425,Karachi,Store,Dresses,Maxi Dress,2,4300,2320,0,COD,Yes,8600.0,3960.0,2023,2023-07
704049,2023-11-25,C101235,Lahore,Store,Dresses,Summer Floral Dress,2,3220,1600,0,COD,No,6440.0,3240.0,2023,2023-11
700476,2025-05-08,C100567,Lahore,Online,Dresses,Wrap Dress,1,4070,2640,0,Wallet,No,4070.0,1430.0,2025,2025-05
701660,2023-07-03,C101137,Karachi,Online,Dresses,Bodycon Dress,3,3940,2210,15,Wallet,No,10047.0,3417.0,2023,2023-07
703966,2023-07-31,C101002,Lahore,Online,Dresses,Bodycon Dress,1,3650,1770,0,Card,No,3650.0,1880.0,2023,2023-07
702333,2023-11-16,C100214,Unknown,Online,Accessories,Baseball Cap,1,870,410,30,COD,No,609.0,199.0,2023,2023-11
705093,2025-04-16,C100181,Peshawar,Online,Kurtas,Printed Kurta,2,2300,1320,15,Card,No,3910.0,1270.0,2025,2025-04
700346,2025-06-15,C100482,Islamabad,Online,Shoes,Sandals,1,2990,1930,0,COD,Yes,2990.0,1060.0,2025,2025-06
705043,2024-12-11,C100587,Karachi,Online,Jackets,Hooded Jacket,1,4970,2740,0,Card,No,4970.0,2230.0,2024,2024-12
700272,2024-11-07,C101735,Faisalabad,Online,Jackets,Puffer Jacket,1,7000,4510,0,COD,No,7000.0,2490.0,2024,2024-11
705063,2025-03-03,C100229,Lahore,Store,Kurtas,Festive Kurta,1,4140,2120,0,Wallet,No,4140.0,2020.0,2025,2025-03
701096,2023-11-19,C101771,Faisalabad,Online,Shoes,Sneakers,3,4830,2390,0,Card,No,14490.0,7320.0,2023,2023-11
704219,2024-11-19,C101720,Unknown,Online,Dresses,Summer Floral Dress,1,3350,2140,15,Wallet,No,2847.5,707.5,2024,2024-11
700491,2025-01-07,C100362,Lahore,Online,Accessories,Baseball Cap,1,950,490,0,Card,No,950.0,460.0,2025,2025-01
702493,2024-03-23,C101988,Sialkot,Online,Accessories,Baseball Cap,3,920,550,0,Bank Transfer,No,2760.0,1110.0,2024,2024-03
701103,2025-03-12,C102060,Sialkot,Store,Jeans,Straight Leg Jeans,3,3090,1980,10,Card,No,8343.0,2403.0,2025,2025-03
700812,2024-02-03,C100482,Islamabad,Store,Shoes,Boots,3,6640,3400,0,Wallet,No,19920.0,9720.0,2024,2024-02
701339,2023-07-17,C100652,Rawalpindi,Online,Accessories,Baseball Cap,1,860,460,0,Card,No,860.0,400.0,2023,2023-07
700109,2024-08-28,C101489,Karachi,Store,Jeans,Ripped Jeans,1,3820,2290,15,Card,No,3247.0,957.0,2024,2024-08
702937,2024-04-29,C101419,Sialkot,Store,T-Shirts,Classic Cotton Tee,1,1160,700,0,Bank Transfer,No,1160.0,460.0,2024,2024-04
700301,2025-01-09,C101952,Faisalabad,Store,Shoes,Sneakers,2,4470,2800,0,COD,No,8940.0,3340.0,2025,2025-01
703968,2024-04-02,C101399,Karachi,Online,Shoes,Sneakers,1,4370,2030,0,COD,No,4370.0,2340.0,2024,2024-04
703543,2024-06-24,C100462,Sialkot,Online,Jeans,Straight Leg Jeans,2,3130,1420,0,Card,No,6260.0,3420.0,2024,2024-06
702050,2025-06-09,C100491,Rawalpindi,Online,T-Shirts,Oversized Tee,1,1900,990,10,COD,No,1710.0,720.0,2025,2025-06
700363,2025-02-03,C100826,Islamabad,Store,Jackets,Puffer Jacket,1,6710,3980,0,Card,No,6710.0,2730.0,2025,2025-02
702941,2024-08-30,C101506,Faisalabad,Store,Accessories,Leather Belt,1,1160,640,0,Bank Transfer,No,1160.0,520.0,2024,2024-08
700127,2025-03-01,C101432,Lahore,Online,Jeans,Slim Fit Jeans,2,3470,2240,0,Card,No,6940.0,2460.0,2025,2025-03
702074,2024-03-04,C100077,Rawalpindi,Store,Dresses,Wrap Dress,1,4280,2170,0,COD,No,4280.0,2110.0,2024,2024-03
702079,2023-10-02,C102028,Islamabad,Online,Shoes,Loafers,1,5280,3210,15,Card,No,4488.0,1278.0,2023,2023-10
701257,2025-01-25,C100386,Rawalpindi,Online,Shoes,Boots,1,6350,3060,0,Card,No,6350.0,3290.0,2025,2025-01
703685,2025-02-05,C100017,Lahore,Store,Shoes,Sneakers,1,4670,2820,0,Card,No,4670.0,1850.0,2025,2025-02
700587,2025-03-28,C100792,Karachi,Online,Jeans,Slim Fit Jeans,1,3390,1560,15,Wallet,No,2881.5,1321.5,2025,2025-03
703857,2023-07-24,C100703,Multan,Online,Dresses,Maxi Dress,1,4420,2620,10,Card,No,3978.0,1358.0,2023,2023-07
705149,2024-07-07,C101458,Sialkot,Store,Kurtas,Cotton Kurta,1,1950,1050,0,Wallet,No,1950.0,900.0,2024,2024-07
703395,2024-11-28,C100050,Lahore,Online,Accessories,Leather Belt,3,1150,660,30,COD,No,2415.0,435.0,2024,2024-11
702288,2025-06-04,C101019,Karachi,Online,Accessories,Baseball Cap,2,880,450,15,Bank Transfer,No,1496.0,596.0,2025,2025-06
702364,2023-12-26,C101925,Lahore,Online,Kurtas,Cotton Kurta,3,1950,1190,10,Wallet,No,5265.0,1695.0,2023,2023-12
700550,2025-04-05,C100746,Karachi,Online,Accessories,Tote Bag,2,1600,1020,0,Card,No,3200.0,1160.0,2025,2025-04
704448,2023-10-18,C100633,Karachi,Store,Shoes,Sandals,2,2810,1310,0,Card,Yes,5620.0,3000.0,2023,2023-10
701797,2025-02-21,C101710,Faisalabad,Online,Jackets,Denim Jacket,3,5420,2810,0,COD,No,16260.0,7830.0,2025,2025-02
700078,2025-03-08,C100388,Lahore,Store,T-Shirts,Oversized Tee,1,1730,970,0,Card,No,1730.0,760.0,2025,2025-03
703715,2023-11-24,C101902,Multan,Online,Jeans,Slim Fit Jeans,1,3450,1990,20,COD,No,2760.0,770.0,2023,2023-11
702071,2024-07-18,C100684,Islamabad,Online,T-Shirts,Polo Shirt,2,2320,1470,0,Card,No,4640.0,1700.0,2024,2024-07
701357,2025-01-24,C100713,Peshawar,Online,Accessories,Sunglasses,2,2140,990,10,Card,No,3852.0,1872.0,2025,2025-01
704295,2024-05-07,C101160,Lahore,Online,Accessories,Leather Belt,3,1270,640,15,Card,No,3238.5,1318.5,2024,2024-05
700517,2024-05-11,C102137,Faisalabad,Store,Shoes,Loafers,1,5600,2940,0,COD,No,5600.0,2660.0,2024,2024-05
703160,2025-03-25,C100004,Lahore,Online,Jeans,Straight Leg Jeans,2,3070,1690,0,Card,No,6140.0,2760.0,2025,2025-03
702075,2024-03-23,C100708,Karachi,Store,Shoes,Sandals,1,2670,1340,10,COD,No,2403.0,1063.0,2024,2024-03
701925,2024-02-07,C100037,Karachi,Store,Shoes,Sneakers,1,4690,2940,0,Card,No,4690.0,1750.0,2024,2024-02
704100,2025-02-16,C100706,Faisalabad,Online,Dresses,Maxi Dress,3,4570,2330,10,COD,No,12339.0,5349.0,2025,2025-02
703443,2024-11-23,C101827,Karachi,Store,Kurtas,Cotton Kurta,2,2040,1320,15,COD,No,3468.0,828.0,2024,2024-11
703564,2024-05-04,C101871,Karachi,Online,Jeans,Slim Fit Jeans,2,3670,1710,20,COD,No,5872.0,2452.0,2024,2024-05
700134,2024-04-12,C100112,Karachi,Online,Kurtas,Cotton Kurta,1,1920,1110,0,Card,No,1920.0,810.0,2024,2024-04
704514,2024-06-30,C100831,Islamabad,Online,T-Shirts,Classic Cotton Tee,2,1260,690,0,Card,No,2520.0,1140.0,2024,2024-06
702297,2024-09-30,C100910,Faisalabad,Online,T-Shirts,Graphic Print Tee,3,1520,940,0,Card,No,4560.0,1740.0,2024,2024-09
702705,2024-10-15,C102116,Karachi,Online,Accessories,Leather Belt,3,1170,660,15,COD,No,2983.5,1003.5,2024,2024-10
703527,2024-02-25,C102118,Lahore,Online,Dresses,Summer Floral Dress,1,3300,1890,0,COD,No,3300.0,1410.0,2024,2024-02
703114,2025-03-25,C100948,Multan,Online,Dresses,Wrap Dress,1,3970,2060,0,Bank Transfer,No,3970.0,1910.0,2025,2025-03
701210,2023-11-28,C100658,Islamabad,Online,Dresses,Summer Floral Dress,1,3200,2040,20,Bank Transfer,No,2560.0,520.0,2023,2023-11
700585,2023-07-17,C100509,Lahore,Store,Shoes,Sandals,1,2810,1430,0,COD,No,2810.0,1380.0,2023,2023-07
703508,2025-03-06,C101010,Rawalpindi,Store,T-Shirts,Classic Cotton Tee,3,1240,660,10,COD,No,3348.0,1368.0,2025,2025-03
704528,2025-01-03,C102006,Karachi,Store,Dresses,Wrap Dress,2,4090,1940,0,COD,No,8180.0,4300.0,2025,2025-01
703369,2024-04-21,C100668,Karachi,Online,Jackets,Bomber Jacket,1,5130,2320,15,Wallet,No,4360.5,2040.5,2024,2024-04
700194,2025-04-21,C101224,Lahore,Store,Jeans,Slim Fit Jeans,1,3760,2220,0,COD,No,3760.0,1540.0,2025,2025-04
703674,2024-06-12,C100273,Islamabad,Online,Dresses,Wrap Dress,2,4050,1970,0,COD,No,8100.0,4160.0,2024,2024-06
703563,2024-07-29,C102080,Karachi,Online,Kurtas,Embroidered Kurta,2,2850,1540,0,Card,No,5700.0,2620.0,2024,2024-07
705040,2024-08-28,C102028,Islamabad,Online,Dresses,Summer Floral Dress,1,3210,1730,10,COD,No,2889.0,1159.0,2024,2024-08
701596,2025-02-02,C101540,Multan,Online,Jackets,Puffer Jacket,3,7250,4160,15,COD,No,18487.5,6007.5,2025,2025-02
701994,2024-07-17,C101774,Islamabad,Store,T-Shirts,Graphic Print Tee,1,1500,770,0,COD,No,1500.0,730.0,2024,2024-07
701937,2025-03-28,C102134,Islamabad,Online,Jeans,Ripped Jeans,1,3870,2360,0,COD,Yes,3870.0,1510.0,2025,2025-03
702832,2024-07-14,C102115,Peshawar,Store,T-Shirts,Graphic Print Tee,1,1500,880,0,COD,No,1500.0,620.0,2024,2024-07
702338,2024-11-14,C100201,Sialkot,Store,Accessories,Sunglasses,3,2240,1120,15,Bank Transfer,No,5712.0,2352.0,2024,2024-11
703633,2024-08-28,C101853,Faisalabad,Online,Accessories,Tote Bag,3,1540,780,0,Card,No,4620.0,2280.0,2024,2024-08
700121,2024-02-10,C100948,Multan,Store,Accessories,Sunglasses,2,2130,1370,0,Card,No,4260.0,1520.0,2024,2024-02
701054,2024-01-14,C101175,Faisalabad,Online,Accessories,Sunglasses,1,2310,1100,0,COD,No,2310.0,1210.0,2024,2024-01
703306,2024-04-19,C101881,Islamabad,Online,Jeans,Ripped Jeans,1,3730,2130,20,COD,No,2984.0,854.0,2024,2024-04
700059,2025-06-17,C100555,Lahore,Store,Jeans,High-Waist Jeans,1,4210,2400,15,Card,No,3578.5,1178.5,2025,2025-06
703257,2023-10-04,C101358,Rawalpindi,Store,Accessories,Sunglasses,1,2190,1290,0,COD,No,2190.0,900.0,2023,2023-10
700461,2024-09-04,C101715,Faisalabad,Store,Kurtas,Cotton Kurta,3,2040,1280,0,Card,No,6120.0,2280.0,2024,2024-09
703646,2024-02-28,C101009,Karachi,Online,Shoes,Sandals,1,2940,1420,0,Wallet,No,2940.0,1520.0,2024,2024-02
700596,2025-06-13,C101209,Karachi,Store,Shoes,Boots,1,6830,3320,0,Card,No,6830.0,3510.0,2025,2025-06
701687,2024-02-02,C101950,Sialkot,Online,Shoes,Sneakers,3,4570,2940,0,Bank Transfer,No,13710.0,4890.0,2024,2024-02
700561,2025-06-19,C101056,Peshawar,Online,Shoes,Loafers,1,5430,2750,0,COD,No,5430.0,2680.0,2025,2025-06
700923,2024-10-07,C101028,Faisalabad,Online,Accessories,Tote Bag,1,1700,1000,0,Bank Transfer,No,1700.0,700.0,2024,2024-10
704221,2023-08-24,C101790,Faisalabad,Online,Dresses,Maxi Dress,1,4610,2740,0,COD,No,4610.0,1870.0,2023,2023-08
703757,2024-12-08,C100042,Rawalpindi,Online,Kurtas,Cotton Kurta,1,1930,940,20,Card,No,1544.0,604.0,2024,2024-12
701329,2024-05-22,C101565,Karachi,Store,Jeans,High-Waist Jeans,1,4310,2170,0,COD,No,4310.0,2140.0,2024,2024-05
703047,2024-04-10,C100291,Lahore,Online,Kurtas,Cotton Kurta,1,1840,860,0,Card,No,1840.0,980.0,2024,2024-04
703878,2024-05-27,C100230,Lahore,Online,Shoes,Sneakers,1,4290,1990,10,Bank Transfer,Yes,3861.0,1871.0,2024,2024-05
702366,2023-11-09,C101528,Lahore,Store,Accessories,Leather Belt,1,1220,600,0,COD,No,1220.0,620.0,2023,2023-11
701297,2024-06-07,C100680,Lahore,Online,Dresses,Bodycon Dress,2,3980,1830,0,Card,No,7960.0,4300.0,2024,2024-06
703818,2024-09-05,C101117,Faisalabad,Online,Jeans,Slim Fit Jeans,1,3410,2130,0,Bank Transfer,No,3410.0,1280.0,2024,2024-09
702702,2024-05-30,C100371,Karachi,Online,T-Shirts,Polo Shirt,1,2140,1080,15,Bank Transfer,No,1819.0,739.0,2024,2024-05
703420,2023-08-30,C100472,Lahore,Store,Dresses,Maxi Dress,3,4720,2440,0,Card,No,14160.0,6840.0,2023,2023-08
703663,2024-09-14,C102099,Lahore,Store,Kurtas,Cotton Kurta,3,1960,1180,0,Card,No,5880.0,2340.0,2024,2024-09
701725,2024-11-14,C100065,Islamabad,Store,T-Shirts,Graphic Print Tee,3,1580,710,30,Bank Transfer,No,3318.0,1188.0,2024,2024-11
703424,2024-11-20,C101465,Rawalpindi,Online,Kurtas,Cotton Kurta,1,1990,910,0,COD,No,1990.0,1080.0,2024,2024-11
700940,2023-10-24,C101864,Islamabad,Online,Jeans,Straight Leg Jeans,1,3150,1940,15,COD,No,2677.5,737.5,2023,2023-10
700031,2025-02-03,C101182,Lahore,Online,Shoes,Sandals,1,2790,1260,0,COD,No,2790.0,1530.0,2025,2025-02
700033,2025-05-29,C100804,Lahore,Online,Kurtas,Festive Kurta,3,4290,1970,0,Card,No,12870.0,6960.0,2025,2025-05
702110,2023-09-23,C100386,Rawalpindi,Online,T-Shirts,Oversized Tee,2,1920,910,0,Card,No,3840.0,2020.0,2023,2023-09
701883,2024-12-22,C100703,Multan,Online,Jackets,Puffer Jacket,1,7000,3300,10,Card,No,6300.0,3000.0,2024,2024-12
702542,2024-11-30,C100229,Lahore,Store,Jeans,High-Waist Jeans,1,4410,2050,15,Bank Transfer,No,3748.5,1698.5,2024,2024-11
700676,2024-02-29,C101969,Islamabad,Store,T-Shirts,Classic Cotton Tee,3,1260,740,0,Card,No,3780.0,1560.0,2024,2024-02
700062,2025-03-04,C100239,Lahore,Online,Kurtas,Cotton Kurta,1,1820,960,0,COD,No,1820.0,860.0,2025,2025-03
705070,2024-03-04,C100448,Lahore,Online,Jackets,Hooded Jacket,2,5150,2890,0,Card,No,10300.0,4520.0,2024,2024-03
703044,2024-09-03,C100012,Rawalpindi,Online,Shoes,Loafers,1,4940,2900,0,COD,No,4940.0,2040.0,2024,2024-09
701556,2024-10-13,C101193,Sialkot,Online,Jackets,Bomber Jacket,1,5460,3140,0,COD,No,5460.0,2320.0,2024,2024-10
700474,2023-08-21,C100287,Karachi,Online,T-Shirts,Classic Cotton Tee,1,1230,620,0,COD,No,1230.0,610.0,2023,2023-08
702218,2023-08-30,C101593,Karachi,Store,Jackets,Denim Jacket,2,5650,3670,0,Wallet,No,11300.0,3960.0,2023,2023-08
704568,2025-02-02,C101808,Karachi,Online,T-Shirts,Classic Cotton Tee,2,1190,730,0,COD,No,2380.0,920.0,2025,2025-02
700586,2024-09-19,C100198,Lahore,Online,T-Shirts,Oversized Tee,2,1760,990,15,COD,No,2992.0,1012.0,2024,2024-09
704165,2023-09-02,C102187,Islamabad,Online,Accessories,Baseball Cap,3,890,430,0,COD,No,2670.0,1380.0,2023,2023-09
700805,2023-08-10,C100408,Lahore,Store,Accessories,Baseball Cap,1,910,490,0,Bank Transfer,No,910.0,420.0,2023,2023-08
703295,2024-02-08,C101881,Islamabad,Store,Dresses,Bodycon Dress,3,3810,2290,0,COD,Yes,11430.0,4560.0,2024,2024-02
702398,2025-03-07,C100469,Islamabad,Online,Dresses,Wrap Dress,2,4280,2760,0,Card,No,8560.0,3040.0,2025,2025-03
701356,2025-06-22,C102141,Karachi,Online,Accessories,Sunglasses,1,2340,1260,0,Wallet,No,2340.0,1080.0,2025,2025-06
700173,2025-05-15,C100860,Faisalabad,Online,Accessories,Leather Belt,1,1220,740,0,Card,No,1220.0,480.0,2025,2025-05
701620,2024-04-23,C101417,Islamabad,Online,Accessories,Leather Belt,2,1250,720,0,Wallet,No,2500.0,1060.0,2024,2024-04
700254,2025-05-05,C101355,Lahore,Store,Kurtas,Printed Kurta,3,2500,1550,0,COD,No,7500.0,2850.0,2025,2025-05
702553,2024-08-15,C101211,Multan,Online,Kurtas,Embroidered Kurta,2,2800,1770,0,COD,No,5600.0,2060.0,2024,2024-08
702392,2024-04-07,C100105,Rawalpindi,Online,Accessories,Baseball Cap,2,870,450,0,Card,No,1740.0,840.0,2024,2024-04
700158,2024-01-15,C100804,Lahore,Online,Jeans,High-Waist Jeans,1,4160,2630,0,COD,No,4160.0,1530.0,2024,2024-01
701430,2025-04-24,C100980,Sialkot,Store,Jackets,Denim Jacket,3,5450,2830,0,COD,No,16350.0,7860.0,2025,2025-04
701638,2024-07-14,C101467,Lahore,Online,Shoes,Sandals,1,2750,1690,0,COD,No,2750.0,1060.0,2024,2024-07
703352,2024-01-06,C101540,Multan,Online,Jeans,Slim Fit Jeans,1,3400,1720,0,Card,No,3400.0,1680.0,2024,2024-01
700083,2023-10-10,C100665,Rawalpindi,Online,Kurtas,Festive Kurta,1,4190,2460,0,Card,No,4190.0,1730.0,2023,2023-10
701899,2024-05-15,C101990,Lahore,Online,T-Shirts,Polo Shirt,2,2190,1270,0,COD,No,4380.0,1840.0,2024,2024-05
702700,2025-06-29,C101755,Islamabad,Online,Dresses,Wrap Dress,1,4140,2650,0,COD,No,4140.0,1490.0,2025,2025-06
700655,2024-03-15,C101461,Islamabad,Store,Kurtas,Cotton Kurta,3,1830,1170,0,COD,No,5490.0,1980.0,2024,2024-03
700350,2024-07-22,C100428,Lahore,Online,T-Shirts,Classic Cotton Tee,2,1270,790,0,Card,No,2540.0,960.0,2024,2024-07
702953,2023-11-16,C101995,Faisalabad,Online,Shoes,Sneakers,2,4480,2570,15,Card,Yes,7616.0,2476.0,2023,2023-11
703139,2024-11-22,C100938,Peshawar,Online,T-Shirts,Graphic Print Tee,1,1570,720,15,Card,No,1334.5,614.5,2024,2024-11
700386,2024-06-13,C100470,Karachi,Online,Kurtas,Embroidered Kurta,1,3000,1450,0,Wallet,No,3000.0,1550.0,2024,2024-06
700467,2024-08-26,C101504,Faisalabad,Online,T-Shirts,Oversized Tee,2,1930,1220,0,COD,No,3860.0,1420.0,2024,2024-08
703484,2024-03-26,C100371,Karachi,Online,Dresses,Maxi Dress,1,4500,2900,0,Card,No,4500.0,1600.0,2024,2024-03
704910,2023-12-14,C101845,Islamabad,Online,Kurtas,Printed Kurta,3,2510,1160,15,COD,No,6400.5,2920.5,2023,2023-12
700840,2023-07-17,C100490,Rawalpindi,Store,Accessories,Baseball Cap,1,910,570,0,COD,No,910.0,340.0,2023,2023-07
701731,2024-05-22,C100748,Faisalabad,Store,Shoes,Sneakers,3,4460,2090,0,COD,No,13380.0,7110.0,2024,2024-05
700949,2024-12-20,C101931,Islamabad,Store,Jackets,Puffer Jacket,2,7130,4540,15,COD,No,12121.0,3041.0,2024,2024-12
702177,2025-03-16,C101295,Karachi,Online,Jeans,Slim Fit Jeans,1,3580,1980,0,COD,Yes,3580.0,1600.0,2025,2025-03
703552,2024-11-23,C101817,Karachi,Online,Shoes,Sneakers,2,4490,2470,20,Card,No,7184.0,2244.0,2024,2024-11
700980,2023-08-20,C100128,Lahore,Store,Shoes,Loafers,2,5200,2420,0,Card,No,10400.0,5560.0,2023,2023-08
704000,2024-04-27,C101688,Islamabad,Online,Dresses,Bodycon Dress,1,3770,1830,15,COD,No,3204.5,1374.5,2024,2024-04
701234,2024-04-02,C100736,Lahore,Store,T-Shirts,Oversized Tee,3,1740,1060,0,COD,No,5220.0,2040.0,2024,2024-04
704886,2023-07-19,C101369,Karachi,Store,T-Shirts,Polo Shirt,2,2300,1270,0,COD,No,4600.0,2060.0,2023,2023-07
704609,2025-01-21,C100539,Multan,Online,Shoes,Boots,1,6990,4150,0,COD,No,6990.0,2840.0,2025,2025-01
700612,2025-06-04,C100877,Karachi,Online,Accessories,Baseball Cap,1,880,540,0,COD,No,880.0,340.0,2025,2025-06
704062,2023-11-20,C100308,Karachi,Store,Shoes,Sandals,2,2780,1610,10,Card,No,5004.0,1784.0,2023,2023-11
702892,2023-11-14,C100819,Karachi,Store,Jackets,Puffer Jacket,2,6680,3670,15,COD,Yes,11356.0,4016.0,2023,2023-11
702918,2024-03-18,C100021,Karachi,Online,Dresses,Summer Floral Dress,1,3430,1800,0,Wallet,No,3430.0,1630.0,2024,2024-03
702208,2024-11-10,C100902,Lahore,Store,Jeans,Straight Leg Jeans,1,3350,1630,20,COD,No,2680.0,1050.0,2024,2024-11
705152,2025-04-25,C100124,Lahore,Store,Kurtas,Printed Kurta,2,2360,1200,10,Wallet,No,4248.0,1848.0,2025,2025-04
701806,2024-01-18,C100009,Karachi,Online,T-Shirts,Oversized Tee,1,1710,980,0,COD,No,1710.0,730.0,2024,2024-01
704330,2024-03-21,C101596,Lahore,Online,Shoes,Sandals,2,2990,1850,0,COD,No,5980.0,2280.0,2024,2024-03
701075,2024-01-23,C101883,Faisalabad,Online,Shoes,Boots,3,6320,3920,0,COD,No,18960.0,7200.0,2024,2024-01
702995,2023-12-24,C101797,Karachi,Online,T-Shirts,Graphic Print Tee,1,1520,860,15,Card,No,1292.0,432.0,2023,2023-12
701001,2025-05-20,C101246,Islamabad,Store,Shoes,Sandals,2,2780,1800,15,Card,No,4726.0,1126.0,2025,2025-05
701199,2023-07-29,C100227,Islamabad,Online,T-Shirts,Polo Shirt,1,2330,1380,0,Wallet,No,2330.0,950.0,2023,2023-07
702688,2023-10-02,C101836,Lahore,Online,Dresses,Bodycon Dress,2,4080,2130,0,COD,No,8160.0,3900.0,2023,2023-10
701315,2024-07-11,C101679,Islamabad,Online,Shoes,Sneakers,1,4760,2390,0,Card,No,4760.0,2370.0,2024,2024-07
700248,2023-07-13,C100005,Sialkot,Store,Kurtas,Festive Kurta,2,4390,2610,0,COD,No,8780.0,3560.0,2023,2023-07
704835,2024-07-14,C101947,Peshawar,Online,Shoes,Boots,1,6210,3320,0,COD,Yes,6210.0,2890.0,2024,2024-07
702364,2023-12-26,C101925,Lahore,Online,T-Shirts,Graphic Print Tee,1,1610,1040,10,Wallet,No,1449.0,409.0,2023,2023-12
703492,2024-04-14,C100427,Multan,Online,T-Shirts,Classic Cotton Tee,1,1200,730,20,Wallet,No,960.0,230.0,2024,2024-04
703006,2023-09-03,C101747,Islamabad,Store,Shoes,Boots,1,6890,3550,15,Wallet,No,5856.5,2306.5,2023,2023-09
702086,2024-06-13,C101562,Peshawar,Store,Jeans,High-Waist Jeans,1,4060,2130,0,Wallet,No,4060.0,1930.0,2024,2024-06
702125,2025-02-13,C101135,Karachi,Store,Accessories,Baseball Cap,1,940,540,10,Card,No,846.0,306.0,2025,2025-02
700019,2025-03-04,C101664,Peshawar,Store,Accessories,Tote Bag,2,1690,780,0,COD,No,3380.0,1820.0,2025,2025-03
700455,2024-10-24,C101075,Karachi,Store,Accessories,Tote Bag,2,1650,910,0,Card,No,3300.0,1480.0,2024,2024-10
702927,2025-05-27,C100850,Lahore,Online,Jeans,Slim Fit Jeans,3,3700,1700,0,Unknown,No,11100.0,6000.0,2025,2025-05
700755,2025-02-21,C100513,Karachi,Online,Jackets,Puffer Jacket,1,7290,4440,0,COD,No,7290.0,2850.0,2025,2025-02
704096,2024-04-19,C100860,Faisalabad,Store,T-Shirts,Oversized Tee,1,1740,820,15,COD,No,1479.0,659.0,2024,2024-04
704102,2023-08-27,C100222,Rawalpindi,Store,Accessories,Leather Belt,2,1280,660,15,Card,No,2176.0,856.0,2023,2023-08
702198,2024-01-08,C100491,Rawalpindi,Online,Accessories,Baseball Cap,1,900,500,10,Wallet,No,810.0,310.0,2024,2024-01
700637,2025-04-12,C101212,Islamabad,Online,Jackets,Bomber Jacket,2,5290,2520,20,COD,No,8464.0,3424.0,2025,2025-04
703899,2025-05-21,C102099,Lahore,Online,Shoes,Boots,1,6780,3400,0,COD,No,6780.0,3380.0,2025,2025-05
704905,2025-01-07,C100476,Karachi,Online,T-Shirts,Oversized Tee,2,1940,1000,10,Card,No,3492.0,1492.0,2025,2025-01
705147,2024-10-28,C102038,Islamabad,Online,Kurtas,Cotton Kurta,1,1840,830,0,Wallet,Yes,1840.0,1010.0,2024,2024-10
703242,2025-06-23,C101445,Islamabad,Online,Kurtas,Cotton Kurta,2,2040,1030,0,Wallet,No,4080.0,2020.0,2025,2025-06
700360,2023-12-31,C100472,Lahore,Online,Jackets,Hooded Jacket,2,4670,2300,0,COD,No,9340.0,4740.0,2023,2023-12
702070,2024-09-01,C100880,Karachi,Online,Jeans,High-Waist Jeans,2,4510,2880,0,COD,No,9020.0,3260.0,2024,2024-09
700117,2023-08-22,C100977,Karachi,Online,Kurtas,Printed Kurta,2,2590,1580,0,COD,No,5180.0,2020.0,2023,2023-08
704145,2025-06-29,C101939,Lahore,Store,Dresses,Maxi Dress,1,4570,2250,0,Card,No,4570.0,2320.0,2025,2025-06
701906,2024-05-19,C101001,Karachi,Online,Shoes,Sneakers,1,4630,2880,10,Card,No,4167.0,1287.0,2024,2024-05
703094,2024-12-10,C101260,Lahore,Online,Kurtas,Cotton Kurta,1,1990,1130,15,Card,No,1691.5,561.5,2024,2024-12
702783,2023-11-10,C101618,Sialkot,Online,Kurtas,Cotton Kurta,1,1940,1070,0,COD,No,1940.0,870.0,2023,2023-11
700371,2024-10-31,C100999,Karachi,Online,Kurtas,Printed Kurta,3,2430,1260,0,Wallet,No,7290.0,3510.0,2024,2024-10
700309,2025-02-16,C101915,Lahore,Online,Accessories,Tote Bag,1,1690,910,0,COD,No,1690.0,780.0,2025,2025-02
702230,2025-02-02,C100877,Karachi,Online,Jeans,Ripped Jeans,1,3650,2140,0,Card,No,3650.0,1510.0,2025,2025-02
701246,2025-02-16,C101410,Multan,Online,Jeans,Ripped Jeans,1,3740,2140,0,Bank Transfer,No,3740.0,1600.0,2025,2025-02
700907,2024-07-22,C101258,Islamabad,Online,Jackets,Denim Jacket,1,5890,2920,0,Card,No,5890.0,2970.0,2024,2024-07
703136,2024-04-04,C100241,Faisalabad,Online,Kurtas,Festive Kurta,1,4040,1860,15,Card,No,3434.0,1574.0,2024,2024-04
702619,2025-04-18,C101114,Sialkot,Store,Kurtas,Festive Kurta,1,4110,2080,10,Card,No,3699.0,1619.0,2025,2025-04
703278,2025-06-17,C101757,Sialkot,Online,Jeans,Straight Leg Jeans,1,3380,1840,10,Card,No,3042.0,1202.0,2025,2025-06
701543,2023-12-22,C100714,Faisalabad,Store,Jeans,High-Waist Jeans,1,4430,2110,10,Card,No,3987.0,1877.0,2023,2023-12
700846,2024-09-11,C102022,Lahore,Store,Kurtas,Printed Kurta,3,2450,1280,10,Card,No,6615.0,2775.0,2024,2024-09
700654,2024-04-26,C100200,Faisalabad,Online,Accessories,Baseball Cap,1,970,460,15,COD,No,824.5,364.5,2024,2024-04
701203,2024-10-17,C100087,Karachi,Store,Accessories,Baseball Cap,3,870,520,0,Card,No,2610.0,1050.0,2024,2024-10
701118,2025-05-14,C101811,Karachi,Store,Jeans,Ripped Jeans,2,3660,2020,20,Wallet,No,5856.0,1816.0,2025,2025-05
701269,2024-03-28,C102127,Karachi,Online,Jeans,Ripped Jeans,1,4000,1950,0,Card,No,4000.0,2050.0,2024,2024-03
701842,2024-12-13,C100723,Sialkot,Online,Accessories,Tote Bag,3,1520,910,20,Card,Yes,3648.0,918.0,2024,2024-12
702239,2025-01-05,C101916,Rawalpindi,Online,Jeans,Straight Leg Jeans,2,3070,1840,0,Unknown,No,6140.0,2460.0,2025,2025-01
702469,2024-06-23,C100321,Karachi,Online,Accessories,Sunglasses,1,2370,1510,0,Card,No,2370.0,860.0,2024,2024-06
700177,2023-07-12,C102183,Lahore,Online,Shoes,Boots,2,6500,3010,10,Bank Transfer,No,11700.0,5680.0,2023,2023-07
701333,2023-12-27,C100492,Rawalpindi,Online,Shoes,Sneakers,1,4650,2950,0,Wallet,Yes,4650.0,1700.0,2023,2023-12
703512,2023-11-10,C100639,Multan,Store,Kurtas,Festive Kurta,1,4290,2590,25,Card,No,3217.5,627.5,2023,2023-11
705016,2024-06-29,C101005,Karachi,Online,Dresses,Summer Floral Dress,1,3050,1870,0,Wallet,No,3050.0,1180.0,2024,2024-06
701336,2024-09-10,C101358,Rawalpindi,Online,Dresses,Bodycon Dress,1,3720,2310,15,COD,No,3162.0,852.0,2024,2024-09
701955,2024-04-26,C101979,Lahore,Online,Kurtas,Festive Kurta,2,4350,2010,20,COD,No,6960.0,2940.0,2024,2024-04
703442,2024-05-25,C101377,Multan,Store,T-Shirts,Oversized Tee,3,1730,780,0,COD,No,5190.0,2850.0,2024,2024-05
702382,2025-05-31,C101607,Karachi,Online,T-Shirts,Oversized Tee,2,1740,940,15,COD,No,2958.0,1078.0,2025,2025-05
702548,2023-07-14,C100529,Karachi,Store,Dresses,Wrap Dress,1,4270,2480,0,Wallet,No,4270.0,1790.0,2023,2023-07
704067,2025-06-11,C100021,Karachi,Store,T-Shirts,Polo Shirt,2,2330,1500,0,COD,No,4660.0,1660.0,2025,2025-06
702796,2025-03-23,C101313,Lahore,Store,Kurtas,Cotton Kurta,3,1810,820,0,COD,No,5430.0,2970.0,2025,2025-03
700302,2024-10-16,C101495,Islamabad,Online,Dresses,Bodycon Dress,3,3680,2160,0,Bank Transfer,No,11040.0,4560.0,2024,2024-10
704477,2024-02-20,C101525,Lahore,Online,Kurtas,Festive Kurta,2,4310,2310,0,COD,No,8620.0,4000.0,2024,2024-02
702259,2025-04-18,C100546,Karachi,Store,Accessories,Baseball Cap,3,910,420,20,COD,No,2184.0,924.0,2025,2025-04
704819,2024-11-17,C101369,Karachi,Store,Accessories,Tote Bag,2,1550,730,0,COD,No,3100.0,1640.0,2024,2024-11
700122,2023-09-05,C102095,Karachi,Store,Accessories,Tote Bag,1,1660,1030,0,COD,No,1660.0,630.0,2023,2023-09
703466,2024-07-07,C102115,Peshawar,Store,Dresses,Bodycon Dress,2,3900,2280,0,COD,Yes,7800.0,3240.0,2024,2024-07
700314,2025-04-01,C100537,Lahore,Store,Shoes,Boots,3,6670,3680,10,Wallet,No,18009.0,6969.0,2025,2025-04
703479,2025-05-03,C101362,Islamabad,Store,T-Shirts,Polo Shirt,1,2300,1120,0,COD,Yes,2300.0,1180.0,2025,2025-05
703037,2024-06-30,C101875,Faisalabad,Online,Accessories,Tote Bag,1,1530,890,15,Wallet,No,1300.5,410.5,2024,2024-06
702244,2025-02-21,C100088,Lahore,Store,Jeans,Slim Fit Jeans,1,3610,2140,0,Card,No,3610.0,1470.0,2025,2025-02
705138,2024-10-11,C101797,Karachi,Store,Accessories,Tote Bag,3,1700,790,15,Card,No,4335.0,1965.0,2024,2024-10
705030,2025-03-07,C101474,Islamabad,Store,Dresses,Summer Floral Dress,2,3080,1800,0,COD,No,6160.0,2560.0,2025,2025-03
700306,2024-05-02,C102066,Islamabad,Online,Jeans,Ripped Jeans,1,3720,1930,20,Unknown,No,2976.0,1046.0,2024,2024-05
704687,2024-11-02,C100169,Sialkot,Online,Accessories,Leather Belt,3,1170,560,10,Card,No,3159.0,1479.0,2024,2024-11
700394,2024-10-21,C100332,Rawalpindi,Online,Jeans,High-Waist Jeans,3,4530,2090,0,Wallet,No,13590.0,7320.0,2024,2024-10
703019,2024-08-01,C101979,Lahore,Online,Jeans,High-Waist Jeans,1,4460,2020,0,COD,No,4460.0,2440.0,2024,2024-08
702002,2024-03-13,C101490,Lahore,Online,Accessories,Leather Belt,3,1280,750,0,COD,No,3840.0,1590.0,2024,2024-03
704406,2023-09-10,C101347,Karachi,Online,Shoes,Boots,2,7000,3190,0,Card,Yes,14000.0,7620.0,2023,2023-09
700791,2023-10-02,C100042,Rawalpindi,Online,Jeans,Straight Leg Jeans,2,3340,2140,0,COD,No,6680.0,2400.0,2023,2023-10
704913,2023-07-31,C100332,Rawalpindi,Online,Accessories,Baseball Cap,1,970,500,15,Wallet,No,824.5,324.5,2023,2023-07
703729,2023-08-21,C101447,Islamabad,Online,Shoes,Sandals,3,2710,1590,0,Unknown,No,8130.0,3360.0,2023,2023-08
700984,2024-09-12,C101915,Lahore,Online,T-Shirts,Oversized Tee,1,1750,1130,0,Bank Transfer,No,1750.0,620.0,2024,2024-09
704387,2023-11-12,C100567,Lahore,Online,Kurtas,Cotton Kurta,2,2000,1110,10,COD,No,3600.0,1380.0,2023,2023-11
704452,2024-07-02,C101395,Lahore,Store,Accessories,Leather Belt,1,1250,740,0,COD,No,1250.0,510.0,2024,2024-07
702402,2023-07-18,C101579,Multan,Online,Jeans,Slim Fit Jeans,2,3420,2210,0,Card,No,6840.0,2420.0,2023,2023-07
701026,2023-11-07,C100105,Rawalpindi,Store,Kurtas,Embroidered Kurta,1,2920,1590,20,Card,No,2336.0,746.0,2023,2023-11
700969,2024-11-11,C100021,Karachi,Store,Jackets,Puffer Jacket,1,6790,3560,0,COD,No,6790.0,3230.0,2024,2024-11
702606,2023-12-08,C100886,Karachi,Online,Shoes,Sandals,1,2740,1600,20,COD,No,2192.0,592.0,2023,2023-12
701930,2023-07-21,C101808,Karachi,Online,Kurtas,Cotton Kurta,1,1880,940,0,COD,No,1880.0,940.0,2023,2023-07
704132,2024-09-21,C101043,Rawalpindi,Online,Shoes,Loafers,2,5290,3260,0,COD,No,10580.0,4060.0,2024,2024-09
701148,2024-05-11,C101048,Multan,Online,Kurtas,Festive Kurta,1,4400,2420,10,COD,Yes,3960.0,1540.0,2024,2024-05
701501,2024-09-19,C102057,Karachi,Online,T-Shirts,Oversized Tee,1,1940,1160,0,COD,No,1940.0,780.0,2024,2024-09
701854,2024-10-27,C102092,Islamabad,Store,Accessories,Tote Bag,1,1580,960,15,COD,No,1343.0,383.0,2024,2024-10
700317,2023-09-10,C100241,Faisalabad,Online,Shoes,Sandals,3,2880,1740,0,COD,Yes,8640.0,3420.0,2023,2023-09
703735,2023-10-22,C101117,Faisalabad,Store,Accessories,Sunglasses,1,2250,1050,10,Wallet,No,2025.0,975.0,2023,2023-10
700284,2024-09-01,C101667,Lahore,Online,Jeans,Ripped Jeans,3,4100,2560,0,COD,No,12300.0,4620.0,2024,2024-09
702763,2025-01-18,C101441,Lahore,Store,Jackets,Bomber Jacket,2,5530,3210,0,Card,No,11060.0,4640.0,2025,2025-01
702878,2024-09-20,C100848,Lahore,Online,Jeans,High-Waist Jeans,1,4070,1980,0,Card,No,4070.0,2090.0,2024,2024-09
701813,2023-11-09,C101073,Peshawar,Online,Dresses,Summer Floral Dress,2,3260,1580,10,COD,No,5868.0,2708.0,2023,2023-11
702418,2024-03-08,C100387,Sialkot,Store,Shoes,Boots,1,6240,3280,0,Card,No,6240.0,2960.0,2024,2024-03
704297,2023-12-04,C101002,Lahore,Online,Shoes,Boots,2,6210,3470,0,COD,No,12420.0,5480.0,2023,2023-12
701496,2023-10-28,C100194,Lahore,Online,Kurtas,Printed Kurta,1,2320,1380,15,Card,No,1972.0,592.0,2023,2023-10
703983,2024-06-15,C101161,Rawalpindi,Store,Dresses,Bodycon Dress,1,3970,2220,15,Bank Transfer,No,3374.5,1154.5,2024,2024-06
704973,2025-06-14,C101409,Unknown,Online,Dresses,Wrap Dress,1,3860,1940,0,Card,No,3860.0,1920.0,2025,2025-06
701648,2024-07-10,C101883,Faisalabad,Online,Dresses,Maxi Dress,1,4520,2580,15,Wallet,No,3842.0,1262.0,2024,2024-07
704492,2025-04-04,C101850,Lahore,Online,Shoes,Boots,2,6540,3950,10,Card,No,11772.0,3872.0,2025,2025-04
700084,2024-12-21,C100539,Multan,Online,Kurtas,Cotton Kurta,1,1870,880,30,Card,No,1309.0,429.0,2024,2024-12
704249,2024-09-29,C101940,Lahore,Online,Kurtas,Cotton Kurta,1,2010,1260,0,Card,No,2010.0,750.0,2024,2024-09
702819,2023-10-09,C100507,Multan,Online,Shoes,Sandals,1,2920,1580,0,Card,No,2920.0,1340.0,2023,2023-10
701862,2025-04-30,C101871,Karachi,Store,Accessories,Baseball Cap,2,940,610,15,COD,Yes,1598.0,378.0,2025,2025-04
700451,2024-04-24,C102011,Karachi,Online,Jeans,Slim Fit Jeans,2,3410,1740,10,COD,No,6138.0,2658.0,2024,2024-04
700832,2025-06-28,C101838,Faisalabad,Store,Dresses,Summer Floral Dress,3,3180,2050,15,COD,No,8109.0,1959.0,2025,2025-06
703781,2024-09-07,C102095,Karachi,Store,Kurtas,Cotton Kurta,1,2050,1260,0,COD,No,2050.0,790.0,2024,2024-09
702916,2023-07-31,C101278,Multan,Online,T-Shirts,Classic Cotton Tee,2,1170,630,0,COD,No,2340.0,1080.0,2023,2023-07
701683,2023-07-16,C100380,Islamabad,Online,Shoes,Boots,1,6240,4050,0,Bank Transfer,No,6240.0,2190.0,2023,2023-07
702229,2023-09-11,C100725,Lahore,Store,Dresses,Maxi Dress,2,4430,2630,0,Card,No,8860.0,3600.0,2023,2023-09
701733,2024-01-26,C101634,Unknown,Online,Jackets,Bomber Jacket,1,5200,2850,0,Card,No,5200.0,2350.0,2024,2024-01
701958,2024-03-09,C100482,Islamabad,Online,T-Shirts,Oversized Tee,3,1850,860,0,COD,No,5550.0,2970.0,2024,2024-03
700073,2024-04-30,C100643,Lahore,Online,Accessories,Baseball Cap,2,950,530,0,COD,No,1900.0,840.0,2024,2024-04
700938,2025-06-02,C100444,Karachi,Online,Dresses,Wrap Dress,1,4030,2330,15,COD,No,3425.5,1095.5,2025,2025-06
702681,2023-07-15,C101045,Karachi,Online,Dresses,Bodycon Dress,1,3740,1840,15,Wallet,No,3179.0,1339.0,2023,2023-07
701786,2025-04-30,C100183,Karachi,Online,Dresses,Summer Floral Dress,1,3310,1910,10,COD,No,2979.0,1069.0,2025,2025-04
701171,2023-08-07,C101109,Lahore,Online,Jeans,Straight Leg Jeans,3,3080,1400,15,Card,No,7854.0,3654.0,2023,2023-08
700956,2024-03-15,C100722,Lahore,Online,T-Shirts,Polo Shirt,1,2350,1450,0,COD,No,2350.0,900.0,2024,2024-03
701989,2023-12-19,C102158,Karachi,Store,Kurtas,Printed Kurta,1,2490,1170,30,Card,No,1743.0,573.0,2023,2023-12
703935,2024-06-03,C101327,Islamabad,Online,Shoes,Sandals,1,3020,1860,0,Bank Transfer,No,3020.0,1160.0,2024,2024-06
705052,2024-04-13,C100345,Faisalabad,Store,Dresses,Maxi Dress,1,4460,2340,0,Wallet,Yes,4460.0,2120.0,2024,2024-04
704346,2024-01-30,C100330,Faisalabad,Online,Kurtas,Cotton Kurta,1,1810,890,15,Wallet,No,1538.5,648.5,2024,2024-01
703654,2024-11-21,C101056,Peshawar,Online,Jackets,Denim Jacket,2,5460,2790,0,COD,Yes,10920.0,5340.0,2024,2024-11
700562,2025-06-17,C100412,Lahore,Online,Shoes,Sandals,3,2860,1820,10,COD,No,7722.0,2262.0,2025,2025-06
700025,2024-03-02,C101268,Karachi,Online,Kurtas,Embroidered Kurta,3,2780,1330,15,Card,No,7089.0,3099.0,2024,2024-03
704164,2024-02-06,C101867,Lahore,Online,Jackets,Puffer Jacket,2,6890,3610,15,COD,No,11713.0,4493.0,2024,2024-02
700610,2025-04-11,C100329,Karachi,Online,T-Shirts,Oversized Tee,1,1730,890,15,Card,No,1470.5,580.5,2025,2025-04
702639,2024-06-03,C102127,Karachi,Online,T-Shirts,Classic Cotton Tee,1,1170,630,0,Bank Transfer,No,1170.0,540.0,2024,2024-06
701128,2025-01-12,C100597,Islamabad,Online,Shoes,Boots,1,6780,4150,0,Card,No,6780.0,2630.0,2025,2025-01
702917,2024-10-04,C101096,Lahore,Store,Accessories,Baseball Cap,1,900,540,0,COD,No,900.0,360.0,2024,2024-10
703993,2023-12-21,C100125,Karachi,Online,Kurtas,Cotton Kurta,2,2000,1130,0,COD,Yes,4000.0,1740.0,2023,2023-12
705183,2024-08-11,C101543,Lahore,Online,Shoes,Sneakers,2,4440,2860,0,Card,No,8880.0,3160.0,2024,2024-08
703988,2024-03-11,C101451,Islamabad,Online,Accessories,Sunglasses,2,2310,1380,0,COD,No,4620.0,1860.0,2024,2024-03
703334,2025-06-21,C100567,Lahore,Store,Shoes,Loafers,2,5410,2670,0,COD,No,10820.0,5480.0,2025,2025-06
701575,2025-01-01,C101076,Islamabad,Store,Kurtas,Cotton Kurta,1,1830,980,0,Wallet,No,1830.0,850.0,2025,2025-01
704770,2024-05-15,C100899,Islamabad,Online,Shoes,Boots,1,6800,3730,10,Card,No,6120.0,2390.0,2024,2024-05
701175,2024-03-23,C101838,Faisalabad,Store,Jeans,Straight Leg Jeans,2,3310,1670,10,Card,No,5958.0,2618.0,2024,2024-03
701440,2025-03-18,C100568,Karachi,Online,Jeans,High-Waist Jeans,2,4280,2680,15,Card,No,7276.0,1916.0,2025,2025-03
703847,2024-01-10,C100658,Islamabad,Store,Jackets,Bomber Jacket,3,5170,2350,10,Card,No,13959.0,6909.0,2024,2024-01
702224,2025-05-16,C100943,Karachi,Online,Kurtas,Embroidered Kurta,2,2770,1620,0,Card,No,5540.0,2300.0,2025,2025-05
700719,2025-04-01,C101078,Islamabad,Online,Kurtas,Embroidered Kurta,1,2850,1480,15,Bank Transfer,No,2422.5,942.5,2025,2025-04
703075,2025-03-03,C101700,Peshawar,Online,T-Shirts,Classic Cotton Tee,3,1230,690,0,Card,No,3690.0,1620.0,2025,2025-03
701913,2024-03-15,C100795,Karachi,Store,Kurtas,Printed Kurta,1,2470,1590,0,Wallet,No,2470.0,880.0,2024,2024-03
704474,2024-09-19,C101517,Sialkot,Store,Dresses,Wrap Dress,2,4110,2260,0,COD,No,8220.0,3700.0,2024,2024-09
702790,2025-01-13,C101902,Multan,Store,Dresses,Maxi Dress,1,4570,2870,0,COD,No,4570.0,1700.0,2025,2025-01
703824,2025-02-06,C100867,Faisalabad,Online,Kurtas,Embroidered Kurta,2,2770,1800,0,COD,No,5540.0,1940.0,2025,2025-02
700445,2023-10-15,C101255,Multan,Online,Accessories,Baseball Cap,1,970,500,0,COD,No,970.0,470.0,2023,2023-10
700235,2023-11-30,C101952,Faisalabad,Online,Shoes,Boots,1,7020,4480,25,COD,No,5265.0,785.0,2023,2023-11
700125,2025-04-09,C101225,Unknown,Online,Accessories,Tote Bag,1,1580,880,10,Card,No,1422.0,542.0,2025,2025-04
704550,2024-11-06,C101137,Karachi,Online,Shoes,Sneakers,3,4790,2180,10,Wallet,No,12933.0,6393.0,2024,2024-11
700440,2024-06-11,C100819,Unknown,Store,Dresses,Wrap Dress,1,4170,2530,0,COD,No,4170.0,1640.0,2024,2024-06
704610,2023-12-30,C101714,Karachi,Online,Jackets,Bomber Jacket,1,5090,2840,20,COD,No,4072.0,1232.0,2023,2023-12
702698,2024-09-19,C100412,Lahore,Store,Dresses,Wrap Dress,2,4060,2270,0,COD,No,8120.0,3580.0,2024,2024-09
701186,2024-03-12,C100710,Sialkot,Store,T-Shirts,Graphic Print Tee,2,1540,990,0,COD,No,3080.0,1100.0,2024,2024-03
703148,2024-10-09,C101553,Karachi,Online,Jeans,Ripped Jeans,2,3880,2410,10,Bank Transfer,No,6984.0,2164.0,2024,2024-10
703456,2023-08-16,C100464,Islamabad,Store,T-Shirts,Oversized Tee,2,1790,990,0,Wallet,No,3580.0,1600.0,2023,2023-08
702198,2024-01-08,C100491,Rawalpindi,Online,T-Shirts,Oversized Tee,3,1800,940,0,Wallet,No,5400.0,2580.0,2024,2024-01
700453,2023-10-25,C101011,Islamabad,Online,Jeans,Slim Fit Jeans,3,3410,1780,0,Card,No,10230.0,4890.0,2023,2023-10
700751,2024-12-05,C100800,Faisalabad,Online,Shoes,Boots,1,6790,3480,25,COD,Yes,5092.5,1612.5,2024,2024-12
701087,2024-08-08,C101667,Lahore,Online,Jackets,Bomber Jacket,1,4980,3020,0,COD,No,4980.0,1960.0,2024,2024-08
703595,2023-07-27,C100152,Lahore,Online,Accessories,Leather Belt,1,1170,640,10,COD,No,1053.0,413.0,2023,2023-07
700689,2023-10-05,C101506,Faisalabad,Online,T-Shirts,Classic Cotton Tee,1,1270,830,0,COD,Yes,1270.0,440.0,2023,2023-10
704023,2024-08-07,C101251,Lahore,Online,Accessories,Baseball Cap,2,910,450,0,Card,Yes,1820.0,920.0,2024,2024-08
704606,2025-06-25,C101979,Lahore,Store,Dresses,Wrap Dress,3,4080,2450,15,COD,No,10404.0,3054.0,2025,2025-06
700486,2025-06-06,C100085,Lahore,Store,Kurtas,Cotton Kurta,1,1910,940,0,COD,No,1910.0,970.0,2025,2025-06
704287,2025-03-26,C100665,Rawalpindi,Store,Shoes,Sandals,1,2930,1750,15,Wallet,No,2490.5,740.5,2025,2025-03
704282,2024-12-07,C100734,Lahore,Store,Jackets,Denim Jacket,1,5860,3050,15,Unknown,No,4981.0,1931.0,2024,2024-12
704533,2025-03-06,C101535,Karachi,Online,Jackets,Puffer Jacket,2,7330,3610,10,COD,No,13194.0,5974.0,2025,2025-03
701223,2024-09-14,C100544,Lahore,Online,Shoes,Sandals,1,2830,1600,15,Card,No,2405.5,805.5,2024,2024-09
700734,2023-11-13,C100026,Karachi,Store,Accessories,Tote Bag,3,1690,830,0,Bank Transfer,Yes,5070.0,2580.0,2023,2023-11
704548,2023-11-23,C100136,Sialkot,Online,Jeans,Ripped Jeans,2,3670,2220,20,Card,No,5872.0,1432.0,2023,2023-11
702604,2024-10-28,C100063,Faisalabad,Online,Kurtas,Embroidered Kurta,2,2860,1420,0,COD,No,5720.0,2880.0,2024,2024-10
701519,2025-01-31,C100540,Sialkot,Online,Kurtas,Cotton Kurta,1,1940,1050,0,COD,No,1940.0,890.0,2025,2025-01
702778,2025-03-13,C100624,Sialkot,Online,Shoes,Boots,1,6730,4050,10,Card,No,6057.0,2007.0,2025,2025-03
702887,2024-10-27,C100087,Karachi,Online,Kurtas,Cotton Kurta,1,1830,840,10,COD,No,1647.0,807.0,2024,2024-10
704292,2023-09-15,C100234,Peshawar,Store,Jeans,Ripped Jeans,3,3930,1990,0,Card,No,11790.0,5820.0,2023,2023-09
700245,2025-01-27,C100217,Lahore,Store,Accessories,Baseball Cap,2,880,400,0,Wallet,No,1760.0,960.0,2025,2025-01
702225,2023-07-16,C100067,Karachi,Online,Accessories,Leather Belt,1,1230,660,0,Card,No,1230.0,570.0,2023,2023-07
702770,2024-09-20,C100367,Rawalpindi,Online,T-Shirts,Polo Shirt,2,2310,1380,0,Bank Transfer,No,4620.0,1860.0,2024,2024-09
703491,2023-07-16,C101660,Lahore,Store,Kurtas,Embroidered Kurta,1,2850,1530,0,Card,No,2850.0,1320.0,2023,2023-07
702931,2023-07-18,C100276,Karachi,Online,Dresses,Summer Floral Dress,1,3440,2230,0,COD,No,3440.0,1210.0,2023,2023-07
701380,2024-09-12,C101624,Karachi,Store,Shoes,Boots,1,6390,3730,0,COD,No,6390.0,2660.0,2024,2024-09
701840,2024-10-03,C101036,Karachi,Store,T-Shirts,Polo Shirt,2,2220,1340,0,Wallet,No,4440.0,1760.0,2024,2024-10
704069,2024-05-11,C101800,Islamabad,Online,Accessories,Leather Belt,1,1140,690,0,COD,No,1140.0,450.0,2024,2024-05
700465,2025-04-26,C100230,Lahore,Store,Shoes,Boots,2,6850,3840,0,Card,Yes,13700.0,6020.0,2025,2025-04
702170,2023-07-25,C101639,Rawalpindi,Store,Accessories,Tote Bag,2,1570,760,10,Card,Yes,2826.0,1306.0,2023,2023-07
701841,2024-11-03,C100414,Lahore,Store,Kurtas,Embroidered Kurta,2,3000,1400,0,Wallet,No,6000.0,3200.0,2024,2024-11
703076,2024-05-22,C100880,Karachi,Online,Jeans,Slim Fit Jeans,1,3630,2140,10,Card,No,3267.0,1127.0,2024,2024-05
702738,2024-04-25,C100632,Lahore,Store,Accessories,Sunglasses,1,2300,1270,10,COD,No,2070.0,800.0,2024,2024-04
704826,2025-02-15,C101588,Karachi,Online,Dresses,Summer Floral Dress,2,3180,1960,15,COD,No,5406.0,1486.0,2025,2025-02
700358,2024-07-13,C102060,Sialkot,Store,Shoes,Sneakers,1,4680,2370,0,COD,No,4680.0,2310.0,2024,2024-07
705194,2023-08-05,C101597,Lahore,Store,Shoes,Boots,1,6320,3940,0,Card,No,6320.0,2380.0,2023,2023-08
702284,2024-03-16,C101684,Lahore,Online,Jeans,Slim Fit Jeans,2,3700,2080,0,Card,No,7400.0,3240.0,2024,2024-03
701522,2024-06-27,C102112,Lahore,Online,Shoes,Sneakers,2,4590,2980,0,Card,No,9180.0,3220.0,2024,2024-06
704336,2023-07-04,C101117,Faisalabad,Store,Shoes,Boots,1,6380,3640,0,COD,No,6380.0,2740.0,2023,2023-07
703227,2024-01-30,C100141,Karachi,Online,Jackets,Denim Jacket,1,5650,3310,0,COD,No,5650.0,2340.0,2024,2024-01
703096,2025-05-10,C101953,Sialkot,Online,Dresses,Maxi Dress,2,4770,2860,10,Card,No,8586.0,2866.0,2025,2025-05
702125,2025-02-13,C101135,Karachi,Store,T-Shirts,Polo Shirt,1,2360,1280,10,Card,No,2124.0,844.0,2025,2025-02
702724,2024-03-20,C101984,Islamabad,Online,Shoes,Loafers,1,5180,3100,0,COD,No,5180.0,2080.0,2024,2024-03
702736,2024-05-28,C101525,Lahore,Online,Shoes,Boots,2,6280,3910,15,Bank Transfer,No,10676.0,2856.0,2024,2024-05
700263,2024-07-20,C100647,Islamabad,Online,Accessories,Sunglasses,1,2180,1150,15,Bank Transfer,No,1853.0,703.0,2024,2024-07
700156,2024-02-08,C100241,Faisalabad,Store,Kurtas,Festive Kurta,1,4380,2360,0,Wallet,No,4380.0,2020.0,2024,2024-02
704707,2025-05-31,C101350,Faisalabad,Online,Jeans,Slim Fit Jeans,1,3450,1650,0,Card,No,3450.0,1800.0,2025,2025-05
704426,2024-06-15,C101413,Sialkot,Store,Jeans,High-Waist Jeans,2,4150,2630,0,Card,No,8300.0,3040.0,2024,2024-06
700511,2024-05-24,C101945,Peshawar,Online,T-Shirts,Polo Shirt,1,2180,1400,15,Bank Transfer,No,1853.0,453.0,2024,2024-05
705058,2024-01-27,C101817,Karachi,Online,Jeans,Ripped Jeans,2,3690,1740,0,Wallet,No,7380.0,3900.0,2024,2024-01
704472,2023-10-04,C100509,Lahore,Online,Accessories,Baseball Cap,1,970,560,0,COD,No,970.0,410.0,2023,2023-10
703044,2024-09-03,C100012,Rawalpindi,Online,Dresses,Wrap Dress,2,4160,2290,0,COD,No,8320.0,3740.0,2024,2024-09
702978,2024-06-20,C101653,Lahore,Online,Jeans,High-Waist Jeans,1,4090,2550,15,COD,No,3476.5,926.5,2024,2024-06
703739,2023-07-01,C101597,Lahore,Store,Dresses,Maxi Dress,2,4780,3050,0,Bank Transfer,No,9560.0,3460.0,2023,2023-07
701597,2023-07-07,C100024,Faisalabad,Online,Jeans,Straight Leg Jeans,2,3210,1510,0,COD,No,6420.0,3400.0,2023,2023-07
704566,2023-11-20,C101250,Lahore,Online,Jackets,Hooded Jacket,1,4960,2920,25,COD,No,3720.0,800.0,2023,2023-11
704147,2024-01-13,C102085,Karachi,Online,Jeans,Slim Fit Jeans,3,3610,1880,0,COD,No,10830.0,5190.0,2024,2024-01
700760,2023-07-21,C101993,Lahore,Online,T-Shirts,Polo Shirt,1,2210,1170,0,COD,Yes,2210.0,1040.0,2023,2023-07
703953,2024-02-27,C102007,Lahore,Online,Dresses,Wrap Dress,2,4190,2650,15,Unknown,No,7123.0,1823.0,2024,2024-02
703900,2024-01-12,C102167,Karachi,Store,Jackets,Hooded Jacket,2,4830,3020,0,COD,No,9660.0,3620.0,2024,2024-01
702827,2023-09-22,C101999,Islamabad,Store,Dresses,Wrap Dress,1,4000,2440,0,COD,No,4000.0,1560.0,2023,2023-09
700717,2023-10-24,C100928,Islamabad,Online,Accessories,Sunglasses,2,2110,990,0,Card,No,4220.0,2240.0,2023,2023-10
703546,2025-06-21,C101634,Sialkot,Online,Dresses,Wrap Dress,2,3870,2270,0,COD,No,7740.0,3200.0,2025,2025-06
705004,2024-08-21,C100150,Multan,Online,Shoes,Boots,2,6350,3430,0,Card,No,12700.0,5840.0,2024,2024-08
701859,2023-08-07,C102116,Karachi,Store,Shoes,Sandals,1,2840,1660,0,Wallet,No,2840.0,1180.0,2023,2023-08
701109,2024-09-19,C100329,Karachi,Online,T-Shirts,Oversized Tee,1,1780,990,10,Card,No,1602.0,612.0,2024,2024-09
704826,2025-02-15,C101588,Karachi,Online,Shoes,Sneakers,3,4790,2660,0,COD,No,14370.0,6390.0,2025,2025-02
702424,2025-01-15,C101275,Karachi,Online,Jeans,Slim Fit Jeans,1,3680,2190,0,Wallet,No,3680.0,1490.0,2025,2025-01
702503,2024-12-02,C101999,Unknown,Online,Jackets,Denim Jacket,1,5760,2920,10,COD,Yes,5184.0,2264.0,2024,2024-12
701761,2024-02-02,C102011,Karachi,Online,Jackets,Hooded Jacket,2,4620,2990,0,Card,No,9240.0,3260.0,2024,2024-02
703938,2025-02-20,C100863,Islamabad,Store,Dresses,Summer Floral Dress,1,3300,1730,0,COD,No,3300.0,1570.0,2025,2025-02
703137,2025-01-01,C101500,Rawalpindi,Online,Shoes,Sneakers,1,4320,2160,10,Card,No,3888.0,1728.0,2025,2025-01
700155,2023-07-11,C100612,Sialkot,Store,Accessories,Sunglasses,1,2100,1130,15,Wallet,No,1785.0,655.0,2023,2023-07
703621,2025-01-09,C101517,Sialkot,Online,Jackets,Puffer Jacket,2,6750,3380,0,COD,Yes,13500.0,6740.0,2025,2025-01
701709,2023-12-10,C102042,Islamabad,Store,Jeans,Slim Fit Jeans,1,3430,1580,0,COD,No,3430.0,1850.0,2023,2023-12
704487,2023-11-02,C100181,Peshawar,Online,Dresses,Summer Floral Dress,1,3440,1890,30,COD,No,2408.0,518.0,2023,2023-11
703356,2024-12-16,C102011,Karachi,Store,Shoes,Loafers,2,5610,3370,0,COD,No,11220.0,4480.0,2024,2024-12
704960,2025-02-16,C101473,Karachi,Online,Jackets,Puffer Jacket,1,6680,4230,0,COD,No,6680.0,2450.0,2025,2025-02
703158,2023-10-06,C101615,Lahore,Online,Jackets,Denim Jacket,3,5290,2760,15,Card,No,13489.5,5209.5,2023,2023-10
701882,2023-12-27,C100571,Multan,Store,Jackets,Puffer Jacket,1,6690,3620,15,COD,No,5686.5,2066.5,2023,2023-12
700426,2024-01-10,C101415,Unknown,Store,Jackets,Bomber Jacket,2,5390,2460,0,Card,No,10780.0,5860.0,2024,2024-01
700965,2025-02-19,C102142,Faisalabad,Store,Kurtas,Embroidered Kurta,2,2680,1330,15,Bank Transfer,No,4556.0,1896.0,2025,2025-02
705137,2024-08-22,C101390,Peshawar,Online,Shoes,Sandals,1,2660,1480,0,Card,No,2660.0,1180.0,2024,2024-08
703710,2024-09-23,C100210,Rawalpindi,Online,Jeans,Ripped Jeans,2,3990,1860,0,COD,Yes,7980.0,4260.0,2024,2024-09
703095,2024-03-10,C101836,Lahore,Online,Shoes,Boots,2,6890,3250,0,COD,No,13780.0,7280.0,2024,2024-03
704559,2024-06-01,C101865,Multan,Store,Kurtas,Cotton Kurta,2,1990,1040,0,Card,No,3980.0,1900.0,2024,2024-06
702814,2024-07-04,C100160,Lahore,Online,Kurtas,Cotton Kurta,1,1870,1210,0,COD,No,1870.0,660.0,2024,2024-07
704746,2025-02-17,C101765,Lahore,Store,Accessories,Tote Bag,3,1580,930,0,Card,Yes,4740.0,1950.0,2025,2025-02
701178,2024-09-01,C100848,Lahore,Online,Shoes,Sandals,1,2790,1480,0,Wallet,No,2790.0,1310.0,2024,2024-09
705087,2024-10-13,C100949,Karachi,Store,Jackets,Bomber Jacket,2,5190,2370,0,COD,No,10380.0,5640.0,2024,2024-10
704421,2024-08-04,C100652,Rawalpindi,Store,Accessories,Tote Bag,3,1720,860,0,Wallet,No,5160.0,2580.0,2024,2024-08
701948,2025-01-25,C101923,Karachi,Online,Jackets,Hooded Jacket,1,4730,2710,0,COD,No,4730.0,2020.0,2025,2025-01
700733,2023-07-12,C101717,Islamabad,Store,Jeans,Straight Leg Jeans,3,3290,1960,0,COD,No,9870.0,3990.0,2023,2023-07
700566,2024-12-09,C101979,Lahore,Store,Jackets,Bomber Jacket,2,5380,2930,20,COD,No,8608.0,2748.0,2024,2024-12
703072,2025-05-24,C100380,Islamabad,Store,Dresses,Maxi Dress,1,4850,2320,0,COD,No,4850.0,2530.0,2025,2025-05
704782,2024-11-18,C101314,Lahore,Store,Kurtas,Embroidered Kurta,2,2720,1660,15,COD,No,4624.0,1304.0,2024,2024-11
701218,2024-02-05,C101011,Islamabad,Online,Dresses,Summer Floral Dress,3,3210,1840,0,COD,Yes,9630.0,4110.0,2024,2024-02
700756,2024-12-26,C100676,Peshawar,Online,Jeans,Ripped Jeans,1,4010,2060,0,Card,No,4010.0,1950.0,2024,2024-12
704666,2024-02-28,C100289,Lahore,Store,Shoes,Boots,1,6630,4130,10,Wallet,No,5967.0,1837.0,2024,2024-02
704765,2025-01-03,C101669,Multan,Online,T-Shirts,Classic Cotton Tee,1,1200,680,0,Wallet,Yes,1200.0,520.0,2025,2025-01
701495,2024-05-31,C101753,Faisalabad,Online,Dresses,Maxi Dress,3,4510,2680,0,COD,No,13530.0,5490.0,2024,2024-05
701292,2024-05-21,C100648,Rawalpindi,Store,T-Shirts,Polo Shirt,1,2230,1040,10,COD,No,2007.0,967.0,2024,2024-05
700745,2024-05-17,C100194,Lahore,Store,Jeans,Slim Fit Jeans,2,3720,2410,0,Card,No,7440.0,2620.0,2024,2024-05
705169,2025-01-03,C101946,Lahore,Store,Accessories,Tote Bag,1,1530,910,0,COD,No,1530.0,620.0,2025,2025-01
701581,2024-07-27,C101409,Rawalpindi,Online,Shoes,Loafers,1,5540,3510,0,COD,Yes,5540.0,2030.0,2024,2024-07
702936,2024-04-16,C102072,Karachi,Store,Kurtas,Festive Kurta,2,4480,2110,10,COD,No,8064.0,3844.0,2024,2024-04
701927,2025-04-04,C100824,Multan,Online,Accessories,Baseball Cap,2,950,540,0,Bank Transfer,No,1900.0,820.0,2025,2025-04
701231,2024-08-18,C101291,Rawalpindi,Online,Dresses,Bodycon Dress,1,3810,2420,0,Wallet,No,3810.0,1390.0,2024,2024-08
700402,2024-04-03,C101540,Multan,Online,Kurtas,Festive Kurta,1,4230,2650,0,Bank Transfer,Yes,4230.0,1580.0,2024,2024-04
701959,2024-01-27,C101636,Karachi,Online,Jackets,Puffer Jacket,1,6770,4060,0,COD,Yes,6770.0,2710.0,2024,2024-01
700823,2025-06-24,C101929,Karachi,Online,Dresses,Bodycon Dress,2,3980,2580,10,Card,No,7164.0,2004.0,2025,2025-06
700192,2025-02-07,C101243,Lahore,Store,Accessories,Leather Belt,1,1150,650,0,COD,No,1150.0,500.0,2025,2025-02
704659,2024-06-12,C101112,Islamabad,Store,Dresses,Summer Floral Dress,1,3060,1790,0,COD,No,3060.0,1270.0,2024,2024-06
702175,2024-03-08,C101554,Lahore,Online,Dresses,Bodycon Dress,2,3960,2400,0,Wallet,No,7920.0,3120.0,2024,2024-03
702225,2023-07-16,C100067,Unknown,Online,Dresses,Summer Floral Dress,2,3170,1890,0,Card,No,6340.0,2560.0,2023,2023-07
701233,2024-04-23,C100436,Lahore,Online,T-Shirts,Polo Shirt,1,2290,1040,10,COD,No,2061.0,1021.0,2024,2024-04
703935,2024-06-03,C101327,Islamabad,Online,T-Shirts,Classic Cotton Tee,2,1280,820,10,Bank Transfer,No,2304.0,664.0,2024,2024-06
703775,2023-10-15,C102083,Lahore,Online,Kurtas,Festive Kurta,1,4490,2520,0,Card,Yes,4490.0,1970.0,2023,2023-10
705116,2023-11-06,C100222,Rawalpindi,Store,Jackets,Hooded Jacket,2,4920,2690,20,COD,No,7872.0,2492.0,2023,2023-11
702021,2024-11-14,C101446,Peshawar,Online,Jackets,Denim Jacket,1,5620,3460,15,Bank Transfer,No,4777.0,1317.0,2024,2024-11
700667,2024-01-24,C102187,Islamabad,Store,Jackets,Denim Jacket,3,5820,2750,0,COD,No,17460.0,9210.0,2024,2024-01
705080,2024-08-10,C100241,Faisalabad,Store,Kurtas,Printed Kurta,1,2350,1170,0,COD,No,2350.0,1180.0,2024,2024-08
700006,2025-06-18,C101469,Lahore,Online,T-Shirts,Classic Cotton Tee,2,1290,810,0,Card,No,2580.0,960.0,2025,2025-06
703334,2025-06-21,C100567,Lahore,Store,T-Shirts,Oversized Tee,1,1840,950,0,COD,No,1840.0,890.0,2025,2025-06
701435,2023-10-05,C101610,Lahore,Online,Jackets,Bomber Jacket,1,5470,3160,0,COD,No,5470.0,2310.0,2023,2023-10
702605,2024-10-08,C101492,Rawalpindi,Online,Jeans,Straight Leg Jeans,2,3340,2010,15,COD,No,5678.0,1658.0,2024,2024-10
704235,2025-04-22,C100942,Lahore,Store,Jeans,Straight Leg Jeans,1,3300,1580,0,COD,No,3300.0,1720.0,2025,2025-04
702127,2023-12-21,C100972,Lahore,Store,Jeans,Straight Leg Jeans,1,3390,1900,0,COD,No,3390.0,1490.0,2023,2023-12
701972,2024-08-11,C100048,Rawalpindi,Online,Dresses,Maxi Dress,1,4670,2190,15,Card,Yes,3969.5,1779.5,2024,2024-08
701121,2023-09-19,C101069,Karachi,Store,Jackets,Denim Jacket,2,5290,2500,0,Wallet,No,10580.0,5580.0,2023,2023-09
701545,2024-08-08,C100241,Faisalabad,Online,T-Shirts,Polo Shirt,1,2200,1300,0,Card,Yes,2200.0,900.0,2024,2024-08
703240,2024-07-24,C100150,Multan,Online,Accessories,Leather Belt,1,1280,820,0,COD,No,1280.0,460.0,2024,2024-07
701211,2023-07-05,C100662,Lahore,Online,Shoes,Boots,2,6240,2960,0,Wallet,No,12480.0,6560.0,2023,2023-07
702716,2024-04-21,C100049,Lahore,Online,Kurtas,Printed Kurta,2,2410,1470,0,COD,No,4820.0,1880.0,2024,2024-04
700722,2023-07-03,C100062,Islamabad,Store,Kurtas,Printed Kurta,1,2460,1450,0,Card,No,2460.0,1010.0,2023,2023-07
703217,2024-12-15,C101189,Rawalpindi,Online,T-Shirts,Oversized Tee,1,1750,1040,10,COD,No,1575.0,535.0,2024,2024-12
702247,2025-02-05,C101210,Faisalabad,Online,Jackets,Hooded Jacket,2,5120,2780,0,Wallet,No,10240.0,4680.0,2025,2025-02
703618,2024-01-28,C100583,Karachi,Store,Dresses,Summer Floral Dress,2,3190,1880,0,Wallet,No,6380.0,2620.0,2024,2024-01
702667,2024-01-07,C100010,Karachi,Online,Accessories,Sunglasses,1,2220,1130,0,Card,No,2220.0,1090.0,2024,2024-01
704125,2023-11-21,C100010,Karachi,Online,Jackets,Bomber Jacket,1,5290,3270,20,Bank Transfer,No,4232.0,962.0,2023,2023-11
704706,2024-03-23,C100727,Lahore,Online,Kurtas,Printed Kurta,1,2350,1300,0,Wallet,No,2350.0,1050.0,2024,2024-03
705091,2023-07-28,C100340,Lahore,Online,Accessories,Leather Belt,1,1150,690,0,Card,No,1150.0,460.0,2023,2023-07
700605,2023-12-24,C100373,Karachi,Online,Jackets,Bomber Jacket,2,5450,3470,0,Card,No,10900.0,3960.0,2023,2023-12
702391,2025-05-19,C101017,Multan,Online,Shoes,Sandals,1,3000,1460,0,Card,No,3000.0,1540.0,2025,2025-05
703434,2023-09-02,C100870,Faisalabad,Online,Jeans,High-Waist Jeans,1,4080,2510,0,Card,No,4080.0,1570.0,2023,2023-09
702564,2025-01-05,C102151,Lahore,Store,Jeans,High-Waist Jeans,1,4170,2300,0,Wallet,No,4170.0,1870.0,2025,2025-01
703352,2024-01-06,C101540,Multan,Online,Shoes,Sandals,2,2690,1700,15,Card,No,4573.0,1173.0,2024,2024-01
700308,2024-02-25,C100481,Lahore,Store,Jeans,Ripped Jeans,2,3760,2440,0,COD,No,7520.0,2640.0,2024,2024-02
704605,2025-02-10,C101873,Sialkot,Store,Jeans,Straight Leg Jeans,2,3230,2090,0,Wallet,No,6460.0,2280.0,2025,2025-02
704448,2023-10-18,C100633,Unknown,Store,Jackets,Bomber Jacket,1,4950,2870,0,Card,No,4950.0,2080.0,2023,2023-10
700602,2024-08-12,C100450,Lahore,Store,Dresses,Maxi Dress,1,4390,2150,0,Card,Yes,4390.0,2240.0,2024,2024-08
702267,2025-02-01,C100212,Lahore,Online,Jackets,Hooded Jacket,3,4660,2160,0,Card,No,13980.0,7500.0,2025,2025-02
701179,2025-05-31,C100743,Lahore,Online,Accessories,Baseball Cap,2,940,470,15,Card,No,1598.0,658.0,2025,2025-05
705035,2024-02-25,C101850,Lahore,Store,Shoes,Sneakers,1,4400,2760,0,Bank Transfer,No,4400.0,1640.0,2024,2024-02
701732,2024-08-12,C101093,Lahore,Online,Shoes,Boots,1,6850,3560,0,COD,No,6850.0,3290.0,2024,2024-08
704453,2023-12-22,C100080,Rawalpindi,Online,Kurtas,Festive Kurta,1,4210,2380,0,Card,No,4210.0,1830.0,2023,2023-12
702276,2023-07-15,C100245,Multan,Store,Accessories,Tote Bag,2,1680,860,0,COD,No,3360.0,1640.0,2023,2023-07
703218,2025-01-31,C101796,Islamabad,Online,Jeans,Ripped Jeans,1,3860,1770,0,COD,No,3860.0,2090.0,2025,2025-01
700762,2023-11-22,C101608,Karachi,Online,T-Shirts,Oversized Tee,1,1940,910,10,COD,No,1746.0,836.0,2023,2023-11
705106,2024-03-31,C100492,Rawalpindi,Online,Dresses,Maxi Dress,1,4400,2350,0,COD,No,4400.0,2050.0,2024,2024-03
702550,2023-10-22,C100996,Islamabad,Store,Dresses,Wrap Dress,3,3850,1840,0,Card,No,11550.0,6030.0,2023,2023-10
701541,2024-10-20,C101591,Lahore,Online,T-Shirts,Classic Cotton Tee,1,1190,670,0,Card,No,1190.0,520.0,2024,2024-10
703572,2024-02-21,C101304,Multan,Store,Accessories,Tote Bag,1,1530,760,0,COD,No,1530.0,770.0,2024,2024-02
702095,2024-09-03,C100164,Islamabad,Store,Kurtas,Printed Kurta,3,2400,1080,15,COD,Yes,6120.0,2880.0,2024,2024-09
701621,2024-03-05,C100678,Lahore,Online,Accessories,Sunglasses,1,2320,1460,0,Card,No,2320.0,860.0,2024,2024-03
703914,2024-06-28,C101719,Multan,Online,Shoes,Sneakers,1,4360,2330,0,COD,No,4360.0,2030.0,2024,2024-06
704948,2025-02-22,C100006,Faisalabad,Online,Shoes,Sandals,3,2850,1680,0,Bank Transfer,No,8550.0,3510.0,2025,2025-02
704943,2023-11-01,C102151,Lahore,Store,T-Shirts,Classic Cotton Tee,1,1180,710,30,Card,No,826.0,116.0,2023,2023-11
702334,2024-11-28,C101002,Lahore,Store,Jackets,Bomber Jacket,2,5240,2840,30,Unknown,No,7336.0,1656.0,2024,2024-11
702624,2024-02-09,C101753,Faisalabad,Store,Accessories,Tote Bag,2,1550,800,0,COD,No,3100.0,1500.0,2024,2024-02
702888,2024-06-27,C100212,Lahore,Online,Kurtas,Cotton Kurta,1,2030,1100,0,Wallet,No,2030.0,930.0,2024,2024-06
705064,2024-03-05,C100759,Karachi,Store,Kurtas,Festive Kurta,2,4480,2550,0,Wallet,No,8960.0,3860.0,2024,2024-03
700868,2025-02-14,C101962,Islamabad,Store,Jackets,Puffer Jacket,1,6740,3820,15,COD,No,5729.0,1909.0,2025,2025-02
704346,2024-01-30,C100330,Faisalabad,Online,Jackets,Denim Jacket,1,5230,3370,0,Wallet,No,5230.0,1860.0,2024,2024-01
702043,2024-02-11,C101072,Karachi,Store,Accessories,Sunglasses,1,2120,1000,10,Unknown,No,1908.0,908.0,2024,2024-02
703418,2025-06-24,C100553,Peshawar,Store,Dresses,Wrap Dress,1,3880,1830,0,Card,No,3880.0,2050.0,2025,2025-06
701888,2025-06-16,C101742,Lahore,Online,Shoes,Sneakers,1,4600,2870,0,Wallet,No,4600.0,1730.0,2025,2025-06
702793,2025-06-13,C100078,Islamabad,Store,Jeans,Ripped Jeans,1,3730,1960,10,COD,No,3357.0,1397.0,2025,2025-06
702762,2025-01-06,C100888,Lahore,Online,Jackets,Puffer Jacket,2,6700,3830,0,Wallet,No,13400.0,5740.0,2025,2025-01
704252,2024-08-03,C100950,Islamabad,Online,Jeans,High-Waist Jeans,1,4200,2730,0,Bank Transfer,No,4200.0,1470.0,2024,2024-08
705159,2023-07-29,C101661,Islamabad,Online,Shoes,Loafers,1,5450,2480,0,COD,No,5450.0,2970.0,2023,2023-07
705151,2025-05-28,C101652,Lahore,Store,Dresses,Bodycon Dress,2,3880,1840,0,Bank Transfer,Yes,7760.0,4080.0,2025,2025-05
702114,2023-12-20,C101448,Islamabad,Online,Accessories,Sunglasses,1,2300,1160,0,COD,No,2300.0,1140.0,2023,2023-12
700195,2023-10-14,C100616,Faisalabad,Online,Jackets,Denim Jacket,3,5400,3300,0,Card,No,16200.0,6300.0,2023,2023-10
702712,2024-04-22,C101178,Lahore,Store,Dresses,Summer Floral Dress,3,3270,2030,0,COD,No,9810.0,3720.0,2024,2024-04
701472,2024-05-15,C101834,Lahore,Online,Kurtas,Cotton Kurta,1,2010,1070,20,COD,No,1608.0,538.0,2024,2024-05
700076,2023-10-24,C100392,Islamabad,Store,Jackets,Hooded Jacket,3,4730,2190,0,Card,No,14190.0,7620.0,2023,2023-10
703983,2024-06-15,C101161,Rawalpindi,Store,T-Shirts,Classic Cotton Tee,2,1190,710,10,Bank Transfer,No,2142.0,722.0,2024,2024-06
704301,2024-08-01,C101761,Lahore,Online,Jeans,Ripped Jeans,1,3750,1930,0,Card,No,3750.0,1820.0,2024,2024-08
702628,2024-12-30,C101162,Multan,Online,Jackets,Hooded Jacket,3,4980,2350,20,Bank Transfer,No,11952.0,4902.0,2024,2024-12
701992,2025-05-16,C100828,Multan,Store,Jeans,Straight Leg Jeans,3,3110,1720,0,Card,No,9330.0,4170.0,2025,2025-05
701141,2024-04-18,C100124,Lahore,Store,T-Shirts,Classic Cotton Tee,1,1140,660,0,Wallet,No,1140.0,480.0,2024,2024-04
703373,2023-11-03,C102051,Lahore,Store,Accessories,Tote Bag,1,1650,810,20,Card,No,1320.0,510.0,2023,2023-11
700501,2023-07-08,C100323,Islamabad,Store,Jeans,High-Waist Jeans,1,4130,2380,0,COD,No,4130.0,1750.0,2023,2023-07
701168,2024-03-24,C100100,Peshawar,Store,Dresses,Bodycon Dress,2,3780,1750,0,COD,Yes,7560.0,4060.0,2024,2024-03
701020,2023-12-18,C100257,Lahore,Online,Jeans,Straight Leg Jeans,1,3250,1510,20,COD,No,2600.0,1090.0,2023,2023-12
703260,2023-07-30,C101250,Lahore,Online,Shoes,Sandals,1,2700,1300,10,COD,Yes,2430.0,1130.0,2023,2023-07
702468,2025-05-08,C100151,Peshawar,Store,Kurtas,Printed Kurta,1,2310,1260,15,COD,No,1963.5,703.5,2025,2025-05
701128,2025-01-12,C100597,Islamabad,Online,Shoes,Sneakers,2,4430,2410,0,Card,No,8860.0,4040.0,2025,2025-01
701685,2024-11-04,C100712,Faisalabad,Online,T-Shirts,Graphic Print Tee,3,1560,750,10,COD,No,4212.0,1962.0,2024,2024-11
700085,2025-02-14,C101886,Lahore,Online,Jeans,Straight Leg Jeans,1,3050,1850,10,COD,No,2745.0,895.0,2025,2025-02
701546,2025-06-10,C100043,Karachi,Store,Jeans,Ripped Jeans,1,3710,2260,10,Card,No,3339.0,1079.0,2025,2025-06
704224,2025-06-26,C101235,Lahore,Online,Dresses,Bodycon Dress,2,4060,2610,0,COD,No,8120.0,2900.0,2025,2025-06
700058,2025-04-14,C100644,Islamabad,Store,Accessories,Tote Bag,1,1660,1060,0,Card,No,1660.0,600.0,2025,2025-04
701132,2023-12-24,C100270,Lahore,Online,Jeans,Slim Fit Jeans,2,3690,1690,0,Card,No,7380.0,4000.0,2023,2023-12
700261,2025-06-10,C101111,Karachi,Online,T-Shirts,Polo Shirt,1,2180,1400,0,Card,No,2180.0,780.0,2025,2025-06
700725,2024-07-05,C100873,Karachi,Online,T-Shirts,Oversized Tee,2,1730,830,0,COD,No,3460.0,1800.0,2024,2024-07
705143,2025-06-08,C102119,Lahore,Store,Jeans,Straight Leg Jeans,1,3150,1850,0,Card,No,3150.0,1300.0,2025,2025-06
700376,2023-09-26,C101364,Karachi,Online,Dresses,Maxi Dress,1,4500,2370,0,Card,No,4500.0,2130.0,2023,2023-09
701142,2025-05-05,C101225,Peshawar,Store,Dresses,Bodycon Dress,1,3730,2100,0,Wallet,No,3730.0,1630.0,2025,2025-05
704268,2024-03-08,C100423,Lahore,Online,T-Shirts,Polo Shirt,1,2250,1270,0,COD,No,2250.0,980.0,2024,2024-03
701726,2023-09-29,C101390,Peshawar,Online,Shoes,Boots,1,6430,3730,10,COD,No,5787.0,2057.0,2023,2023-09
700876,2025-05-08,C101528,Lahore,Online,T-Shirts,Graphic Print Tee,2,1530,710,10,Card,Yes,2754.0,1334.0,2025,2025-05
704376,2024-10-13,C100763,Lahore,Store,Dresses,Summer Floral Dress,3,3270,1570,10,Card,No,8829.0,4119.0,2024,2024-10
703229,2024-07-29,C101962,Islamabad,Store,T-Shirts,Polo Shirt,1,2290,1480,0,Card,Yes,2290.0,810.0,2024,2024-07
704969,2024-11-04,C101955,Sialkot,Store,Kurtas,Embroidered Kurta,3,2710,1720,0,Card,No,8130.0,2970.0,2024,2024-11
701007,2025-06-17,C100059,Lahore,Store,Accessories,Tote Bag,1,1630,840,15,COD,No,1385.5,545.5,2025,2025-06
702706,2023-07-30,C100787,Karachi,Online,Kurtas,Embroidered Kurta,1,2880,1520,0,Bank Transfer,No,2880.0,1360.0,2023,2023-07
704541,2023-10-17,C100287,Karachi,Store,Dresses,Summer Floral Dress,1,3430,1990,0,Wallet,No,3430.0,1440.0,2023,2023-10
702988,2025-01-13,C100746,Karachi,Online,T-Shirts,Polo Shirt,2,2370,1110,0,Wallet,No,4740.0,2520.0,2025,2025-01
702216,2023-07-10,C102118,Lahore,Store,Dresses,Bodycon Dress,1,3960,2000,0,Card,No,3960.0,1960.0,2023,2023-07
703070,2024-02-25,C102099,Lahore,Store,Kurtas,Printed Kurta,1,2530,1250,0,Wallet,No,2530.0,1280.0,2024,2024-02
703801,2024-10-01,C100226,Lahore,Online,Kurtas,Printed Kurta,1,2310,1380,0,COD,No,2310.0,930.0,2024,2024-10
705187,2025-04-18,C102063,Lahore,Store,Kurtas,Printed Kurta,3,2550,1360,15,Card,No,6502.5,2422.5,2025,2025-04
702343,2024-07-01,C102030,Lahore,Store,Accessories,Sunglasses,1,2130,1010,0,COD,No,2130.0,1120.0,2024,2024-07
701892,2023-09-15,C100910,Faisalabad,Store,Shoes,Boots,2,6200,3430,0,Card,No,12400.0,5540.0,2023,2023-09
704029,2025-04-10,C100151,Peshawar,Online,Jeans,Straight Leg Jeans,2,3300,2140,10,Wallet,No,5940.0,1660.0,2025,2025-04
704713,2024-06-17,C101037,Unknown,Store,Shoes,Loafers,1,5370,3080,0,COD,No,5370.0,2290.0,2024,2024-06
700364,2024-02-23,C101344,Sialkot,Store,Jeans,Straight Leg Jeans,3,3380,2060,0,Bank Transfer,No,10140.0,3960.0,2024,2024-02
700986,2024-06-01,C101217,Islamabad,Online,T-Shirts,Polo Shirt,1,2230,1420,15,COD,Yes,1895.5,475.5,2024,2024-06
704817,2024-10-15,C101018,Lahore,Online,Dresses,Wrap Dress,1,4070,2030,10,Card,Yes,3663.0,1633.0,2024,2024-10
702652,2025-06-26,C102008,Lahore,Online,Jackets,Puffer Jacket,1,7120,4230,0,Card,No,7120.0,2890.0,2025,2025-06
703774,2023-12-12,C101162,Multan,Store,Jackets,Puffer Jacket,1,7080,4060,15,COD,No,6018.0,1958.0,2023,2023-12
700696,2024-02-01,C100048,Rawalpindi,Online,Accessories,Baseball Cap,1,940,510,15,Wallet,No,799.0,289.0,2024,2024-02
704181,2024-07-13,C100926,Lahore,Online,Jackets,Denim Jacket,1,5320,2750,0,COD,No,5320.0,2570.0,2024,2024-07
700337,2025-03-18,C100256,Faisalabad,Store,Accessories,Tote Bag,3,1570,940,0,Card,Yes,4710.0,1890.0,2025,2025-03
701392,2025-01-10,C100027,Lahore,Store,Jeans,Straight Leg Jeans,1,3450,1630,10,Card,No,3105.0,1475.0,2025,2025-01
702348,2023-08-31,C100782,Karachi,Online,Jackets,Denim Jacket,2,5480,3330,0,Card,No,10960.0,4300.0,2023,2023-08
703145,2025-02-19,C102096,Lahore,Store,Jeans,Ripped Jeans,1,3910,1910,0,Wallet,No,3910.0,2000.0,2025,2025-02
704551,2025-05-13,C101766,Unknown,Online,Kurtas,Festive Kurta,1,4020,2400,15,Bank Transfer,No,3417.0,1017.0,2025,2025-05
704670,2024-05-30,C102097,Karachi,Online,Jeans,Ripped Jeans,1,3990,2500,0,Card,No,3990.0,1490.0,2024,2024-05
703338,2024-01-06,C100134,Islamabad,Store,Jackets,Puffer Jacket,2,6500,3280,15,COD,Yes,11050.0,4490.0,2024,2024-01
701849,2024-01-20,C101379,Karachi,Store,Jeans,Straight Leg Jeans,1,3390,1790,10,Card,No,3051.0,1261.0,2024,2024-01
703225,2024-01-20,C101438,Peshawar,Online,Jeans,High-Waist Jeans,1,4210,1980,10,COD,Yes,3789.0,1809.0,2024,2024-01
703308,2024-12-26,C100300,Faisalabad,Store,Shoes,Boots,2,6280,3740,15,COD,Yes,10676.0,3196.0,2024,2024-12
704921,2025-05-11,C100704,Karachi,Online,T-Shirts,Oversized Tee,2,1720,880,0,COD,No,3440.0,1680.0,2025,2025-05
702463,2024-04-06,C100179,Faisalabad,Online,Kurtas,Festive Kurta,1,4460,2320,15,COD,No,3791.0,1471.0,2024,2024-04
704992,2024-06-19,C102091,Multan,Store,Accessories,Tote Bag,2,1690,1010,0,COD,No,3380.0,1360.0,2024,2024-06
702108,2024-02-23,C101652,Lahore,Online,Accessories,Sunglasses,2,2230,1190,10,Card,No,4014.0,1634.0,2024,2024-02
703915,2024-08-18,C101799,Islamabad,Store,Jeans,Ripped Jeans,3,3870,2340,0,Card,No,11610.0,4590.0,2024,2024-08
704868,2024-09-15,C102152,Faisalabad,Store,Jeans,Ripped Jeans,2,3850,2150,15,Wallet,No,6545.0,2245.0,2024,2024-09
703460,2024-10-20,C101313,Lahore,Store,Jeans,Slim Fit Jeans,3,3470,1910,0,Bank Transfer,No,10410.0,4680.0,2024,2024-10
702467,2023-12-28,C101759,Peshawar,Online,Kurtas,Embroidered Kurta,1,2940,1670,10,Bank Transfer,No,2646.0,976.0,2023,2023-12
701310,2025-05-08,C100302,Islamabad,Online,Jeans,Slim Fit Jeans,1,3590,2170,10,Card,No,3231.0,1061.0,2025,2025-05
702965,2023-12-14,C100425,Faisalabad,Store,Dresses,Maxi Dress,1,4490,2890,25,Bank Transfer,No,3367.5,477.5,2023,2023-12
701117,2024-07-18,C100469,Islamabad,Store,Jackets,Denim Jacket,2,5720,3230,10,Card,No,10296.0,3836.0,2024,2024-07
700011,2023-09-07,C100863,Islamabad,Store,Dresses,Bodycon Dress,1,3910,2250,0,Bank Transfer,No,3910.0,1660.0,2023,2023-09
704338,2023-11-14,C100249,Karachi,Online,Shoes,Loafers,1,5480,3390,25,Wallet,No,4110.0,720.0,2023,2023-11
705102,2025-05-12,C100701,Karachi,Online,Dresses,Bodycon Dress,1,3860,1900,10,Wallet,No,3474.0,1574.0,2025,2025-05
701770,2025-01-04,C100563,Unknown,Store,Jackets,Denim Jacket,2,5590,2800,0,Bank Transfer,No,11180.0,5580.0,2025,2025-01
701317,2023-11-16,C101700,Peshawar,Online,Jeans,High-Waist Jeans,3,4240,1930,25,Card,No,9540.0,3750.0,2023,2023-11
700268,2025-01-14,C101731,Lahore,Store,Accessories,Sunglasses,1,2110,1230,0,COD,No,2110.0,880.0,2025,2025-01
700575,2023-12-31,C100181,Peshawar,Online,T-Shirts,Oversized Tee,1,1860,1050,25,Bank Transfer,No,1395.0,345.0,2023,2023-12
703900,2024-01-12,C102167,Karachi,Store,Kurtas,Embroidered Kurta,1,2990,1450,0,COD,No,2990.0,1540.0,2024,2024-01
701601,2024-07-30,C100869,Lahore,Online,Kurtas,Cotton Kurta,2,1830,960,10,Card,No,3294.0,1374.0,2024,2024-07
701090,2023-12-25,C102096,Lahore,Store,Jackets,Bomber Jacket,1,5570,2900,20,Wallet,No,4456.0,1556.0,2023,2023-12
703795,2024-05-23,C100968,Islamabad,Online,Jeans,High-Waist Jeans,1,4530,2740,20,Card,No,3624.0,884.0,2024,2024-05
703660,2024-10-29,C101002,Lahore,Store,Accessories,Tote Bag,1,1720,1060,0,Card,No,1720.0,660.0,2024,2024-10
701653,2024-10-31,C100541,Islamabad,Online,Jeans,Ripped Jeans,2,3990,2380,0,COD,Yes,7980.0,3220.0,2024,2024-10
702533,2023-12-23,C100962,Lahore,Store,T-Shirts,Polo Shirt,1,2180,1330,0,Card,No,2180.0,850.0,2023,2023-12
703092,2023-07-14,C101448,Islamabad,Store,Kurtas,Festive Kurta,3,4410,2590,10,COD,No,11907.0,4137.0,2023,2023-07
704082,2023-09-05,C101039,Lahore,Online,Kurtas,Cotton Kurta,2,1940,1150,0,COD,No,3880.0,1580.0,2023,2023-09
700068,2023-12-20,C101720,Lahore,Online,Dresses,Maxi Dress,1,4660,2510,10,Card,No,4194.0,1684.0,2023,2023-12
702700,2025-06-29,C101755,Islamabad,Online,Accessories,Tote Bag,1,1630,1050,0,COD,No,1630.0,580.0,2025,2025-06
701113,2023-07-25,C101297,Lahore,Store,Kurtas,Festive Kurta,1,4110,1860,0,COD,Yes,4110.0,2250.0,2023,2023-07
702636,2025-03-06,C100772,Islamabad,Store,Dresses,Wrap Dress,1,4150,2100,0,COD,Yes,4150.0,2050.0,2025,2025-03
701489,2023-09-08,C102160,Karachi,Store,Accessories,Sunglasses,3,2270,1090,0,COD,No,6810.0,3540.0,2023,2023-09
700529,2024-08-03,C101995,Faisalabad,Online,Accessories,Sunglasses,1,2300,1260,0,Wallet,No,2300.0,1040.0,2024,2024-08
703364,2025-02-14,C101596,Lahore,Store,Accessories,Baseball Cap,1,880,430,0,COD,No,880.0,450.0,2025,2025-02
701382,2025-06-08,C101799,Islamabad,Online,T-Shirts,Polo Shirt,2,2280,1090,0,Card,No,4560.0,2380.0,2025,2025-06
704114,2024-11-10,C102052,Karachi,Online,Jackets,Puffer Jacket,1,6560,3540,10,COD,No,5904.0,2364.0,2024,2024-11
701083,2024-08-31,C100210,Rawalpindi,Online,T-Shirts,Polo Shirt,1,2360,1260,0,Card,Yes,2360.0,1100.0,2024,2024-08
700074,2023-08-03,C101947,Peshawar,Online,Shoes,Boots,1,6580,3250,0,Card,No,6580.0,3330.0,2023,2023-08
700781,2025-02-12,C100535,Lahore,Online,Shoes,Sneakers,2,4640,2470,0,Card,No,9280.0,4340.0,2025,2025-02
703157,2023-07-18,C100285,Karachi,Online,Shoes,Sneakers,2,4760,2840,0,Wallet,No,9520.0,3840.0,2023,2023-07
703538,2025-01-25,C100133,Karachi,Online,Accessories,Leather Belt,1,1200,650,15,Wallet,Yes,1020.0,370.0,2025,2025-01
702669,2024-12-03,C101019,Karachi,Store,Dresses,Maxi Dress,1,4800,2440,0,Card,No,4800.0,2360.0,2024,2024-12
701065,2024-10-26,C102199,Rawalpindi,Store,Jeans,High-Waist Jeans,1,4320,2490,0,Wallet,No,4320.0,1830.0,2024,2024-10
701119,2023-07-31,C101731,Lahore,Store,Accessories,Leather Belt,1,1280,710,0,Bank Transfer,No,1280.0,570.0,2023,2023-07
704827,2025-04-04,C101088,Karachi,Store,T-Shirts,Polo Shirt,1,2280,1230,15,COD,No,1938.0,708.0,2025,2025-04
703449,2023-07-22,C100171,Islamabad,Online,Shoes,Sneakers,1,4780,2890,0,COD,No,4780.0,1890.0,2023,2023-07
701757,2023-07-13,C101043,Rawalpindi,Store,Kurtas,Festive Kurta,2,4140,2400,0,Card,No,8280.0,3480.0,2023,2023-07
700296,2023-08-18,C101590,Lahore,Online,Dresses,Wrap Dress,2,4170,2180,0,COD,No,8340.0,3980.0,2023,2023-08
704987,2024-09-05,C100463,Karachi,Online,Accessories,Tote Bag,1,1600,900,0,Card,No,1600.0,700.0,2024,2024-09
702132,2025-03-09,C102062,Islamabad,Online,Jeans,Straight Leg Jeans,3,3370,2190,0,COD,No,10110.0,3540.0,2025,2025-03
703048,2024-07-16,C100981,Faisalabad,Store,T-Shirts,Oversized Tee,1,1800,860,0,COD,Yes,1800.0,940.0,2024,2024-07
701608,2024-03-18,C101345,Islamabad,Online,T-Shirts,Classic Cotton Tee,1,1290,760,0,Wallet,No,1290.0,530.0,2024,2024-03
702271,2024-07-25,C101342,Karachi,Store,Kurtas,Printed Kurta,1,2320,1250,0,Card,No,2320.0,1070.0,2024,2024-07
700277,2024-11-25,C100643,Lahore,Online,Jeans,Slim Fit Jeans,2,3460,2080,30,Card,No,4844.0,684.0,2024,2024-11
702908,2023-09-04,C101660,Lahore,Store,Dresses,Bodycon Dress,1,3960,2150,10,Card,No,3564.0,1414.0,2023,2023-09
702910,2024-04-16,C101324,Karachi,Online,Shoes,Sandals,1,2660,1320,0,Unknown,No,2660.0,1340.0,2024,2024-04
702760,2023-09-14,C100342,Faisalabad,Online,Jackets,Puffer Jacket,2,6630,3360,10,Card,No,11934.0,5214.0,2023,2023-09
700024,2024-06-02,C101808,Karachi,Store,Dresses,Wrap Dress,2,4240,2560,0,Wallet,No,8480.0,3360.0,2024,2024-06
703883,2025-04-01,C101990,Lahore,Online,Dresses,Wrap Dress,1,4150,2140,0,COD,No,4150.0,2010.0,2025,2025-04
702370,2024-08-09,C101038,Karachi,Online,Jeans,Straight Leg Jeans,3,3040,1900,15,Wallet,Yes,7752.0,2052.0,2024,2024-08
700866,2024-02-16,C100740,Lahore,Online,Shoes,Loafers,3,4950,2320,0,Card,No,14850.0,7890.0,2024,2024-02
704483,2023-11-02,C100335,Islamabad,Online,Jackets,Hooded Jacket,2,4610,2200,15,Card,No,7837.0,3437.0,2023,2023-11
704119,2024-06-12,C101663,Lahore,Store,Accessories,Sunglasses,1,2350,1160,0,Wallet,No,2350.0,1190.0,2024,2024-06
702081,2025-04-18,C102072,Karachi,Store,T-Shirts,Classic Cotton Tee,3,1140,570,15,COD,No,2907.0,1197.0,2025,2025-04
702024,2024-11-15,C101574,Lahore,Store,Dresses,Maxi Dress,1,4290,1950,20,Card,No,3432.0,1482.0,2024,2024-11
705119,2023-12-12,C101592,Sialkot,Online,Jackets,Puffer Jacket,1,7000,3870,0,COD,No,7000.0,3130.0,2023,2023-12
703425,2023-12-10,C101578,Unknown,Online,T-Shirts,Classic Cotton Tee,1,1200,670,25,COD,No,900.0,230.0,2023,2023-12
705038,2024-01-16,C102099,Lahore,Store,Shoes,Sneakers,2,4660,2220,0,Bank Transfer,No,9320.0,4880.0,2024,2024-01
703541,2024-03-21,C101262,Karachi,Online,Jeans,Straight Leg Jeans,3,3370,1680,0,Card,No,10110.0,5070.0,2024,2024-03
700758,2023-11-26,C100731,Lahore,Store,Shoes,Sandals,1,2660,1450,15,COD,No,2261.0,811.0,2023,2023-11
704247,2024-02-09,C101514,Peshawar,Store,Shoes,Loafers,3,5390,2970,0,Unknown,No,16170.0,7260.0,2024,2024-02
701429,2024-10-13,C101815,Islamabad,Store,Jackets,Puffer Jacket,2,6610,4120,0,COD,No,13220.0,4980.0,2024,2024-10
701632,2023-11-08,C101212,Islamabad,Store,T-Shirts,Graphic Print Tee,1,1490,940,10,Card,No,1341.0,401.0,2023,2023-11
700110,2024-04-10,C100869,Lahore,Online,Jeans,Ripped Jeans,1,3980,1890,15,Card,No,3383.0,1493.0,2024,2024-04
704902,2024-06-12,C100019,Islamabad,Online,T-Shirts,Oversized Tee,1,1780,830,0,Card,No,1780.0,950.0,2024,2024-06
704406,2023-09-10,C101347,Karachi,Online,Jeans,High-Waist Jeans,1,4100,1990,10,Card,No,3690.0,1700.0,2023,2023-09
702247,2025-02-05,C101210,Faisalabad,Online,Jackets,Denim Jacket,1,5290,3340,0,Wallet,No,5290.0,1950.0,2025,2025-02
704276,2024-01-02,C102058,Lahore,Online,Jackets,Hooded Jacket,1,4720,2190,0,COD,No,4720.0,2530.0,2024,2024-01
700937,2024-11-02,C100659,Karachi,Online,Jackets,Puffer Jacket,3,6650,3960,0,Card,No,19950.0,8070.0,2024,2024-11
702540,2024-04-20,C100055,Faisalabad,Store,Shoes,Sneakers,1,4710,2790,0,COD,No,4710.0,1920.0,2024,2024-04
703552,2024-11-23,C101817,Karachi,Online,Kurtas,Festive Kurta,1,4240,2090,30,Card,No,2968.0,878.0,2024,2024-11
705114,2023-08-07,C100345,Faisalabad,Store,Jeans,High-Waist Jeans,2,4110,2210,10,COD,No,7398.0,2978.0,2023,2023-08
704493,2024-03-02,C102134,Islamabad,Store,Dresses,Maxi Dress,1,4750,2300,0,Bank Transfer,No,4750.0,2450.0,2024,2024-03
701121,2023-09-19,C101069,Karachi,Store,Jackets,Hooded Jacket,1,5160,3290,0,Wallet,No,5160.0,1870.0,2023,2023-09
702849,2024-12-13,C101347,Karachi,Online,Dresses,Maxi Dress,1,4820,3100,10,COD,No,4338.0,1238.0,2024,2024-12
704123,2024-02-26,C100152,Lahore,Online,Jackets,Denim Jacket,2,5300,3420,10,COD,No,9540.0,2700.0,2024,2024-02
703454,2023-07-26,C100680,Lahore,Store,Dresses,Summer Floral Dress,3,3150,1830,0,Wallet,No,9450.0,3960.0,2023,2023-07
701526,2024-03-06,C101593,Karachi,Online,Jeans,Slim Fit Jeans,1,3530,1850,0,COD,No,3530.0,1680.0,2024,2024-03
701901,2024-08-01,C100708,Karachi,Online,Kurtas,Embroidered Kurta,2,2920,1410,0,Wallet,No,5840.0,3020.0,2024,2024-08
702479,2024-02-22,C102115,Peshawar,Store,Jeans,Straight Leg Jeans,2,3320,1890,0,COD,No,6640.0,2860.0,2024,2024-02
700719,2025-04-01,C101078,Islamabad,Online,Kurtas,Festive Kurta,2,4310,2030,20,Bank Transfer,No,6896.0,2836.0,2025,2025-04
703060,2024-06-28,C100701,Karachi,Online,T-Shirts,Graphic Print Tee,2,1450,680,0,Card,No,2900.0,1540.0,2024,2024-06
700198,2025-05-23,C100769,Islamabad,Store,Accessories,Leather Belt,3,1230,570,0,COD,No,3690.0,1980.0,2025,2025-05
701005,2023-11-07,C101212,Islamabad,Store,Accessories,Sunglasses,1,2260,1220,10,Card,No,2034.0,814.0,2023,2023-11
702598,2024-01-19,C100412,Unknown,Store,Kurtas,Printed Kurta,1,2310,1320,0,Card,No,2310.0,990.0,2024,2024-01
701882,2023-12-27,C100571,Multan,Store,Kurtas,Festive Kurta,1,4390,2390,0,COD,No,4390.0,2000.0,2023,2023-12
702620,2024-01-06,C102157,Karachi,Online,Jeans,Ripped Jeans,1,4030,1810,0,Bank Transfer,No,4030.0,2220.0,2024,2024-01
703211,2024-04-03,C101096,Lahore,Online,Kurtas,Embroidered Kurta,1,2780,1400,0,COD,No,2780.0,1380.0,2024,2024-04
702306,2024-11-08,C100936,Sialkot,Online,Accessories,Baseball Cap,1,930,470,25,COD,No,697.5,227.5,2024,2024-11
704363,2025-01-22,C101245,Karachi,Online,Accessories,Leather Belt,1,1200,760,0,COD,No,1200.0,440.0,2025,2025-01
704316,2024-01-30,C101890,Lahore,Online,T-Shirts,Oversized Tee,1,1930,1170,0,COD,No,1930.0,760.0,2024,2024-01
703009,2024-07-31,C101721,Lahore,Online,Dresses,Wrap Dress,3,4110,2460,0,Card,No,12330.0,4950.0,2024,2024-07
702127,2023-12-21,C100972,Lahore,Store,Jeans,Ripped Jeans,1,4060,2270,0,COD,No,4060.0,1790.0,2023,2023-12
700005,2024-10-05,C100358,Karachi,Online,Dresses,Maxi Dress,1,4650,2270,0,Card,No,4650.0,2380.0,2024,2024-10
700816,2024-08-26,C102055,Karachi,Online,T-Shirts,Graphic Print Tee,1,1550,970,0,COD,No,1550.0,580.0,2024,2024-08
700514,2024-02-25,C101579,Multan,Online,Shoes,Boots,2,6980,3760,15,Card,No,11866.0,4346.0,2024,2024-02
701474,2024-07-11,C101480,Karachi,Online,T-Shirts,Classic Cotton Tee,1,1270,590,10,Card,No,1143.0,553.0,2024,2024-07
702987,2024-10-24,C100179,Faisalabad,Online,Shoes,Loafers,1,5240,3020,0,COD,No,5240.0,2220.0,2024,2024-10
700861,2024-01-22,C101939,Lahore,Online,Jeans,Ripped Jeans,2,3930,2500,0,Bank Transfer,Yes,7860.0,2860.0,2024,2024-01
700064,2024-03-25,C102064,Karachi,Online,Jeans,Ripped Jeans,1,4060,2620,15,Unknown,No,3451.0,831.0,2024,2024-03
701512,2024-03-12,C100848,Lahore,Online,Jeans,High-Waist Jeans,1,4450,2840,0,COD,No,4450.0,1610.0,2024,2024-03
704163,2025-01-28,C100967,Lahore,Online,Shoes,Loafers,3,5000,2700,0,Bank Transfer,No,15000.0,6900.0,2025,2025-01
705078,2023-10-15,C102123,Lahore,Online,Kurtas,Festive Kurta,1,4240,2070,0,COD,No,4240.0,2170.0,2023,2023-10
700652,2025-04-02,C102065,Peshawar,Online,Dresses,Wrap Dress,1,4280,2210,0,Card,No,4280.0,2070.0,2025,2025-04
700526,2023-08-31,C102062,Islamabad,Store,Accessories,Baseball Cap,2,960,490,10,Card,No,1728.0,748.0,2023,2023-08
703174,2024-08-29,C100847,Rawalpindi,Online,T-Shirts,Graphic Print Tee,1,1460,670,0,Bank Transfer,No,1460.0,790.0,2024,2024-08
703999,2023-07-21,C100663,Lahore,Online,Accessories,Leather Belt,1,1270,800,15,COD,No,1079.5,279.5,2023,2023-07
701873,2024-02-04,C101224,Lahore,Store,Accessories,Baseball Cap,2,870,520,0,Card,No,1740.0,700.0,2024,2024-02
703737,2024-09-17,C101890,Lahore,Online,Jeans,Slim Fit Jeans,3,3380,1710,10,COD,No,9126.0,3996.0,2024,2024-09
703797,2024-06-18,C100708,Karachi,Online,T-Shirts,Classic Cotton Tee,1,1150,660,10,Card,No,1035.0,375.0,2024,2024-06
704624,2024-06-15,C100160,Lahore,Online,Dresses,Bodycon Dress,1,3840,1880,0,Card,No,3840.0,1960.0,2024,2024-06
701251,2024-03-17,C100066,Islamabad,Store,Jackets,Denim Jacket,1,5710,2780,15,Wallet,Yes,4853.5,2073.5,2024,2024-03
700718,2024-03-03,C101072,Karachi,Online,Jeans,Slim Fit Jeans,3,3450,1990,0,COD,No,10350.0,4380.0,2024,2024-03
703452,2024-03-05,C100353,Islamabad,Store,Jeans,High-Waist Jeans,1,4530,2890,0,Card,No,4530.0,1640.0,2024,2024-03
702898,2023-11-12,C101179,Lahore,Store,Shoes,Loafers,1,5400,2670,25,COD,No,4050.0,1380.0,2023,2023-11
701721,2025-05-12,C100257,Lahore,Online,Dresses,Bodycon Dress,2,3720,2010,15,Card,No,6324.0,2304.0,2025,2025-05
700059,2025-06-17,C100555,Lahore,Store,Kurtas,Festive Kurta,3,4070,2640,0,Card,No,12210.0,4290.0,2025,2025-06
701807,2024-09-12,C102129,Lahore,Store,Jeans,High-Waist Jeans,1,4360,2700,0,Card,No,4360.0,1660.0,2024,2024-09
703997,2025-05-03,C101653,Lahore,Store,Dresses,Wrap Dress,2,3880,2270,0,Card,Yes,7760.0,3220.0,2025,2025-05
704542,2025-06-08,C101685,Lahore,Store,Dresses,Summer Floral Dress,1,3190,1860,10,COD,No,2871.0,1011.0,2025,2025-06
704688,2024-11-27,C101194,Multan,Online,Dresses,Summer Floral Dress,1,3440,1670,0,COD,Yes,3440.0,1770.0,2024,2024-11
701839,2025-02-09,C100252,Karachi,Store,Kurtas,Printed Kurta,2,2430,1450,10,Card,No,4374.0,1474.0,2025,2025-02
704924,2024-06-28,C102136,Karachi,Store,T-Shirts,Graphic Print Tee,1,1450,700,10,Wallet,No,1305.0,605.0,2024,2024-06
704740,2025-01-22,C101304,Multan,Store,Dresses,Bodycon Dress,2,4060,2010,0,COD,Yes,8120.0,4100.0,2025,2025-01
702290,2024-12-09,C101977,Sialkot,Online,Jackets,Hooded Jacket,1,5150,2590,10,COD,No,4635.0,2045.0,2024,2024-12
700760,2023-07-21,C101993,Lahore,Online,Dresses,Bodycon Dress,1,3920,1920,15,COD,No,3332.0,1412.0,2023,2023-07
704161,2023-11-11,C100878,Islamabad,Store,T-Shirts,Polo Shirt,2,2330,1420,0,Bank Transfer,No,4660.0,1820.0,2023,2023-11
703065,2024-05-01,C102034,Lahore,Online,Jeans,Slim Fit Jeans,3,3440,1890,20,Card,No,8256.0,2586.0,2024,2024-05
700182,2024-08-11,C102046,Karachi,Store,T-Shirts,Classic Cotton Tee,1,1160,720,0,COD,No,1160.0,440.0,2024,2024-08
701378,2024-03-17,C101493,Faisalabad,Store,Jeans,Ripped Jeans,1,3860,2170,0,Wallet,Yes,3860.0,1690.0,2024,2024-03
703435,2023-09-07,C100688,Faisalabad,Online,Accessories,Leather Belt,2,1290,820,0,COD,No,2580.0,940.0,2023,2023-09
703863,2024-12-12,C101137,Karachi,Online,Accessories,Leather Belt,2,1200,560,15,Wallet,No,2040.0,920.0,2024,2024-12
703489,2024-05-07,C101724,Karachi,Online,Dresses,Wrap Dress,1,4190,2190,10,Unknown,No,3771.0,1581.0,2024,2024-05
700252,2023-12-21,C101561,Islamabad,Online,Accessories,Leather Belt,3,1220,580,10,COD,No,3294.0,1554.0,2023,2023-12
703360,2024-12-03,C100001,Karachi,Online,Dresses,Bodycon Dress,1,3920,2400,0,COD,Yes,3920.0,1520.0,2024,2024-12
701513,2025-05-21,C100329,Karachi,Online,Kurtas,Festive Kurta,1,4170,2310,15,Bank Transfer,No,3544.5,1234.5,2025,2025-05
703047,2024-04-10,C100291,Lahore,Online,T-Shirts,Graphic Print Tee,1,1520,720,0,Card,No,1520.0,800.0,2024,2024-04
703180,2025-01-04,C101855,Sialkot,Store,Shoes,Sneakers,1,4520,2470,0,COD,No,4520.0,2050.0,2025,2025-01
703232,2024-08-12,C101721,Lahore,Store,Kurtas,Embroidered Kurta,2,2860,1440,0,Bank Transfer,No,5720.0,2840.0,2024,2024-08
703438,2025-02-16,C100792,Karachi,Online,T-Shirts,Graphic Print Tee,1,1580,710,0,Card,No,1580.0,870.0,2025,2025-02
701273,2025-06-30,C101784,Lahore,Online,Jeans,Straight Leg Jeans,2,3330,1600,0,COD,No,6660.0,3460.0,2025,2025-06
701659,2023-11-27,C101198,Karachi,Store,T-Shirts,Graphic Print Tee,1,1430,790,0,Card,No,1430.0,640.0,2023,2023-11
700239,2025-04-14,C101561,Islamabad,Online,Kurtas,Festive Kurta,1,4070,2350,20,COD,No,3256.0,906.0,2025,2025-04
700764,2024-10-03,C100482,Islamabad,Online,Kurtas,Cotton Kurta,1,1840,830,0,Card,No,1840.0,1010.0,2024,2024-10
702807,2024-09-11,C100902,Lahore,Store,Shoes,Sandals,2,2990,1830,10,Card,No,5382.0,1722.0,2024,2024-09
702233,2025-01-11,C100212,Lahore,Store,Shoes,Loafers,2,5410,3260,0,COD,No,10820.0,4300.0,2025,2025-01
700821,2024-04-24,C102082,Rawalpindi,Online,Jackets,Denim Jacket,1,5380,2960,10,Card,No,4842.0,1882.0,2024,2024-04
701006,2024-03-14,C100484,Lahore,Store,Dresses,Wrap Dress,1,4120,2360,0,Wallet,No,4120.0,1760.0,2024,2024-03
704026,2024-02-02,C100880,Karachi,Online,Jackets,Hooded Jacket,2,4850,2290,0,Wallet,No,9700.0,5120.0,2024,2024-02
701275,2025-05-28,C100252,Karachi,Online,Kurtas,Embroidered Kurta,2,2720,1410,15,Wallet,No,4624.0,1804.0,2025,2025-05
704315,2025-06-28,C102015,Islamabad,Online,Dresses,Maxi Dress,3,4460,2090,0,COD,No,13380.0,7110.0,2025,2025-06
704850,2023-12-18,C100245,Multan,Online,T-Shirts,Classic Cotton Tee,3,1230,620,0,Card,No,3690.0,1830.0,2023,2023-12
702864,2024-11-16,C100916,Lahore,Online,Jeans,Slim Fit Jeans,1,3780,2050,25,COD,No,2835.0,785.0,2024,2024-11
703764,2024-02-01,C100230,Lahore,Online,Shoes,Sneakers,2,4350,2530,0,Wallet,No,8700.0,3640.0,2024,2024-02
700655,2024-03-15,C101461,Islamabad,Store,Kurtas,Festive Kurta,1,4360,2640,10,COD,No,3924.0,1284.0,2024,2024-03
703194,2024-11-20,C102140,Peshawar,Online,Jeans,High-Waist Jeans,1,4500,2900,20,Wallet,No,3600.0,700.0,2024,2024-11
702021,2024-11-14,C101446,Unknown,Online,Jackets,Puffer Jacket,2,6750,4300,25,Bank Transfer,No,10125.0,1525.0,2024,2024-11
703458,2024-02-09,C102153,Faisalabad,Store,Jackets,Hooded Jacket,1,4860,2860,0,COD,No,4860.0,2000.0,2024,2024-02
701456,2025-01-04,C100563,Islamabad,Store,Accessories,Leather Belt,1,1260,680,0,Wallet,No,1260.0,580.0,2025,2025-01
702984,2024-01-31,C101102,Faisalabad,Store,Kurtas,Printed Kurta,1,2480,1420,10,COD,No,2232.0,812.0,2024,2024-01
703852,2024-10-29,C101282,Karachi,Online,T-Shirts,Graphic Print Tee,1,1550,800,0,Wallet,No,1550.0,750.0,2024,2024-10
703248,2024-01-14,C100549,Karachi,Store,Kurtas,Embroidered Kurta,2,2880,1550,0,Bank Transfer,No,5760.0,2660.0,2024,2024-01
704696,2023-12-31,C102142,Faisalabad,Store,Shoes,Boots,1,6930,3430,15,Card,No,5890.5,2460.5,2023,2023-12
700552,2024-12-16,C101679,Islamabad,Online,Dresses,Maxi Dress,1,4660,2670,20,Card,No,3728.0,1058.0,2024,2024-12
703391,2024-10-30,C102140,Peshawar,Online,Kurtas,Cotton Kurta,1,1850,1150,0,COD,No,1850.0,700.0,2024,2024-10
704744,2023-09-06,C100535,Lahore,Store,Shoes,Sneakers,1,4550,2280,0,COD,No,4550.0,2270.0,2023,2023-09
702129,2024-01-01,C100745,Karachi,Store,Jackets,Hooded Jacket,2,4950,2430,0,Bank Transfer,No,9900.0,5040.0,2024,2024-01
702396,2024-04-01,C100294,Multan,Online,Shoes,Boots,2,6660,3290,0,Wallet,No,13320.0,6740.0,2024,2024-04
703874,2025-03-22,C101624,Karachi,Online,Kurtas,Embroidered Kurta,1,2860,1460,0,Bank Transfer,No,2860.0,1400.0,2025,2025-03
701360,2024-12-13,C100513,Karachi,Online,Dresses,Maxi Dress,1,4450,2240,0,COD,No,4450.0,2210.0,2024,2024-12
701414,2024-10-07,C100063,Faisalabad,Store,Jeans,Slim Fit Jeans,2,3460,2160,0,COD,No,6920.0,2600.0,2024,2024-10
705199,2024-03-26,C100587,Karachi,Store,Jackets,Bomber Jacket,2,5260,3310,0,COD,No,10520.0,3900.0,2024,2024-03
700415,2023-09-22,C101486,Sialkot,Online,Shoes,Loafers,3,5090,3260,0,Card,No,15270.0,5490.0,2023,2023-09
704714,2023-10-19,C100216,Lahore,Store,Kurtas,Festive Kurta,3,4190,1900,0,COD,No,12570.0,6870.0,2023,2023-10
700099,2024-01-08,C100514,Karachi,Online,Jeans,Straight Leg Jeans,1,3200,1870,0,COD,No,3200.0,1330.0,2024,2024-01
700603,2024-01-25,C101492,Rawalpindi,Store,Shoes,Boots,1,6930,3490,0,COD,No,6930.0,3440.0,2024,2024-01
700095,2023-10-30,C102086,Karachi,Online,Kurtas,Festive Kurta,1,4210,2510,0,Bank Transfer,No,4210.0,1700.0,2023,2023-10
703432,2025-06-15,C101269,Karachi,Online,Kurtas,Printed Kurta,1,2560,1220,10,Bank Transfer,No,2304.0,1084.0,2025,2025-06
702521,2023-10-30,C100234,Peshawar,Online,Kurtas,Printed Kurta,3,2450,1490,0,COD,No,7350.0,2880.0,2023,2023-10
701788,2025-02-17,C100228,Islamabad,Store,Shoes,Sneakers,2,4850,2580,15,Card,No,8245.0,3085.0,2025,2025-02
704920,2025-06-20,C100362,Lahore,Store,T-Shirts,Polo Shirt,1,2150,1020,0,Wallet,No,2150.0,1130.0,2025,2025-06
701068,2024-07-01,C100942,Lahore,Store,Accessories,Sunglasses,1,2270,1170,0,COD,No,2270.0,1100.0,2024,2024-07
701289,2025-01-07,C101727,Unknown,Store,Jackets,Hooded Jacket,1,4910,2590,0,Card,No,4910.0,2320.0,2025,2025-01
701399,2024-02-01,C100380,Islamabad,Online,Kurtas,Cotton Kurta,2,1990,940,0,Card,No,3980.0,2100.0,2024,2024-02
701394,2023-07-04,C100294,Multan,Online,Jackets,Bomber Jacket,2,5580,2690,0,Card,No,11160.0,5780.0,2023,2023-07
700214,2025-02-14,C101062,Lahore,Online,Shoes,Sandals,1,2750,1570,15,Card,No,2337.5,767.5,2025,2025-02
702633,2025-01-21,C101126,Islamabad,Online,Accessories,Sunglasses,1,2260,1390,0,Bank Transfer,No,2260.0,870.0,2025,2025-01
700274,2025-01-06,C100801,Unknown,Store,Jeans,High-Waist Jeans,2,4470,2140,0,Bank Transfer,No,8940.0,4660.0,2025,2025-01
702791,2025-04-23,C101161,Rawalpindi,Online,Shoes,Sandals,2,3000,1810,0,Card,No,6000.0,2380.0,2025,2025-04
703127,2023-09-27,C100906,Karachi,Online,Accessories,Sunglasses,1,2120,1220,0,Card,No,2120.0,900.0,2023,2023-09
700985,2024-02-21,C102005,Peshawar,Online,Jeans,High-Waist Jeans,1,4520,2400,0,Card,No,4520.0,2120.0,2024,2024-02
702881,2024-02-27,C101735,Faisalabad,Store,Dresses,Wrap Dress,2,4160,2680,0,COD,No,8320.0,2960.0,2024,2024-02
700865,2023-10-30,C101547,Faisalabad,Online,T-Shirts,Oversized Tee,1,1930,1040,15,Wallet,No,1640.5,600.5,2023,2023-10
701453,2024-04-16,C101472,Lahore,Online,Kurtas,Festive Kurta,1,4010,2040,0,Wallet,No,4010.0,1970.0,2024,2024-04
702779,2024-01-18,C100211,Islamabad,Online,Kurtas,Printed Kurta,1,2290,1380,0,Card,No,2290.0,910.0,2024,2024-01
700165,2024-12-03,C101320,Karachi,Online,Jackets,Bomber Jacket,2,5400,3230,0,Card,No,10800.0,4340.0,2024,2024-12
700457,2024-05-29,C101500,Rawalpindi,Store,T-Shirts,Graphic Print Tee,2,1470,700,0,Unknown,No,2940.0,1540.0,2024,2024-05
700009,2023-09-02,C100179,Faisalabad,Online,Dresses,Bodycon Dress,1,3930,2210,0,COD,No,3930.0,1720.0,2023,2023-09
701518,2025-06-04,C100484,Lahore,Online,T-Shirts,Polo Shirt,2,2170,1300,0,COD,No,4340.0,1740.0,2025,2025-06
701668,2024-12-09,C101809,Lahore,Online,Jeans,High-Waist Jeans,2,4340,2690,30,Bank Transfer,No,6076.0,696.0,2024,2024-12
700365,2024-09-03,C101320,Karachi,Store,Kurtas,Embroidered Kurta,3,3020,1580,0,Wallet,No,9060.0,4320.0,2024,2024-09
703721,2023-08-12,C100993,Lahore,Online,Dresses,Maxi Dress,2,4720,3010,10,Wallet,No,8496.0,2476.0,2023,2023-08
701664,2025-03-28,C100274,Rawalpindi,Store,Shoes,Sandals,1,2770,1690,0,Card,No,2770.0,1080.0,2025,2025-03
703319,2025-02-04,C100262,Karachi,Store,Jackets,Puffer Jacket,2,7250,3670,0,COD,No,14500.0,7160.0,2025,2025-02
700602,2024-08-12,C100450,Lahore,Store,Dresses,Summer Floral Dress,2,3100,1470,0,Card,No,6200.0,3260.0,2024,2024-08
704132,2024-09-21,C101043,Rawalpindi,Online,Jeans,Straight Leg Jeans,2,3330,1550,0,COD,No,6660.0,3560.0,2024,2024-09
703339,2024-10-28,C102125,Karachi,Online,Dresses,Bodycon Dress,1,3850,1820,10,COD,No,3465.0,1645.0,2024,2024-10
703569,2024-03-25,C100230,Lahore,Online,Jackets,Bomber Jacket,1,5560,3000,0,COD,No,5560.0,2560.0,2024,2024-03
704223,2023-08-12,C101608,Karachi,Store,Dresses,Wrap Dress,2,3850,2150,0,Card,No,7700.0,3400.0,2023,2023-08
704675,2025-02-24,C100346,Sialkot,Online,Shoes,Boots,1,6440,4050,10,COD,No,5796.0,1746.0,2025,2025-02
704137,2024-02-04,C100800,Faisalabad,Online,Jackets,Bomber Jacket,2,5190,3200,0,COD,No,10380.0,3980.0,2024,2024-02
701572,2024-09-07,C101422,Karachi,Store,Jeans,High-Waist Jeans,1,4160,1900,0,Wallet,No,4160.0,2260.0,2024,2024-09
702308,2023-11-13,C100431,Faisalabad,Online,Kurtas,Embroidered Kurta,1,2690,1320,20,Card,No,2152.0,832.0,2023,2023-11
704042,2024-10-26,C100774,Lahore,Online,Jeans,Slim Fit Jeans,1,3760,1760,0,COD,No,3760.0,2000.0,2024,2024-10
701177,2024-05-20,C101612,Faisalabad,Store,Shoes,Loafers,1,5200,3370,15,Card,No,4420.0,1050.0,2024,2024-05
704511,2024-04-17,C100726,Lahore,Online,Shoes,Boots,2,6390,3660,0,COD,No,12780.0,5460.0,2024,2024-04
704203,2024-12-08,C100379,Rawalpindi,Store,Accessories,Baseball Cap,1,870,490,15,COD,No,739.5,249.5,2024,2024-12
704635,2025-01-31,C100817,Islamabad,Store,Jeans,Ripped Jeans,3,3710,2080,0,Unknown,No,11130.0,4890.0,2025,2025-01
701968,2024-08-06,C101262,Karachi,Online,Dresses,Wrap Dress,2,3820,1960,0,COD,No,7640.0,3720.0,2024,2024-08
700482,2025-02-07,C100330,Faisalabad,Store,Accessories,Sunglasses,3,2240,1450,10,Card,No,6048.0,1698.0,2025,2025-02
704557,2023-08-27,C100472,Lahore,Store,Shoes,Sneakers,1,4580,2820,10,COD,No,4122.0,1302.0,2023,2023-08
702044,2024-05-18,C101693,Faisalabad,Online,T-Shirts,Graphic Print Tee,1,1610,840,15,COD,No,1368.5,528.5,2024,2024-05
702746,2025-02-13,C101345,Islamabad,Store,Jackets,Denim Jacket,2,5310,2940,0,Wallet,No,10620.0,4740.0,2025,2025-02
702873,2025-04-03,C100369,Peshawar,Online,Kurtas,Embroidered Kurta,1,2850,1520,0,Wallet,No,2850.0,1330.0,2025,2025-04
704153,2024-12-11,C101859,Karachi,Online,Kurtas,Printed Kurta,1,2420,1470,20,COD,No,1936.0,466.0,2024,2024-12
703483,2023-09-20,C100396,Multan,Online,Kurtas,Embroidered Kurta,1,2810,1810,0,Card,No,2810.0,1000.0,2023,2023-09
702925,2025-03-28,C100867,Faisalabad,Online,Accessories,Tote Bag,1,1550,850,0,COD,No,1550.0,700.0,2025,2025-03
702582,2024-05-27,C100986,Karachi,Online,Accessories,Sunglasses,1,2170,1370,0,COD,No,2170.0,800.0,2024,2024-05
702365,2023-09-20,C101002,Lahore,Store,Dresses,Wrap Dress,1,3870,2040,15,Card,No,3289.5,1249.5,2023,2023-09
704238,2025-06-11,C100428,Lahore,Store,Kurtas,Embroidered Kurta,2,3010,1600,0,Wallet,No,6020.0,2820.0,2025,2025-06
704132,2024-09-21,C101043,Rawalpindi,Online,Kurtas,Cotton Kurta,1,1950,1010,10,COD,No,1755.0,745.0,2024,2024-09
700632,2024-03-26,C100452,Rawalpindi,Online,Kurtas,Printed Kurta,2,2360,1090,15,COD,No,4012.0,1832.0,2024,2024-03
704201,2025-03-04,C101209,Karachi,Store,Shoes,Loafers,2,5050,2300,0,Card,No,10100.0,5500.0,2025,2025-03
702714,2024-05-01,C100553,Peshawar,Online,Accessories,Baseball Cap,1,870,470,0,COD,No,870.0,400.0,2024,2024-05
700413,2025-02-25,C100591,Unknown,Store,Shoes,Boots,3,6550,3070,0,Card,Yes,19650.0,10440.0,2025,2025-02
704928,2025-06-19,C100013,Multan,Store,Kurtas,Cotton Kurta,1,1870,1080,0,COD,Yes,1870.0,790.0,2025,2025-06
700805,2023-08-10,C100408,Lahore,Store,Accessories,Tote Bag,1,1650,780,0,Bank Transfer,No,1650.0,870.0,2023,2023-08
701838,2024-04-22,C101701,Sialkot,Online,Accessories,Baseball Cap,1,900,520,0,Card,No,900.0,380.0,2024,2024-04
700001,2025-04-16,C100898,Lahore,Online,Accessories,Sunglasses,2,2180,1260,15,COD,No,3706.0,1186.0,2025,2025-04
701206,2024-11-05,C100051,Lahore,Online,T-Shirts,Oversized Tee,1,1840,1080,0,Card,No,1840.0,760.0,2024,2024-11
703704,2024-11-06,C100916,Lahore,Store,Accessories,Tote Bag,3,1670,840,20,COD,No,4008.0,1488.0,2024,2024-11
703962,2024-07-25,C101279,Islamabad,Online,Accessories,Tote Bag,2,1650,820,0,Wallet,No,3300.0,1660.0,2024,2024-07
700839,2024-06-22,C101194,Multan,Online,Accessories,Tote Bag,1,1540,790,0,Bank Transfer,No,1540.0,750.0,2024,2024-06
704077,2025-01-09,C100936,Sialkot,Online,Jackets,Puffer Jacket,3,6530,3070,0,Card,No,19590.0,10380.0,2025,2025-01
701832,2023-08-31,C101575,Lahore,Online,Jeans,Ripped Jeans,1,4050,2230,15,Card,No,3442.5,1212.5,2023,2023-08
704462,2024-10-11,C100226,Lahore,Store,Jeans,Straight Leg Jeans,1,3040,1660,10,Card,Yes,2736.0,1076.0,2024,2024-10
704230,2025-02-01,C100184,Faisalabad,Online,Dresses,Summer Floral Dress,1,3240,1960,0,Card,No,3240.0,1280.0,2025,2025-02
701902,2023-09-18,C102166,Peshawar,Store,Dresses,Wrap Dress,1,4240,2000,15,Wallet,No,3604.0,1604.0,2023,2023-09
702530,2024-11-30,C100688,Faisalabad,Store,Jackets,Puffer Jacket,1,7090,3970,20,COD,No,5672.0,1702.0,2024,2024-11
701288,2023-11-19,C101845,Islamabad,Store,Accessories,Leather Belt,1,1270,650,30,COD,No,889.0,239.0,2023,2023-11
702654,2025-03-27,C101922,Karachi,Online,Jeans,High-Waist Jeans,1,4190,2710,0,Bank Transfer,Yes,4190.0,1480.0,2025,2025-03
702013,2023-08-23,C102157,Karachi,Online,T-Shirts,Polo Shirt,1,2250,1160,0,Card,No,2250.0,1090.0,2023,2023-08
702871,2024-05-11,C102018,Islamabad,Store,Jackets,Hooded Jacket,2,4910,2260,10,COD,No,8838.0,4318.0,2024,2024-05
702781,2025-03-02,C102020,Rawalpindi,Store,Kurtas,Embroidered Kurta,1,2780,1360,0,Card,No,2780.0,1420.0,2025,2025-03
702045,2024-05-05,C100877,Karachi,Online,T-Shirts,Oversized Tee,2,1780,850,20,COD,No,2848.0,1148.0,2024,2024-05
702847,2024-04-19,C100016,Islamabad,Store,T-Shirts,Oversized Tee,1,1770,1080,10,Card,No,1593.0,513.0,2024,2024-04
705133,2023-08-12,C101728,Lahore,Store,Jackets,Hooded Jacket,1,5060,2580,0,COD,No,5060.0,2480.0,2023,2023-08
700581,2024-04-22,C102064,Karachi,Online,Kurtas,Cotton Kurta,3,1930,910,15,COD,Yes,4921.5,2191.5,2024,2024-04
701482,2024-09-30,C101191,Karachi,Online,Jeans,Straight Leg Jeans,2,3220,1690,0,Bank Transfer,No,6440.0,3060.0,2024,2024-09
703773,2023-12-02,C100173,Peshawar,Store,Dresses,Wrap Dress,1,4260,2470,10,Card,No,3834.0,1364.0,2023,2023-12
703017,2024-06-15,C101496,Multan,Online,Shoes,Boots,2,6750,3730,15,Card,No,11475.0,4015.0,2024,2024-06
704883,2024-08-21,C102049,Karachi,Store,Jeans,High-Waist Jeans,2,4220,2570,0,Card,No,8440.0,3300.0,2024,2024-08
700684,2023-10-31,C101469,Lahore,Online,Accessories,Tote Bag,2,1530,990,10,Card,No,2754.0,774.0,2023,2023-10
702182,2025-04-11,C100474,Karachi,Online,T-Shirts,Classic Cotton Tee,3,1240,690,15,Bank Transfer,No,3162.0,1092.0,2025,2025-04
700703,2025-03-14,C101123,Lahore,Online,T-Shirts,Classic Cotton Tee,2,1160,710,10,Card,No,2088.0,668.0,2025,2025-03
704966,2025-02-17,C100187,Lahore,Online,Jackets,Hooded Jacket,3,5110,3210,0,COD,No,15330.0,5700.0,2025,2025-02
704814,2024-01-31,C101303,Lahore,Store,Jeans,Ripped Jeans,1,4090,2360,0,Wallet,No,4090.0,1730.0,2024,2024-01
702363,2025-03-03,C101492,Rawalpindi,Store,Dresses,Wrap Dress,3,3980,2170,15,Card,No,10149.0,3639.0,2025,2025-03
704058,2024-10-19,C101220,Lahore,Store,T-Shirts,Graphic Print Tee,1,1610,940,0,COD,No,1610.0,670.0,2024,2024-10
704087,2024-08-28,C102141,Karachi,Store,Dresses,Maxi Dress,1,4830,2250,0,Card,Yes,4830.0,2580.0,2024,2024-08
700221,2023-12-11,C101717,Islamabad,Online,Accessories,Sunglasses,2,2350,1310,15,COD,No,3995.0,1375.0,2023,2023-12
703393,2023-12-11,C102029,Islamabad,Store,Jackets,Hooded Jacket,3,5030,3260,20,Wallet,No,12072.0,2292.0,2023,2023-12
700542,2025-04-06,C102109,Lahore,Store,Accessories,Baseball Cap,1,890,580,10,COD,No,801.0,221.0,2025,2025-04
701639,2025-03-04,C101074,Multan,Store,Shoes,Sneakers,1,4830,2430,0,Bank Transfer,No,4830.0,2400.0,2025,2025-03
700105,2024-04-27,C100575,Islamabad,Store,Accessories,Baseball Cap,2,880,430,20,Card,No,1408.0,548.0,2024,2024-04
704777,2024-05-22,C100521,Karachi,Store,T-Shirts,Classic Cotton Tee,3,1200,760,15,COD,No,3060.0,780.0,2024,2024-05
704386,2023-10-28,C100423,Lahore,Online,Jeans,High-Waist Jeans,2,4270,2310,10,Unknown,No,7686.0,3066.0,2023,2023-10
702209,2024-03-02,C100521,Karachi,Store,Jackets,Puffer Jacket,1,7220,3480,10,Bank Transfer,No,6498.0,3018.0,2024,2024-03
702876,2023-12-07,C101362,Islamabad,Store,T-Shirts,Classic Cotton Tee,2,1260,740,15,COD,No,2142.0,662.0,2023,2023-12
701369,2023-09-17,C101074,Multan,Store,Jackets,Bomber Jacket,2,4960,2810,0,COD,No,9920.0,4300.0,2023,2023-09
701533,2025-05-08,C101062,Lahore,Store,Shoes,Sandals,3,2850,1720,0,COD,No,8550.0,3390.0,2025,2025-05
700755,2025-02-21,C100513,Karachi,Online,Shoes,Sandals,2,2850,1320,0,COD,No,5700.0,3060.0,2025,2025-02
704405,2024-03-27,C100007,Faisalabad,Store,T-Shirts,Oversized Tee,2,1810,840,0,Wallet,No,3620.0,1940.0,2024,2024-03
701931,2023-10-19,C101624,Karachi,Online,Jeans,Slim Fit Jeans,1,3660,2160,0,Bank Transfer,No,3660.0,1500.0,2023,2023-10
702016,2024-05-31,C101291,Rawalpindi,Store,Kurtas,Embroidered Kurta,1,2920,1870,10,COD,Yes,2628.0,758.0,2024,2024-05
701665,2025-05-14,C100037,Karachi,Online,Dresses,Summer Floral Dress,1,3140,1720,15,Wallet,No,2669.0,949.0,2025,2025-05
702816,2025-02-09,C100801,Karachi,Online,T-Shirts,Graphic Print Tee,3,1590,1000,15,Bank Transfer,No,4054.5,1054.5,2025,2025-02
700793,2024-05-30,C101001,Karachi,Online,T-Shirts,Graphic Print Tee,3,1620,770,15,Wallet,No,4131.0,1821.0,2024,2024-05
704109,2025-02-13,C100805,Lahore,Online,Jeans,Slim Fit Jeans,1,3490,1660,0,COD,No,3490.0,1830.0,2025,2025-02
700691,2024-03-17,C100680,Lahore,Online,Kurtas,Festive Kurta,3,4340,2510,10,Card,No,11718.0,4188.0,2024,2024-03
702539,2025-06-01,C100098,Lahore,Online,Dresses,Summer Floral Dress,2,3420,2060,10,Bank Transfer,No,6156.0,2036.0,2025,2025-06
700166,2025-04-06,C100430,Peshawar,Online,Shoes,Sneakers,1,4520,2630,10,Card,Yes,4068.0,1438.0,2025,2025-04
700491,2025-01-07,C100362,Lahore,Online,Accessories,Leather Belt,1,1230,580,0,Card,No,1230.0,650.0,2025,2025-01
705168,2023-08-27,C100369,Peshawar,Store,Shoes,Sandals,1,2680,1320,0,COD,No,2680.0,1360.0,2023,2023-08
701773,2023-12-15,C101064,Unknown,Online,Jeans,Straight Leg Jeans,1,3290,1840,30,Bank Transfer,No,2303.0,463.0,2023,2023-12
703267,2024-03-04,C100080,Rawalpindi,Online,Accessories,Leather Belt,2,1280,790,10,Card,No,2304.0,724.0,2024,2024-03
702794,2023-11-19,C101436,Lahore,Online,Jackets,Puffer Jacket,2,7240,3700,15,Card,No,12308.0,4908.0,2023,2023-11
705137,2024-08-22,C101390,Peshawar,Online,T-Shirts,Polo Shirt,1,2340,1470,0,Card,No,2340.0,870.0,2024,2024-08
701055,2024-03-31,C101400,Karachi,Online,Kurtas,Printed Kurta,1,2540,1290,15,Card,No,2159.0,869.0,2024,2024-03
703061,2025-05-05,C100686,Karachi,Store,Kurtas,Printed Kurta,1,2340,1080,0,Bank Transfer,No,2340.0,1260.0,2025,2025-05
700810,2023-11-19,C101706,Lahore,Online,Accessories,Baseball Cap,1,910,430,20,Card,No,728.0,298.0,2023,2023-11
702774,2023-09-13,C100780,Lahore,Online,Dresses,Bodycon Dress,2,3740,1990,0,COD,No,7480.0,3500.0,2023,2023-09
702044,2024-05-18,C101693,Faisalabad,Online,Jeans,Slim Fit Jeans,1,3360,1560,0,COD,No,3360.0,1800.0,2024,2024-05
703286,2023-11-06,C100652,Rawalpindi,Online,Jackets,Puffer Jacket,2,7200,3420,15,Card,No,12240.0,5400.0,2023,2023-11
701308,2024-12-10,C100180,Peshawar,Online,Jackets,Denim Jacket,1,5880,3340,0,COD,No,5880.0,2540.0,2024,2024-12
701043,2025-06-19,C101684,Lahore,Online,T-Shirts,Classic Cotton Tee,3,1160,750,0,Card,No,3480.0,1230.0,2025,2025-06
701458,2023-08-08,C100220,Karachi,Store,Accessories,Tote Bag,2,1570,1010,0,Wallet,No,3140.0,1120.0,2023,2023-08
701703,2023-12-25,C102020,Rawalpindi,Online,Jeans,Slim Fit Jeans,1,3760,2240,15,Card,No,3196.0,956.0,2023,2023-12
703394,2025-06-16,C100410,Rawalpindi,Online,Jeans,Straight Leg Jeans,1,3110,1980,0,COD,Yes,3110.0,1130.0,2025,2025-06
704457,2025-01-18,C100409,Sialkot,Online,Accessories,Leather Belt,1,1150,720,0,Card,No,1150.0,430.0,2025,2025-01
703933,2024-01-01,C101014,Karachi,Store,Dresses,Bodycon Dress,1,3770,2300,0,Wallet,No,3770.0,1470.0,2024,2024-01
703641,2025-03-20,C102132,Sialkot,Online,Jeans,High-Waist Jeans,1,4000,2370,0,Card,No,4000.0,1630.0,2025,2025-03
702340,2024-01-24,C101946,Lahore,Online,Dresses,Bodycon Dress,3,3960,2050,0,COD,No,11880.0,5730.0,2024,2024-01
702498,2024-07-25,C100659,Karachi,Online,Shoes,Sneakers,3,4560,2170,0,Card,Yes,13680.0,7170.0,2024,2024-07
700086,2024-04-30,C102112,Lahore,Online,Accessories,Tote Bag,1,1590,760,10,COD,No,1431.0,671.0,2024,2024-04
700221,2023-12-11,C101717,Islamabad,Online,T-Shirts,Polo Shirt,1,2140,970,0,COD,No,2140.0,1170.0,2023,2023-12
703722,2024-07-15,C100315,Karachi,Online,T-Shirts,Polo Shirt,1,2140,1010,0,Wallet,No,2140.0,1130.0,2024,2024-07
702625,2024-12-21,C100388,Lahore,Online,T-Shirts,Polo Shirt,1,2210,1240,20,COD,Yes,1768.0,528.0,2024,2024-12
704216,2024-01-21,C101242,Karachi,Online,Kurtas,Printed Kurta,1,2460,1540,15,Card,No,2091.0,551.0,2024,2024-01
701697,2025-04-24,C100868,Lahore,Store,T-Shirts,Oversized Tee,1,1930,910,20,COD,No,1544.0,634.0,2025,2025-04
704662,2024-05-05,C102129,Lahore,Online,Accessories,Sunglasses,1,2270,1300,0,Bank Transfer,No,2270.0,970.0,2024,2024-05
703719,2025-01-29,C101525,Lahore,Online,Accessories,Tote Bag,1,1550,780,0,Card,No,1550.0,770.0,2025,2025-01
703510,2025-05-09,C101018,Lahore,Store,Accessories,Leather Belt,2,1230,610,20,Card,No,1968.0,748.0,2025,2025-05
703233,2023-07-25,C100391,Lahore,Store,T-Shirts,Oversized Tee,1,1830,850,0,COD,No,1830.0,980.0,2023,2023-07
703665,2024-05-10,C100863,Islamabad,Store,Accessories,Leather Belt,1,1200,710,10,COD,No,1080.0,370.0,2024,2024-05
701755,2025-04-13,C101483,Lahore,Store,Shoes,Sandals,3,3010,1780,0,Card,Yes,9030.0,3690.0,2025,2025-04
701175,2024-03-23,C101838,Faisalabad,Store,Kurtas,Printed Kurta,1,2580,1580,0,Card,No,2580.0,1000.0,2024,2024-03
704031,2025-06-19,C101421,Karachi,Store,Dresses,Maxi Dress,1,4700,2600,15,Card,No,3995.0,1395.0,2025,2025-06
702302,2024-02-11,C100269,Lahore,Store,Kurtas,Cotton Kurta,1,1860,910,0,COD,No,1860.0,950.0,2024,2024-02
703750,2023-08-28,C101930,Rawalpindi,Online,T-Shirts,Polo Shirt,1,2120,1190,0,Card,No,2120.0,930.0,2023,2023-08
704637,2025-03-16,C100739,Karachi,Online,Jeans,Slim Fit Jeans,3,3660,1870,0,Card,No,10980.0,5370.0,2025,2025-03
701924,2025-03-04,C100250,Rawalpindi,Online,Dresses,Bodycon Dress,1,3720,2320,10,Card,Yes,3348.0,1028.0,2025,2025-03
702040,2024-05-14,C100275,Karachi,Store,Kurtas,Printed Kurta,1,2380,1300,10,COD,No,2142.0,842.0,2024,2024-05
704721,2024-04-10,C101661,Islamabad,Store,Kurtas,Printed Kurta,3,2580,1380,0,Bank Transfer,No,7740.0,3600.0,2024,2024-04
701617,2025-04-15,C101038,Karachi,Online,Jeans,Straight Leg Jeans,1,3380,1870,0,Bank Transfer,No,3380.0,1510.0,2025,2025-04
702623,2025-05-24,C100181,Peshawar,Online,Accessories,Sunglasses,2,2190,1120,10,COD,No,3942.0,1702.0,2025,2025-05
700647,2024-06-02,C100832,Karachi,Online,Kurtas,Festive Kurta,1,4240,2630,0,Card,No,4240.0,1610.0,2024,2024-06
705022,2025-06-01,C101650,Karachi,Online,Kurtas,Festive Kurta,2,4420,2180,0,Bank Transfer,No,8840.0,4480.0,2025,2025-06
700401,2023-09-06,C100284,Islamabad,Online,T-Shirts,Polo Shirt,2,2310,1170,0,Card,No,4620.0,2280.0,2023,2023-09
703806,2024-05-21,C101206,Islamabad,Online,Dresses,Bodycon Dress,1,3720,2330,15,COD,No,3162.0,832.0,2024,2024-05
701003,2024-05-01,C100807,Lahore,Online,T-Shirts,Polo Shirt,2,2140,1030,10,Card,Yes,3852.0,1792.0,2024,2024-05
704097,2024-01-06,C100156,Karachi,Online,Kurtas,Embroidered Kurta,3,2880,1310,0,Card,No,8640.0,4710.0,2024,2024-01
702165,2023-08-26,C101138,Lahore,Online,Dresses,Summer Floral Dress,1,3110,1810,0,COD,No,3110.0,1300.0,2023,2023-08
704792,2024-07-02,C101891,Faisalabad,Online,Dresses,Wrap Dress,1,4170,2160,10,COD,No,3753.0,1593.0,2024,2024-07
702154,2024-06-16,C100639,Multan,Online,Jeans,Straight Leg Jeans,2,3200,1480,0,COD,No,6400.0,3440.0,2024,2024-06
703554,2023-11-02,C100102,Karachi,Online,Kurtas,Festive Kurta,1,4270,2390,0,COD,No,4270.0,1880.0,2023,2023-11
703797,2024-06-18,C100708,Karachi,Online,Jackets,Puffer Jacket,2,6910,3480,0,Card,No,13820.0,6860.0,2024,2024-06
703153,2024-10-31,C100366,Faisalabad,Online,Jeans,Straight Leg Jeans,1,3340,1770,0,Bank Transfer,No,3340.0,1570.0,2024,2024-10
701739,2024-10-27,C101386,Rawalpindi,Online,Shoes,Sandals,2,2960,1900,0,COD,No,5920.0,2120.0,2024,2024-10
703694,2024-09-22,C102099,Lahore,Online,T-Shirts,Classic Cotton Tee,1,1190,730,0,Card,No,1190.0,460.0,2024,2024-09
705175,2025-06-05,C100181,Peshawar,Online,Shoes,Loafers,1,5260,2870,0,Card,Yes,5260.0,2390.0,2025,2025-06
704117,2024-03-17,C101080,Lahore,Store,Kurtas,Printed Kurta,1,2390,1500,0,Card,Yes,2390.0,890.0,2024,2024-03
700144,2024-04-13,C100445,Rawalpindi,Online,Shoes,Loafers,3,5540,3400,20,Card,No,13296.0,3096.0,2024,2024-04
701764,2023-09-17,C101174,Islamabad,Store,Dresses,Summer Floral Dress,1,3140,1470,0,Card,Yes,3140.0,1670.0,2023,2023-09
701855,2024-02-09,C100643,Lahore,Store,T-Shirts,Graphic Print Tee,1,1440,700,0,COD,No,1440.0,740.0,2024,2024-02
704358,2023-10-11,C100764,Peshawar,Store,T-Shirts,Polo Shirt,1,2100,980,10,COD,No,1890.0,910.0,2023,2023-10
704922,2024-07-24,C101496,Multan,Online,T-Shirts,Graphic Print Tee,3,1490,760,0,COD,No,4470.0,2190.0,2024,2024-07
702899,2023-10-13,C100272,Lahore,Store,Jackets,Bomber Jacket,3,5500,2980,0,Card,No,16500.0,7560.0,2023,2023-10
704263,2024-01-18,C100555,Lahore,Store,Accessories,Tote Bag,1,1520,960,0,COD,No,1520.0,560.0,2024,2024-01
702973,2024-05-02,C102071,Karachi,Online,Shoes,Sandals,1,2910,1510,10,COD,No,2619.0,1109.0,2024,2024-05
700973,2024-04-28,C100376,Peshawar,Online,Shoes,Sandals,1,2930,1400,15,COD,No,2490.5,1090.5,2024,2024-04
701864,2023-07-26,C100782,Karachi,Online,T-Shirts,Classic Cotton Tee,2,1200,630,10,Card,No,2160.0,900.0,2023,2023-07
704593,2024-06-24,C100676,Peshawar,Online,Accessories,Leather Belt,1,1270,820,0,Card,No,1270.0,450.0,2024,2024-06
703545,2025-01-31,C101647,Faisalabad,Online,Accessories,Tote Bag,1,1630,960,0,Card,No,1630.0,670.0,2025,2025-01
700296,2023-08-18,C101590,Lahore,Online,Kurtas,Printed Kurta,2,2560,1340,0,COD,No,5120.0,2440.0,2023,2023-08
704394,2024-02-23,C100835,Islamabad,Store,T-Shirts,Graphic Print Tee,3,1530,810,0,COD,No,4590.0,2160.0,2024,2024-02
704690,2025-05-11,C101754,Karachi,Online,Kurtas,Festive Kurta,2,4150,1940,20,Card,No,6640.0,2760.0,2025,2025-05
703995,2023-12-27,C100975,Islamabad,Online,Kurtas,Cotton Kurta,2,1980,1000,30,Card,No,2772.0,772.0,2023,2023-12
700541,2023-10-23,C101962,Islamabad,Online,Jackets,Hooded Jacket,1,4650,2430,0,COD,No,4650.0,2220.0,2023,2023-10
700944,2025-03-04,C101249,Peshawar,Store,Accessories,Baseball Cap,1,890,540,0,COD,No,890.0,350.0,2025,2025-03
702935,2023-08-07,C101384,Sialkot,Online,T-Shirts,Oversized Tee,1,1860,1040,15,Card,No,1581.0,541.0,2023,2023-08
703677,2025-03-11,C100798,Rawalpindi,Store,Jeans,Straight Leg Jeans,2,3300,1570,10,COD,No,5940.0,2800.0,2025,2025-03
700032,2024-10-17,C102038,Islamabad,Online,Jeans,Straight Leg Jeans,1,3260,1640,0,Card,No,3260.0,1620.0,2024,2024-10
704432,2025-04-29,C101064,Karachi,Online,Accessories,Baseball Cap,1,960,590,10,COD,No,864.0,274.0,2025,2025-04
701751,2024-10-22,C101891,Faisalabad,Store,Jeans,High-Waist Jeans,2,4330,2660,0,Card,No,8660.0,3340.0,2024,2024-10
704187,2024-10-24,C100902,Lahore,Store,Jeans,Straight Leg Jeans,3,3220,2040,0,Bank Transfer,No,9660.0,3540.0,2024,2024-10
704317,2024-05-11,C101002,Lahore,Online,Kurtas,Printed Kurta,2,2510,1280,10,Card,No,4518.0,1958.0,2024,2024-05
700016,2024-10-04,C100782,Karachi,Store,Kurtas,Embroidered Kurta,1,2690,1510,0,COD,No,2690.0,1180.0,2024,2024-10
703415,2024-04-24,C102030,Lahore,Online,Jeans,Ripped Jeans,2,3680,2020,20,Bank Transfer,No,5888.0,1848.0,2024,2024-04
704103,2023-08-18,C100977,Karachi,Store,T-Shirts,Polo Shirt,2,2160,1060,0,Card,No,4320.0,2200.0,2023,2023-08
703017,2024-06-15,C101496,Multan,Online,Kurtas,Printed Kurta,3,2430,1500,0,Card,No,7290.0,2790.0,2024,2024-06
703140,2024-09-22,C101047,Faisalabad,Online,Accessories,Baseball Cap,3,900,500,0,Card,No,2700.0,1200.0,2024,2024-09
701805,2024-08-26,C101123,Lahore,Online,Jeans,Slim Fit Jeans,1,3700,1830,0,Card,Yes,3700.0,1870.0,2024,2024-08
703949,2024-10-10,C100569,Islamabad,Online,Jeans,Straight Leg Jeans,2,3310,1560,0,Bank Transfer,No,6620.0,3500.0,2024,2024-10
700190,2024-03-15,C100027,Lahore,Store,Jeans,Slim Fit Jeans,2,3630,2040,10,COD,No,6534.0,2454.0,2024,2024-03
700183,2023-09-16,C100790,Lahore,Online,Dresses,Bodycon Dress,2,4070,2110,0,Card,No,8140.0,3920.0,2023,2023-09
703340,2023-12-26,C101376,Rawalpindi,Online,Accessories,Sunglasses,1,2380,1320,0,COD,No,2380.0,1060.0,2023,2023-12
701461,2025-01-06,C101032,Islamabad,Store,T-Shirts,Oversized Tee,2,1860,1130,0,Card,No,3720.0,1460.0,2025,2025-01
701963,2025-04-24,C100127,Lahore,Online,Dresses,Wrap Dress,1,4050,2260,0,COD,Yes,4050.0,1790.0,2025,2025-04
704359,2023-12-24,C100881,Islamabad,Store,Dresses,Maxi Dress,3,4510,2550,0,COD,No,13530.0,5880.0,2023,2023-12
701972,2024-08-11,C100048,Rawalpindi,Online,Accessories,Leather Belt,2,1160,730,0,Unknown,No,2320.0,860.0,2024,2024-08
704633,2024-12-08,C100079,Faisalabad,Online,Shoes,Loafers,2,5610,2930,20,COD,No,8976.0,3116.0,2024,2024-12
700143,2024-08-21,C100335,Islamabad,Online,Jeans,Slim Fit Jeans,2,3620,1870,10,COD,No,6516.0,2776.0,2024,2024-08
703201,2023-12-10,C101753,Faisalabad,Store,Kurtas,Embroidered Kurta,3,2900,1780,30,Card,No,6090.0,750.0,2023,2023-12
701472,2024-05-15,C101834,Lahore,Online,Jeans,Straight Leg Jeans,2,3350,1720,0,COD,No,6700.0,3260.0,2024,2024-05
702632,2025-04-28,C102192,Rawalpindi,Online,T-Shirts,Oversized Tee,1,1720,970,10,COD,Yes,1548.0,578.0,2025,2025-04
701252,2023-09-26,C101011,Islamabad,Store,Jeans,Ripped Jeans,1,3960,2370,0,Card,No,3960.0,1590.0,2023,2023-09
704986,2025-02-06,C102005,Peshawar,Store,Jackets,Bomber Jacket,1,5260,2800,0,COD,No,5260.0,2460.0,2025,2025-02
701227,2024-06-24,C100249,Karachi,Online,Accessories,Sunglasses,2,2310,1200,0,Card,No,4620.0,2220.0,2024,2024-06
703887,2023-12-19,C102186,Faisalabad,Store,Kurtas,Printed Kurta,2,2500,1260,25,Card,No,3750.0,1230.0,2023,2023-12
704781,2024-05-26,C100480,Karachi,Store,Accessories,Tote Bag,1,1530,880,10,COD,No,1377.0,497.0,2024,2024-05
702853,2024-01-12,C101033,Peshawar,Online,Accessories,Baseball Cap,2,900,500,0,COD,Yes,1800.0,800.0,2024,2024-01
701184,2025-05-22,C100036,Lahore,Online,Jeans,Straight Leg Jeans,1,3210,1850,0,Card,No,3210.0,1360.0,2025,2025-05
704178,2025-03-11,C100423,Lahore,Online,Accessories,Leather Belt,2,1200,630,10,COD,No,2160.0,900.0,2025,2025-03
701823,2024-05-01,C101207,Karachi,Store,Kurtas,Festive Kurta,3,4120,2440,10,COD,No,11124.0,3804.0,2024,2024-05
703159,2024-10-28,C100420,Rawalpindi,Store,Shoes,Boots,1,6210,3000,0,Card,Yes,6210.0,3210.0,2024,2024-10
702532,2024-06-10,C102099,Lahore,Store,Accessories,Sunglasses,1,2160,1160,10,Card,Yes,1944.0,784.0,2024,2024-06
704807,2023-12-16,C100860,Faisalabad,Online,Accessories,Baseball Cap,1,890,460,10,COD,Yes,801.0,341.0,2023,2023-12
702877,2024-06-05,C102020,Rawalpindi,Online,Shoes,Sneakers,2,4420,2460,15,Card,No,7514.0,2594.0,2024,2024-06
703422,2024-05-20,C101203,Rawalpindi,Store,T-Shirts,Polo Shirt,1,2190,1140,20,COD,No,1752.0,612.0,2024,2024-05
704028,2023-08-23,C100794,Lahore,Store,Dresses,Wrap Dress,1,4140,1960,0,Bank Transfer,No,4140.0,2180.0,2023,2023-08
701782,2023-10-17,C101620,Lahore,Online,Dresses,Summer Floral Dress,1,3400,1620,0,Wallet,Yes,3400.0,1780.0,2023,2023-10
700978,2024-09-22,C100130,Lahore,Online,Jackets,Puffer Jacket,1,6470,3070,10,Bank Transfer,No,5823.0,2753.0,2024,2024-09
704760,2024-10-17,C100531,Rawalpindi,Online,Jeans,Straight Leg Jeans,2,3050,1500,0,Bank Transfer,No,6100.0,3100.0,2024,2024-10
701685,2024-11-04,C100712,Faisalabad,Online,T-Shirts,Polo Shirt,1,2130,1000,15,COD,No,1810.5,810.5,2024,2024-11
700431,2024-03-21,C100860,Faisalabad,Store,Jackets,Bomber Jacket,1,5400,2770,10,Card,No,4860.0,2090.0,2024,2024-03
703299,2024-02-18,C102094,Peshawar,Store,Jeans,Ripped Jeans,1,3650,2020,0,Bank Transfer,No,3650.0,1630.0,2024,2024-02
702980,2024-04-26,C101268,Karachi,Online,T-Shirts,Graphic Print Tee,2,1520,880,0,Card,No,3040.0,1280.0,2024,2024-04
702250,2025-05-01,C101220,Lahore,Online,Kurtas,Cotton Kurta,1,2050,940,10,COD,No,1845.0,905.0,2025,2025-05
702440,2024-09-16,C100408,Lahore,Store,Dresses,Summer Floral Dress,2,3130,1870,0,Card,No,6260.0,2520.0,2024,2024-09
704035,2024-11-27,C102039,Faisalabad,Store,Jeans,Straight Leg Jeans,1,3040,1430,10,COD,No,2736.0,1306.0,2024,2024-11
702117,2024-12-17,C100181,Peshawar,Online,Dresses,Wrap Dress,1,4180,2420,15,Wallet,No,3553.0,1133.0,2024,2024-12
703306,2024-04-19,C101881,Islamabad,Online,Dresses,Wrap Dress,3,4180,2240,10,COD,No,11286.0,4566.0,2024,2024-04
702733,2024-06-16,C100445,Rawalpindi,Online,Kurtas,Printed Kurta,2,2460,1190,10,Card,No,4428.0,2048.0,2024,2024-06
701144,2025-03-25,C100024,Faisalabad,Online,Jeans,Slim Fit Jeans,2,3440,1550,0,COD,No,6880.0,3780.0,2025,2025-03
701249,2024-02-07,C102140,Peshawar,Online,Accessories,Sunglasses,2,2240,1160,0,Bank Transfer,No,4480.0,2160.0,2024,2024-02
700569,2024-09-16,C100036,Lahore,Online,Jackets,Puffer Jacket,1,7070,3440,0,Card,No,7070.0,3630.0,2024,2024-09
703059,2025-03-28,C100401,Peshawar,Online,Jeans,Ripped Jeans,1,3760,2220,15,Card,Yes,3196.0,976.0,2025,2025-03
701767,2025-02-18,C101224,Lahore,Store,Dresses,Bodycon Dress,1,3850,2480,0,Bank Transfer,No,3850.0,1370.0,2025,2025-02
700538,2024-08-31,C101831,Sialkot,Online,Kurtas,Printed Kurta,1,2280,1230,0,Card,No,2280.0,1050.0,2024,2024-08
702895,2025-03-15,C102014,Karachi,Store,Accessories,Sunglasses,3,2270,1120,0,Card,No,6810.0,3450.0,2025,2025-03
701664,2025-03-28,C100274,Rawalpindi,Store,Kurtas,Festive Kurta,1,4250,2620,0,Card,No,4250.0,1630.0,2025,2025-03
704323,2023-09-19,C101554,Lahore,Store,Shoes,Sneakers,1,4780,2880,10,COD,Yes,4302.0,1422.0,2023,2023-09
701018,2024-03-04,C100850,Lahore,Online,Shoes,Sneakers,1,4480,2650,0,Wallet,No,4480.0,1830.0,2024,2024-03
705118,2023-08-27,C100065,Islamabad,Online,Shoes,Sandals,2,2980,1480,0,COD,Yes,5960.0,3000.0,2023,2023-08
700501,2023-07-08,C100323,Islamabad,Store,T-Shirts,Polo Shirt,1,2180,1320,0,COD,No,2180.0,860.0,2023,2023-07
704767,2024-05-15,C101988,Sialkot,Store,Kurtas,Embroidered Kurta,3,2840,1690,0,Wallet,No,8520.0,3450.0,2024,2024-05
701213,2023-12-13,C100821,Islamabad,Store,Accessories,Tote Bag,2,1680,1050,20,COD,Yes,2688.0,588.0,2023,2023-12
700579,2024-05-08,C100490,Rawalpindi,Online,Kurtas,Printed Kurta,1,2330,1150,10,COD,No,2097.0,947.0,2024,2024-05
701723,2023-09-06,C101499,Rawalpindi,Store,Shoes,Boots,2,6950,3990,0,Card,No,13900.0,5920.0,2023,2023-09
702236,2023-08-30,C100287,Karachi,Online,Kurtas,Cotton Kurta,2,1970,1220,0,COD,No,3940.0,1500.0,2023,2023-08
702609,2024-04-13,C100047,Karachi,Store,Jeans,Ripped Jeans,1,3750,2370,0,Card,No,3750.0,1380.0,2024,2024-04
702128,2024-02-07,C102197,Islamabad,Store,Shoes,Boots,3,6280,3890,10,Bank Transfer,Yes,16956.0,5286.0,2024,2024-02
701663,2023-07-15,C100590,Peshawar,Online,Dresses,Bodycon Dress,2,3910,2250,15,COD,No,6647.0,2147.0,2023,2023-07
701863,2023-07-12,C100462,Sialkot,Store,T-Shirts,Graphic Print Tee,3,1530,970,0,Wallet,No,4590.0,1680.0,2023,2023-07
700150,2025-01-09,C101447,Islamabad,Store,Shoes,Loafers,1,5150,3220,0,Card,No,5150.0,1930.0,2025,2025-01
702677,2023-12-09,C102123,Lahore,Online,Shoes,Sneakers,1,4750,2580,20,Card,No,3800.0,1220.0,2023,2023-12
703216,2024-12-21,C101573,Multan,Online,Jackets,Hooded Jacket,1,4810,2580,0,Wallet,No,4810.0,2230.0,2024,2024-12
702275,2023-08-18,C101388,Peshawar,Store,T-Shirts,Classic Cotton Tee,2,1270,790,0,COD,No,2540.0,960.0,2023,2023-08
702325,2023-11-21,C100062,Islamabad,Store,Jackets,Bomber Jacket,1,5330,3100,0,Wallet,No,5330.0,2230.0,2023,2023-11
704279,2024-02-27,C102091,Multan,Online,Jackets,Bomber Jacket,1,4960,3130,10,COD,No,4464.0,1334.0,2024,2024-02
704083,2024-01-11,C101016,Rawalpindi,Online,Jackets,Hooded Jacket,2,4980,2800,0,COD,No,9960.0,4360.0,2024,2024-01
702949,2024-04-17,C101212,Islamabad,Online,Accessories,Sunglasses,1,2120,1150,10,Card,No,1908.0,758.0,2024,2024-04
700904,2024-11-21,C100739,Karachi,Online,T-Shirts,Polo Shirt,1,2300,1080,20,Card,No,1840.0,760.0,2024,2024-11
704940,2024-10-23,C101525,Lahore,Online,Kurtas,Printed Kurta,1,2460,1320,0,Card,No,2460.0,1140.0,2024,2024-10
702213,2025-01-06,C101697,Faisalabad,Store,Jackets,Bomber Jacket,2,5390,3230,0,Bank Transfer,No,10780.0,4320.0,2025,2025-01
701409,2025-06-14,C100053,Rawalpindi,Online,Dresses,Maxi Dress,2,4600,2370,0,Bank Transfer,No,9200.0,4460.0,2025,2025-06
700732,2023-10-10,C100481,Lahore,Store,Accessories,Tote Bag,2,1650,790,0,Wallet,No,3300.0,1720.0,2023,2023-10
700789,2024-05-22,C101047,Faisalabad,Online,Jackets,Puffer Jacket,2,6980,4030,10,COD,No,12564.0,4504.0,2024,2024-05
704750,2023-10-15,C102081,Lahore,Online,Kurtas,Printed Kurta,1,2350,1100,10,Bank Transfer,No,2115.0,1015.0,2023,2023-10
700160,2023-07-30,C100784,Sialkot,Store,Dresses,Summer Floral Dress,3,3310,2070,0,Wallet,No,9930.0,3720.0,2023,2023-07
701694,2025-06-27,C100053,Rawalpindi,Store,Shoes,Boots,1,6930,4280,0,Bank Transfer,No,6930.0,2650.0,2025,2025-06
704260,2024-10-04,C101019,Karachi,Online,Dresses,Bodycon Dress,1,3890,2480,10,Wallet,Yes,3501.0,1021.0,2024,2024-10
701557,2023-10-11,C101990,Lahore,Online,Shoes,Sandals,1,2850,1670,10,Card,No,2565.0,895.0,2023,2023-10
702293,2023-09-10,C101318,Faisalabad,Online,Accessories,Leather Belt,3,1230,550,0,COD,No,3690.0,2040.0,2023,2023-09
701342,2024-01-21,C101572,Islamabad,Store,Jeans,Ripped Jeans,3,3640,2210,15,Bank Transfer,No,9282.0,2652.0,2024,2024-01
705151,2025-05-28,C101652,Lahore,Store,Accessories,Sunglasses,3,2170,1160,0,Bank Transfer,No,6510.0,3030.0,2025,2025-05
702372,2024-05-04,C102006,Karachi,Online,Dresses,Wrap Dress,1,4220,2650,20,Bank Transfer,Yes,3376.0,726.0,2024,2024-05
702594,2023-10-02,C101702,Karachi,Online,Shoes,Loafers,1,5250,3270,0,COD,No,5250.0,1980.0,2023,2023-10
701649,2025-05-27,C100192,Lahore,Store,Accessories,Sunglasses,2,2220,1210,0,COD,No,4440.0,2020.0,2025,2025-05
701457,2024-01-02,C100028,Lahore,Store,Jackets,Puffer Jacket,3,6610,3050,0,Wallet,No,19830.0,10680.0,2024,2024-01
700028,2024-05-04,C101591,Lahore,Online,Shoes,Sandals,1,2970,1770,0,COD,No,2970.0,1200.0,2024,2024-05
702585,2024-11-27,C101845,Islamabad,Store,T-Shirts,Graphic Print Tee,1,1470,810,10,COD,No,1323.0,513.0,2024,2024-11
703624,2025-05-27,C100445,Rawalpindi,Online,Kurtas,Festive Kurta,2,4180,2060,10,Card,No,7524.0,3404.0,2025,2025-05
700215,2023-12-23,C100809,Sialkot,Store,Dresses,Summer Floral Dress,2,3120,1790,20,Card,No,4992.0,1412.0,2023,2023-12
705088,2024-05-23,C101517,Sialkot,Online,T-Shirts,Oversized Tee,3,1720,840,10,Wallet,No,4644.0,2124.0,2024,2024-05
702867,2025-05-12,C100239,Lahore,Store,Jeans,Ripped Jeans,1,3930,2180,0,COD,No,3930.0,1750.0,2025,2025-05
700393,2024-03-14,C101422,Karachi,Online,Accessories,Tote Bag,1,1700,1040,0,Card,No,1700.0,660.0,2024,2024-03
701684,2023-10-01,C100196,Islamabad,Online,Dresses,Maxi Dress,3,4740,2420,0,Bank Transfer,Yes,14220.0,6960.0,2023,2023-10
702222,2023-12-14,C100519,Multan,Store,T-Shirts,Classic Cotton Tee,1,1200,770,15,Card,No,1020.0,250.0,2023,2023-12
702580,2025-03-30,C101230,Lahore,Store,T-Shirts,Polo Shirt,1,2360,1290,15,COD,No,2006.0,716.0,2025,2025-03
704346,2024-01-30,C100330,Faisalabad,Online,Shoes,Boots,1,6260,3650,10,Wallet,No,5634.0,1984.0,2024,2024-01
703210,2025-04-27,C101990,Lahore,Store,Accessories,Tote Bag,1,1560,1010,15,Card,No,1326.0,316.0,2025,2025-04
704350,2025-03-25,C100329,Karachi,Online,Accessories,Sunglasses,1,2360,1070,0,Card,No,2360.0,1290.0,2025,2025-03
700378,2024-01-31,C101596,Lahore,Store,Shoes,Boots,1,6740,3150,10,Bank Transfer,No,6066.0,2916.0,2024,2024-01
703586,2023-08-19,C101600,Peshawar,Online,T-Shirts,Classic Cotton Tee,1,1290,730,0,Card,No,1290.0,560.0,2023,2023-08
704198,2023-12-06,C100638,Faisalabad,Online,Jackets,Puffer Jacket,2,7310,3380,0,Card,No,14620.0,7860.0,2023,2023-12
703481,2025-02-08,C100556,Karachi,Online,Dresses,Summer Floral Dress,1,3400,1770,10,Card,No,3060.0,1290.0,2025,2025-02
703781,2024-09-07,C102095,Karachi,Store,Accessories,Leather Belt,1,1250,580,15,COD,No,1062.5,482.5,2024,2024-09
703864,2025-02-24,C101693,Faisalabad,Online,Shoes,Loafers,1,5310,3140,0,COD,No,5310.0,2170.0,2025,2025-02
704039,2024-02-01,C101162,Multan,Online,Accessories,Tote Bag,3,1530,710,15,COD,No,3901.5,1771.5,2024,2024-02
701909,2024-04-01,C101198,Karachi,Store,Kurtas,Embroidered Kurta,1,2740,1290,0,Wallet,No,2740.0,1450.0,2024,2024-04
700537,2024-02-24,C101780,Lahore,Online,Accessories,Baseball Cap,2,930,420,0,Card,No,1860.0,1020.0,2024,2024-02
701368,2024-07-03,C100558,Islamabad,Store,Dresses,Summer Floral Dress,2,3360,1610,10,Wallet,No,6048.0,2828.0,2024,2024-07
703916,2024-08-28,C100658,Islamabad,Online,Shoes,Loafers,1,5020,3180,0,Bank Transfer,No,5020.0,1840.0,2024,2024-08
704071,2023-10-11,C100119,Islamabad,Store,Accessories,Leather Belt,3,1220,660,0,COD,No,3660.0,1680.0,2023,2023-10
704806,2024-11-25,C100596,Rawalpindi,Online,Jackets,Hooded Jacket,3,4920,2870,15,Wallet,No,12546.0,3936.0,2024,2024-11
701525,2024-06-24,C100964,Sialkot,Store,Dresses,Wrap Dress,1,4280,2230,0,Card,No,4280.0,2050.0,2024,2024-06
702865,2025-02-15,C101125,Islamabad,Online,Jeans,Ripped Jeans,1,3750,1880,0,Card,No,3750.0,1870.0,2025,2025-02
704674,2025-04-09,C100699,Karachi,Store,Jeans,High-Waist Jeans,1,4220,2310,15,COD,No,3587.0,1277.0,2025,2025-04
703160,2025-03-25,C100004,Lahore,Online,Shoes,Boots,3,6460,4130,0,Card,No,19380.0,6990.0,2025,2025-03
704218,2024-08-01,C101210,Faisalabad,Online,Dresses,Bodycon Dress,1,3910,2020,0,COD,No,3910.0,1890.0,2024,2024-08
703996,2025-03-15,C102112,Lahore,Store,Jackets,Puffer Jacket,2,6680,3460,0,Card,No,13360.0,6440.0,2025,2025-03
704529,2024-01-03,C100902,Lahore,Online,Kurtas,Festive Kurta,2,4410,2240,0,Card,No,8820.0,4340.0,2024,2024-01
701487,2023-11-11,C101871,Karachi,Store,Shoes,Boots,3,7020,3870,0,Card,No,21060.0,9450.0,2023,2023-11
700758,2023-11-26,C100731,Lahore,Store,Jeans,Straight Leg Jeans,1,3350,1880,0,COD,No,3350.0,1470.0,2023,2023-11
703659,2024-06-21,C100197,Multan,Online,Dresses,Wrap Dress,3,4000,2140,0,Wallet,No,12000.0,5580.0,2024,2024-06
702834,2025-03-10,C101382,Islamabad,Online,Shoes,Sandals,1,2950,1880,0,COD,No,2950.0,1070.0,2025,2025-03
700649,2024-04-12,C101045,Karachi,Store,T-Shirts,Classic Cotton Tee,3,1250,700,10,Wallet,No,3375.0,1275.0,2024,2024-04
700068,2023-12-20,C101720,Lahore,Online,T-Shirts,Oversized Tee,1,1910,1010,0,Card,No,1910.0,900.0,2023,2023-12
703679,2024-05-08,C100361,Lahore,Online,Accessories,Leather Belt,1,1230,590,0,COD,No,1230.0,640.0,2024,2024-05
704471,2024-07-06,C101312,Islamabad,Online,Jackets,Bomber Jacket,3,5520,3370,0,Card,Yes,16560.0,6450.0,2024,2024-07
704537,2023-09-29,C101866,Peshawar,Online,Kurtas,Festive Kurta,2,4130,2410,0,Card,Yes,8260.0,3440.0,2023,2023-09
703133,2024-02-29,C100272,Lahore,Online,Accessories,Leather Belt,1,1140,620,0,Card,No,1140.0,520.0,2024,2024-02
702504,2024-03-13,C100687,Sialkot,Online,Accessories,Baseball Cap,2,860,530,0,COD,No,1720.0,660.0,2024,2024-03
702570,2024-09-10,C100168,Karachi,Online,T-Shirts,Polo Shirt,2,2320,1090,0,Bank Transfer,No,4640.0,2460.0,2024,2024-09
704929,2023-07-24,C101218,Rawalpindi,Online,Dresses,Summer Floral Dress,1,3240,1640,10,COD,No,2916.0,1276.0,2023,2023-07
700314,2025-04-01,C100537,Lahore,Store,T-Shirts,Polo Shirt,1,2300,1400,0,Wallet,No,2300.0,900.0,2025,2025-04
704943,2023-11-01,C102151,Lahore,Store,Dresses,Wrap Dress,1,4050,1930,15,Card,No,3442.5,1512.5,2023,2023-11
704789,2023-07-26,C101114,Sialkot,Online,Accessories,Sunglasses,1,2340,1250,0,COD,No,2340.0,1090.0,2023,2023-07
703265,2024-01-27,C101742,Lahore,Store,Shoes,Sneakers,1,4580,2100,0,COD,No,4580.0,2480.0,2024,2024-01
700951,2023-09-27,C100449,Islamabad,Online,Kurtas,Embroidered Kurta,2,2750,1290,0,COD,No,5500.0,2920.0,2023,2023-09
700676,2024-02-29,C101969,Islamabad,Store,Shoes,Sandals,1,3000,1830,0,Card,No,3000.0,1170.0,2024,2024-02
703939,2023-12-01,C100905,Rawalpindi,Store,Accessories,Baseball Cap,1,950,430,0,COD,No,950.0,520.0,2023,2023-12
700588,2025-06-14,C101632,Rawalpindi,Online,Shoes,Boots,1,6650,4180,0,Wallet,Yes,6650.0,2470.0,2025,2025-06
700572,2025-01-01,C101827,Karachi,Online,Accessories,Tote Bag,1,1580,830,10,Bank Transfer,No,1422.0,592.0,2025,2025-01
702652,2025-06-26,C102008,Lahore,Online,Dresses,Summer Floral Dress,1,3050,1540,10,Card,No,2745.0,1205.0,2025,2025-06
702968,2023-11-18,C101366,Lahore,Online,Dresses,Wrap Dress,2,3980,2230,20,Bank Transfer,No,6368.0,1908.0,2023,2023-11
703507,2024-05-06,C100683,Karachi,Store,Kurtas,Embroidered Kurta,1,2970,1390,15,COD,No,2524.5,1134.5,2024,2024-05
701686,2024-08-06,C100191,Lahore,Online,T-Shirts,Graphic Print Tee,2,1550,920,0,COD,No,3100.0,1260.0,2024,2024-08
703408,2023-09-07,C101847,Rawalpindi,Online,Shoes,Sneakers,3,4680,2650,0,Bank Transfer,No,14040.0,6090.0,2023,2023-09
700742,2025-01-26,C102157,Karachi,Store,Accessories,Baseball Cap,1,890,460,0,COD,No,890.0,430.0,2025,2025-01
701853,2024-08-11,C101972,Faisalabad,Store,Accessories,Sunglasses,1,2180,1210,15,Card,No,1853.0,643.0,2024,2024-08
703533,2024-05-17,C101506,Faisalabad,Online,Accessories,Tote Bag,1,1680,1040,15,Wallet,No,1428.0,388.0,2024,2024-05
703218,2025-01-31,C101796,Islamabad,Online,Jeans,Slim Fit Jeans,1,3500,1870,0,COD,No,3500.0,1630.0,2025,2025-01
700054,2024-12-25,C101099,Lahore,Store,Dresses,Maxi Dress,2,4840,3000,20,Card,No,7744.0,1744.0,2024,2024-12
701414,2024-10-07,C100063,Faisalabad,Store,Jeans,Straight Leg Jeans,2,3150,1960,0,COD,No,6300.0,2380.0,2024,2024-10
703682,2024-08-31,C100831,Islamabad,Store,Dresses,Bodycon Dress,1,3930,2490,0,COD,No,3930.0,1440.0,2024,2024-08
703858,2024-11-29,C100078,Unknown,Store,Shoes,Sneakers,1,4320,2350,20,COD,Yes,3456.0,1106.0,2024,2024-11
701484,2024-04-23,C100392,Islamabad,Online,Jeans,High-Waist Jeans,2,4220,2070,0,COD,No,8440.0,4300.0,2024,2024-04
705170,2023-09-18,C101043,Rawalpindi,Online,Shoes,Boots,2,6280,3520,0,Card,No,12560.0,5520.0,2023,2023-09
700394,2024-10-21,C100332,Rawalpindi,Online,Dresses,Summer Floral Dress,1,3300,1630,0,Wallet,No,3300.0,1670.0,2024,2024-10
704892,2024-10-30,C102099,Lahore,Online,T-Shirts,Polo Shirt,1,2250,1390,0,Card,No,2250.0,860.0,2024,2024-10
704993,2024-06-12,C101980,Multan,Online,Jeans,Slim Fit Jeans,1,3580,1730,0,COD,No,3580.0,1850.0,2024,2024-06
703443,2024-11-23,C101827,Karachi,Store,Accessories,Sunglasses,2,2360,1350,0,COD,No,4720.0,2020.0,2024,2024-11
702582,2024-05-27,C100986,Karachi,Online,Dresses,Bodycon Dress,1,3640,1870,15,COD,No,3094.0,1224.0,2024,2024-05
701478,2024-03-01,C102113,Islamabad,Store,Jackets,Denim Jacket,1,5870,2760,0,Wallet,No,5870.0,3110.0,2024,2024-03
703982,2025-01-28,C100196,Islamabad,Online,T-Shirts,Graphic Print Tee,2,1470,870,0,Card,No,2940.0,1200.0,2025,2025-01
704871,2024-08-06,C100888,Lahore,Online,T-Shirts,Classic Cotton Tee,1,1290,620,15,COD,No,1096.5,476.5,2024,2024-08
700426,2024-01-10,C101415,Faisalabad,Store,Jackets,Hooded Jacket,3,5090,2590,0,Card,No,15270.0,7500.0,2024,2024-01
700076,2023-10-24,C100392,Islamabad,Store,Shoes,Loafers,2,5170,2600,0,Card,No,10340.0,5140.0,2023,2023-10
700845,2024-01-24,C101709,Karachi,Online,Jeans,Ripped Jeans,3,3890,2310,0,COD,No,11670.0,4740.0,2024,2024-01
704988,2025-01-11,C101670,Karachi,Store,Jackets,Hooded Jacket,2,4880,3160,10,COD,No,8784.0,2464.0,2025,2025-01
704397,2024-12-26,C102130,Lahore,Online,Kurtas,Embroidered Kurta,1,2690,1280,0,COD,No,2690.0,1410.0,2024,2024-12
704307,2024-12-02,C100701,Karachi,Store,Jackets,Denim Jacket,1,5510,2870,20,COD,No,4408.0,1538.0,2024,2024-12
700498,2024-09-10,C101915,Lahore,Online,Accessories,Tote Bag,1,1560,830,0,Card,No,1560.0,730.0,2024,2024-09
700406,2024-07-04,C101216,Karachi,Online,T-Shirts,Classic Cotton Tee,2,1140,660,0,COD,No,2280.0,960.0,2024,2024-07
701536,2025-01-26,C100210,Rawalpindi,Store,Jackets,Hooded Jacket,3,5000,2400,10,COD,No,13500.0,6300.0,2025,2025-01
703391,2024-10-30,C102140,Peshawar,Online,Shoes,Boots,2,6910,4350,0,COD,No,13820.0,5120.0,2024,2024-10
703294,2023-12-14,C100645,Multan,Online,Jackets,Bomber Jacket,2,5120,2440,15,Bank Transfer,No,8704.0,3824.0,2023,2023-12
703912,2024-05-12,C101713,Peshawar,Online,Dresses,Bodycon Dress,2,4030,2040,0,COD,Yes,8060.0,3980.0,2024,2024-05
701782,2023-10-17,C101620,Lahore,Online,Shoes,Sneakers,1,4620,2240,0,Wallet,Yes,4620.0,2380.0,2023,2023-10
701438,2024-12-28,C101832,Karachi,Online,Accessories,Leather Belt,2,1190,730,30,Card,No,1666.0,206.0,2024,2024-12
701676,2024-08-23,C101624,Karachi,Online,T-Shirts,Classic Cotton Tee,1,1260,590,0,Bank Transfer,No,1260.0,670.0,2024,2024-08
704846,2025-02-23,C101299,Karachi,Online,Accessories,Leather Belt,2,1290,820,0,Wallet,No,2580.0,940.0,2025,2025-02
703328,2024-11-23,C100781,Peshawar,Store,Kurtas,Printed Kurta,1,2330,1340,30,Card,No,1631.0,291.0,2024,2024-11
702851,2024-08-15,C100904,Sialkot,Store,Accessories,Baseball Cap,1,910,540,0,COD,No,910.0,370.0,2024,2024-08
704657,2024-07-31,C102158,Karachi,Online,T-Shirts,Graphic Print Tee,1,1560,990,15,Card,No,1326.0,336.0,2024,2024-07
700077,2023-11-13,C101868,Islamabad,Online,Shoes,Loafers,1,5100,3150,20,Card,No,4080.0,930.0,2023,2023-11
705049,2023-12-05,C101462,Lahore,Online,Jeans,High-Waist Jeans,1,4330,2470,0,Wallet,No,4330.0,1860.0,2023,2023-12
703349,2025-06-15,C101839,Faisalabad,Online,Kurtas,Cotton Kurta,2,1840,1120,0,Bank Transfer,No,3680.0,1440.0,2025,2025-06
701086,2025-02-07,C102080,Karachi,Online,Accessories,Sunglasses,1,2140,1320,0,COD,No,2140.0,820.0,2025,2025-02
704871,2024-08-06,C100888,Lahore,Online,T-Shirts,Oversized Tee,1,1820,890,0,COD,No,1820.0,930.0,2024,2024-08
702945,2024-04-25,C101483,Lahore,Online,Kurtas,Festive Kurta,1,4160,2660,0,COD,No,4160.0,1500.0,2024,2024-04
701640,2025-04-02,C101994,Karachi,Online,Dresses,Wrap Dress,1,4320,2260,0,COD,No,4320.0,2060.0,2025,2025-04
704575,2023-09-22,C100369,Peshawar,Store,T-Shirts,Polo Shirt,2,2320,1260,10,Wallet,Yes,4176.0,1656.0,2023,2023-09
703548,2024-04-23,C101145,Karachi,Online,Kurtas,Festive Kurta,1,4130,1920,0,Wallet,No,4130.0,2210.0,2024,2024-04
704337,2024-07-24,C101005,Karachi,Online,Kurtas,Embroidered Kurta,1,2970,1700,0,COD,No,2970.0,1270.0,2024,2024-07
701668,2024-12-09,C101809,Lahore,Online,Jackets,Denim Jacket,1,5520,3190,15,Bank Transfer,No,4692.0,1502.0,2024,2024-12
702555,2025-04-09,C101896,Rawalpindi,Store,Jackets,Puffer Jacket,3,6730,3350,0,COD,No,20190.0,10140.0,2025,2025-04
703576,2025-06-30,C101347,Karachi,Store,Shoes,Sneakers,3,4680,2560,0,Card,No,14040.0,6360.0,2025,2025-06
703031,2024-03-14,C102129,Lahore,Store,T-Shirts,Classic Cotton Tee,2,1160,670,0,COD,No,2320.0,980.0,2024,2024-03
701182,2023-12-24,C101794,Peshawar,Store,Dresses,Bodycon Dress,1,3970,1880,0,COD,Yes,3970.0,2090.0,2023,2023-12
704288,2023-07-22,C100433,Multan,Online,T-Shirts,Classic Cotton Tee,1,1280,760,0,COD,No,1280.0,520.0,2023,2023-07
701555,2025-04-14,C101420,Rawalpindi,Store,Kurtas,Festive Kurta,1,4410,2800,0,Card,No,4410.0,1610.0,2025,2025-04
703166,2023-11-16,C101843,Sialkot,Online,Jackets,Denim Jacket,1,5890,3240,15,Bank Transfer,No,5006.5,1766.5,2023,2023-11
701955,2024-04-26,C101979,Lahore,Online,Jeans,High-Waist Jeans,1,4030,2180,0,COD,No,4030.0,1850.0,2024,2024-04
703551,2024-01-27,C100230,Lahore,Store,Shoes,Boots,1,6310,3870,0,COD,No,6310.0,2440.0,2024,2024-01
703228,2024-12-13,C100010,Karachi,Online,Jeans,High-Waist Jeans,1,4110,2590,10,COD,No,3699.0,1109.0,2024,2024-12
704580,2024-05-01,C101634,Sialkot,Online,Shoes,Sandals,3,2790,1610,0,COD,No,8370.0,3540.0,2024,2024-05
700769,2023-09-16,C100631,Multan,Online,Kurtas,Printed Kurta,1,2320,1410,0,Card,No,2320.0,910.0,2023,2023-09
702516,2023-08-10,C101496,Multan,Online,Jeans,Straight Leg Jeans,2,3340,1670,15,COD,No,5678.0,2338.0,2023,2023-08
702148,2024-06-18,C100169,Sialkot,Store,Dresses,Maxi Dress,2,4580,2160,0,Wallet,No,9160.0,4840.0,2024,2024-06
703034,2023-10-30,C101338,Multan,Online,Shoes,Sneakers,2,4820,2800,0,Wallet,Yes,9640.0,4040.0,2023,2023-10
701977,2024-04-09,C100731,Lahore,Online,Jeans,Slim Fit Jeans,2,3740,1850,0,COD,Yes,7480.0,3780.0,2024,2024-04
700334,2024-01-04,C100787,Karachi,Online,Jeans,Slim Fit Jeans,2,3730,1680,0,COD,No,7460.0,4100.0,2024,2024-01
700769,2023-09-16,C100631,Multan,Online,Accessories,Baseball Cap,3,940,600,0,Card,No,2820.0,1020.0,2023,2023-09
702384,2024-08-20,C101686,Islamabad,Store,Jeans,Ripped Jeans,2,4060,2090,0,COD,No,8120.0,3940.0,2024,2024-08
703690,2023-09-27,C101026,Sialkot,Online,Shoes,Boots,1,6630,4280,0,COD,No,6630.0,2350.0,2023,2023-09
702810,2025-02-10,C101503,Karachi,Store,Accessories,Leather Belt,1,1280,720,0,Card,No,1280.0,560.0,2025,2025-02
704602,2024-10-19,C100077,Rawalpindi,Online,Jackets,Hooded Jacket,1,4710,2650,0,COD,No,4710.0,2060.0,2024,2024-10
704723,2025-06-13,C102056,Sialkot,Online,Kurtas,Embroidered Kurta,1,2700,1550,0,Bank Transfer,No,2700.0,1150.0,2025,2025-06
701138,2024-06-29,C101720,Lahore,Online,T-Shirts,Oversized Tee,1,1860,1190,0,Wallet,No,1860.0,670.0,2024,2024-06
704832,2024-07-16,C102193,Lahore,Online,Dresses,Maxi Dress,2,4540,2610,0,Card,No,9080.0,3860.0,2024,2024-07
700081,2024-06-30,C101481,Lahore,Online,Shoes,Sneakers,1,4490,2900,0,COD,No,4490.0,1590.0,2024,2024-06
704377,2023-11-14,C100503,Islamabad,Store,Kurtas,Printed Kurta,1,2420,1560,30,COD,No,1694.0,134.0,2023,2023-11
702835,2024-07-31,C101197,Rawalpindi,Store,T-Shirts,Oversized Tee,2,1750,1110,0,COD,No,3500.0,1280.0,2024,2024-07
703629,2025-06-21,C100482,Islamabad,Store,Kurtas,Embroidered Kurta,2,2750,1450,0,Card,No,5500.0,2600.0,2025,2025-06
703197,2024-05-31,C100638,Faisalabad,Store,Shoes,Sandals,2,2990,1790,15,COD,No,5083.0,1503.0,2024,2024-05
701667,2023-12-24,C100626,Faisalabad,Store,Shoes,Sneakers,2,4570,2270,25,Card,Yes,6855.0,2315.0,2023,2023-12
705124,2023-08-11,C100992,Faisalabad,Store,Accessories,Leather Belt,1,1230,760,0,Bank Transfer,No,1230.0,470.0,2023,2023-08
705081,2023-08-20,C100688,Faisalabad,Online,Accessories,Leather Belt,1,1180,600,0,Card,No,1180.0,580.0,2023,2023-08
701197,2023-08-05,C101727,Multan,Online,Dresses,Wrap Dress,1,4170,2050,0,Bank Transfer,No,4170.0,2120.0,2023,2023-08
701476,2024-03-10,C100784,Sialkot,Store,Shoes,Loafers,3,5040,3130,0,COD,No,15120.0,5730.0,2024,2024-03
701539,2024-10-12,C102157,Karachi,Online,Jeans,Straight Leg Jeans,1,3210,1860,0,COD,No,3210.0,1350.0,2024,2024-10
704068,2025-03-22,C101965,Lahore,Online,T-Shirts,Polo Shirt,2,2360,1350,10,Bank Transfer,No,4248.0,1548.0,2025,2025-03
702940,2024-07-11,C100132,Islamabad,Store,Shoes,Sandals,1,2710,1730,0,Card,No,2710.0,980.0,2024,2024-07
703151,2023-07-01,C100755,Lahore,Online,Accessories,Baseball Cap,1,880,540,0,Wallet,Yes,880.0,340.0,2023,2023-07
700837,2024-05-01,C101324,Karachi,Online,Shoes,Sandals,1,2780,1480,15,COD,No,2363.0,883.0,2024,2024-05
704313,2024-03-05,C100085,Lahore,Store,Jeans,Slim Fit Jeans,1,3630,2330,15,Card,Yes,3085.5,755.5,2024,2024-03
703613,2025-01-02,C101695,Islamabad,Online,Accessories,Tote Bag,2,1520,870,15,Card,No,2584.0,844.0,2025,2025-01
704208,2023-10-01,C100924,Lahore,Online,Accessories,Baseball Cap,1,930,480,0,COD,No,930.0,450.0,2023,2023-10
700317,2023-09-10,C100241,Faisalabad,Online,Jeans,Slim Fit Jeans,3,3730,1960,0,COD,No,11190.0,5310.0,2023,2023-09
700052,2025-04-23,C101747,Islamabad,Online,Dresses,Maxi Dress,1,4570,2890,10,Card,No,4113.0,1223.0,2025,2025-04
704555,2025-01-02,C101251,Lahore,Store,Shoes,Sneakers,3,4840,2320,15,COD,No,12342.0,5382.0,2025,2025-01
702393,2023-07-26,C102075,Islamabad,Store,Shoes,Boots,1,6390,3940,10,Wallet,No,5751.0,1811.0,2023,2023-07
703794,2023-10-04,C101688,Islamabad,Online,Shoes,Loafers,2,5490,3240,15,COD,No,9333.0,2853.0,2023,2023-10
704266,2025-06-20,C100512,Lahore,Online,Jackets,Bomber Jacket,1,4970,2280,0,Card,Yes,4970.0,2690.0,2025,2025-06
702120,2025-02-26,C100900,Karachi,Online,Jeans,Straight Leg Jeans,2,3440,1890,10,Bank Transfer,Yes,6192.0,2412.0,2025,2025-02
703402,2023-10-01,C101916,Rawalpindi,Store,Accessories,Tote Bag,1,1530,910,0,Bank Transfer,No,1530.0,620.0,2023,2023-10
702322,2025-05-21,C100700,Lahore,Online,Accessories,Baseball Cap,1,930,570,0,Card,No,930.0,360.0,2025,2025-05
701696,2023-10-04,C101372,Karachi,Store,Dresses,Summer Floral Dress,1,3110,1610,0,COD,No,3110.0,1500.0,2023,2023-10
700370,2024-10-03,C100397,Karachi,Store,Jeans,Ripped Jeans,2,3790,1810,10,Bank Transfer,Yes,6822.0,3202.0,2024,2024-10
702292,2025-02-11,C101354,Multan,Online,Shoes,Boots,3,6400,2890,0,Bank Transfer,No,19200.0,10530.0,2025,2025-02
703214,2024-10-13,C100416,Unknown,Store,Shoes,Loafers,1,5380,2910,0,Card,No,5380.0,2470.0,2024,2024-10
700323,2025-03-13,C101095,Karachi,Store,Jackets,Bomber Jacket,1,5320,2580,0,Bank Transfer,No,5320.0,2740.0,2025,2025-03
703860,2023-12-05,C102125,Karachi,Online,Jackets,Puffer Jacket,2,7100,4060,25,Card,Yes,10650.0,2530.0,2023,2023-12
702825,2024-07-10,C101926,Karachi,Store,Dresses,Maxi Dress,1,4860,3100,10,COD,No,4374.0,1274.0,2024,2024-07
701346,2024-03-17,C101426,Lahore,Store,Dresses,Maxi Dress,1,4840,2640,0,COD,No,4840.0,2200.0,2024,2024-03
700837,2024-05-01,C101324,Karachi,Online,Dresses,Wrap Dress,1,3800,1730,0,COD,Yes,3800.0,2070.0,2024,2024-05
700761,2025-05-21,C100568,Karachi,Online,Accessories,Baseball Cap,3,890,570,20,COD,No,2136.0,426.0,2025,2025-05
704213,2024-06-23,C100835,Islamabad,Online,T-Shirts,Oversized Tee,1,1900,1140,10,Card,No,1710.0,570.0,2024,2024-06
704578,2023-08-08,C100710,Sialkot,Online,Shoes,Sneakers,1,4790,2240,0,Card,No,4790.0,2550.0,2023,2023-08
703245,2023-07-22,C100163,Lahore,Store,Dresses,Maxi Dress,1,4340,2250,10,Wallet,No,3906.0,1656.0,2023,2023-07
703020,2023-11-24,C101652,Lahore,Online,Jeans,Ripped Jeans,2,4060,2010,0,COD,Yes,8120.0,4100.0,2023,2023-11
700233,2025-01-02,C101347,Karachi,Store,Jackets,Hooded Jacket,1,4750,2290,0,Wallet,No,4750.0,2460.0,2025,2025-01
702072,2024-09-01,C100863,Islamabad,Online,Dresses,Wrap Dress,2,3980,2520,0,COD,No,7960.0,2920.0,2024,2024-09
701376,2024-11-12,C101514,Peshawar,Store,Accessories,Sunglasses,1,2090,980,30,Card,No,1463.0,483.0,2024,2024-11
701324,2024-11-27,C101764,Lahore,Online,Jackets,Hooded Jacket,2,4910,3040,20,Wallet,No,7856.0,1776.0,2024,2024-11
700754,2023-08-20,C101981,Karachi,Online,Shoes,Sandals,2,2840,1820,0,Wallet,No,5680.0,2040.0,2023,2023-08
700140,2024-06-16,C101755,Islamabad,Store,T-Shirts,Polo Shirt,2,2250,1190,0,Card,No,4500.0,2120.0,2024,2024-06
700387,2024-03-14,C101998,Multan,Online,Kurtas,Cotton Kurta,1,1980,1100,0,Bank Transfer,No,1980.0,880.0,2024,2024-03
704620,2025-06-11,C101198,Karachi,Store,Dresses,Wrap Dress,1,4090,2090,0,Card,No,4090.0,2000.0,2025,2025-06
704716,2025-02-28,C101253,Islamabad,Online,Dresses,Bodycon Dress,1,3740,1900,0,COD,Yes,3740.0,1840.0,2025,2025-02
701961,2024-09-24,C101527,Karachi,Online,T-Shirts,Oversized Tee,3,1740,790,0,Bank Transfer,No,5220.0,2850.0,2024,2024-09
702879,2023-08-09,C100287,Karachi,Online,Kurtas,Festive Kurta,3,4350,2150,0,COD,No,13050.0,6600.0,2023,2023-08
704807,2023-12-16,C100860,Unknown,Online,Jackets,Bomber Jacket,3,5590,3310,20,COD,No,13416.0,3486.0,2023,2023-12
705020,2024-08-21,C102063,Lahore,Online,Jeans,Straight Leg Jeans,3,3220,1700,0,Card,No,9660.0,4560.0,2024,2024-08
704732,2025-06-21,C101321,Karachi,Store,Kurtas,Embroidered Kurta,2,2840,1480,10,Wallet,No,5112.0,2152.0,2025,2025-06
701593,2024-10-08,C100031,Sialkot,Online,Dresses,Summer Floral Dress,1,3440,2200,15,COD,No,2924.0,724.0,2024,2024-10
703687,2024-11-21,C101566,Lahore,Online,Jackets,Denim Jacket,1,5560,3400,0,Card,No,5560.0,2160.0,2024,2024-11
700657,2023-11-28,C100355,Islamabad,Online,Kurtas,Festive Kurta,1,4340,2780,0,Bank Transfer,No,4340.0,1560.0,2023,2023-11
702255,2024-11-06,C102001,Karachi,Online,Accessories,Baseball Cap,3,870,490,10,Wallet,No,2349.0,879.0,2024,2024-11
705081,2023-08-20,C100688,Faisalabad,Online,T-Shirts,Graphic Print Tee,2,1600,1030,10,Card,No,2880.0,820.0,2023,2023-08
703506,2025-03-08,C101327,Islamabad,Store,Jeans,Slim Fit Jeans,1,3340,1930,0,COD,No,3340.0,1410.0,2025,2025-03
701404,2023-07-26,C101979,Lahore,Store,Shoes,Boots,1,6360,3920,0,Bank Transfer,No,6360.0,2440.0,2023,2023-07
703162,2023-07-27,C100513,Karachi,Online,Dresses,Maxi Dress,3,4830,2690,0,Wallet,No,14490.0,6420.0,2023,2023-07
703238,2024-03-13,C101472,Lahore,Online,Jeans,Slim Fit Jeans,1,3490,1900,0,Card,Yes,3490.0,1590.0,2024,2024-03
700688,2023-09-12,C101084,Sialkot,Store,T-Shirts,Classic Cotton Tee,1,1230,780,10,Card,No,1107.0,327.0,2023,2023-09
701365,2024-11-18,C100485,Unknown,Online,Shoes,Loafers,1,5360,2580,25,Card,No,4020.0,1440.0,2024,2024-11
701052,2024-01-17,C100144,Karachi,Online,Dresses,Wrap Dress,2,4310,2370,0,COD,No,8620.0,3880.0,2024,2024-01
700233,2025-01-02,C101347,Karachi,Store,Shoes,Sneakers,2,4390,2010,0,Wallet,Yes,8780.0,4760.0,2025,2025-01
705005,2025-03-21,C100407,Multan,Store,Jackets,Bomber Jacket,2,5040,2340,0,Card,No,10080.0,5400.0,2025,2025-03
701061,2023-11-18,C101174,Islamabad,Online,Shoes,Sneakers,1,4800,2720,20,Card,No,3840.0,1120.0,2023,2023-11
703882,2023-08-20,C100100,Peshawar,Store,Jeans,Slim Fit Jeans,2,3520,2250,10,Card,Yes,6336.0,1836.0,2023,2023-08
701329,2024-05-22,C101565,Karachi,Store,Shoes,Boots,3,6940,4260,0,COD,Yes,20820.0,8040.0,2024,2024-05
704970,2023-12-09,C101496,Multan,Online,Kurtas,Embroidered Kurta,1,2900,1540,0,COD,No,2900.0,1360.0,2023,2023-12
702464,2024-07-24,C100481,Lahore,Online,T-Shirts,Polo Shirt,1,2340,1350,0,Card,No,2340.0,990.0,2024,2024-07
705096,2023-10-13,C100650,Karachi,Online,Jeans,High-Waist Jeans,2,4440,2520,0,COD,No,8880.0,3840.0,2023,2023-10
703134,2024-09-06,C101829,Karachi,Online,Shoes,Sneakers,3,4460,2810,0,Card,No,13380.0,4950.0,2024,2024-09
702479,2024-02-22,C102115,Peshawar,Store,Jackets,Hooded Jacket,1,4900,3160,0,COD,Yes,4900.0,1740.0,2024,2024-02
704736,2024-10-29,C101750,Rawalpindi,Online,Jeans,High-Waist Jeans,1,4220,2030,0,Bank Transfer,No,4220.0,2190.0,2024,2024-10
701166,2024-08-07,C101183,Lahore,Online,Shoes,Boots,1,6940,3360,0,Card,No,6940.0,3580.0,2024,2024-08
704553,2024-06-21,C101039,Lahore,Store,Dresses,Maxi Dress,3,4590,2570,10,Card,No,12393.0,4683.0,2024,2024-06
704654,2024-02-15,C100397,Karachi,Store,Kurtas,Printed Kurta,1,2310,1240,0,Bank Transfer,No,2310.0,1070.0,2024,2024-02
703384,2023-11-01,C101062,Lahore,Online,Jeans,Straight Leg Jeans,3,3210,1960,0,Card,No,9630.0,3750.0,2023,2023-11
702845,2023-10-13,C100355,Islamabad,Online,Jeans,Straight Leg Jeans,1,3390,2090,0,Bank Transfer,No,3390.0,1300.0,2023,2023-10
700131,2024-10-08,C100165,Karachi,Store,Jackets,Bomber Jacket,1,5300,2440,0,COD,No,5300.0,2860.0,2024,2024-10
703217,2024-12-15,C101189,Rawalpindi,Online,Accessories,Sunglasses,3,2290,1160,10,COD,No,6183.0,2703.0,2024,2024-12
704225,2023-12-09,C100347,Lahore,Online,Jackets,Bomber Jacket,1,5200,2890,15,Card,No,4420.0,1530.0,2023,2023-12
703253,2024-02-09,C101839,Faisalabad,Online,Accessories,Leather Belt,2,1270,730,0,COD,No,2540.0,1080.0,2024,2024-02
701324,2024-11-27,C101764,Lahore,Online,Jeans,Ripped Jeans,2,3630,2130,15,Wallet,Yes,6171.0,1911.0,2024,2024-11
700607,2024-03-29,C101682,Faisalabad,Online,Dresses,Bodycon Dress,1,3930,2300,0,COD,No,3930.0,1630.0,2024,2024-03
700341,2023-08-06,C101304,Multan,Online,T-Shirts,Polo Shirt,1,2250,1060,0,Card,No,2250.0,1190.0,2023,2023-08
703911,2024-02-29,C101190,Karachi,Online,Jackets,Bomber Jacket,2,5120,3000,0,Card,No,10240.0,4240.0,2024,2024-02
700730,2024-04-12,C101827,Karachi,Store,Accessories,Tote Bag,1,1550,750,20,Bank Transfer,No,1240.0,490.0,2024,2024-04
703735,2023-10-22,C101117,Faisalabad,Store,Shoes,Sandals,2,2670,1400,10,Wallet,No,4806.0,2006.0,2023,2023-10
704343,2023-10-13,C100848,Lahore,Online,Jeans,Slim Fit Jeans,3,3440,2190,0,Bank Transfer,No,10320.0,3750.0,2023,2023-10
703423,2023-11-21,C100053,Rawalpindi,Online,T-Shirts,Graphic Print Tee,1,1580,710,0,COD,No,1580.0,870.0,2023,2023-11
703127,2023-09-27,C100906,Karachi,Online,Shoes,Loafers,1,5490,2850,0,Card,No,5490.0,2640.0,2023,2023-09
704014,2025-05-19,C101952,Faisalabad,Store,Jeans,High-Waist Jeans,1,4070,2620,15,Card,No,3459.5,839.5,2025,2025-05
701441,2024-04-28,C100950,Islamabad,Online,Jackets,Denim Jacket,1,5600,3520,15,Wallet,No,4760.0,1240.0,2024,2024-04
701036,2023-11-22,C100361,Lahore,Store,Dresses,Maxi Dress,2,4390,2440,0,Unknown,No,8780.0,3900.0,2023,2023-11
704534,2025-01-06,C100241,Faisalabad,Online,Accessories,Tote Bag,3,1630,940,0,COD,No,4890.0,2070.0,2025,2025-01
704494,2023-12-26,C100981,Faisalabad,Online,Kurtas,Festive Kurta,3,4230,2390,25,COD,No,9517.5,2347.5,2023,2023-12
700449,2023-09-25,C101202,Multan,Online,Jeans,Straight Leg Jeans,1,3200,2040,15,COD,No,2720.0,680.0,2023,2023-09
704704,2023-11-18,C101192,Multan,Online,Jeans,High-Waist Jeans,1,4500,2610,0,Card,No,4500.0,1890.0,2023,2023-11
701631,2023-12-21,C101823,Islamabad,Online,Jackets,Denim Jacket,1,5490,3120,15,Wallet,No,4666.5,1546.5,2023,2023-12
702565,2024-09-10,C101927,Rawalpindi,Store,T-Shirts,Oversized Tee,1,1870,890,0,COD,Yes,1870.0,980.0,2024,2024-09
704590,2024-06-14,C101189,Rawalpindi,Store,Kurtas,Printed Kurta,2,2510,1350,0,Bank Transfer,No,5020.0,2320.0,2024,2024-06
704858,2024-12-20,C100089,Islamabad,Store,Jeans,Ripped Jeans,1,3610,2210,10,Wallet,No,3249.0,1039.0,2024,2024-12
701290,2023-12-15,C100576,Peshawar,Online,T-Shirts,Polo Shirt,2,2360,1130,30,COD,No,3304.0,1044.0,2023,2023-12
700582,2025-04-16,C101882,Karachi,Store,T-Shirts,Oversized Tee,1,1850,1140,10,Card,No,1665.0,525.0,2025,2025-04
701774,2023-09-27,C101710,Faisalabad,Online,Dresses,Bodycon Dress,3,3800,2010,0,Card,Yes,11400.0,5370.0,2023,2023-09
701717,2025-02-06,C100292,Peshawar,Store,Shoes,Loafers,1,5600,3620,15,Wallet,No,4760.0,1140.0,2025,2025-02
702270,2025-01-12,C101454,Karachi,Online,Accessories,Tote Bag,1,1630,840,0,COD,Yes,1630.0,790.0,2025,2025-01
700963,2025-04-04,C100708,Karachi,Online,T-Shirts,Graphic Print Tee,2,1450,760,10,Card,No,2610.0,1090.0,2025,2025-04
701482,2024-09-30,C101191,Karachi,Online,Shoes,Boots,1,6610,3260,0,Bank Transfer,No,6610.0,3350.0,2024,2024-09
703667,2025-06-06,C101931,Islamabad,Online,Jeans,Ripped Jeans,2,3970,2130,0,Card,No,7940.0,3680.0,2025,2025-06
702547,2025-01-26,C101882,Karachi,Store,Jeans,Slim Fit Jeans,1,3380,2080,0,Wallet,No,3380.0,1300.0,2025,2025-01
704950,2024-01-28,C101482,Islamabad,Online,Kurtas,Embroidered Kurta,1,2990,1820,0,COD,No,2990.0,1170.0,2024,2024-01
704622,2024-11-18,C102018,Islamabad,Store,Jackets,Denim Jacket,1,5500,3250,30,COD,Yes,3850.0,600.0,2024,2024-11
705067,2024-06-29,C101823,Unknown,Online,Kurtas,Embroidered Kurta,2,3000,1880,0,Bank Transfer,No,6000.0,2240.0,2024,2024-06
704093,2024-07-22,C100677,Karachi,Online,Jeans,Ripped Jeans,1,3660,1760,0,COD,No,3660.0,1900.0,2024,2024-07
703485,2025-01-23,C101703,Islamabad,Online,T-Shirts,Classic Cotton Tee,1,1270,720,10,Card,No,1143.0,423.0,2025,2025-01
700632,2024-03-26,C100452,Rawalpindi,Online,Shoes,Sandals,2,2800,1600,0,COD,No,5600.0,2400.0,2024,2024-03
702045,2024-05-05,C100877,Karachi,Online,Kurtas,Printed Kurta,2,2410,1230,10,COD,No,4338.0,1878.0,2024,2024-05
703067,2024-09-22,C101420,Rawalpindi,Store,Dresses,Wrap Dress,2,4270,2410,10,Card,No,7686.0,2866.0,2024,2024-09
704127,2024-03-24,C101717,Islamabad,Online,Accessories,Sunglasses,2,2200,1420,0,Card,No,4400.0,1560.0,2024,2024-03
704339,2024-03-31,C101104,Lahore,Store,Shoes,Boots,1,6490,4080,0,Unknown,Yes,6490.0,2410.0,2024,2024-03
700772,2023-12-23,C100740,Lahore,Online,Jackets,Puffer Jacket,1,7300,3370,10,COD,No,6570.0,3200.0,2023,2023-12
702272,2023-07-30,C100315,Karachi,Store,T-Shirts,Classic Cotton Tee,1,1200,610,0,COD,No,1200.0,590.0,2023,2023-07
700426,2024-01-10,C101415,Faisalabad,Store,Jeans,Ripped Jeans,2,3720,2360,15,Card,No,6324.0,1604.0,2024,2024-01
702806,2023-11-14,C100774,Lahore,Online,Dresses,Wrap Dress,1,4170,2110,15,Card,No,3544.5,1434.5,2023,2023-11
700395,2024-01-07,C100496,Karachi,Online,T-Shirts,Polo Shirt,1,2140,1000,10,Card,No,1926.0,926.0,2024,2024-01
700443,2024-03-25,C100750,Karachi,Online,Dresses,Wrap Dress,1,4170,2680,10,Card,No,3753.0,1073.0,2024,2024-03
704107,2024-07-18,C100078,Islamabad,Online,Shoes,Sandals,1,2900,1390,0,Wallet,Yes,2900.0,1510.0,2024,2024-07
701195,2023-09-13,C100498,Karachi,Online,T-Shirts,Oversized Tee,1,1870,1140,0,COD,No,1870.0,730.0,2023,2023-09
704368,2023-12-03,C101795,Karachi,Online,T-Shirts,Classic Cotton Tee,1,1250,610,25,Card,No,937.5,327.5,2023,2023-12
702554,2025-01-29,C101882,Karachi,Online,Jeans,Ripped Jeans,2,4010,2330,0,Card,No,8020.0,3360.0,2025,2025-01
703955,2025-06-01,C101362,Islamabad,Store,Jackets,Bomber Jacket,2,5170,2490,0,Card,No,10340.0,5360.0,2025,2025-06
700056,2024-03-14,C101745,Islamabad,Store,Kurtas,Festive Kurta,1,4290,2190,0,COD,Yes,4290.0,2100.0,2024,2024-03
704953,2025-06-29,C100863,Islamabad,Online,T-Shirts,Graphic Print Tee,1,1590,750,0,Card,No,1590.0,840.0,2025,2025-06
700238,2024-10-12,C101269,Karachi,Online,Jeans,Straight Leg Jeans,1,3260,2060,0,Bank Transfer,No,3260.0,1200.0,2024,2024-10
704951,2023-11-23,C100981,Faisalabad,Online,Jackets,Puffer Jacket,3,7070,4080,20,Bank Transfer,No,16968.0,4728.0,2023,2023-11
705027,2024-06-07,C101190,Karachi,Online,Dresses,Maxi Dress,2,4360,2370,10,Card,No,7848.0,3108.0,2024,2024-06
702120,2025-02-26,C100900,Karachi,Online,Kurtas,Printed Kurta,1,2390,1290,0,Bank Transfer,No,2390.0,1100.0,2025,2025-02
700594,2024-05-14,C102155,Multan,Store,Kurtas,Embroidered Kurta,3,2980,1820,15,COD,No,7599.0,2139.0,2024,2024-05
702032,2024-11-08,C101038,Karachi,Online,Shoes,Sandals,1,2950,1580,0,Card,No,2950.0,1370.0,2024,2024-11
702373,2024-07-22,C101510,Lahore,Online,Jeans,Straight Leg Jeans,1,3410,1650,0,COD,No,3410.0,1760.0,2024,2024-07
704180,2024-05-08,C100493,Karachi,Online,Kurtas,Printed Kurta,2,2580,1470,15,Card,No,4386.0,1446.0,2024,2024-05
704010,2024-11-24,C100328,Islamabad,Online,Jeans,High-Waist Jeans,1,4080,2200,20,COD,No,3264.0,1064.0,2024,2024-11
704327,2023-10-12,C100156,Karachi,Online,Dresses,Summer Floral Dress,3,3450,2230,0,COD,No,10350.0,3660.0,2023,2023-10
702425,2024-11-11,C100904,Sialkot,Store,Dresses,Bodycon Dress,3,3790,2230,15,COD,No,9664.5,2974.5,2024,2024-11
700972,2025-03-21,C101702,Karachi,Online,T-Shirts,Graphic Print Tee,1,1570,860,10,Wallet,Yes,1413.0,553.0,2025,2025-03
702014,2023-10-30,C101013,Sialkot,Store,Shoes,Boots,1,6200,3980,10,Card,No,5580.0,1600.0,2023,2023-10
703568,2023-07-24,C100781,Peshawar,Store,Dresses,Bodycon Dress,3,3870,2150,0,Unknown,No,11610.0,5160.0,2023,2023-07
703825,2024-07-31,C101417,Islamabad,Online,Shoes,Sneakers,2,4430,2480,0,Card,Yes,8860.0,3900.0,2024,2024-07
701760,2024-10-17,C102161,Karachi,Store,Jeans,Straight Leg Jeans,1,3380,1590,15,Card,No,2873.0,1283.0,2024,2024-10
701857,2025-01-01,C101999,Islamabad,Online,Jackets,Denim Jacket,2,5240,3030,10,Card,No,9432.0,3372.0,2025,2025-01
704322,2024-09-29,C100024,Faisalabad,Online,Jackets,Denim Jacket,2,5740,3030,15,Card,No,9758.0,3698.0,2024,2024-09
703311,2024-08-19,C100422,Lahore,Online,Dresses,Maxi Dress,2,4810,2740,0,COD,No,9620.0,4140.0,2024,2024-08
704394,2024-02-23,C100835,Islamabad,Store,Accessories,Leather Belt,1,1240,590,0,COD,No,1240.0,650.0,2024,2024-02
703841,2023-08-31,C101019,Karachi,Online,Accessories,Leather Belt,2,1200,730,0,Bank Transfer,No,2400.0,940.0,2023,2023-08
700568,2024-08-21,C101761,Lahore,Store,Shoes,Boots,1,6630,4270,0,COD,No,6630.0,2360.0,2024,2024-08
701759,2024-03-14,C101563,Peshawar,Online,Shoes,Sandals,2,2940,1820,0,COD,No,5880.0,2240.0,2024,2024-03
702030,2025-06-02,C100418,Lahore,Store,Shoes,Loafers,1,5550,3540,0,COD,Yes,5550.0,2010.0,2025,2025-06
704264,2025-05-27,C101649,Faisalabad,Online,Accessories,Baseball Cap,1,960,460,0,Card,No,960.0,500.0,2025,2025-05
702470,2024-05-23,C100133,Karachi,Online,Shoes,Sandals,1,2950,1820,0,Wallet,No,2950.0,1130.0,2024,2024-05
704522,2025-02-12,C101725,Lahore,Store,Jeans,Slim Fit Jeans,1,3760,1820,0,Wallet,No,3760.0,1940.0,2025,2025-02
704439,2023-12-09,C100809,Sialkot,Online,Jeans,High-Waist Jeans,2,4000,2430,15,Bank Transfer,No,6800.0,1940.0,2023,2023-12
704796,2024-06-14,C100913,Sialkot,Store,Shoes,Boots,1,6550,4170,10,Card,No,5895.0,1725.0,2024,2024-06
703134,2024-09-06,C101829,Karachi,Online,Accessories,Leather Belt,1,1270,590,0,Card,No,1270.0,680.0,2024,2024-09
700745,2024-05-17,C100194,Lahore,Store,Accessories,Tote Bag,1,1610,910,10,Card,No,1449.0,539.0,2024,2024-05
700375,2023-07-14,C100087,Karachi,Store,Kurtas,Festive Kurta,3,4410,2540,0,COD,No,13230.0,5610.0,2023,2023-07
704634,2024-01-15,C101477,Sialkot,Online,Shoes,Sandals,1,2910,1840,10,COD,Yes,2619.0,779.0,2024,2024-01
704569,2025-05-26,C101945,Peshawar,Store,Dresses,Bodycon Dress,3,3940,2530,0,Unknown,No,11820.0,4230.0,2025,2025-05
700894,2024-08-01,C100107,Karachi,Store,Dresses,Maxi Dress,1,4290,2160,0,Card,No,4290.0,2130.0,2024,2024-08
704139,2024-01-15,C100585,Islamabad,Online,Kurtas,Printed Kurta,1,2490,1450,0,Card,No,2490.0,1040.0,2024,2024-01
702253,2024-10-01,C101094,Islamabad,Online,Dresses,Summer Floral Dress,1,3100,1750,0,Wallet,No,3100.0,1350.0,2024,2024-10
700858,2023-08-03,C101649,Faisalabad,Online,T-Shirts,Oversized Tee,2,1780,1020,0,Wallet,No,3560.0,1520.0,2023,2023-08
703594,2023-12-01,C101797,Karachi,Online,Kurtas,Festive Kurta,3,4350,2190,10,Card,No,11745.0,5175.0,2023,2023-12
700119,2024-11-09,C100188,Faisalabad,Store,Jackets,Hooded Jacket,1,4730,2930,20,Bank Transfer,No,3784.0,854.0,2024,2024-11
701323,2024-03-10,C100969,Lahore,Online,Jeans,Ripped Jeans,1,3920,2320,0,Unknown,No,3920.0,1600.0,2024,2024-03
700126,2024-08-14,C101369,Karachi,Online,T-Shirts,Graphic Print Tee,1,1590,940,0,Bank Transfer,No,1590.0,650.0,2024,2024-08
704695,2025-04-26,C101429,Karachi,Store,Accessories,Sunglasses,1,2120,1070,10,COD,No,1908.0,838.0,2025,2025-04
703690,2023-09-27,C101026,Sialkot,Online,Shoes,Sandals,1,2990,1450,0,COD,No,2990.0,1540.0,2023,2023-09
700992,2023-07-17,C100423,Lahore,Online,Accessories,Leather Belt,1,1270,690,0,Card,No,1270.0,580.0,2023,2023-07
702138,2024-07-04,C100006,Faisalabad,Online,Accessories,Tote Bag,1,1650,830,0,COD,No,1650.0,820.0,2024,2024-07
705157,2025-03-20,C100737,Karachi,Store,Shoes,Sneakers,1,4330,2540,10,COD,No,3897.0,1357.0,2025,2025-03
703403,2025-02-12,C100975,Islamabad,Online,Jackets,Puffer Jacket,2,7100,4450,0,Card,No,14200.0,5300.0,2025,2025-02
701539,2024-10-12,C102157,Karachi,Online,Dresses,Wrap Dress,1,4050,2220,0,COD,No,4050.0,1830.0,2024,2024-10
701265,2024-10-09,C101502,Karachi,Online,T-Shirts,Graphic Print Tee,3,1430,760,0,Card,No,4290.0,2010.0,2024,2024-10
703632,2024-02-18,C100086,Rawalpindi,Store,T-Shirts,Classic Cotton Tee,1,1150,580,0,Wallet,No,1150.0,570.0,2024,2024-02
701679,2023-08-15,C101142,Multan,Online,T-Shirts,Oversized Tee,1,1770,1030,0,Wallet,Yes,1770.0,740.0,2023,2023-08
703488,2024-01-15,C100228,Islamabad,Online,T-Shirts,Graphic Print Tee,2,1550,910,0,COD,No,3100.0,1280.0,2024,2024-01
703125,2024-08-25,C100142,Peshawar,Online,Dresses,Summer Floral Dress,1,3260,2050,0,Card,No,3260.0,1210.0,2024,2024-08
701084,2023-12-25,C102014,Karachi,Online,Jackets,Bomber Jacket,1,5160,3330,15,COD,No,4386.0,1056.0,2023,2023-12
700977,2023-10-10,C101444,Lahore,Online,Dresses,Maxi Dress,3,4780,2650,10,COD,No,12906.0,4956.0,2023,2023-10
703090,2024-09-26,C101162,Multan,Store,Accessories,Leather Belt,1,1220,560,0,Card,No,1220.0,660.0,2024,2024-09
702231,2024-02-29,C101736,Peshawar,Online,Accessories,Leather Belt,2,1150,640,0,Card,No,2300.0,1020.0,2024,2024-02
705160,2025-01-05,C101332,Islamabad,Store,Dresses,Bodycon Dress,1,4070,2320,0,COD,No,4070.0,1750.0,2025,2025-01
704636,2024-08-04,C101088,Karachi,Store,Kurtas,Festive Kurta,1,4350,2570,0,Bank Transfer,No,4350.0,1780.0,2024,2024-08
701423,2024-10-10,C102034,Lahore,Online,Jackets,Hooded Jacket,1,4940,3120,0,Wallet,No,4940.0,1820.0,2024,2024-10
703409,2023-09-09,C100015,Lahore,Online,Shoes,Sneakers,1,4280,2200,0,Card,No,4280.0,2080.0,2023,2023-09
701131,2025-05-09,C100970,Lahore,Online,T-Shirts,Oversized Tee,2,1760,920,0,Wallet,No,3520.0,1680.0,2025,2025-05
701827,2024-04-10,C101019,Karachi,Store,Dresses,Bodycon Dress,1,3770,1740,10,Wallet,No,3393.0,1653.0,2024,2024-04
703899,2025-05-21,C102099,Lahore,Online,Kurtas,Embroidered Kurta,2,2890,1440,10,COD,No,5202.0,2322.0,2025,2025-05
702551,2023-10-31,C100896,Karachi,Store,Shoes,Sneakers,2,4390,2520,15,Card,No,7463.0,2423.0,2023,2023-10
703905,2025-01-09,C102144,Karachi,Online,Jackets,Denim Jacket,1,5520,3010,0,COD,No,5520.0,2510.0,2025,2025-01
704634,2024-01-15,C101477,Sialkot,Online,Accessories,Tote Bag,1,1640,940,0,COD,No,1640.0,700.0,2024,2024-01
700271,2023-07-23,C101797,Karachi,Store,Shoes,Sandals,2,2890,1550,0,Card,No,5780.0,2680.0,2023,2023-07
705056,2024-11-22,C100860,Faisalabad,Online,Jeans,Ripped Jeans,1,4010,2030,10,Card,No,3609.0,1579.0,2024,2024-11
702792,2024-08-23,C101498,Karachi,Store,Accessories,Tote Bag,1,1590,870,0,Unknown,No,1590.0,720.0,2024,2024-08
705057,2024-06-14,C100206,Lahore,Store,Shoes,Sandals,1,2810,1330,0,Bank Transfer,No,2810.0,1480.0,2024,2024-06
702597,2025-01-26,C100874,Rawalpindi,Store,Jeans,High-Waist Jeans,3,4170,2640,0,COD,No,12510.0,4590.0,2025,2025-01
703673,2023-09-27,C101077,Karachi,Online,Shoes,Sandals,1,2960,1680,0,COD,No,2960.0,1280.0,2023,2023-09
703167,2023-11-03,C100626,Faisalabad,Store,Jeans,Slim Fit Jeans,1,3400,1720,15,Card,No,2890.0,1170.0,2023,2023-11
705166,2023-09-12,C102140,Peshawar,Store,Jeans,High-Waist Jeans,1,4240,2660,10,COD,No,3816.0,1156.0,2023,2023-09
700971,2024-03-24,C100475,Karachi,Online,Shoes,Loafers,1,5260,2420,15,Card,No,4471.0,2051.0,2024,2024-03
700513,2024-02-23,C101290,Karachi,Online,Shoes,Loafers,1,5410,3400,10,Wallet,No,4869.0,1469.0,2024,2024-02
701417,2025-06-08,C100790,Lahore,Store,Dresses,Bodycon Dress,1,4060,2090,0,COD,No,4060.0,1970.0,2025,2025-06
704043,2025-04-21,C100926,Lahore,Online,Dresses,Bodycon Dress,2,4030,2600,0,COD,No,8060.0,2860.0,2025,2025-04
701002,2024-07-21,C102175,Islamabad,Online,Kurtas,Printed Kurta,2,2570,1410,0,COD,No,5140.0,2320.0,2024,2024-07
704993,2024-06-12,C101980,Multan,Online,Dresses,Summer Floral Dress,1,3400,1980,0,COD,No,3400.0,1420.0,2024,2024-06
701780,2023-12-06,C101936,Karachi,Online,Jeans,Ripped Jeans,3,4080,2360,15,Card,No,10404.0,3324.0,2023,2023-12
700052,2025-04-23,C101747,Islamabad,Online,Jackets,Hooded Jacket,1,4720,2140,0,Card,Yes,4720.0,2580.0,2025,2025-04
703477,2023-09-20,C100469,Islamabad,Online,Jeans,Straight Leg Jeans,1,3140,1690,0,Wallet,No,3140.0,1450.0,2023,2023-09
702901,2025-05-10,C101484,Islamabad,Store,Dresses,Bodycon Dress,1,4010,2380,0,Card,No,4010.0,1630.0,2025,2025-05
704729,2025-05-25,C100575,Islamabad,Online,Shoes,Sandals,1,3020,1710,15,Card,No,2567.0,857.0,2025,2025-05
704765,2025-01-03,C101669,Multan,Online,Accessories,Baseball Cap,1,960,530,0,Wallet,No,960.0,430.0,2025,2025-01
704248,2024-02-02,C100902,Lahore,Online,Jackets,Hooded Jacket,3,5010,2860,15,COD,No,12775.5,4195.5,2024,2024-02
704810,2024-07-12,C100689,Islamabad,Online,Shoes,Boots,1,6210,3000,0,Card,No,6210.0,3210.0,2024,2024-07
703609,2024-07-24,C101421,Karachi,Store,Accessories,Sunglasses,1,2150,1290,15,Card,No,1827.5,537.5,2024,2024-07
701822,2024-02-13,C101710,Faisalabad,Store,Jackets,Puffer Jacket,2,7300,3540,0,Card,Yes,14600.0,7520.0,2024,2024-02
704780,2025-05-15,C100036,Lahore,Online,T-Shirts,Polo Shirt,3,2310,1260,10,COD,No,6237.0,2457.0,2025,2025-05
700072,2025-01-28,C100194,Lahore,Store,Jackets,Puffer Jacket,1,7230,3540,0,COD,No,7230.0,3690.0,2025,2025-01
705200,2024-12-25,C101234,Lahore,Online,T-Shirts,Polo Shirt,1,2190,1260,0,Card,Yes,2190.0,930.0,2024,2024-12
704933,2024-07-12,C101057,Lahore,Online,T-Shirts,Oversized Tee,1,1720,1040,0,Unknown,Yes,1720.0,680.0,2024,2024-07
703383,2024-05-05,C100545,Karachi,Online,Shoes,Sneakers,2,4650,2680,15,Wallet,Yes,7905.0,2545.0,2024,2024-05
701135,2024-11-05,C100184,Faisalabad,Online,Jackets,Bomber Jacket,2,5270,2620,20,COD,No,8432.0,3192.0,2024,2024-11
704703,2025-03-03,C100564,Rawalpindi,Store,Jeans,High-Waist Jeans,1,4210,2100,0,COD,No,4210.0,2110.0,2025,2025-03
701634,2023-11-13,C100544,Lahore,Online,Shoes,Sandals,1,2900,1740,10,Wallet,No,2610.0,870.0,2023,2023-11
701641,2024-10-02,C101368,Lahore,Online,Jackets,Denim Jacket,1,5820,3770,10,Card,No,5238.0,1468.0,2024,2024-10
702779,2024-01-18,C100211,Islamabad,Online,Jackets,Hooded Jacket,3,5020,2970,0,Card,No,15060.0,6150.0,2024,2024-01
703466,2024-07-07,C102115,Peshawar,Store,Shoes,Boots,1,6690,3500,0,COD,No,6690.0,3190.0,2024,2024-07
700381,2023-12-15,C101606,Sialkot,Online,Accessories,Tote Bag,1,1650,910,25,COD,No,1237.5,327.5,2023,2023-12
701390,2025-01-15,C101534,Lahore,Online,Shoes,Loafers,1,5070,3010,10,Card,No,4563.0,1553.0,2025,2025-01
702812,2023-10-19,C101686,Islamabad,Online,Dresses,Bodycon Dress,1,4000,1870,10,COD,No,3600.0,1730.0,2023,2023-10
704825,2025-05-06,C100240,Multan,Online,Kurtas,Printed Kurta,1,2340,1260,10,COD,No,2106.0,846.0,2025,2025-05
703644,2024-05-19,C101111,Karachi,Store,T-Shirts,Classic Cotton Tee,2,1220,700,0,COD,No,2440.0,1040.0,2024,2024-05
703378,2025-03-25,C101500,Rawalpindi,Store,Jeans,High-Waist Jeans,1,4510,2550,0,COD,No,4510.0,1960.0,2025,2025-03
702630,2024-12-13,C100528,Faisalabad,Online,Shoes,Boots,1,6770,3160,20,Card,No,5416.0,2256.0,2024,2024-12
703695,2025-03-20,C100414,Lahore,Online,Kurtas,Cotton Kurta,1,1920,1160,0,Card,No,1920.0,760.0,2025,2025-03
703650,2024-10-18,C100705,Islamabad,Store,Jackets,Puffer Jacket,2,7110,3540,0,Wallet,Yes,14220.0,7140.0,2024,2024-10
702673,2025-05-17,C100603,Rawalpindi,Store,Accessories,Leather Belt,1,1280,610,15,COD,No,1088.0,478.0,2025,2025-05
700878,2024-03-31,C101995,Faisalabad,Store,Accessories,Baseball Cap,2,940,470,0,Wallet,No,1880.0,940.0,2024,2024-03
700643,2023-07-27,C102147,Sialkot,Online,Kurtas,Printed Kurta,1,2310,1420,0,COD,No,2310.0,890.0,2023,2023-07
703804,2024-06-19,C101100,Lahore,Online,T-Shirts,Classic Cotton Tee,3,1160,730,0,COD,No,3480.0,1290.0,2024,2024-06
703040,2025-06-11,C100637,Rawalpindi,Online,Shoes,Loafers,1,4960,2600,0,COD,No,4960.0,2360.0,2025,2025-06
700417,2025-06-25,C101344,Sialkot,Online,Kurtas,Festive Kurta,1,4300,2780,0,Card,Yes,4300.0,1520.0,2025,2025-06
702860,2023-07-27,C102093,Lahore,Store,Dresses,Summer Floral Dress,1,3240,1600,0,Bank Transfer,No,3240.0,1640.0,2023,2023-07
701082,2024-03-31,C102119,Lahore,Online,Accessories,Sunglasses,2,2210,1230,10,Wallet,No,3978.0,1518.0,2024,2024-03
703925,2024-12-09,C101946,Lahore,Online,Kurtas,Embroidered Kurta,1,2980,1370,10,Unknown,No,2682.0,1312.0,2024,2024-12
701549,2025-01-29,C100597,Islamabad,Store,Shoes,Boots,2,6390,3860,15,Card,No,10863.0,3143.0,2025,2025-01
704399,2023-12-13,C101751,Lahore,Online,Kurtas,Cotton Kurta,1,1900,970,20,COD,No,1520.0,550.0,2023,2023-12
701596,2025-02-02,C101540,Multan,Online,T-Shirts,Polo Shirt,1,2330,1230,10,COD,No,2097.0,867.0,2025,2025-02
702361,2024-04-06,C101226,Karachi,Online,Accessories,Tote Bag,2,1720,1000,0,COD,No,3440.0,1440.0,2024,2024-04
702151,2024-10-17,C100595,Karachi,Online,Shoes,Boots,1,6280,2940,0,COD,Yes,6280.0,3340.0,2024,2024-10
705198,2024-03-07,C100680,Lahore,Store,Jackets,Bomber Jacket,1,5080,3110,10,Bank Transfer,No,4572.0,1462.0,2024,2024-03
701709,2023-12-10,C102042,Islamabad,Store,Jackets,Puffer Jacket,2,6820,4040,20,COD,No,10912.0,2832.0,2023,2023-12
703254,2023-08-03,C100431,Faisalabad,Online,Shoes,Sandals,2,2750,1740,10,Card,Yes,4950.0,1470.0,2023,2023-08
702595,2024-12-16,C100023,Peshawar,Online,Kurtas,Embroidered Kurta,1,2930,1370,0,COD,No,2930.0,1560.0,2024,2024-12
701262,2023-10-06,C100890,Karachi,Store,T-Shirts,Oversized Tee,2,1920,1080,0,Wallet,No,3840.0,1680.0,2023,2023-10
703754,2024-06-12,C101563,Peshawar,Store,T-Shirts,Classic Cotton Tee,1,1180,650,0,Card,No,1180.0,530.0,2024,2024-06
703695,2025-03-20,C100414,Lahore,Online,Dresses,Wrap Dress,1,3880,1970,0,Card,No,3880.0,1910.0,2025,2025-03
701939,2025-02-24,C101461,Islamabad,Online,Dresses,Summer Floral Dress,1,3090,1840,0,Card,Yes,3090.0,1250.0,2025,2025-02
703250,2024-09-25,C102099,Lahore,Online,Kurtas,Cotton Kurta,3,1960,1230,0,COD,No,5880.0,2190.0,2024,2024-09
700276,2024-02-20,C101620,Lahore,Online,Jeans,Straight Leg Jeans,1,3450,2090,0,Wallet,No,3450.0,1360.0,2024,2024-02
705132,2024-06-01,C100353,Islamabad,Store,Dresses,Summer Floral Dress,1,3180,2040,0,COD,No,3180.0,1140.0,2024,2024-06
702480,2023-07-22,C102139,Multan,Online,Shoes,Loafers,2,4960,2980,0,Wallet,Yes,9920.0,3960.0,2023,2023-07
702813,2024-05-04,C100749,Multan,Store,T-Shirts,Polo Shirt,1,2310,1160,0,Wallet,No,2310.0,1150.0,2024,2024-05
704407,2024-08-24,C101496,Multan,Online,Accessories,Sunglasses,1,2240,1310,0,Wallet,Yes,2240.0,930.0,2024,2024-08
703602,2024-05-08,C101990,Lahore,Store,Dresses,Summer Floral Dress,1,3410,2020,0,COD,No,3410.0,1390.0,2024,2024-05
704361,2024-05-24,C101101,Karachi,Store,Accessories,Leather Belt,3,1290,580,0,Wallet,No,3870.0,2130.0,2024,2024-05
701812,2024-10-19,C102085,Karachi,Store,T-Shirts,Polo Shirt,1,2340,1240,0,COD,Yes,2340.0,1100.0,2024,2024-10
702772,2024-09-09,C100630,Peshawar,Online,Kurtas,Festive Kurta,1,4330,2200,0,Unknown,No,4330.0,2130.0,2024,2024-09
701335,2025-02-17,C101891,Faisalabad,Store,Jeans,Ripped Jeans,1,4010,2540,0,COD,No,4010.0,1470.0,2025,2025-02
700149,2024-08-13,C100430,Peshawar,Online,Kurtas,Embroidered Kurta,1,2830,1320,0,Wallet,No,2830.0,1510.0,2024,2024-08
703752,2025-01-16,C100501,Peshawar,Online,Shoes,Loafers,1,5130,3000,0,COD,No,5130.0,2130.0,2025,2025-01
700431,2024-03-21,C100860,Faisalabad,Store,Accessories,Leather Belt,1,1180,740,0,Card,No,1180.0,440.0,2024,2024-03
702116,2023-11-28,C100160,Lahore,Online,Jeans,Ripped Jeans,1,3730,1760,15,Card,No,3170.5,1410.5,2023,2023-11
705167,2023-12-09,C101763,Lahore,Store,Kurtas,Embroidered Kurta,2,2840,1550,20,Wallet,No,4544.0,1444.0,2023,2023-12
704801,2023-10-17,C100349,Lahore,Online,T-Shirts,Oversized Tee,3,1770,810,0,Card,No,5310.0,2880.0,2023,2023-10
704512,2023-09-05,C102030,Lahore,Online,Shoes,Sandals,2,2790,1670,0,Card,No,5580.0,2240.0,2023,2023-09
701917,2025-04-06,C100538,Lahore,Online,Shoes,Boots,2,6340,3530,15,Card,No,10778.0,3718.0,2025,2025-04
701027,2025-06-06,C100012,Rawalpindi,Online,Accessories,Baseball Cap,2,970,530,0,COD,No,1940.0,880.0,2025,2025-06
700546,2024-05-28,C100556,Karachi,Store,Accessories,Sunglasses,2,2270,1180,20,Wallet,No,3632.0,1272.0,2024,2024-05
703060,2024-06-28,C100701,Karachi,Online,Accessories,Leather Belt,1,1160,570,10,Card,No,1044.0,474.0,2024,2024-06
702924,2024-03-03,C101717,Islamabad,Store,Dresses,Wrap Dress,1,4080,1900,0,COD,No,4080.0,2180.0,2024,2024-03
704329,2025-01-12,C100289,Lahore,Online,Jeans,Slim Fit Jeans,2,3470,1720,0,COD,No,6940.0,3500.0,2025,2025-01
700427,2024-10-20,C100602,Peshawar,Store,Accessories,Baseball Cap,3,870,520,0,COD,No,2610.0,1050.0,2024,2024-10
701740,2025-01-23,C101241,Karachi,Online,Accessories,Sunglasses,2,2300,1080,10,Bank Transfer,No,4140.0,1980.0,2025,2025-01
703186,2024-06-17,C101823,Islamabad,Store,Jeans,High-Waist Jeans,3,4260,2530,0,Wallet,No,12780.0,5190.0,2024,2024-06
702319,2023-11-29,C102066,Islamabad,Online,Jackets,Hooded Jacket,1,4970,2320,20,Card,No,3976.0,1656.0,2023,2023-11
701691,2023-09-24,C101884,Karachi,Store,Jackets,Hooded Jacket,3,4570,2480,0,Unknown,No,13710.0,6270.0,2023,2023-09
702977,2023-11-24,C102038,Islamabad,Store,Jackets,Puffer Jacket,2,7340,3560,20,Card,No,11744.0,4624.0,2023,2023-11
701573,2023-09-02,C101135,Karachi,Online,Dresses,Wrap Dress,2,4320,2250,0,COD,Yes,8640.0,4140.0,2023,2023-09
704123,2024-02-26,C100152,Lahore,Online,Dresses,Maxi Dress,1,4820,2540,15,COD,No,4097.0,1557.0,2024,2024-02
700508,2024-01-15,C101039,Lahore,Online,Accessories,Tote Bag,1,1660,800,15,COD,No,1411.0,611.0,2024,2024-01
702401,2024-08-09,C101271,Karachi,Online,T-Shirts,Graphic Print Tee,1,1450,780,0,COD,No,1450.0,670.0,2024,2024-08
702699,2023-07-01,C101897,Karachi,Store,Accessories,Baseball Cap,1,860,400,0,COD,No,860.0,460.0,2023,2023-07
703399,2025-01-27,C100833,Unknown,Online,Kurtas,Embroidered Kurta,1,3010,1360,0,Card,No,3010.0,1650.0,2025,2025-01
701976,2025-04-21,C100083,Lahore,Online,Accessories,Tote Bag,1,1620,1000,0,Card,No,1620.0,620.0,2025,2025-04
701759,2024-03-14,C101563,Peshawar,Online,Jackets,Hooded Jacket,2,5180,2640,0,COD,No,10360.0,5080.0,2024,2024-03
703618,2024-01-28,C100583,Karachi,Store,Accessories,Baseball Cap,2,900,460,10,Wallet,No,1620.0,700.0,2024,2024-01
703734,2023-11-04,C100992,Faisalabad,Store,Jackets,Bomber Jacket,1,5180,2920,30,Card,No,3626.0,706.0,2023,2023-11
700091,2024-05-18,C101693,Faisalabad,Online,Dresses,Wrap Dress,1,4310,2310,10,Card,No,3879.0,1569.0,2024,2024-05
704229,2025-05-03,C101909,Peshawar,Online,Kurtas,Festive Kurta,3,4000,2310,0,COD,No,12000.0,5070.0,2025,2025-05
701754,2024-03-25,C101751,Lahore,Store,T-Shirts,Polo Shirt,1,2200,1260,0,Wallet,No,2200.0,940.0,2024,2024-03
702175,2024-03-08,C101554,Lahore,Online,T-Shirts,Classic Cotton Tee,1,1250,600,0,Wallet,No,1250.0,650.0,2024,2024-03
704733,2023-07-04,C100748,Faisalabad,Store,Shoes,Sandals,1,2830,1580,10,Wallet,Yes,2547.0,967.0,2023,2023-07
702429,2025-02-18,C102092,Islamabad,Store,Accessories,Baseball Cap,3,870,510,0,Bank Transfer,No,2610.0,1080.0,2025,2025-02
703455,2023-09-24,C101618,Sialkot,Online,Shoes,Loafers,2,5070,3190,15,Card,No,8619.0,2239.0,2023,2023-09
701547,2024-03-20,C101369,Karachi,Online,Jeans,Straight Leg Jeans,1,3450,2220,0,Wallet,No,3450.0,1230.0,2024,2024-03
704169,2024-04-21,C102120,Karachi,Online,Dresses,Wrap Dress,1,3820,2410,20,COD,No,3056.0,646.0,2024,2024-04
703953,2024-02-27,C102007,Lahore,Online,Jeans,Straight Leg Jeans,3,3330,1740,0,COD,No,9990.0,4770.0,2024,2024-02
703947,2024-09-27,C101513,Faisalabad,Online,Kurtas,Printed Kurta,1,2500,1550,0,Card,No,2500.0,950.0,2024,2024-09
704421,2024-08-04,C100652,Rawalpindi,Store,T-Shirts,Classic Cotton Tee,1,1200,600,0,Wallet,No,1200.0,600.0,2024,2024-08
702707,2023-09-06,C100953,Lahore,Online,Dresses,Bodycon Dress,1,3800,2450,0,Wallet,No,3800.0,1350.0,2023,2023-09
702220,2023-08-06,C100671,Islamabad,Online,Shoes,Boots,1,6490,3110,0,COD,No,6490.0,3380.0,2023,2023-08
703896,2024-01-11,C101267,Sialkot,Store,Kurtas,Printed Kurta,2,2330,1230,0,Bank Transfer,No,4660.0,2200.0,2024,2024-01
703357,2024-01-20,C100209,Islamabad,Online,Kurtas,Cotton Kurta,2,1940,970,0,COD,No,3880.0,1940.0,2024,2024-01
700819,2024-12-30,C102170,Karachi,Online,Kurtas,Embroidered Kurta,3,2720,1350,25,Bank Transfer,No,6120.0,2070.0,2024,2024-12
701241,2023-09-24,C100284,Islamabad,Online,Kurtas,Cotton Kurta,3,1980,950,0,Wallet,No,5940.0,3090.0,2023,2023-09
703843,2024-12-11,C100348,Islamabad,Online,Kurtas,Festive Kurta,1,4510,2540,20,Card,No,3608.0,1068.0,2024,2024-12
700550,2025-04-05,C100746,Karachi,Online,T-Shirts,Polo Shirt,1,2200,1300,0,Card,No,2200.0,900.0,2025,2025-04
702075,2024-03-23,C100708,Karachi,Store,T-Shirts,Graphic Print Tee,3,1560,980,0,COD,No,4680.0,1740.0,2024,2024-03
704952,2025-05-02,C101218,Rawalpindi,Online,Dresses,Wrap Dress,1,4260,2010,10,Wallet,No,3834.0,1824.0,2025,2025-05
702545,2024-01-07,C101224,Lahore,Online,Jackets,Puffer Jacket,1,7310,4180,0,Bank Transfer,No,7310.0,3130.0,2024,2024-01
703042,2024-07-14,C100005,Sialkot,Online,Kurtas,Printed Kurta,1,2320,1050,0,Card,Yes,2320.0,1270.0,2024,2024-07
703774,2023-12-12,C101162,Multan,Store,Accessories,Tote Bag,1,1620,1040,25,COD,No,1215.0,175.0,2023,2023-12
701843,2024-02-24,C101290,Karachi,Online,T-Shirts,Classic Cotton Tee,1,1280,750,10,Wallet,No,1152.0,402.0,2024,2024-02
702002,2024-03-13,C101490,Lahore,Online,T-Shirts,Classic Cotton Tee,1,1160,560,0,COD,No,1160.0,600.0,2024,2024-03
703503,2024-04-13,C102083,Lahore,Online,Jeans,Ripped Jeans,2,4090,2360,0,COD,Yes,8180.0,3460.0,2024,2024-04
705029,2023-08-25,C100531,Rawalpindi,Store,Jeans,Ripped Jeans,1,3760,1800,0,Bank Transfer,No,3760.0,1960.0,2023,2023-08
700394,2024-10-21,C100332,Rawalpindi,Online,Kurtas,Printed Kurta,3,2560,1630,0,Wallet,No,7680.0,2790.0,2024,2024-10
701089,2024-10-29,C101909,Peshawar,Online,Jeans,Ripped Jeans,1,3740,2360,0,Bank Transfer,No,3740.0,1380.0,2024,2024-10
704141,2023-11-05,C100790,Lahore,Online,Kurtas,Festive Kurta,2,4270,2180,0,Card,No,8540.0,4180.0,2023,2023-11
700312,2025-04-23,C101600,Peshawar,Online,T-Shirts,Polo Shirt,2,2120,1250,0,Card,No,4240.0,1740.0,2025,2025-04
701869,2025-04-06,C100142,Peshawar,Store,Kurtas,Cotton Kurta,3,1900,1100,0,COD,Yes,5700.0,2400.0,2025,2025-04
700869,2025-03-08,C100107,Karachi,Online,T-Shirts,Classic Cotton Tee,3,1270,700,15,COD,No,3238.5,1138.5,2025,2025-03
703505,2024-04-04,C101290,Karachi,Store,Kurtas,Cotton Kurta,1,1880,1200,15,Bank Transfer,No,1598.0,398.0,2024,2024-04
704699,2023-07-08,C101353,Karachi,Store,T-Shirts,Classic Cotton Tee,2,1190,690,0,Wallet,No,2380.0,1000.0,2023,2023-07
702521,2023-10-30,C100234,Unknown,Online,Accessories,Tote Bag,1,1610,960,0,COD,No,1610.0,650.0,2023,2023-10
703571,2023-09-11,C102172,Islamabad,Online,Dresses,Wrap Dress,1,4100,2150,15,Card,No,3485.0,1335.0,2023,2023-09
703916,2024-08-28,C100658,Islamabad,Online,Accessories,Baseball Cap,1,890,420,15,Bank Transfer,No,756.5,336.5,2024,2024-08
703952,2025-03-07,C100749,Multan,Online,Accessories,Leather Belt,1,1180,690,0,Bank Transfer,No,1180.0,490.0,2025,2025-03
704321,2025-04-25,C100140,Karachi,Store,Jeans,Slim Fit Jeans,1,3330,1510,10,COD,No,2997.0,1487.0,2025,2025-04
701820,2024-07-17,C101222,Peshawar,Online,Jeans,High-Waist Jeans,2,4050,2240,0,Card,No,8100.0,3620.0,2024,2024-07
702874,2023-07-09,C100824,Multan,Store,Shoes,Loafers,2,5000,2470,0,Wallet,Yes,10000.0,5060.0,2023,2023-07
703419,2023-10-06,C100036,Lahore,Store,Jeans,Straight Leg Jeans,1,3100,1580,0,COD,No,3100.0,1520.0,2023,2023-10
702573,2025-02-28,C101795,Karachi,Online,Jackets,Bomber Jacket,1,5610,3140,0,COD,No,5610.0,2470.0,2025,2025-02
704656,2025-02-05,C101710,Faisalabad,Online,Kurtas,Festive Kurta,2,4500,2490,10,Bank Transfer,No,8100.0,3120.0,2025,2025-02
700843,2025-03-25,C101304,Multan,Online,Kurtas,Printed Kurta,2,2300,1260,0,Card,No,4600.0,2080.0,2025,2025-03
703363,2024-01-14,C100013,Multan,Store,Shoes,Boots,2,6540,3970,10,Bank Transfer,No,11772.0,3832.0,2024,2024-01
704431,2024-10-05,C101377,Multan,Online,Kurtas,Embroidered Kurta,1,2970,1380,0,Card,No,2970.0,1590.0,2024,2024-10
702341,2024-02-19,C100230,Lahore,Store,Shoes,Sneakers,1,4530,2930,0,COD,No,4530.0,1600.0,2024,2024-02
705033,2024-11-08,C100373,Karachi,Online,T-Shirts,Graphic Print Tee,2,1450,860,0,COD,No,2900.0,1180.0,2024,2024-11
702683,2024-03-04,C100324,Multan,Online,Jeans,Ripped Jeans,1,3680,1810,10,COD,No,3312.0,1502.0,2024,2024-03
700201,2024-01-19,C102099,Lahore,Online,Jackets,Puffer Jacket,2,7080,3930,0,COD,No,14160.0,6300.0,2024,2024-01
700849,2023-07-17,C100067,Karachi,Store,Kurtas,Festive Kurta,1,4430,2280,0,Card,No,4430.0,2150.0,2023,2023-07
704930,2024-05-07,C100237,Faisalabad,Online,Accessories,Tote Bag,1,1520,700,0,Card,No,1520.0,820.0,2024,2024-05
702261,2025-03-23,C101115,Lahore,Online,Jackets,Hooded Jacket,3,5090,3140,0,COD,No,15270.0,5850.0,2025,2025-03
703769,2024-03-01,C100356,Faisalabad,Online,Shoes,Boots,2,6500,3800,10,Wallet,No,11700.0,4100.0,2024,2024-03
702509,2024-05-14,C102158,Karachi,Online,Kurtas,Cotton Kurta,1,1960,980,20,COD,No,1568.0,588.0,2024,2024-05
704017,2023-12-12,C100201,Sialkot,Online,Kurtas,Embroidered Kurta,3,2780,1800,15,COD,No,7089.0,1689.0,2023,2023-12
704567,2024-07-02,C101921,Karachi,Online,Jackets,Hooded Jacket,2,5040,2950,0,Card,No,10080.0,4180.0,2024,2024-07
700724,2025-05-02,C101480,Karachi,Online,Kurtas,Embroidered Kurta,1,2910,1390,15,Bank Transfer,No,2473.5,1083.5,2025,2025-05
701434,2023-07-27,C101649,Faisalabad,Store,Dresses,Wrap Dress,2,3820,1860,10,Wallet,No,6876.0,3156.0,2023,2023-07
701368,2024-07-03,C100558,Islamabad,Store,Accessories,Baseball Cap,1,910,540,0,Wallet,No,910.0,370.0,2024,2024-07
704366,2023-11-11,C100179,Faisalabad,Store,Shoes,Sandals,2,2820,1560,15,COD,No,4794.0,1674.0,2023,2023-11
702955,2024-08-02,C100916,Lahore,Online,Kurtas,Cotton Kurta,2,1860,870,0,COD,Yes,3720.0,1980.0,2024,2024-08
700293,2025-06-11,C102188,Karachi,Online,Accessories,Sunglasses,3,2240,1390,0,Card,No,6720.0,2550.0,2025,2025-06
701937,2025-03-28,C102134,Islamabad,Online,Kurtas,Festive Kurta,2,4210,2360,10,COD,No,7578.0,2858.0,2025,2025-03
705066,2025-06-03,C102172,Islamabad,Online,Shoes,Sandals,1,2790,1350,0,Card,No,2790.0,1440.0,2025,2025-06
704999,2024-10-19,C101293,Karachi,Store,Accessories,Sunglasses,2,2280,1450,0,Wallet,No,4560.0,1660.0,2024,2024-10
700021,2025-06-07,C102167,Karachi,Store,T-Shirts,Graphic Print Tee,1,1540,770,0,Card,No,1540.0,770.0,2025,2025-06
701244,2024-08-27,C101859,Karachi,Online,Jeans,High-Waist Jeans,1,4000,2290,0,COD,No,4000.0,1710.0,2024,2024-08
701625,2025-03-03,C102060,Sialkot,Online,Accessories,Sunglasses,1,2220,1340,0,Card,No,2220.0,880.0,2025,2025-03
702469,2024-06-23,C100321,Karachi,Online,Kurtas,Embroidered Kurta,2,2910,1710,0,Card,No,5820.0,2400.0,2024,2024-06
703568,2023-07-24,C100781,Peshawar,Store,Accessories,Tote Bag,1,1690,860,0,COD,No,1690.0,830.0,2023,2023-07
701978,2023-07-29,C100030,Faisalabad,Online,Jackets,Hooded Jacket,1,4990,2640,0,Card,No,4990.0,2350.0,2023,2023-07
703324,2024-06-12,C101567,Lahore,Online,T-Shirts,Classic Cotton Tee,2,1200,730,0,Card,No,2400.0,940.0,2024,2024-06
703591,2024-01-18,C100080,Rawalpindi,Online,Jackets,Hooded Jacket,1,5040,2720,10,Card,No,4536.0,1816.0,2024,2024-01
702181,2025-03-26,C100426,Lahore,Online,Accessories,Leather Belt,1,1240,760,0,Card,No,1240.0,480.0,2025,2025-03
704949,2024-10-24,C101972,Faisalabad,Online,Accessories,Baseball Cap,1,900,440,0,COD,No,900.0,460.0,2024,2024-10
701843,2024-02-24,C101290,Karachi,Online,Shoes,Boots,2,6340,3200,0,Wallet,Yes,12680.0,6280.0,2024,2024-02
702190,2023-12-13,C102115,Peshawar,Online,Shoes,Sneakers,1,4640,2640,0,COD,No,4640.0,2000.0,2023,2023-12
702656,2023-12-06,C102180,Faisalabad,Online,Accessories,Leather Belt,1,1270,680,15,COD,No,1079.5,399.5,2023,2023-12
704614,2025-03-18,C101720,Lahore,Online,Jackets,Bomber Jacket,1,5380,2750,0,COD,No,5380.0,2630.0,2025,2025-03
700897,2024-11-21,C100534,Lahore,Store,T-Shirts,Oversized Tee,2,1870,1190,10,Wallet,No,3366.0,986.0,2024,2024-11
703328,2024-11-23,C100781,Peshawar,Store,Jeans,High-Waist Jeans,1,4250,1930,0,Card,No,4250.0,2320.0,2024,2024-11
704669,2025-03-21,C102091,Multan,Store,Kurtas,Festive Kurta,2,4090,2280,0,Card,No,8180.0,3620.0,2025,2025-03
704139,2024-01-15,C100585,Islamabad,Online,Dresses,Bodycon Dress,1,3660,2360,0,Card,No,3660.0,1300.0,2024,2024-01
704893,2023-11-02,C101577,Multan,Online,Jeans,Straight Leg Jeans,3,3270,1710,30,Card,No,6867.0,1737.0,2023,2023-11
702808,2024-11-24,C101876,Karachi,Store,Kurtas,Festive Kurta,1,4380,2200,0,Card,No,4380.0,2180.0,2024,2024-11
704015,2025-04-06,C101213,Karachi,Online,T-Shirts,Graphic Print Tee,1,1520,930,20,COD,No,1216.0,286.0,2025,2025-04
704575,2023-09-22,C100369,Peshawar,Store,Jeans,High-Waist Jeans,1,4210,2400,0,Wallet,No,4210.0,1810.0,2023,2023-09
701736,2023-10-05,C101951,Lahore,Store,T-Shirts,Polo Shirt,2,2150,1360,15,Card,No,3655.0,935.0,2023,2023-10
701278,2023-09-30,C100266,Karachi,Online,Kurtas,Embroidered Kurta,2,2900,1430,0,COD,No,5800.0,2940.0,2023,2023-09
702695,2024-10-10,C102076,Sialkot,Store,Jeans,Ripped Jeans,3,4040,2260,0,COD,Yes,12120.0,5340.0,2024,2024-10
700047,2024-01-03,C102115,Peshawar,Online,Jeans,Ripped Jeans,1,3840,1800,0,COD,No,3840.0,2040.0,2024,2024-01
702291,2025-01-26,C100924,Lahore,Online,Shoes,Sandals,1,2970,1370,0,COD,No,2970.0,1600.0,2025,2025-01
701800,2024-06-13,C101125,Islamabad,Store,Accessories,Tote Bag,1,1630,810,0,Card,No,1630.0,820.0,2024,2024-06
703479,2025-05-03,C101362,Islamabad,Store,Kurtas,Printed Kurta,3,2390,1180,20,COD,No,5736.0,2196.0,2025,2025-05
704275,2023-08-24,C101786,Karachi,Store,Jeans,Straight Leg Jeans,1,3440,1720,0,COD,No,3440.0,1720.0,2023,2023-08
700822,2025-02-03,C100557,Karachi,Online,Accessories,Tote Bag,1,1590,920,0,COD,No,1590.0,670.0,2025,2025-02
701298,2023-08-02,C101100,Lahore,Online,Shoes,Boots,2,6390,3080,0,COD,No,12780.0,6620.0,2023,2023-08
704309,2025-03-08,C101127,Rawalpindi,Store,T-Shirts,Oversized Tee,2,1790,960,10,COD,No,3222.0,1302.0,2025,2025-03
703755,2025-04-30,C102076,Sialkot,Store,Kurtas,Printed Kurta,2,2470,1530,0,COD,No,4940.0,1880.0,2025,2025-04
702451,2024-11-25,C100774,Lahore,Store,Dresses,Maxi Dress,2,4580,2580,20,Wallet,Yes,7328.0,2168.0,2024,2024-11
703293,2024-04-16,C101404,Lahore,Store,Kurtas,Festive Kurta,3,4120,1950,0,Card,No,12360.0,6510.0,2024,2024-04
701011,2024-09-13,C100034,Karachi,Online,Shoes,Sneakers,1,4730,2190,0,COD,No,4730.0,2540.0,2024,2024-09
702385,2023-07-07,C100637,Rawalpindi,Online,Accessories,Leather Belt,2,1190,670,0,Card,No,2380.0,1040.0,2023,2023-07
700097,2024-02-16,C101720,Lahore,Online,Jackets,Bomber Jacket,1,5350,3030,0,Card,No,5350.0,2320.0,2024,2024-02
703985,2023-10-26,C102083,Lahore,Online,Dresses,Maxi Dress,1,4510,2350,0,Bank Transfer,No,4510.0,2160.0,2023,2023-10
700173,2025-05-15,C100860,Faisalabad,Online,Jeans,Straight Leg Jeans,1,3320,1510,0,Card,No,3320.0,1810.0,2025,2025-05
700007,2023-10-11,C101617,Islamabad,Online,Jeans,Slim Fit Jeans,1,3420,2190,15,Card,No,2907.0,717.0,2023,2023-10
703457,2025-05-12,C100564,Rawalpindi,Store,T-Shirts,Oversized Tee,1,1760,1060,0,Bank Transfer,No,1760.0,700.0,2025,2025-05
701519,2025-01-31,C100540,Sialkot,Online,Dresses,Maxi Dress,1,4690,2530,0,COD,No,4690.0,2160.0,2025,2025-01
701054,2024-01-14,C101175,Faisalabad,Online,Jackets,Puffer Jacket,1,7240,3940,0,COD,Yes,7240.0,3300.0,2024,2024-01
703892,2023-09-30,C101017,Multan,Online,Shoes,Loafers,1,5330,3050,0,COD,No,5330.0,2280.0,2023,2023-09
703364,2025-02-14,C101596,Lahore,Store,Shoes,Loafers,3,5070,2840,10,COD,No,13689.0,5169.0,2025,2025-02
704134,2023-09-14,C100203,Lahore,Online,T-Shirts,Polo Shirt,1,2120,1220,0,Bank Transfer,No,2120.0,900.0,2023,2023-09
702036,2024-05-18,C100334,Lahore,Store,Shoes,Sneakers,2,4410,2070,10,Bank Transfer,No,7938.0,3798.0,2024,2024-05
702839,2024-02-19,C100701,Karachi,Online,Kurtas,Festive Kurta,1,4360,2830,10,COD,No,3924.0,1094.0,2024,2024-02
704509,2024-02-21,C100543,Unknown,Store,Accessories,Baseball Cap,1,950,520,0,COD,No,950.0,430.0,2024,2024-02
702162,2024-09-02,C100647,Islamabad,Online,Accessories,Leather Belt,1,1300,770,0,Bank Transfer,No,1300.0,530.0,2024,2024-09
700771,2023-11-01,C101078,Islamabad,Online,T-Shirts,Oversized Tee,2,1860,1100,25,Card,No,2790.0,590.0,2023,2023-11
703443,2024-11-23,C101827,Karachi,Store,Jackets,Denim Jacket,1,5290,3340,0,COD,No,5290.0,1950.0,2024,2024-11
703925,2024-12-09,C101946,Lahore,Online,Jeans,Straight Leg Jeans,1,3060,1840,10,COD,No,2754.0,914.0,2024,2024-12
702061,2025-04-14,C100410,Rawalpindi,Store,T-Shirts,Classic Cotton Tee,2,1200,560,0,COD,No,2400.0,1280.0,2025,2025-04
701609,2025-05-30,C100490,Rawalpindi,Online,Jeans,Slim Fit Jeans,1,3760,1910,20,Card,No,3008.0,1098.0,2025,2025-05
704886,2023-07-19,C101369,Karachi,Store,Accessories,Leather Belt,1,1170,700,15,COD,No,994.5,294.5,2023,2023-07
703306,2024-04-19,C101881,Islamabad,Online,Accessories,Tote Bag,1,1560,840,15,COD,No,1326.0,486.0,2024,2024-04
701059,2024-03-18,C101426,Lahore,Online,Shoes,Sandals,2,2750,1340,0,Card,No,5500.0,2820.0,2024,2024-03
700032,2024-10-17,C102038,Islamabad,Online,Shoes,Sandals,1,2710,1700,0,Card,No,2710.0,1010.0,2024,2024-10
702379,2023-11-02,C100796,Lahore,Store,Dresses,Bodycon Dress,1,4080,2590,20,Wallet,No,3264.0,674.0,2023,2023-11
701378,2024-03-17,C101493,Faisalabad,Store,T-Shirts,Oversized Tee,2,1900,1030,0,Wallet,No,3800.0,1740.0,2024,2024-03
700443,2024-03-25,C100750,Karachi,Online,Shoes,Sneakers,2,4640,2180,15,Card,No,7888.0,3528.0,2024,2024-03
700161,2024-10-26,C100064,Islamabad,Store,Kurtas,Festive Kurta,2,4010,2160,0,Card,No,8020.0,3700.0,2024,2024-10
704475,2023-09-21,C102041,Faisalabad,Online,Kurtas,Embroidered Kurta,1,2680,1560,15,Card,No,2278.0,718.0,2023,2023-09
704378,2024-05-07,C100949,Karachi,Online,Kurtas,Festive Kurta,1,4260,2460,15,COD,No,3621.0,1161.0,2024,2024-05
703745,2024-10-04,C101606,Sialkot,Store,Kurtas,Cotton Kurta,3,1870,1140,0,COD,No,5610.0,2190.0,2024,2024-10
701739,2024-10-27,C101386,Rawalpindi,Online,Accessories,Sunglasses,2,2310,1090,0,COD,No,4620.0,2440.0,2024,2024-10
702751,2025-06-16,C100376,Peshawar,Store,T-Shirts,Classic Cotton Tee,2,1260,650,0,Card,No,2520.0,1220.0,2025,2025-06
701573,2023-09-02,C101135,Karachi,Online,T-Shirts,Classic Cotton Tee,2,1290,710,0,COD,No,2580.0,1160.0,2023,2023-09
700311,2023-12-10,C100383,Karachi,Store,Shoes,Boots,1,6580,3190,10,Wallet,No,5922.0,2732.0,2023,2023-12
700935,2023-11-19,C100684,Islamabad,Online,Jackets,Bomber Jacket,2,5550,3060,20,COD,No,8880.0,2760.0,2023,2023-11
701703,2023-12-25,C102020,Rawalpindi,Online,Jackets,Hooded Jacket,2,4870,2830,0,Card,No,9740.0,4080.0,2023,2023-12
702916,2023-07-31,C101278,Multan,Online,Shoes,Boots,2,6620,3780,0,COD,No,13240.0,5680.0,2023,2023-07
701844,2025-05-23,C101074,Multan,Online,Jeans,Straight Leg Jeans,1,3120,1860,0,COD,No,3120.0,1260.0,2025,2025-05
703907,2023-09-18,C101993,Unknown,Store,Jeans,Straight Leg Jeans,1,3230,1480,0,Card,No,3230.0,1750.0,2023,2023-09
702753,2024-01-21,C102088,Rawalpindi,Online,Dresses,Maxi Dress,1,4390,2340,0,Bank Transfer,No,4390.0,2050.0,2024,2024-01
700036,2024-09-30,C101574,Lahore,Store,Accessories,Leather Belt,1,1220,560,0,COD,No,1220.0,660.0,2024,2024-09
704218,2024-08-01,C101210,Faisalabad,Online,Shoes,Sandals,2,2670,1670,0,COD,No,5340.0,2000.0,2024,2024-08
703326,2023-10-01,C100049,Lahore,Store,Jeans,Ripped Jeans,1,4020,2300,0,Card,No,4020.0,1720.0,2023,2023-10
703975,2024-03-21,C101180,Faisalabad,Online,Jeans,High-Waist Jeans,1,4270,1940,0,Card,No,4270.0,2330.0,2024,2024-03
703277,2024-06-13,C101881,Islamabad,Store,T-Shirts,Classic Cotton Tee,1,1200,700,15,Card,No,1020.0,320.0,2024,2024-06
701950,2025-03-31,C100272,Lahore,Online,Dresses,Bodycon Dress,3,4090,2310,10,COD,No,11043.0,4113.0,2025,2025-03
702056,2024-06-03,C100654,Multan,Online,Shoes,Loafers,1,5430,3380,10,Card,Yes,4887.0,1507.0,2024,2024-06
701741,2024-01-24,C101927,Rawalpindi,Store,Jeans,Ripped Jeans,2,3950,2390,0,COD,No,7900.0,3120.0,2024,2024-01
701900,2025-01-26,C100652,Rawalpindi,Online,Accessories,Leather Belt,1,1140,730,0,COD,No,1140.0,410.0,2025,2025-01
703592,2023-12-09,C101063,Islamabad,Online,Accessories,Sunglasses,3,2360,1530,20,COD,No,5664.0,1074.0,2023,2023-12
700370,2024-10-03,C100397,Karachi,Store,Jackets,Puffer Jacket,2,7010,3880,0,Bank Transfer,Yes,14020.0,6260.0,2024,2024-10
700297,2025-05-03,C101620,Lahore,Online,Shoes,Sneakers,2,4500,2850,15,COD,No,7650.0,1950.0,2025,2025-05
703057,2023-07-14,C101305,Peshawar,Online,Accessories,Sunglasses,2,2260,1150,0,Wallet,No,4520.0,2220.0,2023,2023-07
703817,2024-04-24,C100772,Islamabad,Online,Dresses,Bodycon Dress,2,3640,1790,10,Wallet,No,6552.0,2972.0,2024,2024-04
700925,2025-02-28,C101161,Rawalpindi,Online,Kurtas,Embroidered Kurta,1,2780,1480,10,Unknown,No,2502.0,1022.0,2025,2025-02
701157,2025-04-08,C102153,Faisalabad,Store,Jeans,Straight Leg Jeans,2,3190,2020,0,Card,No,6380.0,2340.0,2025,2025-04
703404,2025-01-20,C100614,Karachi,Online,Kurtas,Embroidered Kurta,2,2890,1570,15,COD,No,4913.0,1773.0,2025,2025-01
704619,2024-04-17,C100347,Lahore,Store,T-Shirts,Graphic Print Tee,1,1580,790,0,Wallet,No,1580.0,790.0,2024,2024-04
700744,2024-03-16,C101787,Rawalpindi,Online,Accessories,Tote Bag,1,1620,820,0,Bank Transfer,No,1620.0,800.0,2024,2024-03
702686,2024-02-23,C101126,Islamabad,Online,T-Shirts,Oversized Tee,1,1880,920,0,COD,No,1880.0,960.0,2024,2024-02
702397,2023-09-05,C100041,Multan,Store,Dresses,Wrap Dress,1,3830,2270,0,Card,No,3830.0,1560.0,2023,2023-09
703592,2023-12-09,C101063,Islamabad,Online,Jackets,Puffer Jacket,1,7250,4160,20,COD,No,5800.0,1640.0,2023,2023-12
701421,2025-02-02,C101740,Lahore,Online,Kurtas,Printed Kurta,3,2370,1490,15,COD,No,6043.5,1573.5,2025,2025-02
703954,2025-05-10,C101858,Lahore,Online,Jeans,Ripped Jeans,1,3830,2000,0,Wallet,Yes,3830.0,1830.0,2025,2025-05
704561,2025-03-07,C100169,Sialkot,Online,Jeans,Straight Leg Jeans,2,3350,2050,0,COD,No,6700.0,2600.0,2025,2025-03
702839,2024-02-19,C100701,Karachi,Online,Accessories,Baseball Cap,1,960,590,10,COD,No,864.0,274.0,2024,2024-02
704559,2024-06-01,C101865,Multan,Store,Jeans,Slim Fit Jeans,1,3520,1890,10,Card,No,3168.0,1278.0,2024,2024-06
702584,2025-06-25,C101078,Islamabad,Store,Dresses,Summer Floral Dress,3,3370,2040,10,COD,No,9099.0,2979.0,2025,2025-06
704783,2023-07-19,C100725,Unknown,Online,Accessories,Leather Belt,2,1270,700,0,Card,No,2540.0,1140.0,2023,2023-07
703452,2024-03-05,C100353,Islamabad,Store,Jackets,Denim Jacket,2,5800,3700,0,Card,No,11600.0,4200.0,2024,2024-03
703961,2025-06-05,C100802,Peshawar,Store,Shoes,Boots,1,6760,3910,0,COD,No,6760.0,2850.0,2025,2025-06
703848,2025-01-24,C101038,Karachi,Store,Shoes,Sneakers,2,4820,2950,0,Bank Transfer,No,9640.0,3740.0,2025,2025-01
703074,2023-09-16,C101214,Karachi,Store,Accessories,Sunglasses,2,2340,1270,15,Card,No,3978.0,1438.0,2023,2023-09
700847,2025-01-22,C100241,Faisalabad,Store,Jeans,Ripped Jeans,1,3990,2360,15,COD,No,3391.5,1031.5,2025,2025-01
702337,2025-06-04,C101186,Karachi,Store,Kurtas,Printed Kurta,1,2440,1340,0,COD,No,2440.0,1100.0,2025,2025-06
702650,2024-06-03,C100703,Multan,Online,T-Shirts,Graphic Print Tee,1,1590,900,0,Card,No,1590.0,690.0,2024,2024-06
701243,2025-03-29,C100481,Lahore,Store,Jeans,Straight Leg Jeans,1,3090,1890,0,Card,No,3090.0,1200.0,2025,2025-03
702914,2025-03-29,C101610,Lahore,Store,Shoes,Sandals,1,3010,1870,0,COD,No,3010.0,1140.0,2025,2025-03
704016,2023-09-25,C101482,Islamabad,Store,Dresses,Bodycon Dress,3,3830,2050,0,Card,No,11490.0,5340.0,2023,2023-09
701455,2025-05-03,C101543,Lahore,Store,Kurtas,Cotton Kurta,1,1940,1070,10,COD,No,1746.0,676.0,2025,2025-05
700527,2025-06-24,C100828,Multan,Store,Dresses,Maxi Dress,1,4510,2090,10,Bank Transfer,Yes,4059.0,1969.0,2025,2025-06
704535,2024-04-15,C100072,Multan,Online,Kurtas,Festive Kurta,3,4510,2920,20,Card,No,10824.0,2064.0,2024,2024-04
704318,2024-07-15,C100515,Lahore,Online,Jeans,Ripped Jeans,1,3710,1900,0,Card,No,3710.0,1810.0,2024,2024-07
702342,2024-12-08,C101769,Multan,Store,Accessories,Tote Bag,2,1620,740,20,Card,No,2592.0,1112.0,2024,2024-12
702284,2024-03-16,C101684,Lahore,Online,Kurtas,Festive Kurta,2,4150,2590,0,Card,No,8300.0,3120.0,2024,2024-03
702126,2024-01-20,C100712,Faisalabad,Online,Kurtas,Printed Kurta,1,2390,1340,0,Card,No,2390.0,1050.0,2024,2024-01
704030,2023-07-09,C100750,Karachi,Online,Jeans,Ripped Jeans,1,3660,2030,0,COD,No,3660.0,1630.0,2023,2023-07
704140,2025-05-06,C101193,Sialkot,Online,Dresses,Summer Floral Dress,2,3340,1530,0,COD,No,6680.0,3620.0,2025,2025-05
705082,2024-10-16,C102099,Lahore,Online,Jackets,Denim Jacket,2,5930,3530,0,COD,No,11860.0,4800.0,2024,2024-10
704300,2023-11-23,C101395,Unknown,Store,Jackets,Hooded Jacket,1,4990,2800,30,Card,No,3493.0,693.0,2023,2023-11
704768,2023-09-11,C101019,Karachi,Online,Jackets,Bomber Jacket,1,5270,3130,0,Wallet,Yes,5270.0,2140.0,2023,2023-09
701777,2023-11-06,C101656,Lahore,Online,Shoes,Loafers,2,5410,2940,0,Wallet,Yes,10820.0,4940.0,2023,2023-11
702603,2025-05-07,C101868,Islamabad,Online,T-Shirts,Oversized Tee,1,1900,970,10,Wallet,No,1710.0,740.0,2025,2025-05
701740,2025-01-23,C101241,Karachi,Online,Shoes,Loafers,2,5160,2820,10,Bank Transfer,No,9288.0,3648.0,2025,2025-01
703917,2023-12-17,C102001,Karachi,Online,Accessories,Baseball Cap,1,880,470,20,Bank Transfer,No,704.0,234.0,2023,2023-12
701758,2024-06-02,C101028,Faisalabad,Store,Dresses,Wrap Dress,2,4080,2460,0,Card,No,8160.0,3240.0,2024,2024-06
703351,2025-06-05,C101154,Islamabad,Online,Accessories,Leather Belt,1,1180,710,10,Card,No,1062.0,352.0,2025,2025-06
700410,2024-04-28,C100708,Karachi,Online,Shoes,Sneakers,2,4780,2900,0,COD,No,9560.0,3760.0,2024,2024-04
701936,2025-03-25,C101720,Lahore,Store,Shoes,Boots,1,6770,4160,0,Card,No,6770.0,2610.0,2025,2025-03
703509,2025-06-15,C102004,Lahore,Online,T-Shirts,Oversized Tee,1,1770,1020,0,Bank Transfer,No,1770.0,750.0,2025,2025-06
701707,2025-01-03,C100455,Lahore,Online,Accessories,Sunglasses,2,2290,1080,0,Card,No,4580.0,2420.0,2025,2025-01
700102,2024-04-30,C101381,Lahore,Store,Dresses,Wrap Dress,1,3810,2460,0,Wallet,No,3810.0,1350.0,2024,2024-04
700838,2024-03-26,C100246,Islamabad,Online,Kurtas,Printed Kurta,1,2400,1560,0,Card,Yes,2400.0,840.0,2024,2024-03
701691,2023-09-24,C101884,Karachi,Store,T-Shirts,Graphic Print Tee,2,1450,670,0,COD,No,2900.0,1560.0,2023,2023-09
701916,2024-03-06,C100536,Islamabad,Online,Accessories,Sunglasses,2,2240,1020,0,Bank Transfer,No,4480.0,2440.0,2024,2024-03
703850,2023-12-29,C100766,Lahore,Online,Jackets,Hooded Jacket,1,4580,2910,20,Wallet,No,3664.0,754.0,2023,2023-12
701701,2025-03-03,C100492,Rawalpindi,Online,Dresses,Bodycon Dress,1,3950,2210,10,COD,Yes,3555.0,1345.0,2025,2025-03
703812,2024-09-11,C100917,Lahore,Online,Shoes,Boots,1,6810,4350,0,COD,Yes,6810.0,2460.0,2024,2024-09
703761,2025-03-01,C101190,Karachi,Online,Jackets,Puffer Jacket,1,6940,3550,0,Wallet,No,6940.0,3390.0,2025,2025-03
702026,2023-08-28,C100199,Karachi,Online,T-Shirts,Polo Shirt,3,2250,1290,0,Card,Yes,6750.0,2880.0,2023,2023-08
705041,2024-01-25,C102120,Karachi,Online,T-Shirts,Graphic Print Tee,1,1570,1020,0,Wallet,No,1570.0,550.0,2024,2024-01
703818,2024-09-05,C101117,Faisalabad,Online,Accessories,Baseball Cap,1,860,420,0,Bank Transfer,No,860.0,440.0,2024,2024-09
701513,2025-05-21,C100329,Karachi,Online,Jeans,Slim Fit Jeans,2,3770,1970,15,Bank Transfer,No,6409.0,2469.0,2025,2025-05
701873,2024-02-04,C101224,Lahore,Store,Shoes,Sneakers,1,4800,3000,0,Card,No,4800.0,1800.0,2024,2024-02
704679,2025-06-12,C101092,Karachi,Online,Dresses,Maxi Dress,2,4370,2460,0,Bank Transfer,No,8740.0,3820.0,2025,2025-06
700439,2023-12-06,C101553,Karachi,Store,Jeans,Ripped Jeans,2,3820,2020,0,Card,No,7640.0,3600.0,2023,2023-12
701803,2024-10-13,C102151,Lahore,Online,Jeans,Ripped Jeans,1,3880,1870,15,Card,No,3298.0,1428.0,2024,2024-10
701594,2025-04-27,C101369,Karachi,Online,Kurtas,Cotton Kurta,1,1850,1110,20,Card,No,1480.0,370.0,2025,2025-04
701281,2025-05-23,C100388,Lahore,Online,Dresses,Wrap Dress,3,4010,1920,0,Bank Transfer,No,12030.0,6270.0,2025,2025-05
703262,2023-11-19,C101805,Rawalpindi,Store,Jackets,Hooded Jacket,1,5180,2700,0,Wallet,No,5180.0,2480.0,2023,2023-11
702988,2025-01-13,C100746,Karachi,Online,Jackets,Denim Jacket,1,5920,3320,0,Wallet,No,5920.0,2600.0,2025,2025-01
702532,2024-06-10,C102099,Lahore,Store,T-Shirts,Graphic Print Tee,1,1540,910,15,Card,No,1309.0,399.0,2024,2024-06
702853,2024-01-12,C101033,Peshawar,Online,Jeans,Straight Leg Jeans,1,3360,2100,0,COD,No,3360.0,1260.0,2024,2024-01
703852,2024-10-29,C101282,Karachi,Online,T-Shirts,Polo Shirt,3,2090,970,10,Wallet,No,5643.0,2733.0,2024,2024-10
705148,2024-08-16,C101670,Karachi,Store,T-Shirts,Classic Cotton Tee,2,1210,770,15,Unknown,No,2057.0,517.0,2024,2024-08
702047,2023-12-16,C101840,Lahore,Store,Kurtas,Cotton Kurta,1,1990,1130,0,Card,No,1990.0,860.0,2023,2023-12
701210,2023-11-28,C100658,Unknown,Online,T-Shirts,Classic Cotton Tee,1,1190,640,20,Bank Transfer,No,952.0,312.0,2023,2023-11
703322,2025-01-24,C100953,Lahore,Online,T-Shirts,Graphic Print Tee,2,1460,660,10,Wallet,No,2628.0,1308.0,2025,2025-01
703650,2024-10-18,C100705,Islamabad,Store,Jeans,Straight Leg Jeans,1,3090,1460,15,Wallet,No,2626.5,1166.5,2024,2024-10
702784,2024-09-06,C101027,Karachi,Online,Shoes,Boots,1,6590,3130,0,COD,No,6590.0,3460.0,2024,2024-09
700258,2024-07-24,C101836,Lahore,Online,Jeans,High-Waist Jeans,1,4050,2020,0,COD,No,4050.0,2030.0,2024,2024-07
700849,2023-07-17,C100067,Karachi,Store,Accessories,Leather Belt,1,1150,590,10,Card,No,1035.0,445.0,2023,2023-07
704601,2023-07-19,C100088,Lahore,Online,Dresses,Maxi Dress,1,4510,2340,0,COD,No,4510.0,2170.0,2023,2023-07
700339,2024-02-09,C100569,Islamabad,Online,Jeans,Straight Leg Jeans,1,3210,1480,10,Bank Transfer,Yes,2889.0,1409.0,2024,2024-02
701711,2023-11-27,C101802,Lahore,Online,Kurtas,Printed Kurta,1,2350,1260,30,COD,No,1645.0,385.0,2023,2023-11
701157,2025-04-08,C102153,Faisalabad,Store,Accessories,Tote Bag,1,1580,860,20,Card,No,1264.0,404.0,2025,2025-04
704615,2025-06-19,C100381,Peshawar,Store,Jeans,Slim Fit Jeans,1,3460,1560,0,Wallet,No,3460.0,1900.0,2025,2025-06
704426,2024-06-15,C101413,Sialkot,Store,Shoes,Boots,1,6290,3890,0,Card,Yes,6290.0,2400.0,2024,2024-06
700533,2025-01-19,C100481,Lahore,Online,Jackets,Hooded Jacket,1,4860,3000,0,COD,No,4860.0,1860.0,2025,2025-01
700230,2024-02-09,C101758,Peshawar,Online,Shoes,Sandals,1,2890,1620,0,Card,No,2890.0,1270.0,2024,2024-02
700352,2024-02-10,C101567,Lahore,Online,Accessories,Baseball Cap,1,950,600,10,Wallet,No,855.0,255.0,2024,2024-02
701344,2024-09-27,C100116,Faisalabad,Store,Shoes,Sandals,1,2690,1630,0,COD,No,2690.0,1060.0,2024,2024-09
701554,2024-10-30,C100029,Rawalpindi,Online,Accessories,Sunglasses,1,2250,1430,0,COD,No,2250.0,820.0,2024,2024-10
701866,2024-01-19,C100881,Islamabad,Store,Dresses,Maxi Dress,1,4700,2570,15,Wallet,Yes,3995.0,1425.0,2024,2024-01
702633,2025-01-21,C101126,Islamabad,Online,Jeans,Slim Fit Jeans,3,3430,1990,10,Bank Transfer,No,9261.0,3291.0,2025,2025-01
702455,2024-04-20,C100179,Faisalabad,Online,Shoes,Sandals,2,2960,1910,0,COD,No,5920.0,2100.0,2024,2024-04
700182,2024-08-11,C102046,Karachi,Store,T-Shirts,Oversized Tee,1,1910,1130,0,COD,No,1910.0,780.0,2024,2024-08
703338,2024-01-06,C100134,Unknown,Store,T-Shirts,Graphic Print Tee,3,1610,1050,0,COD,No,4830.0,1680.0,2024,2024-01
703478,2025-01-30,C101271,Karachi,Online,Kurtas,Cotton Kurta,2,2020,1150,0,COD,No,4040.0,1740.0,2025,2025-01
700600,2025-02-17,C100391,Lahore,Online,T-Shirts,Graphic Print Tee,2,1520,850,0,Wallet,Yes,3040.0,1340.0,2025,2025-02
700266,2025-03-02,C100410,Rawalpindi,Store,Shoes,Sneakers,2,4430,2560,0,Bank Transfer,Yes,8860.0,3740.0,2025,2025-03
703235,2023-11-18,C101866,Peshawar,Online,Dresses,Bodycon Dress,2,3670,1700,20,Wallet,No,5872.0,2472.0,2023,2023-11
703545,2025-01-31,C101647,Faisalabad,Online,Jackets,Hooded Jacket,3,4810,3000,0,Card,No,14430.0,5430.0,2025,2025-01
700129,2023-12-28,C101556,Peshawar,Store,Kurtas,Cotton Kurta,1,1950,1020,15,COD,Yes,1657.5,637.5,2023,2023-12
702850,2024-03-13,C101774,Islamabad,Online,Dresses,Wrap Dress,2,4230,2450,0,COD,Yes,8460.0,3560.0,2024,2024-03
704435,2024-03-28,C100343,Islamabad,Online,Accessories,Tote Bag,2,1570,810,0,Card,Yes,3140.0,1520.0,2024,2024-03
701497,2024-07-10,C100102,Karachi,Online,T-Shirts,Classic Cotton Tee,1,1250,600,0,COD,No,1250.0,650.0,2024,2024-07
700620,2024-09-05,C100574,Multan,Online,Shoes,Loafers,1,5540,2760,0,Card,No,5540.0,2780.0,2024,2024-09
701266,2024-05-19,C101883,Faisalabad,Online,Dresses,Summer Floral Dress,1,3260,2000,10,Card,No,2934.0,934.0,2024,2024-05
701772,2023-07-16,C101823,Islamabad,Store,Dresses,Maxi Dress,1,4480,2350,0,COD,No,4480.0,2130.0,2023,2023-07
705033,2024-11-08,C100373,Karachi,Online,Kurtas,Festive Kurta,2,4150,2250,10,COD,Yes,7470.0,2970.0,2024,2024-11
701487,2023-11-11,C101871,Karachi,Store,Dresses,Maxi Dress,3,4680,2390,25,Card,No,10530.0,3360.0,2023,2023-11
701791,2024-09-06,C101855,Sialkot,Online,Jeans,Ripped Jeans,1,3890,1830,0,COD,No,3890.0,2060.0,2024,2024-09
704959,2024-09-15,C101203,Rawalpindi,Store,Dresses,Summer Floral Dress,1,3050,1890,10,Card,No,2745.0,855.0,2024,2024-09
704892,2024-10-30,C102099,Lahore,Online,Shoes,Sandals,1,2800,1560,10,Unknown,No,2520.0,960.0,2024,2024-10
701718,2023-08-25,C100548,Faisalabad,Online,Dresses,Maxi Dress,1,4740,2570,0,COD,No,4740.0,2170.0,2023,2023-08
702909,2023-07-29,C101196,Lahore,Online,Accessories,Tote Bag,1,1660,860,0,COD,No,1660.0,800.0,2023,2023-07
702954,2024-07-16,C100674,Unknown,Online,T-Shirts,Classic Cotton Tee,1,1170,750,0,Card,No,1170.0,420.0,2024,2024-07
700115,2024-02-10,C100246,Islamabad,Online,Shoes,Sneakers,2,4510,2410,0,Card,No,9020.0,4200.0,2024,2024-02
701807,2024-09-12,C102129,Lahore,Store,Kurtas,Printed Kurta,1,2570,1290,0,Card,No,2570.0,1280.0,2024,2024-09
704831,2023-08-15,C100342,Faisalabad,Store,T-Shirts,Graphic Print Tee,1,1500,750,0,COD,No,1500.0,750.0,2023,2023-08
704597,2024-02-15,C100372,Karachi,Online,Jeans,Straight Leg Jeans,1,3220,2060,0,COD,No,3220.0,1160.0,2024,2024-02
702231,2024-02-29,C101736,Peshawar,Online,Accessories,Sunglasses,3,2200,1110,10,Card,No,5940.0,2610.0,2024,2024-02
701830,2023-08-05,C101842,Lahore,Online,Accessories,Sunglasses,1,2350,1430,0,COD,No,2350.0,920.0,2023,2023-08
702047,2023-12-16,C101840,Lahore,Store,Shoes,Sneakers,1,4660,2880,0,Card,No,4660.0,1780.0,2023,2023-12
700551,2023-09-30,C101798,Islamabad,Store,Kurtas,Embroidered Kurta,1,2950,1870,0,Card,No,2950.0,1080.0,2023,2023-09
701051,2025-04-04,C100267,Lahore,Online,Dresses,Wrap Dress,1,3990,2190,10,COD,No,3591.0,1401.0,2025,2025-04
703901,2024-08-09,C101707,Karachi,Online,Jeans,Slim Fit Jeans,2,3340,1950,10,Card,No,6012.0,2112.0,2024,2024-08
704583,2024-12-18,C101503,Karachi,Store,T-Shirts,Polo Shirt,1,2240,1080,25,COD,No,1680.0,600.0,2024,2024-12
704246,2023-08-03,C100463,Karachi,Online,Kurtas,Embroidered Kurta,3,3020,1840,0,COD,No,9060.0,3540.0,2023,2023-08
702023,2024-10-14,C102197,Islamabad,Store,Shoes,Sneakers,2,4590,2200,0,COD,No,9180.0,4780.0,2024,2024-10
702777,2024-03-24,C101636,Karachi,Store,Accessories,Baseball Cap,2,950,480,0,COD,No,1900.0,940.0,2024,2024-03
704327,2023-10-12,C100156,Karachi,Online,Jeans,High-Waist Jeans,1,4160,2010,0,COD,Yes,4160.0,2150.0,2023,2023-10
702714,2024-05-01,C100553,Peshawar,Online,Accessories,Leather Belt,3,1270,770,0,COD,No,3810.0,1500.0,2024,2024-05
703906,2023-09-16,C101038,Karachi,Online,Dresses,Maxi Dress,1,4680,2580,0,Wallet,Yes,4680.0,2100.0,2023,2023-09
704111,2024-01-01,C100673,Rawalpindi,Store,Shoes,Loafers,1,5400,2960,0,COD,No,5400.0,2440.0,2024,2024-01
702361,2024-04-06,C101226,Karachi,Online,Jackets,Hooded Jacket,1,4600,2440,10,COD,No,4140.0,1700.0,2024,2024-04
701715,2025-03-03,C100809,Sialkot,Online,Kurtas,Cotton Kurta,1,1890,880,0,COD,No,1890.0,1010.0,2025,2025-03
703413,2024-11-29,C102064,Karachi,Online,T-Shirts,Graphic Print Tee,1,1440,740,0,COD,No,1440.0,700.0,2024,2024-11
701164,2024-05-09,C100167,Faisalabad,Online,Shoes,Sneakers,1,4610,2170,10,Card,No,4149.0,1979.0,2024,2024-05
700997,2025-03-02,C102136,Karachi,Online,Shoes,Boots,1,6310,3460,10,Card,No,5679.0,2219.0,2025,2025-03
702368,2025-04-09,C100775,Multan,Store,Jeans,High-Waist Jeans,1,4210,2020,0,Card,No,4210.0,2190.0,2025,2025-04
701671,2023-07-13,C101628,Lahore,Online,Accessories,Sunglasses,1,2310,1270,0,Card,No,2310.0,1040.0,2023,2023-07
701666,2024-06-13,C102140,Peshawar,Online,Jeans,High-Waist Jeans,1,4190,2090,10,COD,No,3771.0,1681.0,2024,2024-06
701047,2024-11-25,C100354,Karachi,Online,Shoes,Sandals,1,2860,1480,20,Bank Transfer,No,2288.0,808.0,2024,2024-11
703558,2024-10-13,C101940,Lahore,Online,Jeans,Slim Fit Jeans,1,3410,1540,10,Card,No,3069.0,1529.0,2024,2024-10
700448,2024-04-11,C100822,Karachi,Online,Shoes,Loafers,1,5440,3380,0,Card,No,5440.0,2060.0,2024,2024-04
704638,2023-07-23,C101496,Multan,Store,T-Shirts,Polo Shirt,1,2300,1430,0,COD,No,2300.0,870.0,2023,2023-07
700262,2024-03-07,C100036,Lahore,Online,Dresses,Wrap Dress,2,3800,2190,0,Card,No,7600.0,3220.0,2024,2024-03
700855,2023-12-22,C100562,Multan,Store,T-Shirts,Oversized Tee,2,1880,1210,30,COD,No,2632.0,212.0,2023,2023-12
702766,2023-12-18,C100283,Lahore,Store,Dresses,Wrap Dress,1,3900,2430,0,Card,No,3900.0,1470.0,2023,2023-12
702684,2023-12-16,C101825,Lahore,Online,Dresses,Bodycon Dress,1,3670,1700,15,COD,No,3119.5,1419.5,2023,2023-12
703074,2023-09-16,C101214,Karachi,Store,Accessories,Leather Belt,3,1170,680,10,Card,No,3159.0,1119.0,2023,2023-09
701643,2023-12-23,C101011,Islamabad,Online,Jeans,Slim Fit Jeans,2,3430,2220,20,Card,No,5488.0,1048.0,2023,2023-12
703927,2025-02-20,C101215,Islamabad,Online,Kurtas,Embroidered Kurta,2,3000,1760,0,Wallet,No,6000.0,2480.0,2025,2025-02
702961,2024-03-12,C100342,Faisalabad,Store,Shoes,Boots,1,6240,3030,0,Card,No,6240.0,3210.0,2024,2024-03
702271,2024-07-25,C101342,Karachi,Store,Jeans,High-Waist Jeans,1,4110,1860,10,Card,No,3699.0,1839.0,2024,2024-07
700436,2024-07-10,C101874,Peshawar,Online,Dresses,Summer Floral Dress,1,3170,1590,0,Card,No,3170.0,1580.0,2024,2024-07
702829,2025-01-26,C100356,Faisalabad,Store,Shoes,Boots,2,6830,4360,0,COD,No,13660.0,4940.0,2025,2025-01
705073,2024-04-01,C100707,Faisalabad,Store,Shoes,Loafers,1,5330,2600,10,COD,No,4797.0,2197.0,2024,2024-04
703815,2023-08-26,C100908,Lahore,Online,Dresses,Summer Floral Dress,2,3440,2220,10,COD,No,6192.0,1752.0,2023,2023-08
701321,2023-12-28,C100296,Sialkot,Store,Dresses,Wrap Dress,2,4070,2640,15,Card,No,6919.0,1639.0,2023,2023-12
701175,2024-03-23,C101838,Faisalabad,Store,Shoes,Sandals,2,2820,1430,0,Card,No,5640.0,2780.0,2024,2024-03
705195,2025-03-26,C100330,Faisalabad,Online,T-Shirts,Graphic Print Tee,1,1610,950,0,COD,No,1610.0,660.0,2025,2025-03
702956,2025-04-26,C101778,Karachi,Store,Jeans,Ripped Jeans,1,3780,2040,0,Wallet,No,3780.0,1740.0,2025,2025-04
702765,2024-05-29,C100094,Karachi,Online,Dresses,Bodycon Dress,1,3760,1780,10,COD,No,3384.0,1604.0,2024,2024-05
703984,2024-08-22,C101547,Faisalabad,Store,Jackets,Hooded Jacket,1,4600,2190,0,COD,Yes,4600.0,2410.0,2024,2024-08
701829,2023-11-13,C100975,Islamabad,Online,Accessories,Sunglasses,1,2100,1060,0,COD,No,2100.0,1040.0,2023,2023-11
702039,2024-12-17,C100253,Lahore,Online,Shoes,Sneakers,3,4420,2780,20,COD,No,10608.0,2268.0,2024,2024-12
702823,2024-03-17,C100138,Faisalabad,Online,Jackets,Denim Jacket,1,5380,3220,0,Card,No,5380.0,2160.0,2024,2024-03
701829,2023-11-13,C100975,Islamabad,Online,T-Shirts,Classic Cotton Tee,2,1240,610,20,COD,No,1984.0,764.0,2023,2023-11
700688,2023-09-12,C101084,Sialkot,Store,Jackets,Hooded Jacket,1,5120,2820,0,Card,No,5120.0,2300.0,2023,2023-09
703825,2024-07-31,C101417,Islamabad,Online,T-Shirts,Oversized Tee,1,1840,1200,0,Card,No,1840.0,640.0,2024,2024-07
703247,2023-10-17,C101231,Islamabad,Online,T-Shirts,Oversized Tee,1,1840,1000,0,Wallet,No,1840.0,840.0,2023,2023-10
704543,2024-09-01,C101445,Islamabad,Store,Kurtas,Cotton Kurta,3,1870,880,10,COD,Yes,5049.0,2409.0,2024,2024-09
703676,2025-06-16,C100718,Rawalpindi,Online,Jeans,High-Waist Jeans,1,4470,2580,0,COD,No,4470.0,1890.0,2025,2025-06
703756,2025-05-23,C101220,Lahore,Online,Kurtas,Embroidered Kurta,2,2730,1390,0,COD,No,5460.0,2680.0,2025,2025-05
700580,2025-01-11,C101357,Karachi,Online,Jeans,Ripped Jeans,1,3610,2020,0,Card,No,3610.0,1590.0,2025,2025-01
701146,2025-06-25,C101799,Islamabad,Online,Shoes,Sandals,2,2680,1390,0,COD,No,5360.0,2580.0,2025,2025-06
704393,2024-06-06,C100061,Karachi,Store,Accessories,Tote Bag,1,1700,1030,0,COD,No,1700.0,670.0,2024,2024-06
705038,2024-01-16,C102099,Lahore,Store,Accessories,Baseball Cap,2,950,440,0,Bank Transfer,No,1900.0,1020.0,2024,2024-01
702357,2025-05-06,C101808,Karachi,Online,Shoes,Boots,1,6290,3380,10,COD,Yes,5661.0,2281.0,2025,2025-05
700430,2023-10-01,C100341,Sialkot,Store,Shoes,Loafers,1,5060,3190,0,Card,Yes,5060.0,1870.0,2023,2023-10
702165,2023-08-26,C101138,Lahore,Online,Dresses,Bodycon Dress,1,3620,2050,0,COD,No,3620.0,1570.0,2023,2023-08
704697,2024-11-29,C100266,Karachi,Online,Jackets,Denim Jacket,1,5290,2750,30,Card,No,3703.0,953.0,2024,2024-11
704983,2025-06-28,C100509,Lahore,Online,T-Shirts,Oversized Tee,1,1790,840,0,Wallet,Yes,1790.0,950.0,2025,2025-06
703500,2025-03-27,C100112,Karachi,Online,Shoes,Boots,2,6920,3490,0,COD,No,13840.0,6860.0,2025,2025-03
703747,2024-06-05,C102118,Lahore,Store,Dresses,Maxi Dress,2,4280,2650,15,Card,No,7276.0,1976.0,2024,2024-06
703587,2023-12-03,C100019,Islamabad,Online,Jeans,Ripped Jeans,3,3720,2010,25,Card,No,8370.0,2340.0,2023,2023-12
701964,2023-07-14,C101650,Karachi,Store,Shoes,Sneakers,1,4400,2750,0,Bank Transfer,No,4400.0,1650.0,2023,2023-07
705004,2024-08-21,C100150,Multan,Online,Accessories,Leather Belt,2,1280,710,10,Card,No,2304.0,884.0,2024,2024-08
703398,2024-10-18,C102177,Multan,Online,Jeans,High-Waist Jeans,1,4330,2240,0,COD,No,4330.0,2090.0,2024,2024-10
703559,2024-04-14,C100169,Sialkot,Online,Jackets,Denim Jacket,1,5700,3550,0,Bank Transfer,No,5700.0,2150.0,2024,2024-04
704760,2024-10-17,C100531,Rawalpindi,Online,Accessories,Leather Belt,1,1210,600,0,Bank Transfer,No,1210.0,610.0,2024,2024-10
701086,2025-02-07,C102080,Karachi,Online,Jackets,Puffer Jacket,1,7110,4310,0,COD,No,7110.0,2800.0,2025,2025-02
700038,2023-07-17,C102017,Lahore,Online,Kurtas,Embroidered Kurta,1,2920,1360,0,Wallet,No,2920.0,1560.0,2023,2023-07
705196,2023-11-26,C101571,Islamabad,Online,Kurtas,Festive Kurta,2,4380,2470,0,Card,No,8760.0,3820.0,2023,2023-11
701405,2024-11-30,C101516,Lahore,Online,Jeans,Ripped Jeans,3,3670,2110,0,Card,No,11010.0,4680.0,2024,2024-11
704911,2024-07-05,C101787,Rawalpindi,Store,Accessories,Tote Bag,2,1660,1030,0,COD,No,3320.0,1260.0,2024,2024-07
704504,2024-10-03,C100819,Karachi,Online,Kurtas,Festive Kurta,2,4320,2720,0,COD,No,8640.0,3200.0,2024,2024-10
702279,2024-01-03,C100729,Islamabad,Online,Shoes,Boots,3,6440,2940,10,COD,No,17388.0,8568.0,2024,2024-01
704758,2024-06-16,C100327,Islamabad,Online,Accessories,Tote Bag,1,1610,990,0,COD,Yes,1610.0,620.0,2024,2024-06
703833,2025-01-21,C100999,Karachi,Online,Kurtas,Festive Kurta,3,4470,2490,0,COD,No,13410.0,5940.0,2025,2025-01
700928,2024-12-02,C101133,Rawalpindi,Online,T-Shirts,Classic Cotton Tee,2,1170,580,0,COD,Yes,2340.0,1180.0,2024,2024-12
704869,2024-02-03,C100603,Rawalpindi,Store,T-Shirts,Polo Shirt,2,2360,1150,15,Card,No,4012.0,1712.0,2024,2024-02
704947,2024-06-30,C100167,Faisalabad,Online,Accessories,Sunglasses,2,2250,1080,10,Bank Transfer,No,4050.0,1890.0,2024,2024-06
702326,2024-11-28,C100746,Karachi,Online,Accessories,Tote Bag,1,1580,840,20,COD,No,1264.0,424.0,2024,2024-11
704748,2024-05-03,C100653,Lahore,Online,Kurtas,Embroidered Kurta,2,2680,1340,0,COD,No,5360.0,2680.0,2024,2024-05
702752,2023-12-16,C102043,Peshawar,Store,Accessories,Leather Belt,1,1270,690,0,COD,No,1270.0,580.0,2023,2023-12
702508,2023-07-14,C100756,Karachi,Online,Dresses,Bodycon Dress,2,3960,1910,10,Card,No,7128.0,3308.0,2023,2023-07
701597,2023-07-07,C100024,Faisalabad,Online,Accessories,Leather Belt,2,1200,710,0,COD,No,2400.0,980.0,2023,2023-07
704572,2024-11-17,C100249,Karachi,Online,Shoes,Boots,1,6350,3760,15,COD,No,5397.5,1637.5,2024,2024-11
703571,2023-09-11,C102172,Islamabad,Online,Kurtas,Cotton Kurta,2,1810,1100,0,Card,No,3620.0,1420.0,2023,2023-09
702695,2024-10-10,C102076,Sialkot,Store,Shoes,Boots,1,6540,3590,0,COD,No,6540.0,2950.0,2024,2024-10
700300,2025-06-30,C101242,Karachi,Online,Dresses,Wrap Dress,1,4080,2580,10,Wallet,Yes,3672.0,1092.0,2025,2025-06
705006,2024-02-29,C100078,Islamabad,Online,Kurtas,Embroidered Kurta,3,3000,1930,0,Wallet,No,9000.0,3210.0,2024,2024-02
702192,2024-01-09,C101475,Islamabad,Store,T-Shirts,Classic Cotton Tee,2,1280,700,0,Card,No,2560.0,1160.0,2024,2024-01
704734,2024-08-13,C100834,Rawalpindi,Online,Shoes,Loafers,1,5230,2660,0,COD,No,5230.0,2570.0,2024,2024-08
700063,2024-01-02,C101832,Karachi,Online,Shoes,Boots,1,6710,3710,15,COD,No,5703.5,1993.5,2024,2024-01
701474,2024-07-11,C101480,Karachi,Online,Dresses,Bodycon Dress,2,3850,1970,0,Card,No,7700.0,3760.0,2024,2024-07
703664,2023-09-20,C100677,Karachi,Online,Kurtas,Festive Kurta,1,4390,2230,0,COD,No,4390.0,2160.0,2023,2023-09
701074,2024-03-04,C102034,Lahore,Online,Jackets,Denim Jacket,1,5310,3180,10,COD,No,4779.0,1599.0,2024,2024-03
702133,2023-08-30,C100028,Lahore,Online,T-Shirts,Classic Cotton Tee,1,1160,700,0,Card,No,1160.0,460.0,2023,2023-08
701512,2024-03-12,C100848,Lahore,Online,T-Shirts,Graphic Print Tee,1,1590,860,0,COD,No,1590.0,730.0,2024,2024-03
704756,2025-05-30,C101241,Karachi,Store,Dresses,Bodycon Dress,1,4010,2580,15,Card,Yes,3408.5,828.5,2025,2025-05
700293,2025-06-11,C102188,Karachi,Online,Jackets,Puffer Jacket,1,6550,4070,10,Card,No,5895.0,1825.0,2025,2025-06
703368,2025-06-19,C100532,Karachi,Online,Jeans,Ripped Jeans,2,3660,1690,0,Card,No,7320.0,3940.0,2025,2025-06
703391,2024-10-30,C102140,Peshawar,Online,Jeans,Slim Fit Jeans,3,3450,1820,15,COD,No,8797.5,3337.5,2024,2024-10
702405,2023-09-19,C100143,Islamabad,Online,Shoes,Sneakers,3,4400,2660,0,COD,No,13200.0,5220.0,2023,2023-09
704141,2023-11-05,C100790,Lahore,Online,Jackets,Puffer Jacket,3,6680,4250,15,Card,Yes,17034.0,4284.0,2023,2023-11
700726,2023-07-18,C100217,Lahore,Store,Kurtas,Cotton Kurta,1,1960,1250,0,COD,No,1960.0,710.0,2023,2023-07
701960,2024-01-24,C100249,Karachi,Online,Dresses,Maxi Dress,1,4550,2920,10,COD,No,4095.0,1175.0,2024,2024-01
700592,2025-03-26,C101495,Islamabad,Store,Jeans,High-Waist Jeans,2,3990,2490,0,Card,No,7980.0,3000.0,2025,2025-03
702397,2023-09-05,C100041,Multan,Store,Shoes,Loafers,1,4940,2500,0,Card,No,4940.0,2440.0,2023,2023-09
700104,2023-08-27,C100503,Islamabad,Store,Dresses,Wrap Dress,2,3960,2400,0,COD,No,7920.0,3120.0,2023,2023-08
700622,2025-06-20,C101483,Lahore,Store,Dresses,Maxi Dress,1,4570,2930,0,Card,No,4570.0,1640.0,2025,2025-06
700231,2023-09-26,C100974,Karachi,Online,Jeans,Slim Fit Jeans,3,3330,1510,0,COD,No,9990.0,5460.0,2023,2023-09
701931,2023-10-19,C101624,Karachi,Online,Kurtas,Embroidered Kurta,1,2690,1350,0,Bank Transfer,No,2690.0,1340.0,2023,2023-10
701530,2023-10-27,C100355,Islamabad,Online,Shoes,Loafers,1,5060,2510,0,Card,No,5060.0,2550.0,2023,2023-10
702128,2024-02-07,C102197,Islamabad,Store,Shoes,Sneakers,1,4430,2460,15,Bank Transfer,Yes,3765.5,1305.5,2024,2024-02
701995,2024-02-06,C101591,Lahore,Online,Jackets,Hooded Jacket,1,5150,3150,0,Bank Transfer,No,5150.0,2000.0,2024,2024-02
704271,2024-11-07,C101946,Lahore,Online,T-Shirts,Graphic Print Tee,3,1450,850,10,COD,No,3915.0,1365.0,2024,2024-11
702195,2025-02-20,C101985,Peshawar,Store,Jackets,Bomber Jacket,2,5110,3000,0,Wallet,No,10220.0,4220.0,2025,2025-02
702220,2023-08-06,C100671,Islamabad,Online,Kurtas,Embroidered Kurta,2,2690,1350,0,COD,No,5380.0,2680.0,2023,2023-08
702820,2024-01-09,C100087,Karachi,Online,Jackets,Denim Jacket,1,5920,2840,0,Card,No,5920.0,3080.0,2024,2024-01
704696,2023-12-31,C102142,Faisalabad,Store,T-Shirts,Classic Cotton Tee,2,1220,670,20,Card,No,1952.0,612.0,2023,2023-12
702932,2025-03-11,C101973,Karachi,Online,Jeans,Slim Fit Jeans,2,3490,1960,10,Wallet,No,6282.0,2362.0,2025,2025-03
703380,2024-07-07,C102115,Peshawar,Online,T-Shirts,Graphic Print Tee,1,1560,940,0,Wallet,No,1560.0,620.0,2024,2024-07
703404,2025-01-20,C100614,Karachi,Online,Jackets,Hooded Jacket,1,4580,2510,0,COD,Yes,4580.0,2070.0,2025,2025-01
701571,2023-10-09,C101238,Lahore,Online,T-Shirts,Oversized Tee,1,1750,970,0,COD,No,1750.0,780.0,2023,2023-10
704193,2024-04-25,C101820,Peshawar,Online,Kurtas,Cotton Kurta,1,2010,1040,0,Card,No,2010.0,970.0,2024,2024-04
704592,2025-02-01,C100137,Karachi,Store,Jackets,Puffer Jacket,2,6900,4370,0,COD,No,13800.0,5060.0,2025,2025-02
703022,2023-10-15,C101378,Islamabad,Store,Jackets,Bomber Jacket,1,5600,3520,15,COD,No,4760.0,1240.0,2023,2023-10
703948,2025-05-23,C101916,Rawalpindi,Store,Accessories,Leather Belt,1,1240,690,0,Bank Transfer,No,1240.0,550.0,2025,2025-05
705098,2024-03-22,C100858,Karachi,Online,Shoes,Boots,1,6520,4080,0,Bank Transfer,No,6520.0,2440.0,2024,2024-03
704784,2024-01-26,C100128,Lahore,Online,Kurtas,Cotton Kurta,3,1860,1080,0,Card,No,5580.0,2340.0,2024,2024-01
704850,2023-12-18,C100245,Multan,Online,Jackets,Denim Jacket,3,5850,3320,0,Card,No,17550.0,7590.0,2023,2023-12
701980,2024-12-15,C101853,Faisalabad,Store,Jeans,Ripped Jeans,2,3770,1910,30,Wallet,No,5278.0,1458.0,2024,2024-12
701936,2025-03-25,C101720,Lahore,Store,Dresses,Bodycon Dress,1,4010,1940,0,Card,No,4010.0,2070.0,2025,2025-03
701532,2023-11-26,C100706,Faisalabad,Online,Dresses,Summer Floral Dress,1,3110,1690,20,Card,No,2488.0,798.0,2023,2023-11
700429,2024-07-10,C100891,Sialkot,Online,T-Shirts,Oversized Tee,2,1840,1040,10,Card,No,3312.0,1232.0,2024,2024-07
703679,2024-05-08,C100361,Lahore,Online,Kurtas,Embroidered Kurta,2,3010,1940,10,COD,No,5418.0,1538.0,2024,2024-05
703118,2023-10-18,C100209,Islamabad,Online,Dresses,Summer Floral Dress,1,3320,1810,0,Card,Yes,3320.0,1510.0,2023,2023-10
704745,2025-05-31,C100006,Faisalabad,Online,Kurtas,Cotton Kurta,2,2030,1080,15,Card,No,3451.0,1291.0,2025,2025-05
704630,2024-01-02,C102136,Karachi,Online,Shoes,Sandals,2,2880,1630,0,COD,Yes,5760.0,2500.0,2024,2024-01
701366,2023-07-20,C101814,Multan,Store,Dresses,Bodycon Dress,1,3870,2150,0,Wallet,Yes,3870.0,1720.0,2023,2023-07
703191,2024-07-15,C100811,Lahore,Online,Jackets,Puffer Jacket,1,6540,3510,0,COD,No,6540.0,3030.0,2024,2024-07
701515,2025-03-16,C101871,Karachi,Online,Jackets,Bomber Jacket,1,5060,3240,10,Unknown,No,4554.0,1314.0,2025,2025-03
701780,2023-12-06,C101936,Karachi,Online,Jeans,High-Waist Jeans,3,4100,2390,0,Card,No,12300.0,5130.0,2023,2023-12
702196,2024-01-25,C101663,Lahore,Store,Jeans,High-Waist Jeans,2,4420,2680,0,Bank Transfer,No,8840.0,3480.0,2024,2024-01
703630,2025-01-08,C102188,Karachi,Online,Dresses,Maxi Dress,3,4610,2500,0,COD,No,13830.0,6330.0,2025,2025-01
701608,2024-03-18,C101345,Unknown,Online,Jackets,Puffer Jacket,1,6840,4050,10,Wallet,No,6156.0,2106.0,2024,2024-03
702295,2023-07-31,C102091,Multan,Online,Shoes,Boots,1,6640,3000,0,Wallet,No,6640.0,3640.0,2023,2023-07
704485,2023-11-16,C100118,Karachi,Online,Accessories,Sunglasses,1,2100,1170,0,COD,No,2100.0,930.0,2023,2023-11
704306,2024-11-23,C101831,Sialkot,Online,Kurtas,Cotton Kurta,1,1900,940,20,Wallet,No,1520.0,580.0,2024,2024-11
702208,2024-11-10,C100902,Lahore,Store,Kurtas,Printed Kurta,1,2370,1350,0,COD,No,2370.0,1020.0,2024,2024-11
703784,2025-01-26,C100735,Rawalpindi,Online,Jeans,Ripped Jeans,1,3660,2300,0,Bank Transfer,No,3660.0,1360.0,2025,2025-01
704546,2025-03-17,C100779,Multan,Online,Jeans,Slim Fit Jeans,3,3380,1740,0,Card,Yes,10140.0,4920.0,2025,2025-03
702570,2024-09-10,C100168,Karachi,Online,Accessories,Baseball Cap,2,940,600,0,Bank Transfer,No,1880.0,680.0,2024,2024-09
704458,2023-12-26,C100402,Faisalabad,Online,Kurtas,Cotton Kurta,2,1850,980,0,COD,No,3700.0,1740.0,2023,2023-12
701865,2024-04-21,C100365,Unknown,Online,Jeans,Ripped Jeans,1,3900,2010,0,Card,Yes,3900.0,1890.0,2024,2024-04
702018,2025-01-16,C101435,Sialkot,Store,T-Shirts,Classic Cotton Tee,1,1230,740,10,Card,No,1107.0,367.0,2025,2025-01
704457,2025-01-18,C100409,Sialkot,Online,Jeans,Slim Fit Jeans,3,3450,2030,0,Card,No,10350.0,4260.0,2025,2025-01
702804,2024-12-03,C101471,Lahore,Online,T-Shirts,Polo Shirt,1,2320,1180,20,Card,No,1856.0,676.0,2024,2024-12
703784,2025-01-26,C100735,Rawalpindi,Online,Shoes,Boots,1,6220,3940,0,Bank Transfer,No,6220.0,2280.0,2025,2025-01
703632,2024-02-18,C100086,Rawalpindi,Store,Jeans,Ripped Jeans,1,3610,1960,0,Wallet,No,3610.0,1650.0,2024,2024-02
700694,2023-10-20,C101232,Lahore,Online,Jackets,Bomber Jacket,2,5260,2530,10,Card,No,9468.0,4408.0,2023,2023-10
702227,2023-09-15,C101520,Karachi,Online,Kurtas,Cotton Kurta,1,1930,1060,0,Wallet,No,1930.0,870.0,2023,2023-09
704890,2023-11-16,C101023,Islamabad,Online,Shoes,Sandals,1,2740,1670,0,Wallet,No,2740.0,1070.0,2023,2023-11
703445,2024-11-17,C101496,Multan,Online,Shoes,Sneakers,2,4810,2300,15,Unknown,Yes,8177.0,3577.0,2024,2024-11
704204,2024-09-11,C101817,Karachi,Store,Dresses,Bodycon Dress,2,3760,2340,0,COD,No,7520.0,2840.0,2024,2024-09
705199,2024-03-26,C100587,Karachi,Store,Jeans,Ripped Jeans,2,3880,2310,0,COD,No,7760.0,3140.0,2024,2024-03
701328,2025-01-21,C100573,Faisalabad,Online,Jeans,Ripped Jeans,2,3980,2280,0,COD,No,7960.0,3400.0,2025,2025-01
703231,2025-01-11,C100054,Rawalpindi,Online,Jackets,Puffer Jacket,1,6860,3590,0,COD,No,6860.0,3270.0,2025,2025-01
704991,2024-01-01,C101071,Islamabad,Online,Shoes,Boots,2,6200,3580,10,Card,No,11160.0,4000.0,2024,2024-01
700631,2025-05-28,C100216,Lahore,Online,Accessories,Tote Bag,1,1630,810,10,Card,No,1467.0,657.0,2025,2025-05
704924,2024-06-28,C102136,Karachi,Store,Kurtas,Printed Kurta,2,2480,1240,0,Wallet,No,4960.0,2480.0,2024,2024-06
702182,2025-04-11,C100474,Karachi,Online,T-Shirts,Polo Shirt,1,2220,1370,20,Bank Transfer,No,1776.0,406.0,2025,2025-04
701973,2023-07-07,C102079,Lahore,Online,Dresses,Bodycon Dress,2,3920,2410,0,Card,No,7840.0,3020.0,2023,2023-07
701293,2024-02-20,C101782,Karachi,Store,Jeans,Straight Leg Jeans,1,3370,1690,0,COD,No,3370.0,1680.0,2024,2024-02
700550,2025-04-05,C100746,Karachi,Online,T-Shirts,Oversized Tee,3,1910,1140,10,Card,No,5157.0,1737.0,2025,2025-04
703444,2024-06-23,C100669,Karachi,Online,Jeans,Ripped Jeans,3,3810,2340,0,COD,No,11430.0,4410.0,2024,2024-06
701514,2024-06-17,C100560,Lahore,Store,Shoes,Boots,1,6980,3720,10,COD,Yes,6282.0,2562.0,2024,2024-06
704724,2024-06-12,C101375,Lahore,Online,T-Shirts,Oversized Tee,1,1890,990,0,COD,No,1890.0,900.0,2024,2024-06
702024,2024-11-15,C101574,Lahore,Store,T-Shirts,Polo Shirt,2,2340,1430,30,Card,No,3276.0,416.0,2024,2024-11
705050,2023-11-19,C100860,Faisalabad,Store,Jeans,Ripped Jeans,3,3960,1950,0,Unknown,No,11880.0,6030.0,2023,2023-11
701880,2024-07-02,C100801,Karachi,Online,Shoes,Sneakers,1,4680,2580,10,Wallet,No,4212.0,1632.0,2024,2024-07
704724,2024-06-12,C101375,Lahore,Online,Dresses,Bodycon Dress,1,3890,2190,10,COD,No,3501.0,1311.0,2024,2024-06
700222,2025-02-19,C100089,Islamabad,Store,T-Shirts,Oversized Tee,2,1820,1130,15,COD,No,3094.0,834.0,2025,2025-02
703007,2024-09-21,C100482,Islamabad,Online,Shoes,Loafers,1,5210,3280,0,Wallet,No,5210.0,1930.0,2024,2024-09
700632,2024-03-26,C100452,Rawalpindi,Online,Accessories,Sunglasses,1,2350,1320,10,COD,No,2115.0,795.0,2024,2024-03
700492,2024-04-27,C101383,Sialkot,Store,Jeans,High-Waist Jeans,1,4290,2780,10,Wallet,No,3861.0,1081.0,2024,2024-04
700284,2024-09-01,C101667,Unknown,Online,T-Shirts,Classic Cotton Tee,2,1290,790,0,COD,No,2580.0,1000.0,2024,2024-09
702329,2024-01-14,C101733,Lahore,Store,Jackets,Bomber Jacket,1,5050,2810,0,COD,No,5050.0,2240.0,2024,2024-01
701499,2023-08-07,C101674,Faisalabad,Online,Shoes,Loafers,1,5210,2790,0,Bank Transfer,No,5210.0,2420.0,2023,2023-08
705100,2023-09-02,C101303,Lahore,Online,Jeans,Ripped Jeans,1,4020,2390,0,COD,No,4020.0,1630.0,2023,2023-09
700704,2024-04-25,C101092,Unknown,Online,Dresses,Wrap Dress,1,4050,2000,10,Wallet,No,3645.0,1645.0,2024,2024-04
703618,2024-01-28,C100583,Karachi,Store,Kurtas,Embroidered Kurta,2,2850,1390,0,Wallet,No,5700.0,2920.0,2024,2024-01
703129,2024-03-17,C101175,Faisalabad,Online,T-Shirts,Oversized Tee,1,1870,1070,0,Card,No,1870.0,800.0,2024,2024-03
700816,2024-08-26,C102055,Karachi,Online,Kurtas,Printed Kurta,1,2580,1280,15,COD,No,2193.0,913.0,2024,2024-08
703428,2023-07-19,C101808,Karachi,Online,Shoes,Boots,2,6580,3980,0,COD,No,13160.0,5200.0,2023,2023-07
704109,2025-02-13,C100805,Lahore,Online,Kurtas,Festive Kurta,2,4280,1970,0,COD,No,8560.0,4620.0,2025,2025-02
702428,2024-04-28,C100755,Lahore,Online,T-Shirts,Graphic Print Tee,2,1610,760,0,COD,No,3220.0,1700.0,2024,2024-04
701432,2024-02-09,C101390,Peshawar,Store,Dresses,Summer Floral Dress,1,3370,2100,0,COD,No,3370.0,1270.0,2024,2024-02
700802,2024-02-18,C100320,Peshawar,Online,Shoes,Sandals,1,2830,1550,0,COD,Yes,2830.0,1280.0,2024,2024-02
702462,2025-02-13,C102115,Peshawar,Store,Dresses,Wrap Dress,1,4190,2060,0,COD,No,4190.0,2130.0,2025,2025-02
704493,2024-03-02,C102134,Islamabad,Store,Shoes,Sneakers,1,4690,2730,0,Bank Transfer,No,4690.0,1960.0,2024,2024-03
703346,2023-09-08,C100565,Rawalpindi,Online,Kurtas,Embroidered Kurta,1,2770,1510,15,COD,No,2354.5,844.5,2023,2023-09
700047,2024-01-03,C102115,Peshawar,Online,Shoes,Sneakers,1,4330,2460,0,COD,No,4330.0,1870.0,2024,2024-01
702252,2024-01-06,C100588,Lahore,Online,Jeans,Ripped Jeans,1,4040,2320,10,Card,No,3636.0,1316.0,2024,2024-01
700329,2024-01-27,C100713,Peshawar,Online,Accessories,Baseball Cap,1,950,560,0,Card,No,950.0,390.0,2024,2024-01
700297,2025-05-03,C101620,Lahore,Online,Dresses,Bodycon Dress,1,4070,2610,20,COD,No,3256.0,646.0,2025,2025-05
700354,2025-01-06,C101494,Karachi,Store,Jackets,Puffer Jacket,1,6840,3730,0,Bank Transfer,No,6840.0,3110.0,2025,2025-01
703084,2023-11-18,C101535,Karachi,Online,Jackets,Denim Jacket,3,5900,3340,10,COD,No,15930.0,5910.0,2023,2023-11
701277,2023-07-08,C102107,Sialkot,Store,Dresses,Summer Floral Dress,2,3390,1660,0,Card,No,6780.0,3460.0,2023,2023-07
703462,2024-09-18,C100093,Karachi,Store,Kurtas,Embroidered Kurta,3,2940,1660,15,Card,No,7497.0,2517.0,2024,2024-09
703842,2024-02-20,C101226,Karachi,Online,Kurtas,Embroidered Kurta,1,2790,1520,0,Bank Transfer,No,2790.0,1270.0,2024,2024-02
703052,2023-11-20,C101191,Karachi,Online,Accessories,Sunglasses,1,2100,950,20,COD,No,1680.0,730.0,2023,2023-11
701480,2023-10-04,C101715,Unknown,Online,Kurtas,Cotton Kurta,2,1870,880,0,COD,No,3740.0,1980.0,2023,2023-10
701371,2024-06-02,C100469,Islamabad,Store,Accessories,Tote Bag,1,1530,780,10,COD,No,1377.0,597.0,2024,2024-06
704883,2024-08-21,C102049,Karachi,Store,Kurtas,Festive Kurta,2,4230,2010,15,Card,No,7191.0,3171.0,2024,2024-08
703428,2023-07-19,C101808,Karachi,Online,Dresses,Wrap Dress,1,4240,2260,0,COD,No,4240.0,1980.0,2023,2023-07
705007,2025-02-07,C101822,Islamabad,Store,Accessories,Baseball Cap,1,940,610,0,Card,No,940.0,330.0,2025,2025-02
704941,2024-08-06,C100089,Islamabad,Online,Kurtas,Festive Kurta,2,4520,2910,15,Wallet,Yes,7684.0,1864.0,2024,2024-08
702962,2024-06-04,C101378,Islamabad,Online,Kurtas,Cotton Kurta,2,1990,1170,0,COD,No,3980.0,1640.0,2024,2024-06
702241,2025-01-09,C101706,Lahore,Online,Kurtas,Embroidered Kurta,2,2780,1800,0,Bank Transfer,No,5560.0,1960.0,2025,2025-01
701062,2024-03-21,C100880,Karachi,Store,Accessories,Sunglasses,1,2300,1430,0,COD,No,2300.0,870.0,2024,2024-03
704158,2023-08-24,C100375,Lahore,Store,Dresses,Bodycon Dress,3,3930,1920,0,Card,No,11790.0,6030.0,2023,2023-08
702025,2024-07-31,C100668,Karachi,Online,Shoes,Sandals,1,2850,1330,10,Card,No,2565.0,1235.0,2024,2024-07
702369,2025-01-12,C101894,Karachi,Store,Accessories,Leather Belt,1,1200,720,0,Bank Transfer,No,1200.0,480.0,2025,2025-01
703517,2024-04-29,C100774,Lahore,Store,Kurtas,Festive Kurta,2,4190,2440,0,Wallet,No,8380.0,3500.0,2024,2024-04
700982,2023-12-03,C101160,Lahore,Online,Shoes,Boots,1,6940,4260,0,Wallet,No,6940.0,2680.0,2023,2023-12
702011,2024-10-02,C100267,Lahore,Store,Shoes,Sandals,1,2830,1690,0,COD,Yes,2830.0,1140.0,2024,2024-10
705015,2025-01-11,C101670,Karachi,Store,Jackets,Puffer Jacket,1,7030,4020,0,COD,No,7030.0,3010.0,2025,2025-01
703877,2024-03-23,C100323,Islamabad,Store,Kurtas,Printed Kurta,1,2360,1480,0,COD,No,2360.0,880.0,2024,2024-03
701902,2023-09-18,C102166,Peshawar,Store,Accessories,Tote Bag,1,1570,910,0,Wallet,No,1570.0,660.0,2023,2023-09
702983,2023-12-23,C101583,Karachi,Online,Dresses,Bodycon Dress,2,3630,1780,30,Card,No,5082.0,1522.0,2023,2023-12
703289,2023-10-09,C100040,Karachi,Online,T-Shirts,Oversized Tee,1,1900,970,15,Card,No,1615.0,645.0,2023,2023-10
701190,2025-04-11,C100368,Karachi,Store,Jeans,Slim Fit Jeans,3,3740,1810,0,Card,No,11220.0,5790.0,2025,2025-04
701033,2023-12-06,C101483,Lahore,Store,Accessories,Baseball Cap,1,890,560,10,Wallet,No,801.0,241.0,2023,2023-12
701584,2024-09-09,C100452,Rawalpindi,Store,Accessories,Baseball Cap,1,940,550,0,Card,No,940.0,390.0,2024,2024-09
701043,2025-06-19,C101684,Lahore,Online,Shoes,Loafers,1,5160,2950,10,Card,No,4644.0,1694.0,2025,2025-06
703780,2024-03-16,C100631,Multan,Store,Jackets,Hooded Jacket,1,5020,3240,0,Bank Transfer,No,5020.0,1780.0,2024,2024-03
702078,2023-07-31,C100644,Islamabad,Store,Accessories,Sunglasses,1,2280,1320,0,Card,No,2280.0,960.0,2023,2023-07
700251,2024-09-30,C100075,Karachi,Store,Jackets,Hooded Jacket,3,5080,3270,0,Bank Transfer,No,15240.0,5430.0,2024,2024-09
700076,2023-10-24,C100392,Islamabad,Store,Jeans,Slim Fit Jeans,1,3460,1710,0,Card,No,3460.0,1750.0,2023,2023-10
700110,2024-04-10,C100869,Lahore,Online,Kurtas,Embroidered Kurta,1,2660,1380,15,Card,No,2261.0,881.0,2024,2024-04
703610,2025-02-15,C102120,Karachi,Store,Jackets,Denim Jacket,1,5480,2740,10,Card,No,4932.0,2192.0,2025,2025-02
702512,2024-10-23,C100580,Karachi,Online,Jeans,High-Waist Jeans,1,4010,2250,0,Card,No,4010.0,1760.0,2024,2024-10
704495,2023-09-15,C102014,Karachi,Store,Jeans,Straight Leg Jeans,1,3160,2020,15,COD,No,2686.0,666.0,2023,2023-09
702360,2024-02-17,C100011,Peshawar,Online,Shoes,Boots,1,6630,3940,0,COD,No,6630.0,2690.0,2024,2024-02
703945,2023-12-26,C100212,Lahore,Online,Jackets,Hooded Jacket,1,4610,2540,15,COD,No,3918.5,1378.5,2023,2023-12
702101,2023-12-04,C100252,Karachi,Store,Jackets,Bomber Jacket,1,5500,3150,20,Wallet,No,4400.0,1250.0,2023,2023-12
704413,2024-05-22,C100371,Karachi,Online,Accessories,Sunglasses,2,2340,1080,10,COD,No,4212.0,2052.0,2024,2024-05
700089,2023-10-14,C100782,Karachi,Online,Accessories,Sunglasses,1,2230,1040,10,Card,No,2007.0,967.0,2023,2023-10
700555,2024-11-27,C102197,Islamabad,Online,Jeans,High-Waist Jeans,1,4260,2680,20,COD,No,3408.0,728.0,2024,2024-11
701134,2025-01-31,C100252,Karachi,Store,Kurtas,Festive Kurta,1,4410,2520,15,Wallet,No,3748.5,1228.5,2025,2025-01
700564,2024-12-02,C102157,Karachi,Store,Shoes,Sneakers,2,4690,2550,0,Bank Transfer,Yes,9380.0,4280.0,2024,2024-12
700827,2024-06-02,C100484,Lahore,Store,Shoes,Boots,1,6460,3920,0,COD,No,6460.0,2540.0,2024,2024-06
701107,2025-02-03,C100691,Peshawar,Store,Accessories,Baseball Cap,3,920,520,10,Card,No,2484.0,924.0,2025,2025-02
703204,2023-07-10,C100270,Lahore,Store,Dresses,Maxi Dress,2,4580,2540,10,Card,No,8244.0,3164.0,2023,2023-07
703013,2023-10-12,C100537,Lahore,Online,T-Shirts,Polo Shirt,3,2200,990,0,Card,No,6600.0,3630.0,2023,2023-10
700660,2025-04-05,C101279,Islamabad,Online,Kurtas,Embroidered Kurta,1,2920,1450,0,COD,Yes,2920.0,1470.0,2025,2025-04
702104,2023-12-20,C100956,Faisalabad,Store,Dresses,Wrap Dress,2,4110,2130,15,COD,No,6987.0,2727.0,2023,2023-12
701071,2023-10-10,C100975,Islamabad,Store,Jackets,Hooded Jacket,1,4580,2540,0,COD,No,4580.0,2040.0,2023,2023-10
702353,2023-11-15,C101188,Lahore,Store,Kurtas,Printed Kurta,2,2530,1290,0,COD,No,5060.0,2480.0,2023,2023-11
700175,2025-05-16,C100638,Faisalabad,Online,Accessories,Tote Bag,1,1590,720,15,COD,No,1351.5,631.5,2025,2025-05
700039,2024-12-22,C102059,Lahore,Store,Kurtas,Embroidered Kurta,2,2910,1360,30,Wallet,No,4074.0,1354.0,2024,2024-12
700906,2023-12-21,C101577,Multan,Store,T-Shirts,Classic Cotton Tee,1,1250,590,15,COD,No,1062.5,472.5,2023,2023-12
702730,2023-08-22,C100168,Karachi,Store,Accessories,Sunglasses,1,2200,1100,15,COD,No,1870.0,770.0,2023,2023-08
701600,2024-03-08,C101835,Lahore,Online,Accessories,Leather Belt,1,1150,680,0,Card,No,1150.0,470.0,2024,2024-03
702188,2023-12-29,C101872,Sialkot,Online,Accessories,Sunglasses,2,2270,1200,20,COD,No,3632.0,1232.0,2023,2023-12
701593,2024-10-08,C100031,Sialkot,Online,Kurtas,Printed Kurta,1,2370,1390,10,COD,No,2133.0,743.0,2024,2024-10
700907,2024-07-22,C101258,Islamabad,Online,Kurtas,Printed Kurta,2,2310,1470,15,Card,No,3927.0,987.0,2024,2024-07
703877,2024-03-23,C100323,Islamabad,Store,Accessories,Sunglasses,1,2140,1030,15,COD,No,1819.0,789.0,2024,2024-03
701049,2024-09-03,C102058,Unknown,Online,Shoes,Sandals,1,2910,1430,0,COD,Yes,2910.0,1480.0,2024,2024-09
700342,2025-03-20,C100423,Lahore,Store,Jackets,Bomber Jacket,1,5480,2540,0,COD,No,5480.0,2940.0,2025,2025-03
704663,2024-11-28,C102141,Karachi,Store,Jeans,Straight Leg Jeans,1,3270,2050,0,Card,No,3270.0,1220.0,2024,2024-11
703678,2023-12-20,C100525,Karachi,Online,T-Shirts,Polo Shirt,3,2200,1410,30,Bank Transfer,No,4620.0,390.0,2023,2023-12
700971,2024-03-24,C100475,Karachi,Online,Jackets,Bomber Jacket,1,5510,3280,10,Card,No,4959.0,1679.0,2024,2024-03
703385,2024-12-30,C100979,Lahore,Online,Kurtas,Printed Kurta,3,2560,1370,20,Bank Transfer,No,6144.0,2034.0,2024,2024-12
700917,2024-01-10,C102054,Karachi,Online,Shoes,Boots,2,6330,3640,10,COD,No,11394.0,4114.0,2024,2024-01
704822,2025-03-03,C101047,Faisalabad,Store,Kurtas,Cotton Kurta,1,1830,900,0,Card,No,1830.0,930.0,2025,2025-03
700084,2024-12-21,C100539,Multan,Online,Accessories,Sunglasses,2,2270,1420,0,Card,No,4540.0,1700.0,2024,2024-12
700966,2024-05-24,C100703,Multan,Online,Kurtas,Embroidered Kurta,2,2680,1590,10,Bank Transfer,No,4824.0,1644.0,2024,2024-05
702563,2024-02-23,C100723,Sialkot,Store,Accessories,Sunglasses,3,2200,1100,10,COD,No,5940.0,2640.0,2024,2024-02
703678,2023-12-20,C100525,Karachi,Online,T-Shirts,Classic Cotton Tee,1,1150,750,0,Bank Transfer,Yes,1150.0,400.0,2023,2023-12
702278,2024-04-21,C101385,Lahore,Store,Dresses,Maxi Dress,1,4400,2310,15,Card,No,3740.0,1430.0,2024,2024-04
703979,2023-12-26,C102066,Islamabad,Store,Shoes,Loafers,1,5220,2970,0,COD,No,5220.0,2250.0,2023,2023-12
700095,2023-10-30,C102086,Karachi,Online,Shoes,Boots,1,6970,3630,0,Bank Transfer,No,6970.0,3340.0,2023,2023-10
701850,2025-01-17,C102011,Karachi,Online,Dresses,Maxi Dress,3,4490,2180,10,Wallet,Yes,12123.0,5583.0,2025,2025-01
704779,2024-12-01,C101890,Lahore,Online,Accessories,Sunglasses,2,2270,1240,20,COD,No,3632.0,1152.0,2024,2024-12
701389,2024-02-07,C101269,Karachi,Online,Accessories,Baseball Cap,1,890,450,15,Card,No,756.5,306.5,2024,2024-02
704103,2023-08-18,C100977,Karachi,Store,Accessories,Sunglasses,1,2370,1330,0,Card,No,2370.0,1040.0,2023,2023-08
700090,2024-02-02,C102150,Rawalpindi,Store,Jackets,Hooded Jacket,2,5110,2960,0,COD,No,10220.0,4300.0,2024,2024-02
704369,2024-12-30,C100399,Karachi,Store,Jeans,Straight Leg Jeans,3,3220,2080,20,COD,No,7728.0,1488.0,2024,2024-12
704907,2025-06-18,C102136,Karachi,Online,Accessories,Leather Belt,2,1200,670,0,Card,No,2400.0,1060.0,2025,2025-06
701991,2023-07-15,C100860,Faisalabad,Store,T-Shirts,Graphic Print Tee,2,1430,910,0,COD,No,2860.0,1040.0,2023,2023-07
702856,2023-11-07,C102006,Karachi,Store,Accessories,Baseball Cap,2,890,480,20,Card,No,1424.0,464.0,2023,2023-11
704379,2024-12-20,C100427,Multan,Online,Accessories,Leather Belt,1,1230,640,10,COD,No,1107.0,467.0,2024,2024-12
703410,2023-09-16,C101916,Rawalpindi,Online,Shoes,Loafers,1,5390,2700,0,Card,No,5390.0,2690.0,2023,2023-09
701250,2023-12-27,C100738,Karachi,Online,Jackets,Puffer Jacket,1,7130,3930,15,COD,No,6060.5,2130.5,2023,2023-12
705062,2024-07-30,C100962,Lahore,Store,Shoes,Sandals,1,2830,1660,0,Card,Yes,2830.0,1170.0,2024,2024-07
700067,2024-10-12,C100800,Faisalabad,Store,Jackets,Hooded Jacket,1,4730,2170,0,COD,No,4730.0,2560.0,2024,2024-10
703635,2024-04-01,C102030,Lahore,Online,Kurtas,Embroidered Kurta,1,2760,1660,15,Bank Transfer,No,2346.0,686.0,2024,2024-04
703491,2023-07-16,C101660,Lahore,Store,T-Shirts,Classic Cotton Tee,1,1250,720,0,Card,No,1250.0,530.0,2023,2023-07
703970,2025-06-06,C101705,Sialkot,Online,Dresses,Bodycon Dress,1,3980,1930,0,Bank Transfer,No,3980.0,2050.0,2025,2025-06
701861,2023-07-07,C101838,Faisalabad,Store,Jeans,Ripped Jeans,1,4000,2590,0,Bank Transfer,No,4000.0,1410.0,2023,2023-07
701729,2024-04-20,C101290,Karachi,Online,Shoes,Sneakers,1,4820,2610,15,Card,Yes,4097.0,1487.0,2024,2024-04
704516,2024-10-02,C101835,Lahore,Online,Jeans,High-Waist Jeans,1,4030,2150,0,COD,No,4030.0,1880.0,2024,2024-10
704633,2024-12-08,C100079,Faisalabad,Online,T-Shirts,Polo Shirt,1,2360,1150,20,COD,No,1888.0,738.0,2024,2024-12
701460,2025-05-18,C100240,Multan,Online,Dresses,Bodycon Dress,1,4020,2130,10,Unknown,No,3618.0,1488.0,2025,2025-05
701833,2025-05-02,C101690,Faisalabad,Online,Accessories,Leather Belt,3,1290,750,10,Wallet,No,3483.0,1233.0,2025,2025-05
700788,2024-09-05,C100416,Lahore,Store,Jeans,Slim Fit Jeans,1,3540,1960,0,Card,No,3540.0,1580.0,2024,2024-09
703401,2024-02-25,C101076,Islamabad,Store,Jeans,Straight Leg Jeans,1,3280,1920,0,COD,No,3280.0,1360.0,2024,2024-02
704729,2025-05-25,C100575,Islamabad,Online,T-Shirts,Oversized Tee,3,1810,960,0,Card,No,5430.0,2550.0,2025,2025-05
703102,2024-08-13,C102170,Karachi,Store,T-Shirts,Polo Shirt,3,2340,1320,0,COD,No,7020.0,3060.0,2024,2024-08
704600,2024-07-14,C100036,Lahore,Online,Kurtas,Cotton Kurta,1,1990,1160,0,COD,No,1990.0,830.0,2024,2024-07
705077,2025-05-30,C100881,Islamabad,Online,Shoes,Boots,1,6510,3680,15,Card,No,5533.5,1853.5,2025,2025-05
702515,2024-08-22,C100824,Multan,Online,Dresses,Wrap Dress,1,4270,2510,0,Wallet,No,4270.0,1760.0,2024,2024-08
700477,2025-06-07,C101836,Lahore,Online,Jeans,Ripped Jeans,1,3660,2160,10,COD,No,3294.0,1134.0,2025,2025-06
704343,2023-10-13,C100848,Lahore,Online,Shoes,Sneakers,2,4420,2140,0,Bank Transfer,No,8840.0,4560.0,2023,2023-10
701586,2023-12-17,C101393,Lahore,Online,Jackets,Bomber Jacket,1,5140,2540,20,Card,No,4112.0,1572.0,2023,2023-12
700535,2025-01-19,C101190,Karachi,Store,Accessories,Tote Bag,1,1680,1080,0,Wallet,No,1680.0,600.0,2025,2025-01
703696,2025-04-01,C100005,Sialkot,Online,Kurtas,Festive Kurta,1,4310,2070,0,Card,No,4310.0,2240.0,2025,2025-04
700077,2023-11-13,C101868,Islamabad,Online,T-Shirts,Polo Shirt,1,2230,1340,15,Card,Yes,1895.5,555.5,2023,2023-11
703464,2023-09-29,C101058,Islamabad,Online,Shoes,Boots,2,6950,3290,0,Wallet,No,13900.0,7320.0,2023,2023-09
702513,2023-10-21,C100433,Multan,Store,Jeans,Slim Fit Jeans,1,3570,2040,0,COD,No,3570.0,1530.0,2023,2023-10
702586,2024-12-18,C101389,Lahore,Online,Jeans,Ripped Jeans,3,3620,1990,30,COD,No,7602.0,1632.0,2024,2024-12
700339,2024-02-09,C100569,Islamabad,Online,Accessories,Tote Bag,1,1540,920,10,Bank Transfer,No,1386.0,466.0,2024,2024-02
700165,2024-12-03,C101320,Karachi,Online,Kurtas,Printed Kurta,1,2380,1290,10,Card,No,2142.0,852.0,2024,2024-12
701776,2024-02-29,C100768,Lahore,Online,Jackets,Puffer Jacket,3,6690,4180,0,Card,No,20070.0,7530.0,2024,2024-02
701654,2023-07-03,C101757,Sialkot,Online,Dresses,Maxi Dress,2,4480,2250,0,COD,No,8960.0,4460.0,2023,2023-07
704722,2023-08-21,C101128,Rawalpindi,Store,T-Shirts,Classic Cotton Tee,1,1270,660,15,COD,Yes,1079.5,419.5,2023,2023-08
701024,2024-12-21,C100455,Lahore,Online,T-Shirts,Classic Cotton Tee,2,1190,650,10,Wallet,No,2142.0,842.0,2024,2024-12
702401,2024-08-09,C101271,Karachi,Online,T-Shirts,Polo Shirt,1,2110,1140,10,COD,No,1899.0,759.0,2024,2024-08
705032,2023-09-26,C102018,Islamabad,Store,Dresses,Bodycon Dress,1,3770,2120,15,COD,No,3204.5,1084.5,2023,2023-09
700409,2024-11-30,C100870,Faisalabad,Store,Jackets,Hooded Jacket,1,4670,2670,20,Card,No,3736.0,1066.0,2024,2024-11
701227,2024-06-24,C100249,Karachi,Online,Jeans,Slim Fit Jeans,1,3400,2140,0,Card,No,3400.0,1260.0,2024,2024-06
702334,2024-11-28,C101002,Lahore,Store,Jeans,Straight Leg Jeans,1,3160,1430,15,Card,No,2686.0,1256.0,2024,2024-11
702015,2025-01-11,C100739,Karachi,Online,Jackets,Hooded Jacket,1,4710,2610,0,Bank Transfer,No,4710.0,2100.0,2025,2025-01
701094,2024-05-28,C101179,Lahore,Online,Jeans,High-Waist Jeans,3,4360,2300,10,Bank Transfer,No,11772.0,4872.0,2024,2024-05
702109,2023-08-04,C100161,Peshawar,Store,Dresses,Wrap Dress,2,4280,2530,0,Card,No,8560.0,3500.0,2023,2023-08
704416,2024-08-21,C101742,Lahore,Online,T-Shirts,Polo Shirt,2,2090,1320,0,Card,No,4180.0,1540.0,2024,2024-08
702084,2024-09-21,C100312,Lahore,Online,Jeans,Ripped Jeans,3,3960,2450,10,Wallet,No,10692.0,3342.0,2024,2024-09
703779,2024-01-25,C100521,Karachi,Online,Accessories,Tote Bag,2,1680,780,0,COD,No,3360.0,1800.0,2024,2024-01
705066,2025-06-03,C102172,Islamabad,Online,Accessories,Baseball Cap,2,960,610,0,Card,No,1920.0,700.0,2025,2025-06
704441,2023-11-10,C100411,Rawalpindi,Store,Kurtas,Festive Kurta,1,4240,2000,0,Card,No,4240.0,2240.0,2023,2023-11
700456,2023-12-16,C101463,Karachi,Online,Kurtas,Festive Kurta,1,4090,2440,15,COD,No,3476.5,1036.5,2023,2023-12
703668,2025-05-31,C101810,Lahore,Store,T-Shirts,Classic Cotton Tee,1,1220,760,15,Card,No,1037.0,277.0,2025,2025-05
700278,2024-12-30,C101817,Karachi,Store,Shoes,Sandals,2,2830,1830,25,COD,No,4245.0,585.0,2024,2024-12
700646,2023-08-30,C101176,Karachi,Online,T-Shirts,Classic Cotton Tee,2,1220,680,0,COD,No,2440.0,1080.0,2023,2023-08
704997,2024-08-13,C101513,Faisalabad,Store,Jeans,Ripped Jeans,1,3780,2290,0,Card,No,3780.0,1490.0,2024,2024-08
700088,2024-07-09,C100513,Karachi,Store,Dresses,Bodycon Dress,1,3970,2550,0,Card,No,3970.0,1420.0,2024,2024-07
703648,2025-04-25,C101906,Karachi,Online,Shoes,Boots,1,6890,4290,0,COD,Yes,6890.0,2600.0,2025,2025-04
703599,2025-04-03,C102048,Lahore,Online,Jackets,Hooded Jacket,3,4570,2850,0,Wallet,No,13710.0,5160.0,2025,2025-04
703078,2024-05-28,C100588,Lahore,Online,Accessories,Sunglasses,1,2240,1200,20,COD,No,1792.0,592.0,2024,2024-05
701551,2024-05-17,C102134,Islamabad,Store,Dresses,Wrap Dress,1,3830,1900,20,Card,No,3064.0,1164.0,2024,2024-05
703796,2023-07-22,C100053,Rawalpindi,Online,T-Shirts,Graphic Print Tee,1,1560,1000,0,Card,No,1560.0,560.0,2023,2023-07
702287,2023-09-20,C100468,Lahore,Online,Accessories,Leather Belt,1,1200,730,0,COD,No,1200.0,470.0,2023,2023-09
703172,2025-03-14,C101114,Sialkot,Store,Jackets,Denim Jacket,2,5410,3040,0,Bank Transfer,No,10820.0,4740.0,2025,2025-03
701676,2024-08-23,C101624,Karachi,Online,Kurtas,Festive Kurta,1,4400,2460,10,Bank Transfer,No,3960.0,1500.0,2024,2024-08
704382,2025-02-27,C101684,Lahore,Online,Dresses,Maxi Dress,3,4300,2440,0,Card,Yes,12900.0,5580.0,2025,2025-02
703885,2025-01-23,C101525,Lahore,Online,Shoes,Loafers,2,5280,3110,0,COD,Yes,10560.0,4340.0,2025,2025-01
704480,2023-10-04,C100906,Karachi,Online,Accessories,Tote Bag,3,1640,900,15,Card,No,4182.0,1482.0,2023,2023-10
700568,2024-08-21,C101761,Lahore,Store,T-Shirts,Oversized Tee,2,1760,1070,0,COD,No,3520.0,1380.0,2024,2024-08
701282,2023-10-16,C101073,Peshawar,Online,Jackets,Denim Jacket,3,5340,2970,0,COD,No,16020.0,7110.0,2023,2023-10
702230,2025-02-02,C100877,Karachi,Online,Kurtas,Festive Kurta,1,4280,1990,0,Card,No,4280.0,2290.0,2025,2025-02
700506,2023-09-25,C101074,Multan,Online,Dresses,Bodycon Dress,1,3830,2060,0,Card,Yes,3830.0,1770.0,2023,2023-09
702383,2024-07-30,C100787,Karachi,Online,Dresses,Maxi Dress,1,4800,2190,0,Card,No,4800.0,2610.0,2024,2024-07
703480,2024-01-04,C101252,Lahore,Online,Shoes,Sneakers,2,4700,2240,15,Card,No,7990.0,3510.0,2024,2024-01
703275,2024-05-20,C100321,Karachi,Online,T-Shirts,Graphic Print Tee,1,1540,820,15,Bank Transfer,No,1309.0,489.0,2024,2024-05
703400,2023-12-13,C100190,Peshawar,Online,Jeans,Straight Leg Jeans,1,3300,1730,30,Bank Transfer,No,2310.0,580.0,2023,2023-12
702995,2023-12-24,C101797,Karachi,Online,Dresses,Bodycon Dress,1,4080,1920,0,Card,No,4080.0,2160.0,2023,2023-12
702663,2024-02-17,C101048,Multan,Online,Jackets,Denim Jacket,3,5870,3170,10,Card,No,15849.0,6339.0,2024,2024-02
704808,2023-11-30,C100560,Lahore,Online,T-Shirts,Classic Cotton Tee,3,1160,600,20,Card,No,2784.0,984.0,2023,2023-11
700671,2024-10-16,C100633,Karachi,Store,T-Shirts,Graphic Print Tee,3,1480,780,0,Card,No,4440.0,2100.0,2024,2024-10
702323,2023-07-30,C100969,Lahore,Online,Shoes,Loafers,2,5240,3140,0,COD,No,10480.0,4200.0,2023,2023-07
700586,2024-09-19,C100198,Lahore,Online,Dresses,Summer Floral Dress,2,3330,1800,0,COD,No,6660.0,3060.0,2024,2024-09
701560,2024-07-12,C100381,Peshawar,Store,Dresses,Wrap Dress,2,4240,2430,0,COD,No,8480.0,3620.0,2024,2024-07
700803,2024-06-17,C100166,Multan,Online,Kurtas,Printed Kurta,1,2350,1410,0,COD,No,2350.0,940.0,2024,2024-06
700450,2024-10-12,C100650,Karachi,Store,Dresses,Maxi Dress,1,4710,2850,0,Card,No,4710.0,1860.0,2024,2024-10
700644,2024-05-15,C101916,Rawalpindi,Store,Accessories,Baseball Cap,1,890,520,20,COD,No,712.0,192.0,2024,2024-05
704810,2024-07-12,C100689,Islamabad,Online,Dresses,Maxi Dress,2,4560,2400,0,Card,No,9120.0,4320.0,2024,2024-07
703546,2025-06-21,C101634,Sialkot,Online,T-Shirts,Classic Cotton Tee,1,1240,610,15,COD,No,1054.0,444.0,2025,2025-06
702007,2024-01-03,C102091,Multan,Online,Jackets,Puffer Jacket,3,6710,3490,10,Card,No,18117.0,7647.0,2024,2024-01
702409,2024-12-12,C100879,Islamabad,Online,Jeans,High-Waist Jeans,2,4380,2040,25,Card,Yes,6570.0,2490.0,2024,2024-12
700013,2025-04-08,C100748,Faisalabad,Store,Shoes,Sandals,1,2810,1550,0,Card,No,2810.0,1260.0,2025,2025-04
702077,2023-12-14,C100435,Lahore,Online,Jackets,Puffer Jacket,1,6990,3230,15,Card,No,5941.5,2711.5,2023,2023-12
702505,2023-08-15,C101009,Karachi,Online,T-Shirts,Oversized Tee,2,1770,990,0,COD,No,3540.0,1560.0,2023,2023-08
702924,2024-03-03,C101717,Islamabad,Store,Jeans,Straight Leg Jeans,2,3120,1860,0,COD,No,6240.0,2520.0,2024,2024-03
701631,2023-12-21,C101823,Islamabad,Online,Jeans,High-Waist Jeans,1,4520,2430,25,Wallet,No,3390.0,960.0,2023,2023-12
701910,2024-10-29,C101378,Islamabad,Online,Accessories,Sunglasses,1,2160,1220,0,Card,No,2160.0,940.0,2024,2024-10
700061,2023-08-17,C101492,Rawalpindi,Online,Jeans,High-Waist Jeans,1,4390,2720,0,COD,No,4390.0,1670.0,2023,2023-08
700815,2025-01-11,C100773,Multan,Store,Dresses,Maxi Dress,3,4760,2330,0,Bank Transfer,No,14280.0,7290.0,2025,2025-01
704107,2024-07-18,C100078,Islamabad,Online,T-Shirts,Graphic Print Tee,1,1490,700,0,Wallet,No,1490.0,790.0,2024,2024-07
701934,2024-10-30,C100480,Karachi,Online,Dresses,Maxi Dress,2,4740,2490,0,Wallet,No,9480.0,4500.0,2024,2024-10
705093,2025-04-16,C100181,Peshawar,Online,T-Shirts,Graphic Print Tee,1,1510,810,20,Card,No,1208.0,398.0,2025,2025-04
701535,2024-01-22,C100124,Lahore,Store,Jackets,Puffer Jacket,1,6590,3240,0,Wallet,No,6590.0,3350.0,2024,2024-01
703828,2025-02-11,C101178,Lahore,Store,Accessories,Tote Bag,1,1700,980,10,COD,No,1530.0,550.0,2025,2025-02
702654,2025-03-27,C101922,Karachi,Online,Jackets,Hooded Jacket,3,4770,2790,10,Bank Transfer,No,12879.0,4509.0,2025,2025-03
703441,2023-10-08,C101830,Karachi,Online,Dresses,Bodycon Dress,1,3630,2100,0,COD,Yes,3630.0,1530.0,2023,2023-10
702280,2024-11-14,C101782,Karachi,Online,Dresses,Wrap Dress,1,4200,2450,0,Bank Transfer,No,4200.0,1750.0,2024,2024-11
705125,2024-09-11,C101968,Karachi,Online,Jackets,Bomber Jacket,1,5540,3580,0,Card,No,5540.0,1960.0,2024,2024-09
701981,2023-10-31,C100869,Lahore,Online,Dresses,Summer Floral Dress,2,3040,1410,10,COD,No,5472.0,2652.0,2023,2023-10
701072,2024-09-10,C101471,Lahore,Online,Jackets,Hooded Jacket,1,5100,2660,0,Wallet,No,5100.0,2440.0,2024,2024-09
703900,2024-01-12,C102167,Karachi,Store,Jackets,Puffer Jacket,3,6880,4100,0,COD,No,20640.0,8340.0,2024,2024-01
700419,2024-11-18,C100637,Rawalpindi,Store,Shoes,Boots,2,6630,3690,20,COD,No,10608.0,3228.0,2024,2024-11
701602,2024-05-06,C101916,Rawalpindi,Online,Jeans,Straight Leg Jeans,1,3410,1740,15,Card,No,2898.5,1158.5,2024,2024-05
705029,2023-08-25,C100531,Rawalpindi,Store,Dresses,Summer Floral Dress,1,3150,1940,0,Bank Transfer,No,3150.0,1210.0,2023,2023-08
704585,2024-08-12,C102116,Karachi,Online,Kurtas,Cotton Kurta,2,1820,1070,0,COD,No,3640.0,1500.0,2024,2024-08
702711,2024-12-02,C101480,Karachi,Online,Dresses,Wrap Dress,2,4280,2320,0,Wallet,No,8560.0,3920.0,2024,2024-12
704129,2023-09-18,C100626,Faisalabad,Store,Jeans,Slim Fit Jeans,1,3380,1990,15,COD,No,2873.0,883.0,2023,2023-09
700902,2024-09-17,C100655,Karachi,Store,T-Shirts,Oversized Tee,1,1780,1140,10,COD,No,1602.0,462.0,2024,2024-09
701646,2024-06-18,C101009,Karachi,Online,Dresses,Maxi Dress,1,4810,2390,0,Card,Yes,4810.0,2420.0,2024,2024-06
704253,2024-06-13,C100314,Karachi,Online,T-Shirts,Graphic Print Tee,1,1550,790,0,Bank Transfer,No,1550.0,760.0,2024,2024-06
703036,2024-06-26,C100040,Karachi,Online,Accessories,Tote Bag,3,1730,780,0,Card,No,5190.0,2850.0,2024,2024-06
700775,2024-09-16,C101245,Karachi,Store,T-Shirts,Classic Cotton Tee,1,1210,780,0,COD,No,1210.0,430.0,2024,2024-09
705065,2024-11-10,C100710,Sialkot,Store,Jackets,Puffer Jacket,1,7140,3510,15,COD,No,6069.0,2559.0,2024,2024-11
701743,2023-10-22,C101591,Lahore,Online,Shoes,Boots,1,6370,3270,0,COD,No,6370.0,3100.0,2023,2023-10
701986,2023-10-07,C100616,Faisalabad,Online,Shoes,Sandals,1,2890,1740,0,COD,No,2890.0,1150.0,2023,2023-10
702073,2024-11-16,C102051,Lahore,Store,Jackets,Hooded Jacket,3,5150,3020,10,COD,No,13905.0,4845.0,2024,2024-11
701982,2023-12-12,C102046,Karachi,Store,Accessories,Leather Belt,1,1220,700,15,COD,No,1037.0,337.0,2023,2023-12
701997,2024-03-17,C100208,Lahore,Online,Accessories,Sunglasses,1,2150,1200,10,Card,Yes,1935.0,735.0,2024,2024-03
703557,2025-05-12,C102141,Karachi,Store,Dresses,Wrap Dress,3,4280,2140,20,COD,No,10272.0,3852.0,2025,2025-05
702871,2024-05-11,C102018,Islamabad,Store,Kurtas,Embroidered Kurta,2,3000,1830,20,COD,No,4800.0,1140.0,2024,2024-05
703823,2024-12-24,C100596,Rawalpindi,Store,Shoes,Loafers,1,5240,2540,10,Card,No,4716.0,2176.0,2024,2024-12
704939,2023-07-24,C101202,Multan,Online,Dresses,Maxi Dress,2,4860,2590,15,COD,No,8262.0,3082.0,2023,2023-07
703958,2025-03-17,C100574,Multan,Store,Accessories,Leather Belt,1,1150,620,0,COD,No,1150.0,530.0,2025,2025-03
704459,2023-10-10,C100975,Islamabad,Store,Jackets,Bomber Jacket,1,5080,2750,0,Bank Transfer,No,5080.0,2330.0,2023,2023-10
704000,2024-04-27,C101688,Islamabad,Online,Jeans,Slim Fit Jeans,3,3730,1680,20,COD,Yes,8952.0,3912.0,2024,2024-04
704377,2023-11-14,C100503,Islamabad,Store,Accessories,Leather Belt,2,1240,750,0,COD,No,2480.0,980.0,2023,2023-11
702310,2024-03-25,C101083,Multan,Online,Accessories,Leather Belt,1,1210,680,10,Card,No,1089.0,409.0,2024,2024-03
701771,2024-04-24,C101220,Lahore,Online,Kurtas,Embroidered Kurta,1,2740,1450,0,COD,No,2740.0,1290.0,2024,2024-04
700357,2023-07-06,C101598,Faisalabad,Store,Kurtas,Embroidered Kurta,3,2840,1470,0,COD,No,8520.0,4110.0,2023,2023-07
701845,2024-07-12,C101164,Lahore,Online,T-Shirts,Classic Cotton Tee,1,1160,710,0,Card,No,1160.0,450.0,2024,2024-07
700454,2024-12-19,C101180,Faisalabad,Online,Jackets,Bomber Jacket,3,5300,3340,20,COD,No,12720.0,2700.0,2024,2024-12
700017,2024-04-15,C101321,Karachi,Online,Jeans,Straight Leg Jeans,2,3270,1490,15,Wallet,No,5559.0,2579.0,2024,2024-04
704599,2024-02-08,C100695,Islamabad,Online,T-Shirts,Graphic Print Tee,2,1580,900,0,Wallet,No,3160.0,1360.0,2024,2024-02
703091,2024-07-30,C101801,Islamabad,Store,Accessories,Leather Belt,2,1160,550,0,COD,No,2320.0,1220.0,2024,2024-07
704707,2025-05-31,C101350,Faisalabad,Online,Dresses,Summer Floral Dress,1,3320,1930,0,Card,Yes,3320.0,1390.0,2025,2025-05
704839,2024-12-08,C100053,Rawalpindi,Online,Dresses,Summer Floral Dress,1,3210,2010,0,COD,No,3210.0,1200.0,2024,2024-12
703170,2024-03-13,C100465,Rawalpindi,Store,Jackets,Puffer Jacket,1,6470,3600,15,COD,No,5499.5,1899.5,2024,2024-03
700812,2024-02-03,C100482,Islamabad,Store,Kurtas,Embroidered Kurta,1,3000,1590,15,Wallet,No,2550.0,960.0,2024,2024-02
700139,2023-10-04,C100409,Sialkot,Online,Accessories,Baseball Cap,2,870,450,0,COD,No,1740.0,840.0,2023,2023-10
702465,2025-04-27,C100746,Karachi,Online,Accessories,Baseball Cap,1,910,470,10,COD,No,819.0,349.0,2025,2025-04
701998,2023-09-30,C100455,Lahore,Online,T-Shirts,Polo Shirt,3,2260,1390,15,COD,No,5763.0,1593.0,2023,2023-09
700610,2025-04-11,C100329,Karachi,Online,T-Shirts,Graphic Print Tee,2,1460,710,0,Card,No,2920.0,1500.0,2025,2025-04
702852,2025-03-26,C100594,Lahore,Online,Shoes,Loafers,1,4950,3130,0,COD,No,4950.0,1820.0,2025,2025-03
704123,2024-02-26,C100152,Lahore,Online,Accessories,Baseball Cap,2,950,560,0,COD,No,1900.0,780.0,2024,2024-02
702819,2023-10-09,C100507,Multan,Online,Dresses,Bodycon Dress,2,4010,1950,0,Card,No,8020.0,4120.0,2023,2023-10
704455,2024-04-22,C101615,Lahore,Online,Kurtas,Printed Kurta,1,2380,1520,10,Card,No,2142.0,622.0,2024,2024-04
701473,2023-10-29,C100582,Lahore,Store,Accessories,Baseball Cap,1,950,460,0,Card,No,950.0,490.0,2023,2023-10
703212,2024-11-09,C101197,Rawalpindi,Online,Jackets,Puffer Jacket,1,6930,4060,0,COD,Yes,6930.0,2870.0,2024,2024-11
704753,2024-03-28,C101884,Karachi,Online,Jeans,Ripped Jeans,2,3900,2420,0,COD,No,7800.0,2960.0,2024,2024-03
701805,2024-08-26,C101123,Lahore,Online,Kurtas,Cotton Kurta,2,1970,1160,0,Card,No,3940.0,1620.0,2024,2024-08
701129,2023-08-12,C101805,Rawalpindi,Online,Accessories,Sunglasses,1,2100,990,0,COD,No,2100.0,1110.0,2023,2023-08
704001,2025-04-02,C100413,Peshawar,Online,Dresses,Maxi Dress,1,4700,2340,0,COD,No,4700.0,2360.0,2025,2025-04
704503,2024-10-09,C101167,Islamabad,Online,T-Shirts,Oversized Tee,2,1830,1090,0,COD,No,3660.0,1480.0,2024,2024-10
703903,2024-02-02,C100164,Islamabad,Online,Dresses,Maxi Dress,1,4460,2730,0,Card,Yes,4460.0,1730.0,2024,2024-02
700144,2024-04-13,C100445,Rawalpindi,Online,Accessories,Tote Bag,3,1590,990,15,Card,No,4054.5,1084.5,2024,2024-04
703128,2023-08-30,C102190,Lahore,Store,Kurtas,Printed Kurta,2,2460,1410,10,COD,No,4428.0,1608.0,2023,2023-08
703224,2023-08-16,C101027,Karachi,Online,Jeans,High-Waist Jeans,1,4340,2360,0,COD,No,4340.0,1980.0,2023,2023-08
702598,2024-01-19,C100412,Lahore,Store,Accessories,Leather Belt,3,1210,770,15,Card,Yes,3085.5,775.5,2024,2024-01
700591,2025-04-24,C101758,Peshawar,Store,Accessories,Baseball Cap,1,900,560,20,COD,No,720.0,160.0,2025,2025-04
701425,2025-06-05,C102014,Karachi,Online,Dresses,Wrap Dress,3,4320,2510,10,Card,No,11664.0,4134.0,2025,2025-06
704978,2024-02-08,C102000,Multan,Online,Jackets,Hooded Jacket,1,5090,3160,0,Card,No,5090.0,1930.0,2024,2024-02
700738,2024-07-05,C101853,Faisalabad,Store,Kurtas,Printed Kurta,1,2470,1130,0,COD,No,2470.0,1340.0,2024,2024-07
703068,2024-08-10,C102011,Karachi,Online,Kurtas,Embroidered Kurta,3,2890,1450,15,Card,No,7369.5,3019.5,2024,2024-08
702437,2025-04-02,C100879,Islamabad,Store,Dresses,Summer Floral Dress,1,3440,1720,10,Card,No,3096.0,1376.0,2025,2025-04
701486,2023-10-28,C101307,Rawalpindi,Online,Dresses,Wrap Dress,1,3910,1810,0,COD,Yes,3910.0,2100.0,2023,2023-10
702020,2024-01-26,C101139,Rawalpindi,Store,T-Shirts,Polo Shirt,1,2160,980,0,COD,No,2160.0,1180.0,2024,2024-01
700844,2025-06-06,C102055,Karachi,Online,Dresses,Wrap Dress,1,3850,2390,0,Wallet,No,3850.0,1460.0,2025,2025-06
704349,2023-11-27,C101112,Islamabad,Store,Kurtas,Embroidered Kurta,1,2810,1330,25,Wallet,No,2107.5,777.5,2023,2023-11
702978,2024-06-20,C101653,Lahore,Online,Dresses,Bodycon Dress,3,3960,1910,0,COD,No,11880.0,6150.0,2024,2024-06
702589,2025-05-10,C101717,Islamabad,Store,Accessories,Tote Bag,1,1550,780,20,Bank Transfer,No,1240.0,460.0,2025,2025-05
702859,2024-10-09,C100498,Karachi,Store,Jeans,Ripped Jeans,1,3900,2210,0,Card,No,3900.0,1690.0,2024,2024-10
703798,2025-06-28,C101930,Rawalpindi,Online,Dresses,Wrap Dress,3,3910,2210,0,Wallet,Yes,11730.0,5100.0,2025,2025-06
700838,2024-03-26,C100246,Islamabad,Online,Jackets,Denim Jacket,2,5390,3470,0,Card,Yes,10780.0,3840.0,2024,2024-03
703316,2024-12-15,C100879,Islamabad,Store,Kurtas,Festive Kurta,2,4370,2630,0,COD,No,8740.0,3480.0,2024,2024-12
704702,2025-02-20,C101339,Karachi,Store,Shoes,Boots,1,6900,3210,0,COD,No,6900.0,3690.0,2025,2025-02
702905,2024-05-27,C101482,Islamabad,Store,T-Shirts,Oversized Tee,1,1880,950,0,Card,No,1880.0,930.0,2024,2024-05
705153,2025-05-12,C101662,Faisalabad,Online,Dresses,Summer Floral Dress,2,3260,2100,15,COD,No,5542.0,1342.0,2025,2025-05
704470,2024-06-26,C101690,Faisalabad,Online,Accessories,Leather Belt,1,1280,620,10,Card,No,1152.0,532.0,2024,2024-06
703639,2023-07-24,C100772,Islamabad,Online,T-Shirts,Oversized Tee,2,1820,880,0,Wallet,No,3640.0,1880.0,2023,2023-07
704584,2024-01-19,C101693,Unknown,Online,Jackets,Hooded Jacket,1,4740,3060,0,Card,No,4740.0,1680.0,2024,2024-01
700567,2023-12-31,C100033,Karachi,Online,Jeans,High-Waist Jeans,1,4240,2070,15,Card,No,3604.0,1534.0,2023,2023-12
701195,2023-09-13,C100498,Karachi,Online,Shoes,Loafers,1,5060,2320,0,COD,No,5060.0,2740.0,2023,2023-09
702446,2023-10-07,C101875,Faisalabad,Store,Jackets,Denim Jacket,1,5810,3330,0,Card,No,5810.0,2480.0,2023,2023-10
704119,2024-06-12,C101663,Lahore,Store,Shoes,Boots,3,6970,4050,0,Wallet,No,20910.0,8760.0,2024,2024-06
701609,2025-05-30,C100490,Unknown,Online,Shoes,Boots,1,6930,3330,0,Card,Yes,6930.0,3600.0,2025,2025-05
704908,2023-09-17,C101496,Multan,Store,Shoes,Sandals,3,2730,1430,0,Card,No,8190.0,3900.0,2023,2023-09
701903,2024-02-03,C100634,Lahore,Store,T-Shirts,Polo Shirt,1,2330,1140,0,COD,No,2330.0,1190.0,2024,2024-02
705188,2024-01-23,C101446,Peshawar,Online,Jackets,Hooded Jacket,1,5120,2700,10,Card,No,4608.0,1908.0,2024,2024-01
705112,2024-01-27,C101833,Lahore,Store,Shoes,Sneakers,1,4480,2760,0,Card,No,4480.0,1720.0,2024,2024-01
702537,2024-10-01,C100252,Karachi,Online,Jeans,Slim Fit Jeans,2,3690,2060,10,Card,No,6642.0,2522.0,2024,2024-10
703871,2023-08-06,C101488,Peshawar,Online,Dresses,Maxi Dress,1,4550,2320,0,Card,No,4550.0,2230.0,2023,2023-08
701092,2024-06-23,C102042,Islamabad,Store,T-Shirts,Classic Cotton Tee,1,1280,630,0,Wallet,No,1280.0,650.0,2024,2024-06
700863,2023-09-28,C100934,Faisalabad,Online,Shoes,Loafers,1,5240,2400,0,Wallet,No,5240.0,2840.0,2023,2023-09
702388,2023-09-29,C100697,Islamabad,Online,T-Shirts,Graphic Print Tee,1,1520,710,0,Bank Transfer,No,1520.0,810.0,2023,2023-09
701120,2025-01-10,C100941,Multan,Store,Accessories,Leather Belt,1,1250,610,0,Card,No,1250.0,640.0,2025,2025-01
702335,2024-01-20,C100259,Islamabad,Store,Kurtas,Embroidered Kurta,2,2890,1570,0,Wallet,No,5780.0,2640.0,2024,2024-01
700017,2024-04-15,C101321,Karachi,Online,Jackets,Bomber Jacket,3,5340,2460,0,Wallet,Yes,16020.0,8640.0,2024,2024-04
704414,2023-10-28,C100179,Faisalabad,Online,Kurtas,Embroidered Kurta,1,2680,1210,0,Wallet,No,2680.0,1470.0,2023,2023-10
703976,2023-10-04,C101259,Sialkot,Online,Jeans,Ripped Jeans,1,3920,2290,0,Card,No,3920.0,1630.0,2023,2023-10
702183,2023-09-27,C100198,Lahore,Online,T-Shirts,Oversized Tee,1,1760,870,0,Card,No,1760.0,890.0,2023,2023-09
704151,2024-10-13,C101462,Lahore,Store,Kurtas,Embroidered Kurta,1,2890,1400,15,COD,No,2456.5,1056.5,2024,2024-10
701815,2025-02-16,C100016,Islamabad,Online,Kurtas,Cotton Kurta,1,1830,1010,0,Card,No,1830.0,820.0,2025,2025-02
704075,2023-10-14,C101217,Islamabad,Online,Shoes,Boots,2,6600,3770,0,Card,Yes,13200.0,5660.0,2023,2023-10
703648,2025-04-25,C101906,Karachi,Online,T-Shirts,Classic Cotton Tee,3,1260,660,20,COD,No,3024.0,1044.0,2025,2025-04
703192,2024-07-17,C100383,Karachi,Online,Dresses,Wrap Dress,3,3990,2010,15,Card,No,10174.5,4144.5,2024,2024-07
702107,2024-12-12,C102064,Karachi,Online,Dresses,Summer Floral Dress,1,3180,2060,20,Card,No,2544.0,484.0,2024,2024-12
700737,2024-03-26,C101115,Lahore,Store,Kurtas,Cotton Kurta,1,1820,880,15,COD,No,1547.0,667.0,2024,2024-03
702327,2023-10-18,C100738,Karachi,Store,Jeans,High-Waist Jeans,1,4100,2050,10,COD,No,3690.0,1640.0,2023,2023-10
701789,2024-03-07,C102127,Karachi,Online,Shoes,Sandals,1,2760,1390,0,COD,No,2760.0,1370.0,2024,2024-03
702674,2024-05-08,C100094,Karachi,Online,T-Shirts,Graphic Print Tee,2,1520,800,10,Card,No,2736.0,1136.0,2024,2024-05
700063,2024-01-02,C101832,Karachi,Online,Jeans,Slim Fit Jeans,1,3690,2230,0,COD,No,3690.0,1460.0,2024,2024-01
700663,2024-06-26,C100997,Lahore,Store,T-Shirts,Polo Shirt,1,2130,1270,0,COD,No,2130.0,860.0,2024,2024-06
701248,2024-12-31,C102051,Lahore,Online,Jackets,Hooded Jacket,1,5040,2810,0,COD,No,5040.0,2230.0,2024,2024-12
702375,2024-11-21,C100565,Rawalpindi,Store,Accessories,Tote Bag,3,1620,880,15,COD,No,4131.0,1491.0,2024,2024-11
704587,2023-08-15,C101915,Lahore,Online,Dresses,Wrap Dress,1,4160,2340,0,Card,Yes,4160.0,1820.0,2023,2023-08
702441,2024-01-06,C101038,Karachi,Online,Kurtas,Cotton Kurta,2,1860,1130,0,Wallet,No,3720.0,1460.0,2024,2024-01
704454,2024-12-05,C101224,Lahore,Online,Shoes,Sandals,2,2760,1640,20,COD,Yes,4416.0,1136.0,2024,2024-12
704819,2024-11-17,C101369,Karachi,Store,T-Shirts,Classic Cotton Tee,1,1210,630,15,COD,No,1028.5,398.5,2024,2024-11
703996,2025-03-15,C102112,Lahore,Store,Dresses,Wrap Dress,1,3910,2380,0,Card,No,3910.0,1530.0,2025,2025-03
701257,2025-01-25,C100386,Rawalpindi,Online,Accessories,Baseball Cap,2,960,440,10,Card,No,1728.0,848.0,2025,2025-01
705043,2024-12-11,C100587,Karachi,Online,Kurtas,Printed Kurta,1,2510,1430,0,Card,No,2510.0,1080.0,2024,2024-12
702163,2023-08-12,C100603,Rawalpindi,Online,T-Shirts,Graphic Print Tee,2,1480,910,0,COD,No,2960.0,1140.0,2023,2023-08
701479,2024-03-19,C101786,Karachi,Online,Dresses,Wrap Dress,2,4250,2190,0,COD,No,8500.0,4120.0,2024,2024-03
700630,2023-09-03,C101501,Sialkot,Online,Jeans,Ripped Jeans,1,4080,1910,15,Wallet,No,3468.0,1558.0,2023,2023-09
702478,2024-12-10,C101800,Islamabad,Store,Accessories,Tote Bag,1,1540,840,10,Wallet,Yes,1386.0,546.0,2024,2024-12
705193,2023-07-24,C102050,Sialkot,Online,Kurtas,Festive Kurta,1,4160,1880,15,Card,No,3536.0,1656.0,2023,2023-07
700841,2023-08-04,C100924,Lahore,Online,Shoes,Boots,1,6560,3090,0,Card,No,6560.0,3470.0,2023,2023-08
703108,2024-04-11,C100302,Islamabad,Store,Kurtas,Cotton Kurta,2,1830,1080,0,COD,Yes,3660.0,1500.0,2024,2024-04
702610,2024-11-20,C100713,Peshawar,Online,Jeans,High-Waist Jeans,1,4490,2210,15,Card,Yes,3816.5,1606.5,2024,2024-11
701858,2023-08-30,C101032,Islamabad,Online,Shoes,Boots,2,6490,3460,10,COD,No,11682.0,4762.0,2023,2023-08
704527,2025-06-30,C100539,Multan,Online,Kurtas,Cotton Kurta,1,1850,1190,0,COD,No,1850.0,660.0,2025,2025-06
705044,2024-12-16,C100540,Sialkot,Store,Dresses,Wrap Dress,1,4140,2520,10,COD,No,3726.0,1206.0,2024,2024-12
701757,2023-07-13,C101043,Rawalpindi,Store,T-Shirts,Oversized Tee,1,1780,1120,15,Card,No,1513.0,393.0,2023,2023-07
700648,2023-11-11,C101288,Karachi,Online,Dresses,Bodycon Dress,1,3850,1740,30,COD,No,2695.0,955.0,2023,2023-11
702324,2023-07-13,C101107,Karachi,Online,Kurtas,Festive Kurta,1,4310,2250,0,Wallet,No,4310.0,2060.0,2023,2023-07
701076,2024-06-25,C100258,Lahore,Online,Dresses,Wrap Dress,1,4110,2350,0,COD,No,4110.0,1760.0,2024,2024-06
705195,2025-03-26,C100330,Faisalabad,Online,Jackets,Puffer Jacket,1,6630,3540,0,COD,No,6630.0,3090.0,2025,2025-03
700234,2023-12-12,C100860,Faisalabad,Online,Kurtas,Printed Kurta,2,2360,1400,0,Card,No,4720.0,1920.0,2023,2023-12
704882,2024-09-01,C100093,Unknown,Store,Shoes,Sandals,1,2750,1290,0,COD,Yes,2750.0,1460.0,2024,2024-09
701163,2023-07-22,C101517,Sialkot,Store,Accessories,Sunglasses,1,2220,1420,0,Bank Transfer,No,2220.0,800.0,2023,2023-07
704023,2024-08-07,C101251,Lahore,Online,Shoes,Sneakers,1,4780,2530,15,Card,Yes,4063.0,1533.0,2024,2024-08
703908,2025-06-04,C100158,Rawalpindi,Online,T-Shirts,Polo Shirt,3,2190,1180,0,Bank Transfer,No,6570.0,3030.0,2025,2025-06
701655,2024-06-20,C100823,Rawalpindi,Online,Kurtas,Festive Kurta,1,4040,2430,0,COD,No,4040.0,1610.0,2024,2024-06
700396,2024-02-10,C101140,Karachi,Online,Shoes,Loafers,2,5210,3320,0,Card,No,10420.0,3780.0,2024,2024-02
702611,2024-05-05,C100652,Rawalpindi,Online,Jackets,Denim Jacket,2,5810,3510,0,Bank Transfer,No,11620.0,4600.0,2024,2024-05
704558,2024-11-21,C101650,Karachi,Online,Jeans,Straight Leg Jeans,1,3200,1560,30,COD,Yes,2240.0,680.0,2024,2024-11
700818,2024-08-07,C100956,Faisalabad,Store,Dresses,Wrap Dress,3,3940,2340,15,COD,No,10047.0,3027.0,2024,2024-08
703396,2023-12-08,C101722,Rawalpindi,Online,Accessories,Baseball Cap,1,940,610,20,Wallet,No,752.0,142.0,2023,2023-12
704403,2023-10-06,C100388,Lahore,Store,Shoes,Sandals,2,2830,1430,0,Bank Transfer,No,5660.0,2800.0,2023,2023-10
702583,2024-11-12,C100179,Faisalabad,Online,T-Shirts,Classic Cotton Tee,1,1240,660,15,COD,No,1054.0,394.0,2024,2024-11
702999,2024-01-08,C100888,Lahore,Online,Jackets,Bomber Jacket,1,5040,2760,15,Card,No,4284.0,1524.0,2024,2024-01
702467,2023-12-28,C101759,Peshawar,Online,Jackets,Bomber Jacket,1,5420,2950,0,Bank Transfer,No,5420.0,2470.0,2023,2023-12
703001,2023-07-17,C100676,Peshawar,Online,Dresses,Wrap Dress,3,3950,2570,0,Wallet,No,11850.0,4140.0,2023,2023-07
704641,2024-06-02,C100560,Lahore,Store,Jeans,Slim Fit Jeans,2,3750,1970,0,COD,No,7500.0,3560.0,2024,2024-06
703854,2024-07-19,C101982,Multan,Store,Shoes,Loafers,2,5400,2620,0,COD,No,10800.0,5560.0,2024,2024-07
703378,2025-03-25,C101500,Rawalpindi,Store,Dresses,Summer Floral Dress,1,3210,2040,0,COD,No,3210.0,1170.0,2025,2025-03
702596,2025-06-26,C101754,Karachi,Store,Accessories,Baseball Cap,1,860,450,0,Wallet,No,860.0,410.0,2025,2025-06
700088,2024-07-09,C100513,Karachi,Store,Kurtas,Printed Kurta,1,2360,1510,0,Card,No,2360.0,850.0,2024,2024-07
703747,2024-06-05,C102118,Lahore,Store,T-Shirts,Oversized Tee,1,1780,1130,0,Card,No,1780.0,650.0,2024,2024-06
702949,2024-04-17,C101212,Islamabad,Online,Kurtas,Festive Kurta,3,4250,1940,0,Card,No,12750.0,6930.0,2024,2024-04
704510,2025-05-03,C101117,Faisalabad,Online,Accessories,Leather Belt,1,1170,640,20,COD,No,936.0,296.0,2025,2025-05
704213,2024-06-23,C100835,Islamabad,Online,Jeans,High-Waist Jeans,1,4150,2400,0,Card,No,4150.0,1750.0,2024,2024-06
704047,2025-05-08,C100739,Karachi,Online,Dresses,Wrap Dress,1,3990,2280,0,Wallet,No,3990.0,1710.0,2025,2025-05
702036,2024-05-18,C100334,Lahore,Store,Shoes,Sandals,1,2720,1350,10,Bank Transfer,No,2448.0,1098.0,2024,2024-05
705061,2024-01-26,C101836,Lahore,Store,Accessories,Sunglasses,2,2090,1220,0,Card,No,4180.0,1740.0,2024,2024-01
702772,2024-09-09,C100630,Peshawar,Online,Dresses,Maxi Dress,2,4340,2080,10,Card,Yes,7812.0,3652.0,2024,2024-09
701866,2024-01-19,C100881,Unknown,Store,Accessories,Leather Belt,2,1200,670,0,Wallet,No,2400.0,1060.0,2024,2024-01
702934,2023-11-05,C100708,Karachi,Store,Jackets,Bomber Jacket,1,4980,2700,20,Bank Transfer,No,3984.0,1284.0,2023,2023-11
702800,2023-07-30,C101962,Islamabad,Online,Jeans,Straight Leg Jeans,1,3110,1810,0,Card,No,3110.0,1300.0,2023,2023-07
702724,2024-03-20,C101984,Islamabad,Online,Kurtas,Embroidered Kurta,2,2840,1700,0,COD,No,5680.0,2280.0,2024,2024-03
705066,2025-06-03,C102172,Islamabad,Online,Dresses,Maxi Dress,3,4400,2580,0,Card,No,13200.0,5460.0,2025,2025-06
700186,2025-06-15,C100091,Rawalpindi,Online,Shoes,Loafers,1,5310,3000,0,COD,Yes,5310.0,2310.0,2025,2025-06
703417,2024-05-21,C101840,Lahore,Online,Jeans,High-Waist Jeans,1,4450,2410,0,COD,No,4450.0,2040.0,2024,2024-05
704190,2023-11-07,C100999,Karachi,Store,Kurtas,Cotton Kurta,1,1860,910,25,COD,No,1395.0,485.0,2023,2023-11
703612,2025-02-08,C101093,Lahore,Online,Kurtas,Embroidered Kurta,1,2860,1660,0,Card,No,2860.0,1200.0,2025,2025-02
703039,2024-08-03,C101511,Lahore,Online,Shoes,Sneakers,3,4430,2560,10,Bank Transfer,No,11961.0,4281.0,2024,2024-08
700770,2024-05-16,C101246,Islamabad,Store,Accessories,Leather Belt,1,1220,550,10,Card,No,1098.0,548.0,2024,2024-05
703371,2024-01-13,C101652,Lahore,Online,Jackets,Hooded Jacket,2,4890,2210,0,COD,No,9780.0,5360.0,2024,2024-01
701474,2024-07-11,C101480,Karachi,Online,Accessories,Baseball Cap,1,970,540,15,Card,No,824.5,284.5,2024,2024-07
703760,2024-01-19,C101915,Lahore,Store,Kurtas,Festive Kurta,1,4370,2080,0,Card,No,4370.0,2290.0,2024,2024-01
703649,2023-12-16,C100212,Lahore,Online,Jackets,Denim Jacket,3,5530,3060,25,COD,No,12442.5,3262.5,2023,2023-12
701549,2025-01-29,C100597,Islamabad,Store,Kurtas,Printed Kurta,1,2320,1170,0,Card,No,2320.0,1150.0,2025,2025-01
703537,2023-08-23,C101232,Lahore,Online,Shoes,Loafers,1,4970,2610,0,Bank Transfer,No,4970.0,2360.0,2023,2023-08
701896,2024-03-12,C101946,Lahore,Online,Accessories,Tote Bag,2,1580,840,0,Card,No,3160.0,1480.0,2024,2024-03
702106,2025-03-30,C100213,Faisalabad,Store,Accessories,Baseball Cap,2,910,440,0,COD,No,1820.0,940.0,2025,2025-03
702615,2023-12-21,C100328,Islamabad,Online,Jackets,Puffer Jacket,2,6770,3100,10,COD,Yes,12186.0,5986.0,2023,2023-12
701432,2024-02-09,C101390,Peshawar,Store,Jeans,Straight Leg Jeans,3,3160,1850,0,COD,Yes,9480.0,3930.0,2024,2024-02
701547,2024-03-20,C101369,Karachi,Online,T-Shirts,Polo Shirt,2,2100,1080,0,Wallet,No,4200.0,2040.0,2024,2024-03
701878,2025-02-12,C101551,Karachi,Online,Shoes,Boots,2,6920,4400,0,COD,Yes,13840.0,5040.0,2025,2025-02
703869,2024-12-11,C101705,Sialkot,Store,Dresses,Maxi Dress,1,4750,2950,20,COD,No,3800.0,850.0,2024,2024-12
704531,2024-07-31,C100301,Lahore,Store,Dresses,Wrap Dress,3,4190,2240,10,COD,No,11313.0,4593.0,2024,2024-07
700677,2024-08-19,C102062,Islamabad,Store,T-Shirts,Classic Cotton Tee,1,1150,740,10,COD,No,1035.0,295.0,2024,2024-08
703053,2024-02-24,C101796,Islamabad,Online,Kurtas,Festive Kurta,1,4510,2900,0,COD,No,4510.0,1610.0,2024,2024-02
703751,2024-11-04,C101039,Lahore,Online,T-Shirts,Classic Cotton Tee,3,1280,820,25,Bank Transfer,No,2880.0,420.0,2024,2024-11
702246,2025-03-29,C101105,Faisalabad,Online,Kurtas,Embroidered Kurta,1,2770,1350,15,Bank Transfer,No,2354.5,1004.5,2025,2025-03
700261,2025-06-10,C101111,Karachi,Online,Shoes,Loafers,2,5380,2710,0,Unknown,Yes,10760.0,5340.0,2025,2025-06
704477,2024-02-20,C101525,Lahore,Online,Jeans,Straight Leg Jeans,1,3290,1800,0,COD,No,3290.0,1490.0,2024,2024-02
700606,2024-01-19,C101305,Peshawar,Online,Shoes,Loafers,1,5390,3120,10,COD,No,4851.0,1731.0,2024,2024-01
705029,2023-08-25,C100531,Rawalpindi,Store,Accessories,Baseball Cap,2,900,480,0,Bank Transfer,No,1800.0,840.0,2023,2023-08
701059,2024-03-18,C101426,Lahore,Online,Dresses,Bodycon Dress,3,3880,2170,10,Card,No,10476.0,3966.0,2024,2024-03
704684,2025-06-20,C101047,Faisalabad,Online,Dresses,Maxi Dress,3,4640,2230,0,Card,No,13920.0,7230.0,2025,2025-06
702751,2025-06-16,C100376,Peshawar,Store,Dresses,Maxi Dress,2,4380,2660,0,Card,No,8760.0,3440.0,2025,2025-06
702141,2023-08-01,C101312,Islamabad,Store,Accessories,Baseball Cap,1,860,450,0,COD,No,860.0,410.0,2023,2023-08
700159,2024-12-09,C102030,Lahore,Store,Dresses,Maxi Dress,2,4760,2710,20,COD,No,7616.0,2196.0,2024,2024-12
703208,2024-07-31,C101993,Lahore,Store,Dresses,Wrap Dress,1,4230,2450,0,COD,No,4230.0,1780.0,2024,2024-07
704332,2024-05-12,C101563,Peshawar,Online,T-Shirts,Oversized Tee,1,1770,880,0,Wallet,No,1770.0,890.0,2024,2024-05
700366,2024-03-28,C100996,Islamabad,Online,Kurtas,Cotton Kurta,1,1910,1060,0,Card,No,1910.0,850.0,2024,2024-03
704470,2024-06-26,C101690,Faisalabad,Online,Dresses,Wrap Dress,1,4270,2300,0,Card,No,4270.0,1970.0,2024,2024-06
704874,2024-07-22,C101340,Lahore,Online,Shoes,Loafers,3,5400,2800,10,COD,No,14580.0,6180.0,2024,2024-07
703589,2025-05-22,C102034,Lahore,Online,Kurtas,Embroidered Kurta,1,2880,1840,0,Unknown,No,2880.0,1040.0,2025,2025-05
703767,2023-07-05,C101860,Islamabad,Online,Accessories,Tote Bag,1,1600,840,10,Wallet,No,1440.0,600.0,2023,2023-07
704517,2025-05-23,C101160,Lahore,Online,T-Shirts,Polo Shirt,1,2220,1080,15,COD,No,1887.0,807.0,2025,2025-05
701912,2024-09-02,C101569,Karachi,Online,Shoes,Loafers,3,5580,2650,10,COD,No,15066.0,7116.0,2024,2024-09
700158,2024-01-15,C100804,Lahore,Online,Jackets,Hooded Jacket,2,4600,2340,0,COD,Yes,9200.0,4520.0,2024,2024-01
703330,2023-07-21,C100934,Faisalabad,Online,Dresses,Wrap Dress,1,3870,2440,0,Card,No,3870.0,1430.0,2023,2023-07
704750,2023-10-15,C102081,Lahore,Online,Accessories,Baseball Cap,2,880,420,0,Bank Transfer,No,1760.0,920.0,2023,2023-10
704492,2025-04-04,C101850,Lahore,Online,Jackets,Hooded Jacket,1,5050,2960,15,Card,No,4292.5,1332.5,2025,2025-04
700326,2023-11-21,C100926,Lahore,Store,T-Shirts,Graphic Print Tee,1,1520,730,15,Card,No,1292.0,562.0,2023,2023-11
703951,2024-07-23,C101702,Karachi,Store,Kurtas,Printed Kurta,1,2580,1610,15,COD,No,2193.0,583.0,2024,2024-07
701470,2023-07-05,C102129,Lahore,Store,Jackets,Bomber Jacket,1,5180,2400,0,Card,No,5180.0,2780.0,2023,2023-07
703893,2023-10-10,C101714,Karachi,Online,Jeans,Ripped Jeans,3,3920,1770,0,Wallet,Yes,11760.0,6450.0,2023,2023-10
704735,2024-07-20,C100494,Faisalabad,Online,Shoes,Sandals,3,2730,1500,10,Card,No,7371.0,2871.0,2024,2024-07
702960,2025-04-05,C100729,Islamabad,Online,Shoes,Boots,2,6800,3800,0,COD,No,13600.0,6000.0,2025,2025-04
700380,2025-05-07,C101432,Lahore,Online,Shoes,Sandals,1,3020,1370,10,COD,No,2718.0,1348.0,2025,2025-05
703971,2024-05-31,C101438,Peshawar,Store,T-Shirts,Oversized Tee,1,1870,1100,0,Card,No,1870.0,770.0,2024,2024-05
703870,2025-01-10,C101170,Karachi,Store,Jeans,Ripped Jeans,1,4100,2660,10,COD,No,3690.0,1030.0,2025,2025-01
704451,2025-02-25,C100775,Multan,Online,Kurtas,Cotton Kurta,2,1970,890,0,COD,No,3940.0,2160.0,2025,2025-02
703923,2024-01-12,C101226,Karachi,Store,Jeans,Slim Fit Jeans,3,3390,1840,0,COD,Yes,10170.0,4650.0,2024,2024-01
702078,2023-07-31,C100644,Islamabad,Store,Accessories,Baseball Cap,1,920,520,0,Card,No,920.0,400.0,2023,2023-07
701672,2024-10-06,C101539,Karachi,Online,T-Shirts,Polo Shirt,1,2090,1030,0,COD,No,2090.0,1060.0,2024,2024-10
703524,2024-07-26,C100845,Peshawar,Online,Jeans,Slim Fit Jeans,1,3490,2020,0,COD,No,3490.0,1470.0,2024,2024-07
700420,2023-11-18,C100544,Lahore,Online,Jeans,High-Waist Jeans,1,4040,1840,30,COD,Yes,2828.0,988.0,2023,2023-11
701488,2024-04-03,C101865,Multan,Online,Dresses,Wrap Dress,1,4170,2490,10,COD,No,3753.0,1263.0,2024,2024-04
702316,2024-07-12,C100226,Lahore,Online,Dresses,Bodycon Dress,1,3850,2390,0,Card,Yes,3850.0,1460.0,2024,2024-07
703392,2023-11-07,C100631,Multan,Online,Kurtas,Embroidered Kurta,1,2920,1530,30,COD,No,2044.0,514.0,2023,2023-11
704764,2025-01-31,C101302,Faisalabad,Online,T-Shirts,Graphic Print Tee,1,1460,950,0,Card,No,1460.0,510.0,2025,2025-01
700918,2025-01-21,C100647,Islamabad,Store,Shoes,Boots,3,6980,3830,0,Wallet,No,20940.0,9450.0,2025,2025-01
704299,2023-08-27,C102183,Lahore,Online,Shoes,Sandals,3,2940,1650,0,COD,No,8820.0,3870.0,2023,2023-08
700588,2025-06-14,C101632,Rawalpindi,Online,Accessories,Leather Belt,2,1250,670,10,Wallet,No,2250.0,910.0,2025,2025-06
701841,2024-11-03,C100414,Lahore,Store,Accessories,Baseball Cap,1,860,520,20,Wallet,No,688.0,168.0,2024,2024-11
701011,2024-09-13,C100034,Karachi,Online,Jackets,Denim Jacket,2,5600,3570,0,COD,No,11200.0,4060.0,2024,2024-09
702064,2025-06-28,C101587,Islamabad,Online,Shoes,Sandals,1,2850,1400,0,Card,No,2850.0,1450.0,2025,2025-06
700566,2024-12-09,C101979,Lahore,Store,Jackets,Denim Jacket,2,5280,2490,30,COD,No,7392.0,2412.0,2024,2024-12
700141,2024-08-02,C100294,Multan,Online,Dresses,Summer Floral Dress,1,3290,1550,0,Card,No,3290.0,1740.0,2024,2024-08
702508,2023-07-14,C100756,Karachi,Online,Kurtas,Printed Kurta,1,2330,1090,0,Card,No,2330.0,1240.0,2023,2023-07
700056,2024-03-14,C101745,Islamabad,Store,Dresses,Summer Floral Dress,1,3090,1560,15,COD,No,2626.5,1066.5,2024,2024-03
702720,2024-03-16,C102032,Karachi,Online,T-Shirts,Polo Shirt,1,2230,1370,0,Card,No,2230.0,860.0,2024,2024-03
702726,2024-11-24,C101122,Multan,Online,Jackets,Bomber Jacket,3,5240,2470,20,Bank Transfer,No,12576.0,5166.0,2024,2024-11
702115,2025-06-01,C100473,Unknown,Store,Dresses,Bodycon Dress,3,3900,2470,0,COD,No,11700.0,4290.0,2025,2025-06
704861,2024-04-07,C101188,Lahore,Online,Accessories,Tote Bag,1,1570,720,10,Card,No,1413.0,693.0,2024,2024-04
700249,2023-09-14,C100133,Karachi,Online,Jackets,Bomber Jacket,1,5470,2730,10,Wallet,No,4923.0,2193.0,2023,2023-09
703197,2024-05-31,C100638,Faisalabad,Store,Shoes,Loafers,2,4990,2300,20,COD,No,7984.0,3384.0,2024,2024-05
700974,2024-02-06,C101993,Unknown,Online,Dresses,Bodycon Dress,1,3960,2100,0,Wallet,No,3960.0,1860.0,2024,2024-02
702415,2024-12-13,C101833,Lahore,Online,Jackets,Bomber Jacket,1,5400,2520,20,Bank Transfer,No,4320.0,1800.0,2024,2024-12
700262,2024-03-07,C100036,Lahore,Online,Dresses,Bodycon Dress,1,3910,2140,0,Card,No,3910.0,1770.0,2024,2024-03
704112,2024-01-19,C101420,Rawalpindi,Online,Shoes,Sneakers,1,4310,2460,0,Wallet,No,4310.0,1850.0,2024,2024-01
702157,2024-06-22,C101769,Multan,Store,Accessories,Sunglasses,2,2260,1090,15,Card,No,3842.0,1662.0,2024,2024-06
702104,2023-12-20,C100956,Faisalabad,Store,Shoes,Sandals,2,2990,1570,20,COD,No,4784.0,1644.0,2023,2023-12
702348,2023-08-31,C100782,Karachi,Online,Accessories,Leather Belt,3,1280,750,0,Card,No,3840.0,1590.0,2023,2023-08
702581,2023-09-19,C101377,Multan,Online,Accessories,Tote Bag,3,1620,960,10,Card,No,4374.0,1494.0,2023,2023-09
702524,2023-09-22,C101742,Lahore,Store,Jackets,Denim Jacket,1,5300,3260,15,Card,No,4505.0,1245.0,2023,2023-09
702983,2023-12-23,C101583,Karachi,Online,Jackets,Puffer Jacket,2,7130,4030,20,Card,No,11408.0,3348.0,2023,2023-12
702738,2024-04-25,C100632,Lahore,Store,Kurtas,Cotton Kurta,1,1860,1090,15,COD,No,1581.0,491.0,2024,2024-04
704602,2024-10-19,C100077,Rawalpindi,Online,Accessories,Baseball Cap,1,920,440,10,COD,No,828.0,388.0,2024,2024-10
700253,2025-03-22,C101882,Karachi,Online,Shoes,Boots,1,6670,4320,0,COD,No,6670.0,2350.0,2025,2025-03
702769,2025-06-02,C100104,Faisalabad,Online,Kurtas,Festive Kurta,1,4530,2350,10,Card,No,4077.0,1727.0,2025,2025-06
703436,2024-02-27,C100652,Rawalpindi,Online,Jeans,Ripped Jeans,1,3700,1780,0,Card,No,3700.0,1920.0,2024,2024-02
701692,2024-07-21,C100053,Rawalpindi,Store,Jeans,Slim Fit Jeans,3,3640,1880,0,COD,No,10920.0,5280.0,2024,2024-07
700197,2023-10-23,C100201,Sialkot,Online,Accessories,Tote Bag,1,1680,860,0,COD,No,1680.0,820.0,2023,2023-10
702904,2023-09-07,C101426,Lahore,Online,T-Shirts,Polo Shirt,2,2340,1240,0,COD,No,4680.0,2200.0,2023,2023-09
701492,2024-03-14,C100485,Karachi,Store,Shoes,Sneakers,1,4300,2790,0,Wallet,Yes,4300.0,1510.0,2024,2024-03
700122,2023-09-05,C102095,Karachi,Store,Dresses,Bodycon Dress,1,3870,2020,0,COD,No,3870.0,1850.0,2023,2023-09
702906,2025-02-18,C101508,Lahore,Online,Jackets,Puffer Jacket,3,6580,3160,0,Bank Transfer,Yes,19740.0,10260.0,2025,2025-02
700315,2024-09-11,C100140,Karachi,Online,Jeans,Ripped Jeans,1,3810,1800,0,Bank Transfer,No,3810.0,2010.0,2024,2024-09
702889,2024-11-09,C101999,Islamabad,Online,Jackets,Puffer Jacket,1,6820,4320,10,COD,No,6138.0,1818.0,2024,2024-11
703830,2023-12-31,C100974,Karachi,Store,Jackets,Hooded Jacket,3,4870,2810,30,COD,No,10227.0,1797.0,2023,2023-12
704420,2025-01-04,C100804,Lahore,Online,Accessories,Baseball Cap,3,930,520,0,Wallet,No,2790.0,1230.0,2025,2025-01
703516,2025-01-15,C100067,Karachi,Store,Accessories,Tote Bag,1,1670,940,0,Bank Transfer,No,1670.0,730.0,2025,2025-01
701557,2023-10-11,C101990,Lahore,Online,Shoes,Loafers,1,5100,2440,0,Card,No,5100.0,2660.0,2023,2023-10
704138,2023-11-26,C101185,Multan,Store,Kurtas,Cotton Kurta,1,1880,900,0,Bank Transfer,Yes,1880.0,980.0,2023,2023-11
702708,2023-09-06,C100558,Unknown,Online,Jeans,Slim Fit Jeans,2,3610,1710,0,Card,No,7220.0,3800.0,2023,2023-09
704773,2024-08-28,C101202,Multan,Online,Jeans,Straight Leg Jeans,1,3080,1520,10,Card,No,2772.0,1252.0,2024,2024-08
702689,2025-02-05,C101289,Islamabad,Online,Accessories,Leather Belt,1,1290,820,15,Card,No,1096.5,276.5,2025,2025-02
704262,2025-04-13,C101934,Rawalpindi,Online,Shoes,Boots,1,6530,3380,0,COD,No,6530.0,3150.0,2025,2025-04
700211,2024-05-07,C101700,Peshawar,Online,Shoes,Sneakers,1,4860,3080,20,Wallet,No,3888.0,808.0,2024,2024-05
704516,2024-10-02,C101835,Lahore,Online,Accessories,Leather Belt,2,1280,820,0,COD,No,2560.0,920.0,2024,2024-10
703868,2024-01-27,C101577,Multan,Online,T-Shirts,Polo Shirt,1,2160,1200,0,COD,No,2160.0,960.0,2024,2024-01
704155,2024-04-29,C100284,Islamabad,Online,Shoes,Boots,1,6940,4030,15,Card,Yes,5899.0,1869.0,2024,2024-04
700933,2024-01-28,C102064,Karachi,Store,Accessories,Leather Belt,1,1170,710,10,COD,No,1053.0,343.0,2024,2024-01
702299,2025-03-11,C101304,Multan,Online,Dresses,Wrap Dress,3,4310,2320,0,Bank Transfer,No,12930.0,5970.0,2025,2025-03
703652,2024-06-28,C101797,Karachi,Online,Kurtas,Printed Kurta,1,2570,1190,10,Card,No,2313.0,1123.0,2024,2024-06
704090,2024-02-24,C101993,Lahore,Store,Shoes,Loafers,1,5330,3260,10,COD,No,4797.0,1537.0,2024,2024-02
703759,2023-08-08,C101400,Unknown,Online,T-Shirts,Oversized Tee,1,1850,890,15,COD,No,1572.5,682.5,2023,2023-08
703989,2025-06-09,C102116,Karachi,Store,Kurtas,Embroidered Kurta,3,3000,1770,0,COD,No,9000.0,3690.0,2025,2025-06
704967,2023-12-15,C100658,Islamabad,Online,Shoes,Sandals,1,2840,1290,20,Card,No,2272.0,982.0,2023,2023-12
700610,2025-04-11,C100329,Karachi,Online,Accessories,Leather Belt,1,1180,570,0,Card,No,1180.0,610.0,2025,2025-04
704461,2024-10-21,C101926,Unknown,Online,T-Shirts,Graphic Print Tee,1,1460,800,0,COD,No,1460.0,660.0,2024,2024-10
704033,2025-03-25,C101218,Rawalpindi,Store,Shoes,Sneakers,1,4420,2460,10,COD,No,3978.0,1518.0,2025,2025-03
702381,2024-04-11,C100529,Karachi,Store,T-Shirts,Classic Cotton Tee,2,1270,640,0,Bank Transfer,No,2540.0,1260.0,2024,2024-04
702700,2025-06-29,C101755,Islamabad,Online,T-Shirts,Classic Cotton Tee,1,1230,620,0,COD,No,1230.0,610.0,2025,2025-06
703185,2025-04-24,C100138,Faisalabad,Store,T-Shirts,Polo Shirt,1,2330,1060,10,Card,No,2097.0,1037.0,2025,2025-04
702296,2025-02-22,C102193,Lahore,Store,Jackets,Hooded Jacket,1,4880,2280,0,Bank Transfer,No,4880.0,2600.0,2025,2025-02
703325,2023-07-06,C101721,Lahore,Online,Kurtas,Cotton Kurta,1,1880,1170,10,COD,No,1692.0,522.0,2023,2023-07
703190,2023-10-08,C100072,Multan,Online,Kurtas,Festive Kurta,1,4150,1890,10,Card,No,3735.0,1845.0,2023,2023-10
701164,2024-05-09,C100167,Faisalabad,Online,Dresses,Maxi Dress,1,4460,2100,0,Card,No,4460.0,2360.0,2024,2024-05
703661,2023-08-13,C100428,Lahore,Store,Jeans,Slim Fit Jeans,2,3350,1990,0,Card,Yes,6700.0,2720.0,2023,2023-08
704598,2024-11-12,C101075,Karachi,Online,Jackets,Denim Jacket,3,5810,3260,20,COD,No,13944.0,4164.0,2024,2024-11
700849,2023-07-17,C100067,Karachi,Store,Jeans,High-Waist Jeans,2,4380,2620,0,Card,No,8760.0,3520.0,2023,2023-07
701944,2024-05-10,C101224,Lahore,Online,Shoes,Loafers,2,5430,3310,10,COD,No,9774.0,3154.0,2024,2024-05
701794,2025-03-20,C101080,Lahore,Store,Kurtas,Festive Kurta,1,4320,2380,0,COD,No,4320.0,1940.0,2025,2025-03
703926,2024-08-23,C101455,Lahore,Store,T-Shirts,Oversized Tee,3,1790,1090,0,Wallet,No,5370.0,2100.0,2024,2024-08
702160,2025-05-17,C101369,Karachi,Online,Shoes,Sneakers,1,4650,2790,0,COD,No,4650.0,1860.0,2025,2025-05
705186,2023-10-14,C100593,Islamabad,Online,Kurtas,Embroidered Kurta,1,2820,1620,0,COD,No,2820.0,1200.0,2023,2023-10
704189,2025-01-24,C102046,Karachi,Store,T-Shirts,Polo Shirt,2,2280,1450,0,Card,No,4560.0,1660.0,2025,2025-01
705040,2024-08-28,C102028,Islamabad,Online,T-Shirts,Classic Cotton Tee,1,1260,620,0,COD,No,1260.0,640.0,2024,2024-08
701253,2023-12-08,C100013,Multan,Store,Jeans,Straight Leg Jeans,2,3070,1780,20,COD,No,4912.0,1352.0,2023,2023-12
704196,2025-05-28,C101911,Lahore,Store,Shoes,Boots,2,6560,4110,20,Card,No,10496.0,2276.0,2025,2025-05
704384,2024-12-27,C101850,Lahore,Online,Jeans,Ripped Jeans,1,3690,1890,25,Wallet,No,2767.5,877.5,2024,2024-12
703277,2024-06-13,C101881,Islamabad,Store,T-Shirts,Polo Shirt,1,2210,1380,10,Card,No,1989.0,609.0,2024,2024-06
701230,2024-08-24,C102019,Karachi,Store,Kurtas,Cotton Kurta,1,1870,1140,0,Wallet,No,1870.0,730.0,2024,2024-08
704394,2024-02-23,C100835,Islamabad,Store,Accessories,Tote Bag,1,1530,820,15,COD,No,1300.5,480.5,2024,2024-02
703562,2024-06-14,C100461,Lahore,Online,Dresses,Bodycon Dress,2,3850,2130,15,COD,Yes,6545.0,2285.0,2024,2024-06
704653,2024-02-01,C100410,Rawalpindi,Online,Dresses,Bodycon Dress,2,3950,2240,10,COD,No,7110.0,2630.0,2024,2024-02
702169,2025-02-17,C100859,Islamabad,Online,Accessories,Sunglasses,1,2170,1100,15,COD,No,1844.5,744.5,2025,2025-02
702255,2024-11-06,C102001,Karachi,Online,Shoes,Sandals,1,2770,1720,25,Wallet,No,2077.5,357.5,2024,2024-11
701275,2025-05-28,C100252,Karachi,Online,Accessories,Tote Bag,3,1710,1100,0,Unknown,No,5130.0,1830.0,2025,2025-05
703451,2024-01-18,C100755,Lahore,Store,Dresses,Wrap Dress,1,4170,2500,0,Card,No,4170.0,1670.0,2024,2024-01
701094,2024-05-28,C101179,Lahore,Online,Jeans,Straight Leg Jeans,3,3420,1910,0,Bank Transfer,No,10260.0,4530.0,2024,2024-05
701594,2025-04-27,C101369,Karachi,Online,Accessories,Baseball Cap,2,860,410,20,Card,No,1376.0,556.0,2025,2025-04
702982,2024-05-11,C100507,Multan,Store,T-Shirts,Classic Cotton Tee,2,1240,650,10,Wallet,No,2232.0,932.0,2024,2024-05
702575,2024-05-02,C100468,Lahore,Online,Dresses,Maxi Dress,1,4310,2180,0,Card,No,4310.0,2130.0,2024,2024-05
701541,2024-10-20,C101591,Lahore,Online,Shoes,Sneakers,1,4660,2860,0,Card,Yes,4660.0,1800.0,2024,2024-10
705123,2023-07-11,C101539,Karachi,Store,Accessories,Leather Belt,1,1260,610,0,Unknown,No,1260.0,650.0,2023,2023-07
702471,2023-10-14,C100169,Sialkot,Online,T-Shirts,Polo Shirt,2,2290,1310,0,Wallet,No,4580.0,1960.0,2023,2023-10
700767,2024-06-21,C100324,Multan,Online,Kurtas,Printed Kurta,2,2450,1270,0,COD,Yes,4900.0,2360.0,2024,2024-06
700373,2024-09-19,C100824,Multan,Store,Accessories,Sunglasses,1,2240,1060,0,COD,No,2240.0,1180.0,2024,2024-09
704063,2024-05-28,C101040,Lahore,Online,Kurtas,Printed Kurta,2,2350,1440,10,COD,No,4230.0,1350.0,2024,2024-05
700641,2025-03-02,C101673,Lahore,Store,T-Shirts,Classic Cotton Tee,2,1160,590,15,COD,No,1972.0,792.0,2025,2025-03
704964,2024-10-03,C101995,Faisalabad,Store,Jeans,High-Waist Jeans,2,4390,2450,15,Wallet,No,7463.0,2563.0,2024,2024-10
702861,2023-12-29,C100435,Lahore,Store,Accessories,Tote Bag,3,1610,1000,20,COD,No,3864.0,864.0,2023,2023-12
701871,2023-12-08,C101607,Karachi,Online,Kurtas,Cotton Kurta,1,1830,1010,0,Card,No,1830.0,820.0,2023,2023-12
701420,2024-11-09,C102038,Islamabad,Store,Jackets,Bomber Jacket,1,5530,3190,15,Wallet,No,4700.5,1510.5,2024,2024-11
703299,2024-02-18,C102094,Peshawar,Store,Dresses,Maxi Dress,1,4440,2540,0,Bank Transfer,No,4440.0,1900.0,2024,2024-02
700187,2024-08-30,C100010,Karachi,Online,Kurtas,Printed Kurta,2,2300,1160,0,COD,No,4600.0,2280.0,2024,2024-08
702741,2025-05-27,C100631,Multan,Online,Shoes,Boots,3,6890,3940,15,Card,No,17569.5,5749.5,2025,2025-05
705021,2024-09-18,C101506,Faisalabad,Store,Accessories,Leather Belt,1,1200,670,0,COD,No,1200.0,530.0,2024,2024-09
700453,2023-10-25,C101011,Islamabad,Online,Kurtas,Embroidered Kurta,1,2730,1280,0,Card,No,2730.0,1450.0,2023,2023-10
703086,2024-06-29,C101753,Faisalabad,Online,Dresses,Maxi Dress,2,4700,2370,0,COD,Yes,9400.0,4660.0,2024,2024-06
704337,2024-07-24,C101005,Karachi,Online,Dresses,Bodycon Dress,3,4100,1880,0,COD,No,12300.0,6660.0,2024,2024-07
701442,2024-09-04,C100659,Karachi,Online,Jeans,Ripped Jeans,1,3990,2370,15,COD,No,3391.5,1021.5,2024,2024-09
702311,2025-05-01,C101573,Multan,Online,Jeans,Slim Fit Jeans,3,3380,1530,20,Card,No,8112.0,3522.0,2025,2025-05
702507,2024-03-11,C100073,Lahore,Online,Kurtas,Festive Kurta,3,4180,2170,0,Wallet,No,12540.0,6030.0,2024,2024-03
701913,2024-03-15,C100795,Karachi,Store,T-Shirts,Polo Shirt,1,2350,1520,0,Wallet,No,2350.0,830.0,2024,2024-03
704381,2023-12-24,C101531,Lahore,Online,Accessories,Baseball Cap,3,970,460,20,Card,No,2328.0,948.0,2023,2023-12
701185,2024-04-10,C100773,Multan,Store,T-Shirts,Polo Shirt,1,2360,1460,10,Card,No,2124.0,664.0,2024,2024-04
705162,2024-09-27,C102156,Lahore,Store,Accessories,Tote Bag,2,1560,1010,0,COD,No,3120.0,1100.0,2024,2024-09
704031,2025-06-19,C101421,Karachi,Store,Jeans,High-Waist Jeans,1,4470,2130,0,Card,Yes,4470.0,2340.0,2025,2025-06
701204,2024-05-16,C101969,Islamabad,Online,Dresses,Bodycon Dress,3,3800,2300,0,Bank Transfer,Yes,11400.0,4500.0,2024,2024-05
700343,2025-04-20,C101484,Islamabad,Online,Dresses,Summer Floral Dress,3,3200,1740,15,COD,Yes,8160.0,2940.0,2025,2025-04
700348,2025-06-26,C101612,Faisalabad,Store,Dresses,Wrap Dress,1,4030,2330,0,COD,No,4030.0,1700.0,2025,2025-06
702595,2024-12-16,C100023,Peshawar,Online,Jeans,High-Waist Jeans,1,4010,2080,0,COD,No,4010.0,1930.0,2024,2024-12
705106,2024-03-31,C100492,Rawalpindi,Online,Jackets,Denim Jacket,1,5660,3440,0,COD,No,5660.0,2220.0,2024,2024-03
701293,2024-02-20,C101782,Karachi,Store,Dresses,Bodycon Dress,1,3760,1770,0,COD,No,3760.0,1990.0,2024,2024-02
702737,2023-11-24,C101712,Sialkot,Store,Jackets,Puffer Jacket,2,6480,3920,30,COD,No,9072.0,1232.0,2023,2023-11
704923,2024-04-22,C100124,Lahore,Store,Kurtas,Festive Kurta,1,4100,2350,15,Card,No,3485.0,1135.0,2024,2024-04
700553,2024-03-24,C101715,Faisalabad,Store,Jackets,Hooded Jacket,1,4840,2990,0,Card,No,4840.0,1850.0,2024,2024-03
700583,2025-04-17,C100801,Karachi,Store,T-Shirts,Classic Cotton Tee,1,1240,620,10,COD,No,1116.0,496.0,2025,2025-04
700783,2024-08-11,C100302,Islamabad,Online,T-Shirts,Classic Cotton Tee,1,1150,630,10,COD,No,1035.0,405.0,2024,2024-08
703477,2023-09-20,C100469,Islamabad,Online,Shoes,Boots,1,6920,4290,0,Wallet,Yes,6920.0,2630.0,2023,2023-09
703220,2023-11-20,C100497,Islamabad,Store,Jeans,Slim Fit Jeans,1,3610,2040,10,Card,No,3249.0,1209.0,2023,2023-11
702025,2024-07-31,C100668,Karachi,Online,Kurtas,Embroidered Kurta,1,2920,1490,0,Unknown,No,2920.0,1430.0,2024,2024-07
703582,2024-11-24,C102072,Karachi,Store,Accessories,Leather Belt,3,1260,740,10,Card,No,3402.0,1182.0,2024,2024-11
702421,2024-04-15,C101457,Karachi,Online,Accessories,Leather Belt,1,1240,680,0,Card,No,1240.0,560.0,2024,2024-04
701979,2024-11-16,C100811,Lahore,Online,Dresses,Wrap Dress,1,3920,1910,15,COD,No,3332.0,1422.0,2024,2024-11
704555,2025-01-02,C101251,Lahore,Store,Jackets,Denim Jacket,2,5570,3290,0,COD,No,11140.0,4560.0,2025,2025-01
701219,2025-02-02,C101823,Islamabad,Online,Shoes,Loafers,1,5580,3240,0,COD,No,5580.0,2340.0,2025,2025-02
703304,2025-03-30,C100217,Lahore,Store,Shoes,Sandals,3,2740,1730,10,COD,No,7398.0,2208.0,2025,2025-03
702970,2024-06-07,C101512,Islamabad,Online,T-Shirts,Polo Shirt,1,2340,1350,0,Card,No,2340.0,990.0,2024,2024-06
700469,2024-10-12,C100138,Faisalabad,Online,T-Shirts,Classic Cotton Tee,1,1170,670,0,COD,No,1170.0,500.0,2024,2024-10
703341,2024-04-29,C100093,Unknown,Store,Kurtas,Cotton Kurta,1,1900,1080,0,COD,No,1900.0,820.0,2024,2024-04
704966,2025-02-17,C100187,Lahore,Online,T-Shirts,Graphic Print Tee,2,1480,850,0,COD,No,2960.0,1260.0,2025,2025-02
704190,2023-11-07,C100999,Karachi,Store,Jackets,Bomber Jacket,3,5280,3090,10,COD,No,14256.0,4986.0,2023,2023-11
704013,2024-03-01,C101385,Lahore,Store,Kurtas,Cotton Kurta,1,1820,850,0,COD,No,1820.0,970.0,2024,2024-03
700665,2024-11-22,C100976,Karachi,Online,T-Shirts,Oversized Tee,1,1930,1170,0,Card,No,1930.0,760.0,2024,2024-11
702917,2024-10-04,C101096,Lahore,Store,Accessories,Leather Belt,1,1170,730,0,COD,No,1170.0,440.0,2024,2024-10
702883,2025-01-27,C101500,Rawalpindi,Online,Jeans,Slim Fit Jeans,2,3520,2240,0,Card,No,7040.0,2560.0,2025,2025-01
701574,2025-05-20,C101227,Karachi,Store,T-Shirts,Classic Cotton Tee,1,1250,610,0,Bank Transfer,No,1250.0,640.0,2025,2025-05
703491,2023-07-16,C101660,Lahore,Store,Jeans,High-Waist Jeans,2,4160,2050,0,Card,No,8320.0,4220.0,2023,2023-07
702963,2024-02-27,C101213,Karachi,Store,Dresses,Maxi Dress,1,4440,2380,0,Card,No,4440.0,2060.0,2024,2024-02
701069,2024-08-25,C100854,Lahore,Online,Kurtas,Festive Kurta,2,4110,2530,0,COD,No,8220.0,3160.0,2024,2024-08
701856,2024-11-13,C101511,Unknown,Online,Shoes,Sneakers,3,4310,2780,0,COD,No,12930.0,4590.0,2024,2024-11
701017,2025-05-09,C102008,Lahore,Store,Dresses,Bodycon Dress,2,3860,1940,0,COD,No,7720.0,3840.0,2025,2025-05
703767,2023-07-05,C101860,Islamabad,Online,Dresses,Maxi Dress,1,4300,2650,0,Wallet,No,4300.0,1650.0,2023,2023-07
702855,2023-08-31,C100738,Karachi,Online,Jackets,Puffer Jacket,2,6570,4240,0,Wallet,Yes,13140.0,4660.0,2023,2023-08
704289,2025-04-06,C100529,Karachi,Online,Accessories,Sunglasses,2,2360,1100,0,Wallet,No,4720.0,2520.0,2025,2025-04
702713,2024-02-15,C100794,Lahore,Online,Accessories,Leather Belt,1,1160,580,10,Wallet,No,1044.0,464.0,2024,2024-02
703389,2023-10-25,C101496,Multan,Online,T-Shirts,Oversized Tee,3,1710,880,10,Card,No,4617.0,1977.0,2023,2023-10
702449,2025-03-20,C100381,Peshawar,Online,Jeans,Ripped Jeans,2,3890,2470,10,Card,No,7002.0,2062.0,2025,2025-03
700065,2025-06-04,C100986,Karachi,Store,Dresses,Wrap Dress,1,3990,2090,0,Card,No,3990.0,1900.0,2025,2025-06
703836,2025-05-02,C100556,Karachi,Store,Shoes,Boots,3,6770,3180,0,COD,No,20310.0,10770.0,2025,2025-05
700526,2023-08-31,C102062,Islamabad,Store,Shoes,Loafers,1,5570,3100,0,Card,No,5570.0,2470.0,2023,2023-08
700953,2024-02-19,C100858,Karachi,Store,Accessories,Tote Bag,1,1560,1000,0,Card,Yes,1560.0,560.0,2024,2024-02
703567,2024-05-31,C100637,Rawalpindi,Online,T-Shirts,Oversized Tee,1,1780,990,0,Card,No,1780.0,790.0,2024,2024-05
701918,2023-08-15,C101335,Multan,Store,Accessories,Sunglasses,1,2320,1430,0,Bank Transfer,No,2320.0,890.0,2023,2023-08
701206,2024-11-05,C100051,Lahore,Online,Jackets,Bomber Jacket,1,5180,2650,15,Card,No,4403.0,1753.0,2024,2024-11
702922,2024-04-29,C101099,Lahore,Online,Shoes,Sneakers,1,4300,2060,15,Wallet,No,3655.0,1595.0,2024,2024-04
700066,2023-12-12,C100226,Lahore,Online,Dresses,Bodycon Dress,3,3820,2110,0,Card,No,11460.0,5130.0,2023,2023-12
702282,2024-08-24,C100644,Islamabad,Online,Dresses,Wrap Dress,1,4070,2550,10,Card,No,3663.0,1113.0,2024,2024-08
702303,2023-09-13,C100091,Rawalpindi,Online,Accessories,Leather Belt,1,1270,600,0,Bank Transfer,No,1270.0,670.0,2023,2023-09
703050,2023-08-10,C101477,Sialkot,Store,Kurtas,Embroidered Kurta,3,2770,1460,0,Wallet,No,8310.0,3930.0,2023,2023-08
701325,2024-03-08,C100580,Karachi,Online,Accessories,Sunglasses,1,2090,940,15,Card,No,1776.5,836.5,2024,2024-03
701145,2023-07-10,C100953,Lahore,Online,Jeans,High-Waist Jeans,3,4290,2130,0,COD,No,12870.0,6480.0,2023,2023-07
701154,2024-08-15,C101681,Multan,Store,Dresses,Maxi Dress,1,4750,3070,0,Wallet,No,4750.0,1680.0,2024,2024-08
700947,2024-12-19,C101527,Karachi,Store,Kurtas,Printed Kurta,1,2430,1280,30,Card,No,1701.0,421.0,2024,2024-12
700429,2024-07-10,C100891,Sialkot,Online,Dresses,Bodycon Dress,1,4000,1830,0,Unknown,No,4000.0,2170.0,2024,2024-07
701780,2023-12-06,C101936,Karachi,Online,Jackets,Bomber Jacket,1,5190,2930,20,Card,No,4152.0,1222.0,2023,2023-12
704586,2025-04-24,C100340,Unknown,Online,T-Shirts,Graphic Print Tee,1,1540,840,0,COD,No,1540.0,700.0,2025,2025-04
704427,2023-10-17,C101941,Karachi,Store,Jackets,Denim Jacket,1,5550,3360,0,Bank Transfer,No,5550.0,2190.0,2023,2023-10
700877,2024-06-19,C101299,Karachi,Online,T-Shirts,Polo Shirt,1,2310,1070,0,COD,No,2310.0,1240.0,2024,2024-06
700395,2024-01-07,C100496,Karachi,Online,Jeans,Slim Fit Jeans,2,3520,2130,0,Card,No,7040.0,2780.0,2024,2024-01
702731,2025-06-19,C102091,Multan,Online,Shoes,Sneakers,1,4400,2310,0,COD,No,4400.0,2090.0,2025,2025-06
701291,2023-08-23,C100251,Multan,Online,Accessories,Tote Bag,1,1570,730,0,Bank Transfer,No,1570.0,840.0,2023,2023-08
702376,2024-06-26,C100543,Sialkot,Online,Kurtas,Festive Kurta,1,4170,2660,10,Card,No,3753.0,1093.0,2024,2024-06
704503,2024-10-09,C101167,Islamabad,Online,Kurtas,Cotton Kurta,1,1830,840,0,COD,No,1830.0,990.0,2024,2024-10
703386,2024-09-14,C101316,Islamabad,Online,T-Shirts,Classic Cotton Tee,3,1150,550,0,COD,No,3450.0,1800.0,2024,2024-09
700659,2024-05-09,C101533,Rawalpindi,Online,Dresses,Maxi Dress,1,4830,2480,0,COD,No,4830.0,2350.0,2024,2024-05
704745,2025-05-31,C100006,Faisalabad,Online,Jackets,Puffer Jacket,2,7250,4080,15,Card,No,12325.0,4165.0,2025,2025-05
703431,2025-06-10,C100414,Lahore,Online,Jackets,Denim Jacket,1,5440,3240,0,Card,Yes,5440.0,2200.0,2025,2025-06
701310,2025-05-08,C100302,Unknown,Online,Kurtas,Printed Kurta,1,2540,1430,0,Card,No,2540.0,1110.0,2025,2025-05
702331,2025-05-17,C100016,Islamabad,Online,Jeans,Ripped Jeans,1,3790,1970,10,Bank Transfer,No,3411.0,1441.0,2025,2025-05
704844,2023-09-04,C101517,Sialkot,Online,Kurtas,Printed Kurta,2,2310,1140,10,COD,No,4158.0,1878.0,2023,2023-09
703052,2023-11-20,C101191,Karachi,Online,Jeans,High-Waist Jeans,1,4470,2710,15,COD,No,3799.5,1089.5,2023,2023-11
701160,2023-08-26,C100098,Lahore,Online,Accessories,Baseball Cap,1,860,480,0,Bank Transfer,No,860.0,380.0,2023,2023-08
704942,2024-12-26,C100962,Lahore,Online,Accessories,Leather Belt,1,1220,630,15,COD,No,1037.0,407.0,2024,2024-12
700963,2025-04-04,C100708,Karachi,Online,Jeans,Ripped Jeans,2,3860,2320,0,Card,No,7720.0,3080.0,2025,2025-04
700712,2024-08-12,C100906,Karachi,Online,Kurtas,Cotton Kurta,1,1890,1120,0,COD,No,1890.0,770.0,2024,2024-08
704364,2024-08-06,C101554,Lahore,Store,Shoes,Loafers,2,5210,2920,0,Wallet,No,10420.0,4580.0,2024,2024-08
704263,2024-01-18,C100555,Lahore,Store,Jeans,Ripped Jeans,2,3730,2230,10,COD,No,6714.0,2254.0,2024,2024-01
700202,2023-10-29,C100234,Peshawar,Online,Jeans,Ripped Jeans,1,3920,2280,0,Card,No,3920.0,1640.0,2023,2023-10
701650,2024-09-07,C101834,Lahore,Store,T-Shirts,Oversized Tee,2,1760,1010,15,Bank Transfer,No,2992.0,972.0,2024,2024-09
703515,2024-08-17,C101913,Islamabad,Online,Dresses,Wrap Dress,1,4230,2060,0,Card,No,4230.0,2170.0,2024,2024-08
704313,2024-03-05,C100085,Lahore,Store,Kurtas,Embroidered Kurta,2,2760,1540,0,Card,No,5520.0,2440.0,2024,2024-03
704144,2025-02-04,C101483,Lahore,Online,Jeans,Straight Leg Jeans,2,3320,1860,15,Card,No,5644.0,1924.0,2025,2025-02
701724,2024-05-21,C100278,Multan,Online,Accessories,Sunglasses,2,2190,1180,10,Bank Transfer,No,3942.0,1582.0,2024,2024-05
701853,2024-08-11,C101972,Faisalabad,Store,Jeans,Slim Fit Jeans,3,3690,2150,0,Card,No,11070.0,4620.0,2024,2024-08
703658,2024-09-17,C100347,Lahore,Store,Accessories,Baseball Cap,2,930,560,0,Wallet,No,1860.0,740.0,2024,2024-09
703454,2023-07-26,C100680,Lahore,Store,T-Shirts,Graphic Print Tee,1,1590,930,15,Wallet,No,1351.5,421.5,2023,2023-07
705129,2024-07-19,C101597,Unknown,Online,T-Shirts,Classic Cotton Tee,3,1250,700,0,Card,No,3750.0,1650.0,2024,2024-07
703728,2025-06-12,C102042,Islamabad,Online,T-Shirts,Polo Shirt,2,2150,1120,0,Card,No,4300.0,2060.0,2025,2025-06
701076,2024-06-25,C100258,Lahore,Online,Kurtas,Festive Kurta,1,4100,2240,0,COD,No,4100.0,1860.0,2024,2024-06
703446,2025-06-19,C101681,Multan,Store,Kurtas,Festive Kurta,1,4180,2330,0,Card,No,4180.0,1850.0,2025,2025-06
701074,2024-03-04,C102034,Lahore,Online,Dresses,Wrap Dress,1,3860,1840,10,COD,No,3474.0,1634.0,2024,2024-03
701417,2025-06-08,C100790,Unknown,Store,Accessories,Sunglasses,1,2140,1050,0,COD,No,2140.0,1090.0,2025,2025-06
701859,2023-08-07,C102116,Karachi,Store,Jeans,Ripped Jeans,1,3670,1930,0,Wallet,No,3670.0,1740.0,2023,2023-08
703343,2024-12-14,C101906,Karachi,Online,Jeans,High-Waist Jeans,2,4210,2370,20,COD,No,6736.0,1996.0,2024,2024-12
700579,2024-05-08,C100490,Rawalpindi,Online,T-Shirts,Oversized Tee,2,1880,1100,0,COD,No,3760.0,1560.0,2024,2024-05
704873,2025-02-23,C100502,Peshawar,Store,Accessories,Leather Belt,2,1260,680,10,Wallet,No,2268.0,908.0,2025,2025-02
700015,2024-08-15,C101212,Islamabad,Online,Shoes,Boots,3,6780,4260,0,COD,No,20340.0,7560.0,2024,2024-08
700314,2025-04-01,C100537,Lahore,Store,Accessories,Sunglasses,2,2160,980,10,Wallet,No,3888.0,1928.0,2025,2025-04
704227,2024-03-14,C100386,Rawalpindi,Online,Jeans,Straight Leg Jeans,1,3410,1930,0,Card,No,3410.0,1480.0,2024,2024-03
703314,2024-07-31,C100697,Unknown,Store,Dresses,Maxi Dress,1,4640,2800,0,Card,No,4640.0,1840.0,2024,2024-07
701374,2024-12-25,C100992,Unknown,Online,Jackets,Denim Jacket,2,5830,2690,30,Wallet,Yes,8162.0,2782.0,2024,2024-12
702816,2025-02-09,C100801,Karachi,Online,Kurtas,Cotton Kurta,2,1990,1220,0,Bank Transfer,No,3980.0,1540.0,2025,2025-02
701371,2024-06-02,C100469,Islamabad,Store,Shoes,Boots,2,6250,3750,0,COD,Yes,12500.0,5000.0,2024,2024-06
704504,2024-10-03,C100819,Karachi,Online,Accessories,Sunglasses,1,2310,1320,0,COD,No,2310.0,990.0,2024,2024-10
700685,2024-12-17,C101019,Karachi,Store,Jackets,Puffer Jacket,1,6900,3570,10,COD,No,6210.0,2640.0,2024,2024-12
701014,2024-06-06,C100627,Lahore,Store,Accessories,Baseball Cap,1,870,420,15,Card,No,739.5,319.5,2024,2024-06
700711,2024-09-28,C101483,Lahore,Online,T-Shirts,Classic Cotton Tee,2,1200,780,10,COD,No,2160.0,600.0,2024,2024-09
703481,2025-02-08,C100556,Karachi,Online,Kurtas,Printed Kurta,2,2310,1350,10,Card,No,4158.0,1458.0,2025,2025-02
701688,2024-01-21,C101083,Multan,Online,T-Shirts,Graphic Print Tee,3,1610,1010,15,Card,No,4105.5,1075.5,2024,2024-01
703691,2023-07-30,C100412,Unknown,Online,Accessories,Leather Belt,1,1250,720,0,Bank Transfer,No,1250.0,530.0,2023,2023-07
703798,2025-06-28,C101930,Rawalpindi,Online,T-Shirts,Graphic Print Tee,3,1480,680,0,Wallet,No,4440.0,2400.0,2025,2025-06
701994,2024-07-17,C101774,Islamabad,Store,Dresses,Summer Floral Dress,1,3400,2150,0,COD,No,3400.0,1250.0,2024,2024-07
700698,2023-12-30,C101597,Lahore,Store,Shoes,Sneakers,2,4850,2530,10,Wallet,No,8730.0,3670.0,2023,2023-12
704398,2024-01-13,C101239,Lahore,Store,Dresses,Summer Floral Dress,1,3310,1700,0,Card,No,3310.0,1610.0,2024,2024-01
702665,2024-08-10,C100726,Lahore,Online,Dresses,Wrap Dress,2,4010,2010,0,Card,No,8020.0,4000.0,2024,2024-08
700746,2024-07-24,C100139,Lahore,Online,Dresses,Summer Floral Dress,1,3440,2090,0,Wallet,No,3440.0,1350.0,2024,2024-07
702823,2024-03-17,C100138,Faisalabad,Online,Jeans,Straight Leg Jeans,1,3100,1470,0,Card,No,3100.0,1630.0,2024,2024-03
700575,2023-12-31,C100181,Peshawar,Online,Jackets,Puffer Jacket,3,7250,3990,15,Bank Transfer,No,18487.5,6517.5,2023,2023-12
700050,2024-03-18,C101593,Karachi,Online,Dresses,Maxi Dress,1,4830,2690,0,Card,No,4830.0,2140.0,2024,2024-03
700022,2024-12-21,C100179,Faisalabad,Online,Jackets,Hooded Jacket,1,4880,2480,30,Bank Transfer,No,3416.0,936.0,2024,2024-12
703149,2023-10-30,C102068,Lahore,Store,Shoes,Sandals,2,2910,1370,10,Card,No,5238.0,2498.0,2023,2023-10
705179,2024-07-15,C101316,Islamabad,Online,Shoes,Sandals,1,2710,1720,0,Card,No,2710.0,990.0,2024,2024-07
700725,2024-07-05,C100873,Karachi,Online,Shoes,Sneakers,1,4750,2900,10,COD,Yes,4275.0,1375.0,2024,2024-07
704954,2024-05-12,C100080,Rawalpindi,Online,T-Shirts,Graphic Print Tee,1,1450,790,0,Wallet,No,1450.0,660.0,2024,2024-05
701715,2025-03-03,C100809,Sialkot,Online,Dresses,Maxi Dress,2,4790,3100,0,COD,No,9580.0,3380.0,2025,2025-03
702875,2025-03-09,C101715,Faisalabad,Store,Jeans,High-Waist Jeans,1,4050,1880,0,Wallet,No,4050.0,2170.0,2025,2025-03
700594,2024-05-14,C102155,Multan,Store,Kurtas,Festive Kurta,2,4430,2040,10,COD,Yes,7974.0,3894.0,2024,2024-05
704304,2024-05-03,C101701,Sialkot,Online,Kurtas,Cotton Kurta,1,1860,850,10,COD,No,1674.0,824.0,2024,2024-05
704828,2023-09-26,C100688,Faisalabad,Store,T-Shirts,Graphic Print Tee,2,1550,850,0,COD,No,3100.0,1400.0,2023,2023-09
701147,2024-08-05,C101162,Multan,Store,Dresses,Maxi Dress,2,4610,2700,0,COD,No,9220.0,3820.0,2024,2024-08
704199,2024-08-06,C100352,Islamabad,Online,T-Shirts,Graphic Print Tee,1,1590,1030,0,Bank Transfer,No,1590.0,560.0,2024,2024-08
701420,2024-11-09,C102038,Islamabad,Store,Accessories,Tote Bag,1,1720,1080,25,Wallet,No,1290.0,210.0,2024,2024-11
700888,2024-08-29,C101859,Karachi,Online,Accessories,Sunglasses,2,2160,1020,0,Card,No,4320.0,2280.0,2024,2024-08
704745,2025-05-31,C100006,Unknown,Online,Dresses,Wrap Dress,3,4300,1940,20,Card,No,10320.0,4500.0,2025,2025-05
703254,2023-08-03,C100431,Faisalabad,Online,Dresses,Bodycon Dress,2,3700,2220,0,Card,No,7400.0,2960.0,2023,2023-08
702747,2024-10-01,C101117,Faisalabad,Online,Jeans,High-Waist Jeans,3,4120,2480,0,COD,No,12360.0,4920.0,2024,2024-10
701068,2024-07-01,C100942,Lahore,Store,T-Shirts,Polo Shirt,1,2150,990,15,COD,No,1827.5,837.5,2024,2024-07
702742,2024-11-16,C100261,Multan,Online,Accessories,Sunglasses,1,2350,1470,10,COD,No,2115.0,645.0,2024,2024-11
701406,2024-01-10,C101972,Faisalabad,Online,Jeans,Straight Leg Jeans,1,3190,2050,0,Wallet,No,3190.0,1140.0,2024,2024-01
701653,2024-10-31,C100541,Islamabad,Online,Shoes,Loafers,3,5040,2450,10,COD,No,13608.0,6258.0,2024,2024-10
703529,2023-09-11,C101685,Lahore,Online,Jeans,Ripped Jeans,1,4040,2230,0,Card,No,4040.0,1810.0,2023,2023-09
703986,2024-09-07,C101677,Karachi,Online,Dresses,Bodycon Dress,1,3860,2080,0,Wallet,No,3860.0,1780.0,2024,2024-09
701848,2024-09-07,C100063,Faisalabad,Store,Jeans,Ripped Jeans,1,3950,2120,10,Card,No,3555.0,1435.0,2024,2024-09
704547,2023-11-21,C100816,Peshawar,Online,T-Shirts,Classic Cotton Tee,2,1290,650,15,COD,No,2193.0,893.0,2023,2023-11
704914,2023-10-29,C100894,Faisalabad,Online,Jeans,Slim Fit Jeans,1,3570,1990,0,Wallet,No,3570.0,1580.0,2023,2023-10
703799,2023-07-01,C100409,Sialkot,Store,Accessories,Baseball Cap,2,900,450,0,Wallet,No,1800.0,900.0,2023,2023-07
700520,2024-04-29,C101572,Islamabad,Online,Dresses,Maxi Dress,1,4410,2410,10,COD,No,3969.0,1559.0,2024,2024-04
701850,2025-01-17,C102011,Karachi,Online,Shoes,Boots,1,6420,3350,0,Wallet,No,6420.0,3070.0,2025,2025-01
700213,2023-09-08,C100117,Rawalpindi,Online,Jeans,Slim Fit Jeans,1,3380,2030,15,COD,No,2873.0,843.0,2023,2023-09
700024,2024-06-02,C101808,Karachi,Store,Dresses,Bodycon Dress,1,3730,1690,0,Wallet,No,3730.0,2040.0,2024,2024-06
704892,2024-10-30,C102099,Lahore,Online,Jackets,Hooded Jacket,1,5010,2810,0,Card,No,5010.0,2200.0,2024,2024-10
703475,2024-10-13,C100037,Karachi,Store,Dresses,Wrap Dress,2,3830,2090,0,COD,No,7660.0,3480.0,2024,2024-10
700768,2025-06-13,C101284,Peshawar,Store,Shoes,Boots,1,6890,4150,0,Card,No,6890.0,2740.0,2025,2025-06
703701,2023-12-31,C100913,Sialkot,Online,Accessories,Sunglasses,3,2260,1070,25,COD,No,5085.0,1875.0,2023,2023-12
700573,2023-08-13,C101795,Karachi,Store,Dresses,Wrap Dress,1,4080,2290,0,Card,No,4080.0,1790.0,2023,2023-08
700330,2024-11-08,C101758,Peshawar,Online,Kurtas,Embroidered Kurta,3,2910,1530,15,Card,No,7420.5,2830.5,2024,2024-11
701718,2023-08-25,C100548,Faisalabad,Online,Kurtas,Festive Kurta,2,4420,2480,0,COD,No,8840.0,3880.0,2023,2023-08
701915,2024-04-14,C100121,Rawalpindi,Online,Shoes,Loafers,1,4970,2370,10,Wallet,Yes,4473.0,2103.0,2024,2024-04
701783,2024-01-23,C101216,Karachi,Online,Kurtas,Cotton Kurta,1,1870,1160,10,Bank Transfer,No,1683.0,523.0,2024,2024-01
701100,2024-02-21,C102078,Karachi,Online,Jeans,Ripped Jeans,3,3840,1750,0,Wallet,No,11520.0,6270.0,2024,2024-02
700336,2024-03-18,C100078,Islamabad,Online,Jeans,Slim Fit Jeans,3,3690,2280,0,Card,No,11070.0,4230.0,2024,2024-03
702942,2023-09-07,C100791,Karachi,Online,T-Shirts,Graphic Print Tee,3,1600,740,10,Bank Transfer,No,4320.0,2100.0,2023,2023-09
704630,2024-01-02,C102136,Karachi,Online,Accessories,Leather Belt,2,1250,770,15,COD,No,2125.0,585.0,2024,2024-01
704429,2024-06-12,C101472,Lahore,Store,Accessories,Leather Belt,1,1210,650,0,COD,No,1210.0,560.0,2024,2024-06
704456,2025-02-23,C100157,Rawalpindi,Online,T-Shirts,Oversized Tee,1,1880,1000,0,COD,No,1880.0,880.0,2025,2025-02
700653,2023-08-31,C102181,Sialkot,Store,Accessories,Leather Belt,1,1280,680,15,COD,No,1088.0,408.0,2023,2023-08
703039,2024-08-03,C101511,Lahore,Online,Jeans,Slim Fit Jeans,1,3620,1930,0,Bank Transfer,No,3620.0,1690.0,2024,2024-08
704717,2025-06-16,C101827,Karachi,Store,T-Shirts,Polo Shirt,1,2380,1220,0,Card,Yes,2380.0,1160.0,2025,2025-06
701662,2023-07-11,C101165,Multan,Online,Jeans,High-Waist Jeans,2,4140,2170,15,COD,Yes,7038.0,2698.0,2023,2023-07
703177,2024-02-29,C101504,Unknown,Store,T-Shirts,Classic Cotton Tee,1,1290,700,0,COD,No,1290.0,590.0,2024,2024-02
704330,2024-03-21,C101596,Lahore,Online,Jeans,High-Waist Jeans,3,4310,2430,0,COD,No,12930.0,5640.0,2024,2024-03
702174,2023-08-21,C101973,Karachi,Store,Kurtas,Printed Kurta,1,2440,1400,10,Wallet,No,2196.0,796.0,2023,2023-08
701831,2024-12-01,C100652,Rawalpindi,Online,Jeans,Straight Leg Jeans,1,3320,1600,0,Card,No,3320.0,1720.0,2024,2024-12
704645,2024-12-28,C100042,Rawalpindi,Store,T-Shirts,Oversized Tee,3,1720,1000,0,Wallet,No,5160.0,2160.0,2024,2024-12
703530,2023-11-21,C101391,Multan,Online,Accessories,Sunglasses,1,2190,1270,10,Unknown,No,1971.0,701.0,2023,2023-11
700664,2025-05-24,C101003,Lahore,Store,Kurtas,Printed Kurta,1,2460,1580,0,Card,No,2460.0,880.0,2025,2025-05
700018,2024-10-02,C100269,Lahore,Online,Shoes,Sandals,1,2930,1550,10,Bank Transfer,No,2637.0,1087.0,2024,2024-10
702884,2025-06-02,C100718,Rawalpindi,Store,Kurtas,Embroidered Kurta,3,2980,1890,0,Bank Transfer,No,8940.0,3270.0,2025,2025-06
703048,2024-07-16,C100981,Faisalabad,Store,Dresses,Summer Floral Dress,1,3270,1700,0,COD,No,3270.0,1570.0,2024,2024-07
704146,2024-07-12,C100954,Sialkot,Store,Accessories,Baseball Cap,1,900,470,0,COD,No,900.0,430.0,2024,2024-07
700543,2023-11-08,C101365,Islamabad,Store,Jackets,Bomber Jacket,1,5590,2730,0,COD,No,5590.0,2860.0,2023,2023-11
701758,2024-06-02,C101028,Faisalabad,Store,Dresses,Summer Floral Dress,1,3170,1760,0,Card,No,3170.0,1410.0,2024,2024-06
702168,2024-05-17,C101850,Lahore,Store,Kurtas,Cotton Kurta,1,2010,960,10,Bank Transfer,No,1809.0,849.0,2024,2024-05
701311,2024-07-15,C100150,Multan,Online,Dresses,Wrap Dress,1,3990,2530,10,Wallet,No,3591.0,1061.0,2024,2024-07
702141,2023-08-01,C101312,Islamabad,Store,Kurtas,Printed Kurta,1,2420,1570,0,COD,No,2420.0,850.0,2023,2023-08
702367,2024-10-12,C101797,Karachi,Store,Dresses,Bodycon Dress,2,3900,2490,10,COD,No,7020.0,2040.0,2024,2024-10
703198,2023-11-07,C100718,Rawalpindi,Store,Jackets,Hooded Jacket,1,4720,2980,20,Bank Transfer,No,3776.0,796.0,2023,2023-11
703142,2023-12-29,C100849,Sialkot,Online,Jeans,High-Waist Jeans,1,4360,2730,20,Wallet,No,3488.0,758.0,2023,2023-12
704211,2025-05-27,C101003,Lahore,Online,Jeans,Straight Leg Jeans,2,3430,1920,0,Wallet,No,6860.0,3020.0,2025,2025-05
701355,2023-10-15,C100030,Faisalabad,Online,Shoes,Sandals,1,2760,1240,0,COD,Yes,2760.0,1520.0,2023,2023-10
702537,2024-10-01,C100252,Karachi,Online,Accessories,Baseball Cap,1,910,460,0,Card,No,910.0,450.0,2024,2024-10
704920,2025-06-20,C100362,Lahore,Store,Accessories,Leather Belt,2,1150,530,15,Wallet,No,1955.0,895.0,2025,2025-06
701800,2024-06-13,C101125,Islamabad,Store,Accessories,Sunglasses,1,2100,1300,0,Card,No,2100.0,800.0,2024,2024-06
700289,2024-05-12,C100708,Karachi,Online,T-Shirts,Polo Shirt,3,2310,1330,0,COD,No,6930.0,2940.0,2024,2024-05
701613,2024-08-28,C100001,Karachi,Online,Accessories,Leather Belt,2,1170,750,10,Bank Transfer,No,2106.0,606.0,2024,2024-08
701699,2025-06-04,C100819,Karachi,Store,Dresses,Maxi Dress,2,4550,2480,15,COD,No,7735.0,2775.0,2025,2025-06
702639,2024-06-03,C102127,Karachi,Online,Dresses,Wrap Dress,2,3870,2400,15,Bank Transfer,No,6579.0,1779.0,2024,2024-06
701447,2025-06-27,C101207,Karachi,Store,Shoes,Loafers,1,5030,3090,10,Card,No,4527.0,1437.0,2025,2025-06
701679,2023-08-15,C101142,Multan,Online,Dresses,Summer Floral Dress,1,3110,1810,0,Wallet,Yes,3110.0,1300.0,2023,2023-08
701398,2023-12-21,C100644,Islamabad,Online,Dresses,Summer Floral Dress,3,3160,1810,0,Card,Yes,9480.0,4050.0,2023,2023-12
701975,2024-04-07,C100949,Karachi,Store,Kurtas,Festive Kurta,1,4300,1990,0,COD,No,4300.0,2310.0,2024,2024-04
701091,2025-02-04,C101999,Islamabad,Store,Jeans,Ripped Jeans,2,3920,2120,10,Card,No,7056.0,2816.0,2025,2025-02
705034,2024-06-29,C101245,Unknown,Online,Shoes,Sandals,1,2840,1300,0,COD,No,2840.0,1540.0,2024,2024-06
702845,2023-10-13,C100355,Islamabad,Online,Shoes,Sandals,1,2900,1650,15,Bank Transfer,No,2465.0,815.0,2023,2023-10
704310,2025-02-03,C101207,Karachi,Online,Jeans,Straight Leg Jeans,1,3270,1710,15,COD,No,2779.5,1069.5,2025,2025-02
703648,2025-04-25,C101906,Karachi,Online,Accessories,Baseball Cap,1,950,430,0,COD,No,950.0,520.0,2025,2025-04
704581,2024-01-03,C102029,Islamabad,Store,Shoes,Loafers,1,5290,3350,0,Wallet,No,5290.0,1940.0,2024,2024-01
700411,2025-01-22,C101675,Peshawar,Online,Jeans,High-Waist Jeans,1,4370,2100,10,COD,No,3933.0,1833.0,2025,2025-01
705003,2024-01-27,C100409,Sialkot,Store,Dresses,Wrap Dress,1,4180,2540,0,COD,No,4180.0,1640.0,2024,2024-01
703397,2023-12-22,C102127,Karachi,Online,Jackets,Bomber Jacket,3,4980,3190,20,Bank Transfer,No,11952.0,2382.0,2023,2023-12
702648,2024-12-10,C101224,Lahore,Store,Jackets,Denim Jacket,1,5850,2780,20,COD,No,4680.0,1900.0,2024,2024-12
703288,2024-12-09,C101999,Islamabad,Online,Dresses,Maxi Dress,1,4560,2260,20,COD,No,3648.0,1388.0,2024,2024-12
704845,2025-02-27,C102156,Lahore,Online,Jackets,Puffer Jacket,2,7000,3550,10,COD,No,12600.0,5500.0,2025,2025-02
701232,2025-04-12,C100755,Lahore,Online,T-Shirts,Polo Shirt,2,2150,1130,15,Card,Yes,3655.0,1395.0,2025,2025-04
701710,2024-04-10,C100111,Lahore,Store,Kurtas,Cotton Kurta,1,1830,910,10,Card,No,1647.0,737.0,2024,2024-04
702313,2024-11-10,C101387,Karachi,Online,Shoes,Sandals,2,2880,1630,0,Card,No,5760.0,2500.0,2024,2024-11
702150,2024-06-02,C101543,Lahore,Online,Kurtas,Festive Kurta,1,4080,2370,0,COD,No,4080.0,1710.0,2024,2024-06
703899,2025-05-21,C102099,Lahore,Online,Dresses,Summer Floral Dress,1,3370,1970,0,COD,Yes,3370.0,1400.0,2025,2025-05
701678,2025-03-10,C100017,Lahore,Online,T-Shirts,Classic Cotton Tee,2,1280,710,0,Card,No,2560.0,1140.0,2025,2025-03
701300,2024-12-19,C101964,Faisalabad,Store,Kurtas,Cotton Kurta,1,1890,940,25,COD,No,1417.5,477.5,2024,2024-12
704692,2023-07-07,C101601,Lahore,Store,Kurtas,Festive Kurta,3,4090,2500,0,Bank Transfer,No,12270.0,4770.0,2023,2023-07
702514,2024-05-16,C100722,Lahore,Online,T-Shirts,Graphic Print Tee,1,1620,1040,20,COD,No,1296.0,256.0,2024,2024-05
700174,2024-09-21,C100207,Rawalpindi,Store,Accessories,Baseball Cap,2,930,560,0,COD,No,1860.0,740.0,2024,2024-09
700908,2023-07-22,C100388,Lahore,Online,Jeans,Ripped Jeans,2,3950,2150,0,Unknown,No,7900.0,3600.0,2023,2023-07
704795,2025-03-24,C101481,Lahore,Online,Jackets,Bomber Jacket,1,5610,2950,15,Wallet,No,4768.5,1818.5,2025,2025-03
701795,2023-10-03,C101586,Karachi,Online,Accessories,Baseball Cap,3,900,460,10,Bank Transfer,No,2430.0,1050.0,2023,2023-10
701332,2024-07-21,C101817,Karachi,Store,Jeans,Ripped Jeans,1,3810,2090,15,Wallet,Yes,3238.5,1148.5,2024,2024-07
702768,2024-09-04,C101895,Lahore,Store,Dresses,Summer Floral Dress,2,3080,1880,0,COD,No,6160.0,2400.0,2024,2024-09
701827,2024-04-10,C101019,Karachi,Store,Shoes,Sneakers,3,4740,2560,0,Wallet,No,14220.0,6540.0,2024,2024-04
704978,2024-02-08,C102000,Multan,Online,Accessories,Sunglasses,2,2210,1100,15,Card,No,3757.0,1557.0,2024,2024-02
701536,2025-01-26,C100210,Rawalpindi,Store,Jeans,Ripped Jeans,2,4070,1930,0,COD,No,8140.0,4280.0,2025,2025-01
705040,2024-08-28,C102028,Islamabad,Online,T-Shirts,Polo Shirt,2,2200,1000,10,COD,No,3960.0,1960.0,2024,2024-08
703869,2024-12-11,C101705,Sialkot,Store,Jeans,Straight Leg Jeans,2,3360,1860,20,COD,No,5376.0,1656.0,2024,2024-12
704041,2025-05-21,C100042,Rawalpindi,Online,Shoes,Sneakers,1,4620,2340,20,Card,No,3696.0,1356.0,2025,2025-05
700520,2024-04-29,C101572,Islamabad,Online,Kurtas,Cotton Kurta,3,1930,1150,15,COD,No,4921.5,1471.5,2024,2024-04
702369,2025-01-12,C101894,Karachi,Store,T-Shirts,Classic Cotton Tee,1,1150,670,15,Bank Transfer,Yes,977.5,307.5,2025,2025-01
700652,2025-04-02,C102065,Peshawar,Online,T-Shirts,Polo Shirt,1,2360,1390,10,Card,No,2124.0,734.0,2025,2025-04
701299,2025-05-26,C100343,Islamabad,Store,Dresses,Wrap Dress,3,4030,2250,15,COD,No,10276.5,3526.5,2025,2025-05
702296,2025-02-22,C102193,Lahore,Store,Shoes,Sneakers,2,4420,2640,0,Bank Transfer,No,8840.0,3560.0,2025,2025-02
702926,2023-07-11,C100641,Faisalabad,Online,Jeans,Ripped Jeans,1,3750,1810,0,COD,No,3750.0,1940.0,2023,2023-07
705068,2023-12-23,C100206,Lahore,Online,Shoes,Boots,3,6430,4000,20,Bank Transfer,Yes,15432.0,3432.0,2023,2023-12
704314,2024-05-13,C102103,Peshawar,Store,Kurtas,Cotton Kurta,2,1870,1170,0,Wallet,Yes,3740.0,1400.0,2024,2024-05
702958,2024-02-01,C100107,Karachi,Store,Shoes,Sandals,1,2750,1360,0,Card,No,2750.0,1390.0,2024,2024-02
703679,2024-05-08,C100361,Unknown,Online,Kurtas,Printed Kurta,3,2570,1420,0,COD,No,7710.0,3450.0,2024,2024-05
705146,2024-01-18,C101646,Karachi,Online,Jackets,Puffer Jacket,1,6520,3190,0,COD,No,6520.0,3330.0,2024,2024-01
702869,2023-09-13,C101739,Faisalabad,Online,Shoes,Boots,1,6280,4050,15,Card,No,5338.0,1288.0,2023,2023-09
701564,2023-08-24,C100488,Islamabad,Online,T-Shirts,Graphic Print Tee,2,1600,960,0,COD,No,3200.0,1280.0,2023,2023-08
704665,2023-12-12,C100888,Lahore,Online,T-Shirts,Oversized Tee,2,1750,1060,10,Card,No,3150.0,1030.0,2023,2023-12
702901,2025-05-10,C101484,Islamabad,Store,Shoes,Loafers,1,5170,2370,0,Card,No,5170.0,2800.0,2025,2025-05
701818,2024-09-19,C102146,Lahore,Store,Shoes,Sandals,1,2800,1530,0,Card,No,2800.0,1270.0,2024,2024-09
704890,2023-11-16,C101023,Islamabad,Online,Kurtas,Festive Kurta,2,4510,2320,20,Wallet,No,7216.0,2576.0,2023,2023-11
700556,2025-05-09,C101725,Lahore,Online,Accessories,Sunglasses,1,2270,1310,10,COD,No,2043.0,733.0,2025,2025-05
702664,2023-10-26,C101113,Peshawar,Online,Jeans,Straight Leg Jeans,1,3390,1570,0,Card,No,3390.0,1820.0,2023,2023-10
702953,2023-11-16,C101995,Faisalabad,Online,Jeans,Slim Fit Jeans,2,3510,1660,20,Card,No,5616.0,2296.0,2023,2023-11
705100,2023-09-02,C101303,Lahore,Online,Kurtas,Embroidered Kurta,3,2710,1280,0,COD,No,8130.0,4290.0,2023,2023-09
700824,2024-08-28,C100032,Karachi,Store,Shoes,Sneakers,2,4710,3000,15,Wallet,No,8007.0,2007.0,2024,2024-08
704187,2024-10-24,C100902,Lahore,Store,Accessories,Baseball Cap,1,860,490,0,Bank Transfer,No,860.0,370.0,2024,2024-10
703991,2025-06-30,C100163,Lahore,Store,Accessories,Leather Belt,2,1200,650,0,Card,No,2400.0,1100.0,2025,2025-06
701935,2023-07-28,C100950,Islamabad,Store,Dresses,Summer Floral Dress,1,3440,2010,0,Card,No,3440.0,1430.0,2023,2023-07
704153,2024-12-11,C101859,Karachi,Online,Shoes,Boots,1,6820,3890,20,COD,No,5456.0,1566.0,2024,2024-12
701724,2024-05-21,C100278,Multan,Online,T-Shirts,Polo Shirt,1,2150,1180,0,Bank Transfer,No,2150.0,970.0,2024,2024-05
704684,2025-06-20,C101047,Faisalabad,Online,Kurtas,Embroidered Kurta,1,2760,1250,0,Card,No,2760.0,1510.0,2025,2025-06
701607,2025-06-23,C101753,Faisalabad,Store,Kurtas,Cotton Kurta,2,1840,940,0,COD,No,3680.0,1800.0,2025,2025-06
701098,2024-05-09,C101632,Rawalpindi,Online,Jeans,Slim Fit Jeans,1,3510,2260,15,Card,Yes,2983.5,723.5,2024,2024-05
700621,2023-08-08,C100311,Karachi,Store,Dresses,Summer Floral Dress,3,3340,1530,10,Wallet,No,9018.0,4428.0,2023,2023-08
703787,2023-11-30,C100240,Multan,Online,Jeans,Slim Fit Jeans,2,3760,2120,0,Bank Transfer,Yes,7520.0,3280.0,2023,2023-11
702091,2023-09-04,C100544,Lahore,Store,Dresses,Maxi Dress,1,4740,2940,0,COD,No,4740.0,1800.0,2023,2023-09
703780,2024-03-16,C100631,Multan,Store,Accessories,Leather Belt,1,1200,780,10,Bank Transfer,No,1080.0,300.0,2024,2024-03
702740,2025-04-08,C101556,Peshawar,Online,Accessories,Baseball Cap,1,930,530,10,Card,No,837.0,307.0,2025,2025-04
702204,2025-05-08,C101279,Islamabad,Store,Shoes,Sandals,2,2850,1360,15,Wallet,No,4845.0,2125.0,2025,2025-05
701020,2023-12-18,C100257,Lahore,Online,Jackets,Hooded Jacket,2,5070,2650,30,COD,No,7098.0,1798.0,2023,2023-12
700626,2023-09-09,C101840,Lahore,Online,Accessories,Baseball Cap,1,860,540,0,COD,No,860.0,320.0,2023,2023-09
703823,2024-12-24,C100596,Rawalpindi,Store,Jeans,Straight Leg Jeans,3,3040,1860,25,Card,No,6840.0,1260.0,2024,2024-12
701047,2024-11-25,C100354,Karachi,Online,Jackets,Bomber Jacket,2,5560,3270,10,Bank Transfer,No,10008.0,3468.0,2024,2024-11
700024,2024-06-02,C101808,Karachi,Store,Kurtas,Embroidered Kurta,2,2930,1480,0,Wallet,No,5860.0,2900.0,2024,2024-06
704616,2024-03-10,C100996,Islamabad,Store,Kurtas,Printed Kurta,1,2430,1560,0,Card,No,2430.0,870.0,2024,2024-03
704660,2025-04-02,C101975,Lahore,Store,Jeans,Straight Leg Jeans,1,3350,1610,15,Wallet,No,2847.5,1237.5,2025,2025-04
703963,2024-05-07,C100528,Faisalabad,Online,T-Shirts,Graphic Print Tee,3,1540,930,10,Card,No,4158.0,1368.0,2024,2024-05
704424,2023-11-18,C101211,Multan,Online,Jackets,Denim Jacket,1,5730,3440,20,COD,No,4584.0,1144.0,2023,2023-11
701517,2024-07-06,C101985,Peshawar,Store,Jeans,Straight Leg Jeans,2,3060,1500,0,COD,Yes,6120.0,3120.0,2024,2024-07
704175,2024-05-14,C101555,Faisalabad,Online,Accessories,Sunglasses,1,2180,1380,15,Wallet,No,1853.0,473.0,2024,2024-05
704065,2025-03-30,C101415,Faisalabad,Online,Dresses,Wrap Dress,1,4120,2530,0,COD,No,4120.0,1590.0,2025,2025-03
700629,2023-09-01,C100577,Islamabad,Online,Shoes,Sneakers,2,4640,2480,0,COD,No,9280.0,4320.0,2023,2023-09
701893,2024-07-17,C101701,Sialkot,Online,T-Shirts,Classic Cotton Tee,1,1200,730,0,Card,No,1200.0,470.0,2024,2024-07
703002,2024-07-07,C100824,Multan,Online,Dresses,Summer Floral Dress,1,3320,2130,15,Card,No,2822.0,692.0,2024,2024-07
701401,2023-07-10,C101653,Lahore,Online,T-Shirts,Graphic Print Tee,1,1580,770,0,Card,No,1580.0,810.0,2023,2023-07
703354,2025-05-02,C100423,Lahore,Store,Jeans,Ripped Jeans,1,4070,1940,0,COD,No,4070.0,2130.0,2025,2025-05
704947,2024-06-30,C100167,Faisalabad,Online,Dresses,Bodycon Dress,2,3990,2580,0,Bank Transfer,Yes,7980.0,2820.0,2024,2024-06
702279,2024-01-03,C100729,Islamabad,Online,T-Shirts,Polo Shirt,2,2250,1040,0,COD,No,4500.0,2420.0,2024,2024-01
701590,2023-09-20,C101618,Sialkot,Online,T-Shirts,Oversized Tee,1,1860,990,0,Card,No,1860.0,870.0,2023,2023-09
704885,2023-07-14,C100479,Karachi,Online,Accessories,Leather Belt,1,1290,790,0,COD,No,1290.0,500.0,2023,2023-07
704635,2025-01-31,C100817,Islamabad,Store,Shoes,Sneakers,1,4650,2340,0,COD,No,4650.0,2310.0,2025,2025-01
702551,2023-10-31,C100896,Karachi,Store,T-Shirts,Polo Shirt,3,2270,1140,0,Card,No,6810.0,3390.0,2023,2023-10
702964,2024-02-23,C101952,Unknown,Store,Jackets,Puffer Jacket,1,6990,3330,0,COD,No,6990.0,3660.0,2024,2024-02
700045,2024-04-03,C101213,Karachi,Online,Jeans,Slim Fit Jeans,1,3420,2040,20,Card,No,2736.0,696.0,2024,2024-04
700808,2024-10-06,C100389,Multan,Online,Kurtas,Cotton Kurta,2,2030,1220,0,COD,No,4060.0,1620.0,2024,2024-10
701329,2024-05-22,C101565,Karachi,Store,Dresses,Wrap Dress,2,3970,2220,15,COD,No,6749.0,2309.0,2024,2024-05
700499,2024-05-07,C100593,Islamabad,Online,Kurtas,Printed Kurta,1,2380,1240,20,COD,No,1904.0,664.0,2024,2024-05
703507,2024-05-06,C100683,Karachi,Store,T-Shirts,Classic Cotton Tee,1,1290,730,10,COD,No,1161.0,431.0,2024,2024-05
702746,2025-02-13,C101345,Islamabad,Store,Shoes,Loafers,3,5030,2490,0,Wallet,No,15090.0,7620.0,2025,2025-02
700234,2023-12-12,C100860,Faisalabad,Online,Kurtas,Embroidered Kurta,1,2680,1290,30,Card,No,1876.0,586.0,2023,2023-12
700267,2024-10-15,C102185,Lahore,Store,Accessories,Baseball Cap,2,960,600,0,Card,No,1920.0,720.0,2024,2024-10
704088,2025-06-15,C100408,Lahore,Online,T-Shirts,Oversized Tee,3,1850,1000,0,COD,No,5550.0,2550.0,2025,2025-06
703121,2023-10-14,C101062,Lahore,Online,Accessories,Tote Bag,1,1700,1070,0,COD,No,1700.0,630.0,2023,2023-10
703244,2024-08-22,C100896,Karachi,Store,Shoes,Boots,3,6870,3960,15,Card,No,17518.5,5638.5,2024,2024-08
701704,2024-04-27,C100128,Lahore,Online,Kurtas,Festive Kurta,1,4220,2560,0,Card,No,4220.0,1660.0,2024,2024-04
702057,2023-10-02,C100278,Multan,Online,Jeans,Straight Leg Jeans,2,3320,1840,0,COD,No,6640.0,2960.0,2023,2023-10
704816,2024-12-23,C101251,Lahore,Online,Accessories,Baseball Cap,1,880,540,25,Bank Transfer,No,660.0,120.0,2024,2024-12
705062,2024-07-30,C100962,Lahore,Store,T-Shirts,Classic Cotton Tee,3,1180,670,0,Card,No,3540.0,1530.0,2024,2024-07
702222,2023-12-14,C100519,Multan,Store,Jeans,High-Waist Jeans,2,4190,2690,25,Card,No,6285.0,905.0,2023,2023-12
700070,2024-05-18,C101759,Peshawar,Online,Jeans,Ripped Jeans,1,4030,2030,20,COD,No,3224.0,1194.0,2024,2024-05
704407,2024-08-24,C101496,Multan,Online,Jeans,Slim Fit Jeans,1,3780,2240,0,Wallet,No,3780.0,1540.0,2024,2024-08
704237,2023-07-07,C100062,Islamabad,Online,Jeans,High-Waist Jeans,1,4390,2340,0,COD,No,4390.0,2050.0,2023,2023-07
702244,2025-02-21,C100088,Lahore,Store,Jackets,Bomber Jacket,1,5160,2500,15,Card,No,4386.0,1886.0,2025,2025-02
703331,2023-08-16,C101521,Islamabad,Online,Dresses,Summer Floral Dress,1,3340,2170,0,COD,No,3340.0,1170.0,2023,2023-08
700323,2025-03-13,C101095,Karachi,Store,Shoes,Boots,1,6390,3990,0,Bank Transfer,No,6390.0,2400.0,2025,2025-03
704051,2023-07-23,C100805,Lahore,Online,T-Shirts,Polo Shirt,1,2210,1380,10,COD,No,1989.0,609.0,2023,2023-07
700932,2024-10-22,C101258,Islamabad,Store,Jeans,Ripped Jeans,3,3810,1900,0,Card,No,11430.0,5730.0,2024,2024-10
703282,2023-07-18,C101052,Karachi,Online,Kurtas,Embroidered Kurta,2,2810,1590,0,Wallet,No,5620.0,2440.0,2023,2023-07
703298,2024-10-25,C100167,Faisalabad,Online,Jackets,Bomber Jacket,1,5350,2920,0,Card,No,5350.0,2430.0,2024,2024-10
700023,2024-04-23,C100810,Lahore,Store,Shoes,Sandals,1,2740,1780,0,COD,No,2740.0,960.0,2024,2024-04
702822,2025-02-14,C100369,Peshawar,Store,Jackets,Bomber Jacket,2,4970,2870,0,COD,No,9940.0,4200.0,2025,2025-02
704175,2024-05-14,C101555,Faisalabad,Online,Accessories,Baseball Cap,2,920,540,10,Wallet,Yes,1656.0,576.0,2024,2024-05
703162,2023-07-27,C100513,Unknown,Online,Dresses,Bodycon Dress,2,3860,1850,0,Wallet,No,7720.0,4020.0,2023,2023-07
701493,2024-04-03,C101547,Faisalabad,Online,Dresses,Bodycon Dress,1,3760,2380,0,COD,No,3760.0,1380.0,2024,2024-04
703257,2023-10-04,C101358,Rawalpindi,Store,Accessories,Baseball Cap,3,890,560,0,COD,No,2670.0,990.0,2023,2023-10
703895,2024-12-31,C102176,Karachi,Online,Jeans,High-Waist Jeans,1,4240,1990,0,COD,No,4240.0,2250.0,2024,2024-12
701494,2025-06-11,C100294,Multan,Online,Dresses,Bodycon Dress,2,3760,2010,0,COD,No,7520.0,3500.0,2025,2025-06
700611,2025-06-15,C101518,Lahore,Store,Shoes,Sandals,3,3020,1850,0,Card,No,9060.0,3510.0,2025,2025-06
700950,2024-11-13,C100765,Lahore,Store,Dresses,Bodycon Dress,3,4090,2540,15,COD,No,10429.5,2809.5,2024,2024-11
703261,2023-12-15,C101445,Islamabad,Online,Shoes,Sandals,1,2840,1500,0,Card,No,2840.0,1340.0,2023,2023-12
701683,2023-07-16,C100380,Islamabad,Online,Shoes,Sneakers,2,4470,2790,15,Bank Transfer,No,7599.0,2019.0,2023,2023-07
702005,2024-01-02,C100191,Lahore,Store,Jeans,High-Waist Jeans,3,4340,2200,15,Card,No,11067.0,4467.0,2024,2024-01
703698,2025-04-02,C101947,Peshawar,Online,Shoes,Sandals,1,2890,1360,15,Card,Yes,2456.5,1096.5,2025,2025-04
703817,2024-04-24,C100772,Islamabad,Online,Accessories,Sunglasses,1,2360,1210,20,Wallet,Yes,1888.0,678.0,2024,2024-04
702163,2023-08-12,C100603,Rawalpindi,Online,Kurtas,Embroidered Kurta,3,2760,1310,0,COD,No,8280.0,4350.0,2023,2023-08
702579,2024-02-10,C100363,Lahore,Store,Accessories,Baseball Cap,1,870,420,0,Wallet,No,870.0,450.0,2024,2024-02
703786,2023-08-16,C102177,Multan,Store,Dresses,Wrap Dress,1,4140,2580,15,COD,No,3519.0,939.0,2023,2023-08
703590,2024-05-07,C100191,Lahore,Store,Kurtas,Cotton Kurta,1,1880,910,15,Card,No,1598.0,688.0,2024,2024-05
702343,2024-07-01,C102030,Lahore,Store,T-Shirts,Oversized Tee,1,1760,850,10,COD,No,1584.0,734.0,2024,2024-07
701968,2024-08-06,C101262,Karachi,Online,T-Shirts,Polo Shirt,1,2240,1020,0,COD,No,2240.0,1220.0,2024,2024-08
705105,2025-04-19,C101314,Lahore,Online,T-Shirts,Graphic Print Tee,1,1430,650,0,COD,No,1430.0,780.0,2025,2025-04
704698,2024-10-23,C100371,Karachi,Online,Accessories,Sunglasses,2,2350,1420,0,COD,No,4700.0,1860.0,2024,2024-10
705159,2023-07-29,C101661,Islamabad,Online,Jeans,Ripped Jeans,1,3770,2340,15,COD,No,3204.5,864.5,2023,2023-07
702510,2025-01-18,C101841,Islamabad,Online,Jeans,Slim Fit Jeans,1,3610,2160,0,COD,No,3610.0,1450.0,2025,2025-01
702508,2023-07-14,C100756,Karachi,Online,Accessories,Leather Belt,1,1210,770,0,Card,No,1210.0,440.0,2023,2023-07
703085,2024-01-21,C101780,Lahore,Store,Dresses,Maxi Dress,1,4460,2210,0,Card,No,4460.0,2250.0,2024,2024-01
702485,2025-05-17,C100200,Faisalabad,Online,T-Shirts,Polo Shirt,1,2190,1390,20,COD,No,1752.0,362.0,2025,2025-05
701028,2025-01-13,C102147,Sialkot,Online,Dresses,Maxi Dress,3,4730,2960,0,Wallet,No,14190.0,5310.0,2025,2025-01
701996,2024-06-14,C100541,Islamabad,Store,Jeans,Slim Fit Jeans,1,3770,2030,0,Unknown,No,3770.0,1740.0,2024,2024-06
701742,2024-01-08,C100173,Peshawar,Store,T-Shirts,Polo Shirt,2,2170,1390,0,Wallet,No,4340.0,1560.0,2024,2024-01
701701,2025-03-03,C100492,Rawalpindi,Online,T-Shirts,Polo Shirt,1,2120,1180,0,COD,Yes,2120.0,940.0,2025,2025-03
700980,2023-08-20,C100128,Lahore,Store,Kurtas,Printed Kurta,1,2540,1550,10,Card,No,2286.0,736.0,2023,2023-08
702524,2023-09-22,C101742,Lahore,Store,T-Shirts,Oversized Tee,2,1780,840,0,Card,No,3560.0,1880.0,2023,2023-09
700283,2025-02-21,C101790,Faisalabad,Store,Jackets,Puffer Jacket,3,6590,3410,10,Card,No,17793.0,7563.0,2025,2025-02
703880,2023-10-02,C100119,Islamabad,Online,T-Shirts,Polo Shirt,3,2150,1340,0,Card,No,6450.0,2430.0,2023,2023-10
701728,2024-12-30,C100075,Karachi,Store,Accessories,Sunglasses,2,2220,1030,10,Wallet,No,3996.0,1936.0,2024,2024-12
703724,2025-01-13,C101467,Lahore,Online,Accessories,Baseball Cap,2,970,520,0,COD,No,1940.0,900.0,2025,2025-01
702029,2024-10-17,C100076,Karachi,Store,Jeans,Slim Fit Jeans,1,3330,2040,10,Card,No,2997.0,957.0,2024,2024-10
702834,2025-03-10,C101382,Islamabad,Online,T-Shirts,Classic Cotton Tee,1,1280,580,10,COD,No,1152.0,572.0,2025,2025-03
700727,2023-08-12,C102116,Karachi,Store,T-Shirts,Polo Shirt,3,2270,1120,0,Card,No,6810.0,3450.0,2023,2023-08
704457,2025-01-18,C100409,Sialkot,Online,Jackets,Puffer Jacket,2,7010,3290,0,Card,No,14020.0,7440.0,2025,2025-01
703524,2024-07-26,C100845,Peshawar,Online,Accessories,Baseball Cap,3,870,540,0,COD,No,2610.0,990.0,2024,2024-07
703885,2025-01-23,C101525,Lahore,Online,Kurtas,Printed Kurta,1,2380,1400,0,COD,No,2380.0,980.0,2025,2025-01
704297,2023-12-04,C101002,Lahore,Online,Jackets,Bomber Jacket,3,5090,2420,0,COD,No,15270.0,8010.0,2023,2023-12
700848,2024-11-16,C100680,Lahore,Online,Jeans,Slim Fit Jeans,1,3510,1670,10,Bank Transfer,No,3159.0,1489.0,2024,2024-11
704053,2024-05-06,C100726,Lahore,Online,T-Shirts,Classic Cotton Tee,3,1180,690,10,Bank Transfer,No,3186.0,1116.0,2024,2024-05
702732,2025-01-16,C101325,Multan,Store,T-Shirts,Classic Cotton Tee,1,1220,610,0,Card,No,1220.0,610.0,2025,2025-01
701169,2023-07-23,C100883,Karachi,Online,Shoes,Boots,1,6890,4310,0,COD,No,6890.0,2580.0,2023,2023-07
701651,2024-07-12,C101929,Karachi,Online,Jeans,Straight Leg Jeans,2,3390,2170,0,COD,No,6780.0,2440.0,2024,2024-07
701134,2025-01-31,C100252,Karachi,Store,Jackets,Hooded Jacket,2,4940,2560,0,Wallet,No,9880.0,4760.0,2025,2025-01
700209,2024-10-14,C100054,Rawalpindi,Online,Dresses,Bodycon Dress,1,3860,1890,0,Wallet,No,3860.0,1970.0,2024,2024-10
704956,2025-05-01,C100708,Karachi,Online,T-Shirts,Classic Cotton Tee,3,1200,560,20,COD,No,2880.0,1200.0,2025,2025-05
703632,2024-02-18,C100086,Rawalpindi,Store,Jeans,Slim Fit Jeans,1,3640,1860,0,Wallet,No,3640.0,1780.0,2024,2024-02
700601,2023-07-06,C100536,Islamabad,Online,Accessories,Tote Bag,1,1610,840,0,COD,No,1610.0,770.0,2023,2023-07
700801,2024-08-14,C100410,Rawalpindi,Store,Accessories,Leather Belt,1,1210,670,0,COD,No,1210.0,540.0,2024,2024-08
702616,2023-08-22,C100356,Faisalabad,Online,Shoes,Sneakers,1,4470,2370,0,Bank Transfer,No,4470.0,2100.0,2023,2023-08
701611,2025-04-11,C101198,Karachi,Store,Jeans,Slim Fit Jeans,2,3670,1770,0,Bank Transfer,No,7340.0,3800.0,2025,2025-04
703109,2024-01-15,C100089,Islamabad,Online,Jackets,Denim Jacket,1,5890,2740,0,Bank Transfer,No,5890.0,3150.0,2024,2024-01
700899,2025-04-15,C101175,Faisalabad,Store,Kurtas,Embroidered Kurta,2,2970,1620,15,Card,No,5049.0,1809.0,2025,2025-04
702529,2023-09-11,C101631,Multan,Online,Jeans,Slim Fit Jeans,1,3680,2320,0,Bank Transfer,No,3680.0,1360.0,2023,2023-09
703535,2023-12-17,C100083,Lahore,Online,Jackets,Hooded Jacket,1,4640,2220,15,Card,No,3944.0,1724.0,2023,2023-12
700188,2023-07-23,C101126,Islamabad,Online,Accessories,Tote Bag,2,1570,1020,0,COD,No,3140.0,1100.0,2023,2023-07
704157,2023-09-09,C101336,Lahore,Store,T-Shirts,Classic Cotton Tee,1,1140,720,0,Wallet,No,1140.0,420.0,2023,2023-09
702191,2024-06-15,C101834,Lahore,Online,Shoes,Boots,1,6370,3680,0,Card,Yes,6370.0,2690.0,2024,2024-06
704815,2025-01-07,C100535,Lahore,Online,Shoes,Boots,2,6900,4410,0,Card,No,13800.0,4980.0,2025,2025-01
700861,2024-01-22,C101939,Lahore,Online,Kurtas,Embroidered Kurta,1,2890,1860,0,Bank Transfer,No,2890.0,1030.0,2024,2024-01
701615,2023-07-27,C100218,Peshawar,Online,T-Shirts,Graphic Print Tee,1,1600,1020,0,COD,No,1600.0,580.0,2023,2023-07
703978,2023-10-13,C101462,Lahore,Online,T-Shirts,Polo Shirt,1,2160,1030,10,Card,No,1944.0,914.0,2023,2023-10
704259,2024-02-07,C101002,Lahore,Online,Accessories,Baseball Cap,1,880,560,0,COD,No,880.0,320.0,2024,2024-02
700050,2024-03-18,C101593,Karachi,Online,Kurtas,Printed Kurta,1,2430,1330,0,Card,No,2430.0,1100.0,2024,2024-03
703148,2024-10-09,C101553,Karachi,Online,Shoes,Boots,3,6400,3780,0,Bank Transfer,No,19200.0,7860.0,2024,2024-10
702940,2024-07-11,C100132,Islamabad,Store,T-Shirts,Polo Shirt,1,2110,1120,0,Card,No,2110.0,990.0,2024,2024-07
701133,2024-07-18,C101423,Karachi,Online,Accessories,Baseball Cap,1,930,570,0,COD,No,930.0,360.0,2024,2024-07
701628,2024-11-05,C100514,Karachi,Online,Accessories,Leather Belt,1,1290,590,20,COD,No,1032.0,442.0,2024,2024-11
703918,2024-02-22,C100428,Lahore,Online,Jackets,Bomber Jacket,1,5320,3090,0,Card,No,5320.0,2230.0,2024,2024-02
704851,2024-01-05,C100284,Islamabad,Online,Shoes,Sandals,1,2890,1580,0,Bank Transfer,No,2890.0,1310.0,2024,2024-01
703890,2025-01-20,C100577,Islamabad,Store,Dresses,Maxi Dress,1,4500,2610,0,Wallet,No,4500.0,1890.0,2025,2025-01
701145,2023-07-10,C100953,Lahore,Online,Dresses,Maxi Dress,1,4770,2530,0,COD,No,4770.0,2240.0,2023,2023-07
701500,2023-07-27,C100999,Karachi,Online,Shoes,Sandals,2,2830,1370,15,Bank Transfer,No,4811.0,2071.0,2023,2023-07
704229,2025-05-03,C101909,Peshawar,Online,Accessories,Sunglasses,3,2360,1210,15,COD,No,6018.0,2388.0,2025,2025-05
700679,2024-07-11,C101100,Unknown,Online,Kurtas,Festive Kurta,2,4230,2440,0,COD,No,8460.0,3580.0,2024,2024-07
704676,2024-03-17,C101462,Lahore,Online,T-Shirts,Graphic Print Tee,1,1590,900,0,Wallet,No,1590.0,690.0,2024,2024-03
703139,2024-11-22,C100938,Peshawar,Online,Jeans,Ripped Jeans,1,3920,2200,15,Card,No,3332.0,1132.0,2024,2024-11
701469,2024-05-07,C101776,Rawalpindi,Online,Jackets,Bomber Jacket,3,5420,3280,20,Bank Transfer,No,13008.0,3168.0,2024,2024-05
703088,2024-12-30,C100291,Lahore,Online,Dresses,Bodycon Dress,2,3670,2220,0,Wallet,No,7340.0,2900.0,2024,2024-12
701129,2023-08-12,C101805,Rawalpindi,Online,Kurtas,Cotton Kurta,2,1910,1190,10,COD,No,3438.0,1058.0,2023,2023-08
704267,2024-09-06,C101673,Lahore,Online,T-Shirts,Polo Shirt,3,2180,1150,10,Card,No,5886.0,2436.0,2024,2024-09
703647,2024-04-04,C101299,Karachi,Online,Shoes,Boots,1,6430,2900,20,COD,No,5144.0,2244.0,2024,2024-04
704571,2024-10-22,C102102,Faisalabad,Online,Accessories,Sunglasses,1,2240,1380,0,Card,No,2240.0,860.0,2024,2024-10
703135,2024-07-09,C101047,Faisalabad,Online,Dresses,Maxi Dress,3,4370,2460,10,COD,No,11799.0,4419.0,2024,2024-07
701019,2025-04-24,C102170,Karachi,Store,Accessories,Baseball Cap,2,960,560,20,Card,No,1536.0,416.0,2025,2025-04
704895,2025-03-29,C100858,Karachi,Store,Dresses,Summer Floral Dress,1,3450,2010,0,COD,No,3450.0,1440.0,2025,2025-03
701156,2024-03-29,C100396,Multan,Online,Jackets,Denim Jacket,2,5490,2890,0,Bank Transfer,No,10980.0,5200.0,2024,2024-03
700787,2024-05-20,C100386,Rawalpindi,Online,Shoes,Sneakers,1,4700,2200,15,COD,No,3995.0,1795.0,2024,2024-05
700459,2024-11-03,C100091,Rawalpindi,Online,Kurtas,Festive Kurta,3,4280,2760,10,Card,No,11556.0,3276.0,2024,2024-11
702235,2025-03-31,C101576,Faisalabad,Online,Shoes,Sandals,3,2790,1650,0,Card,No,8370.0,3420.0,2025,2025-03
702291,2025-01-26,C100924,Lahore,Online,Jeans,Ripped Jeans,2,3730,1770,0,COD,No,7460.0,3920.0,2025,2025-01
704875,2023-12-02,C101188,Lahore,Online,Shoes,Sneakers,2,4330,2720,0,COD,Yes,8660.0,3220.0,2023,2023-12
703439,2024-02-01,C100285,Karachi,Online,Accessories,Baseball Cap,1,870,530,10,Card,No,783.0,253.0,2024,2024-02
703062,2024-07-03,C101336,Lahore,Store,Dresses,Wrap Dress,1,4030,2000,0,Card,No,4030.0,2030.0,2024,2024-07
700891,2023-07-14,C100972,Lahore,Online,Dresses,Bodycon Dress,2,3880,2340,10,Bank Transfer,No,6984.0,2304.0,2023,2023-07
703390,2023-09-25,C100182,Islamabad,Store,Kurtas,Festive Kurta,1,4160,1900,0,COD,No,4160.0,2260.0,2023,2023-09
702684,2023-12-16,C101825,Lahore,Online,Jeans,Straight Leg Jeans,1,3180,2030,0,COD,No,3180.0,1150.0,2023,2023-12
702497,2025-01-13,C100875,Peshawar,Store,Dresses,Wrap Dress,1,4150,1990,0,COD,Yes,4150.0,2160.0,2025,2025-01
702887,2024-10-27,C100087,Karachi,Online,Dresses,Bodycon Dress,1,3670,1840,10,COD,Yes,3303.0,1463.0,2024,2024-10
704865,2024-02-27,C101479,Karachi,Online,Accessories,Leather Belt,3,1160,690,0,COD,No,3480.0,1410.0,2024,2024-02
702058,2024-12-24,C100061,Karachi,Online,Accessories,Baseball Cap,1,860,430,0,Card,No,860.0,430.0,2024,2024-12
700545,2025-02-26,C100943,Karachi,Online,T-Shirts,Graphic Print Tee,1,1620,1010,0,Unknown,No,1620.0,610.0,2025,2025-02
704716,2025-02-28,C101253,Islamabad,Online,Jeans,Slim Fit Jeans,1,3630,1880,10,COD,No,3267.0,1387.0,2025,2025-02
703547,2025-03-11,C101063,Islamabad,Store,Accessories,Sunglasses,1,2200,1130,0,Card,No,2200.0,1070.0,2025,2025-03
702178,2024-01-30,C100019,Islamabad,Online,Jackets,Hooded Jacket,1,4900,2820,0,Card,No,4900.0,2080.0,2024,2024-01
701287,2024-08-14,C101002,Lahore,Online,Jeans,Ripped Jeans,1,3820,1900,0,COD,No,3820.0,1920.0,2024,2024-08
700214,2025-02-14,C101062,Lahore,Online,T-Shirts,Oversized Tee,1,1940,1060,0,Card,No,1940.0,880.0,2025,2025-02
700791,2023-10-02,C100042,Rawalpindi,Online,Accessories,Leather Belt,1,1260,750,0,COD,No,1260.0,510.0,2023,2023-10
703622,2024-12-24,C100977,Karachi,Online,Jackets,Denim Jacket,3,5620,3300,30,COD,No,11802.0,1902.0,2024,2024-12
704864,2023-08-12,C100787,Karachi,Store,T-Shirts,Oversized Tee,1,1920,990,0,Card,No,1920.0,930.0,2023,2023-08
701581,2024-07-27,C101409,Rawalpindi,Online,Jeans,Ripped Jeans,1,3820,2040,0,COD,No,3820.0,1780.0,2024,2024-07
701885,2023-07-21,C102166,Peshawar,Online,Shoes,Loafers,2,5460,3420,0,Card,No,10920.0,4080.0,2023,2023-07
702966,2023-11-22,C101631,Multan,Online,Shoes,Boots,1,6830,3120,15,Card,No,5805.5,2685.5,2023,2023-11
702458,2024-02-18,C101041,Rawalpindi,Online,Accessories,Tote Bag,1,1620,840,0,Card,No,1620.0,780.0,2024,2024-02
701426,2023-11-10,C101100,Lahore,Online,Accessories,Leather Belt,2,1200,670,15,COD,No,2040.0,700.0,2023,2023-11
701836,2023-07-21,C101946,Lahore,Online,T-Shirts,Classic Cotton Tee,2,1240,580,0,COD,No,2480.0,1320.0,2023,2023-07
702179,2024-03-14,C100294,Multan,Online,Kurtas,Printed Kurta,2,2440,1170,0,COD,No,4880.0,2540.0,2024,2024-03
703735,2023-10-22,C101117,Faisalabad,Store,Jackets,Puffer Jacket,1,6860,3570,0,Wallet,No,6860.0,3290.0,2023,2023-10
701247,2025-03-22,C101751,Lahore,Online,Kurtas,Embroidered Kurta,2,2920,1700,10,Wallet,No,5256.0,1856.0,2025,2025-03
703785,2023-12-09,C102058,Lahore,Store,T-Shirts,Oversized Tee,2,1860,1210,20,COD,No,2976.0,556.0,2023,2023-12
704169,2024-04-21,C102120,Karachi,Online,Kurtas,Cotton Kurta,1,1950,1220,20,COD,Yes,1560.0,340.0,2024,2024-04
701152,2024-12-31,C102125,Karachi,Online,T-Shirts,Classic Cotton Tee,2,1220,670,30,Card,No,1708.0,368.0,2024,2024-12
700265,2024-11-27,C101018,Lahore,Online,Shoes,Sandals,2,2800,1300,15,Card,No,4760.0,2160.0,2024,2024-11
700388,2025-03-30,C100263,Lahore,Online,Dresses,Bodycon Dress,1,3710,2200,0,Card,No,3710.0,1510.0,2025,2025-03
704228,2025-06-08,C100888,Lahore,Online,Kurtas,Embroidered Kurta,1,2940,1500,0,Card,No,2940.0,1440.0,2025,2025-06
702076,2025-04-09,C101517,Sialkot,Store,Accessories,Leather Belt,1,1270,680,0,COD,No,1270.0,590.0,2025,2025-04
703928,2023-07-26,C100934,Faisalabad,Store,Dresses,Wrap Dress,1,3910,2370,15,COD,No,3323.5,953.5,2023,2023-07
700432,2024-02-21,C101845,Islamabad,Online,Dresses,Bodycon Dress,1,3900,2370,0,Card,No,3900.0,1530.0,2024,2024-02
702055,2024-08-27,C100191,Lahore,Store,T-Shirts,Oversized Tee,3,1890,1080,0,COD,No,5670.0,2430.0,2024,2024-08
703746,2025-05-13,C100436,Lahore,Online,Accessories,Baseball Cap,2,960,470,10,Card,No,1728.0,788.0,2025,2025-05
702445,2024-12-28,C101757,Sialkot,Online,Jackets,Hooded Jacket,1,5110,2510,10,Bank Transfer,No,4599.0,2089.0,2024,2024-12
703820,2023-12-11,C100020,Faisalabad,Store,Dresses,Wrap Dress,2,4210,2570,0,Card,No,8420.0,3280.0,2023,2023-12
704912,2024-12-20,C100913,Sialkot,Store,Jackets,Puffer Jacket,3,6580,4120,15,Card,No,16779.0,4419.0,2024,2024-12
704891,2024-03-12,C101123,Lahore,Online,Accessories,Sunglasses,1,2300,1320,0,Card,No,2300.0,980.0,2024,2024-03
702185,2025-06-22,C100383,Karachi,Online,Shoes,Loafers,1,4980,2240,0,Wallet,No,4980.0,2740.0,2025,2025-06
701793,2023-11-22,C101821,Karachi,Online,Dresses,Wrap Dress,1,4170,2170,15,Bank Transfer,Yes,3544.5,1374.5,2023,2023-11
701702,2023-09-26,C100616,Faisalabad,Store,Accessories,Sunglasses,2,2250,1250,0,COD,Yes,4500.0,2000.0,2023,2023-09
700118,2025-03-01,C102059,Lahore,Store,Accessories,Tote Bag,2,1660,910,0,Card,No,3320.0,1500.0,2025,2025-03
701563,2024-02-08,C100592,Karachi,Store,T-Shirts,Oversized Tee,2,1740,990,0,Bank Transfer,No,3480.0,1500.0,2024,2024-02
701614,2024-03-03,C101216,Karachi,Online,Kurtas,Printed Kurta,2,2390,1500,0,COD,No,4780.0,1780.0,2024,2024-03
700070,2024-05-18,C101759,Peshawar,Online,Dresses,Wrap Dress,1,3860,1760,0,COD,No,3860.0,2100.0,2024,2024-05
701331,2024-04-28,C101285,Peshawar,Online,Jackets,Hooded Jacket,2,4640,2320,0,Card,Yes,9280.0,4640.0,2024,2024-04
702427,2024-07-09,C101019,Karachi,Store,Shoes,Sandals,2,2830,1640,0,Card,No,5660.0,2380.0,2024,2024-07
702710,2023-07-04,C100713,Peshawar,Store,Shoes,Loafers,1,5180,2820,0,Card,No,5180.0,2360.0,2023,2023-07
701511,2025-03-15,C101839,Faisalabad,Store,Jackets,Bomber Jacket,3,5380,3430,0,COD,No,16140.0,5850.0,2025,2025-03
703998,2024-02-16,C100748,Faisalabad,Online,Shoes,Loafers,3,5570,3570,0,Card,No,16710.0,6000.0,2024,2024-02
700702,2024-01-20,C101357,Karachi,Online,Kurtas,Cotton Kurta,1,1850,1130,0,COD,No,1850.0,720.0,2024,2024-01
700686,2024-11-20,C100879,Islamabad,Store,Jackets,Bomber Jacket,3,5450,3020,15,COD,No,13897.5,4837.5,2024,2024-11
702012,2024-06-16,C100421,Lahore,Online,T-Shirts,Graphic Print Tee,2,1530,920,0,Card,No,3060.0,1220.0,2024,2024-06
702846,2025-03-20,C101140,Karachi,Online,Jackets,Denim Jacket,1,5780,2790,0,Card,No,5780.0,2990.0,2025,2025-03
704400,2025-01-22,C100237,Faisalabad,Store,Dresses,Bodycon Dress,2,4070,1930,0,Card,No,8140.0,4280.0,2025,2025-01
704548,2023-11-23,C100136,Sialkot,Online,T-Shirts,Graphic Print Tee,3,1470,850,20,Card,No,3528.0,978.0,2023,2023-11
705004,2024-08-21,C100150,Multan,Online,Jeans,High-Waist Jeans,1,4260,1950,0,Card,Yes,4260.0,2310.0,2024,2024-08
703117,2024-05-28,C100416,Lahore,Online,Kurtas,Embroidered Kurta,2,2880,1530,0,COD,No,5760.0,2700.0,2024,2024-05
700374,2023-09-23,C101776,Rawalpindi,Online,Accessories,Leather Belt,1,1240,730,0,Card,No,1240.0,510.0,2023,2023-09
700954,2023-12-23,C102051,Lahore,Online,Accessories,Leather Belt,2,1230,560,20,Bank Transfer,No,1968.0,848.0,2023,2023-12
700382,2023-11-13,C101222,Peshawar,Online,Jeans,Straight Leg Jeans,2,3100,1450,10,COD,No,5580.0,2680.0,2023,2023-11
703230,2024-04-07,C101193,Sialkot,Store,Dresses,Summer Floral Dress,1,3120,1990,10,Wallet,No,2808.0,818.0,2024,2024-04
701734,2023-11-18,C100738,Karachi,Online,Jeans,Ripped Jeans,1,3790,1930,30,Wallet,No,2653.0,723.0,2023,2023-11
703141,2024-01-11,C101615,Lahore,Online,Kurtas,Festive Kurta,2,4330,2810,0,Card,No,8660.0,3040.0,2024,2024-01
702531,2024-02-19,C100057,Islamabad,Store,Jeans,High-Waist Jeans,1,4120,2420,0,COD,Yes,4120.0,1700.0,2024,2024-02
703986,2024-09-07,C101677,Karachi,Online,Jeans,High-Waist Jeans,2,4500,2480,15,Wallet,No,7650.0,2690.0,2024,2024-09
704309,2025-03-08,C101127,Rawalpindi,Store,Shoes,Sandals,2,2730,1360,0,COD,No,5460.0,2740.0,2025,2025-03
700504,2025-02-09,C100198,Lahore,Store,Shoes,Sneakers,1,4750,2490,0,COD,No,4750.0,2260.0,2025,2025-02
700604,2024-02-03,C100475,Karachi,Store,Kurtas,Cotton Kurta,3,1920,880,10,Wallet,No,5184.0,2544.0,2024,2024-02
702184,2024-02-02,C101669,Multan,Store,T-Shirts,Oversized Tee,1,1810,990,0,COD,Yes,1810.0,820.0,2024,2024-02
704126,2025-03-22,C101569,Karachi,Store,Jackets,Hooded Jacket,1,4710,2390,0,Card,No,4710.0,2320.0,2025,2025-03
702942,2023-09-07,C100791,Karachi,Online,Jeans,High-Waist Jeans,1,4490,2380,0,Bank Transfer,No,4490.0,2110.0,2023,2023-09
702522,2025-04-02,C100755,Lahore,Store,Jeans,Straight Leg Jeans,1,3290,1830,15,COD,No,2796.5,966.5,2025,2025-04
700979,2024-03-31,C100412,Lahore,Store,T-Shirts,Polo Shirt,1,2300,1360,0,Card,No,2300.0,940.0,2024,2024-03
700086,2024-04-30,C102112,Lahore,Online,Accessories,Baseball Cap,3,970,590,0,COD,No,2910.0,1140.0,2024,2024-04
704463,2023-10-01,C100369,Peshawar,Store,Kurtas,Festive Kurta,1,4060,2010,0,Bank Transfer,No,4060.0,2050.0,2023,2023-10
704057,2025-06-05,C100058,Lahore,Online,Jeans,High-Waist Jeans,1,4510,2450,0,COD,No,4510.0,2060.0,2025,2025-06
700633,2024-09-20,C101161,Rawalpindi,Online,Accessories,Baseball Cap,3,940,520,0,Card,No,2820.0,1260.0,2024,2024-09
702810,2025-02-10,C101503,Karachi,Store,Kurtas,Festive Kurta,2,4110,2040,0,Card,No,8220.0,4140.0,2025,2025-02
702697,2024-08-07,C101946,Lahore,Online,Jeans,Slim Fit Jeans,1,3630,2070,15,COD,No,3085.5,1015.5,2024,2024-08
701813,2023-11-09,C101073,Peshawar,Online,T-Shirts,Graphic Print Tee,1,1610,920,20,COD,No,1288.0,368.0,2023,2023-11
704333,2024-12-17,C102008,Lahore,Online,Jeans,Slim Fit Jeans,1,3580,2320,30,Card,Yes,2506.0,186.0,2024,2024-12
700448,2024-04-11,C100822,Karachi,Online,T-Shirts,Graphic Print Tee,2,1440,660,0,Card,No,2880.0,1560.0,2024,2024-04
700478,2025-05-06,C101257,Faisalabad,Online,T-Shirts,Graphic Print Tee,2,1480,910,0,COD,No,2960.0,1140.0,2025,2025-05
700723,2024-05-10,C100953,Lahore,Online,Dresses,Maxi Dress,3,4700,2240,20,COD,No,11280.0,4560.0,2024,2024-05
700030,2024-08-26,C100407,Multan,Online,Kurtas,Cotton Kurta,1,2040,1090,0,COD,No,2040.0,950.0,2024,2024-08
702831,2024-07-22,C101721,Lahore,Store,Jeans,Slim Fit Jeans,2,3670,2090,0,Card,No,7340.0,3160.0,2024,2024-07
701510,2025-03-23,C101176,Karachi,Online,Accessories,Tote Bag,1,1590,1000,0,Wallet,No,1590.0,590.0,2025,2025-03
701339,2023-07-17,C100652,Rawalpindi,Online,Shoes,Boots,2,6900,4380,0,Card,No,13800.0,5040.0,2023,2023-07
703580,2025-03-09,C101049,Lahore,Online,Shoes,Sneakers,1,4780,2280,10,Card,No,4302.0,2022.0,2025,2025-03
703299,2024-02-18,C102094,Peshawar,Store,Jackets,Hooded Jacket,1,4840,2820,10,Bank Transfer,No,4356.0,1536.0,2024,2024-02
703077,2024-10-21,C100521,Karachi,Online,Dresses,Maxi Dress,2,4490,2310,0,Card,No,8980.0,4360.0,2024,2024-10
700761,2025-05-21,C100568,Karachi,Online,Kurtas,Festive Kurta,2,4100,2590,10,COD,No,7380.0,2200.0,2025,2025-05
702641,2024-11-26,C100175,Lahore,Online,Jeans,High-Waist Jeans,1,4510,2710,10,Bank Transfer,No,4059.0,1349.0,2024,2024-11
701398,2023-12-21,C100644,Islamabad,Online,Accessories,Sunglasses,2,2220,1100,25,Card,No,3330.0,1130.0,2023,2023-12
703390,2023-09-25,C100182,Islamabad,Store,T-Shirts,Polo Shirt,1,2120,1220,0,COD,No,2120.0,900.0,2023,2023-09
704113,2023-11-28,C101124,Karachi,Store,Jackets,Denim Jacket,2,5250,2390,15,COD,No,8925.0,4145.0,2023,2023-11
700611,2025-06-15,C101518,Lahore,Store,Shoes,Loafers,1,5050,3220,0,Card,No,5050.0,1830.0,2025,2025-06
702618,2024-10-11,C100076,Karachi,Store,Shoes,Boots,2,6210,3460,0,COD,No,12420.0,5500.0,2024,2024-10
700258,2024-07-24,C101836,Lahore,Online,T-Shirts,Oversized Tee,1,1900,1020,0,COD,No,1900.0,880.0,2024,2024-07
700325,2023-08-02,C100897,Lahore,Online,Jeans,Slim Fit Jeans,1,3560,1760,0,Card,No,3560.0,1800.0,2023,2023-08
702345,2024-09-28,C100168,Karachi,Online,Dresses,Wrap Dress,2,3980,1870,0,COD,Yes,7960.0,4220.0,2024,2024-09
704481,2025-05-11,C100283,Lahore,Store,Jackets,Bomber Jacket,1,5450,2680,0,Bank Transfer,No,5450.0,2770.0,2025,2025-05
702661,2025-03-09,C101668,Lahore,Online,Jackets,Denim Jacket,3,5940,3560,10,COD,No,16038.0,5358.0,2025,2025-03
703862,2023-10-12,C100493,Karachi,Online,Dresses,Wrap Dress,3,4100,1880,15,COD,No,10455.0,4815.0,2023,2023-10
704062,2023-11-20,C100308,Karachi,Store,Kurtas,Festive Kurta,1,4370,2610,30,Card,No,3059.0,449.0,2023,2023-11
703907,2023-09-18,C101993,Lahore,Store,Dresses,Maxi Dress,3,4820,2210,0,Card,No,14460.0,7830.0,2023,2023-09
702357,2025-05-06,C101808,Karachi,Online,T-Shirts,Polo Shirt,1,2240,1250,20,COD,Yes,1792.0,542.0,2025,2025-05
700412,2024-04-04,C101035,Rawalpindi,Store,Shoes,Loafers,2,5330,3400,10,COD,No,9594.0,2794.0,2024,2024-04
704958,2025-04-07,C100292,Peshawar,Online,Accessories,Sunglasses,1,2300,1070,0,COD,Yes,2300.0,1230.0,2025,2025-04
701324,2024-11-27,C101764,Lahore,Online,Kurtas,Festive Kurta,1,4460,2190,0,Wallet,No,4460.0,2270.0,2024,2024-11
702423,2024-11-26,C101745,Islamabad,Online,Jackets,Denim Jacket,1,5690,2890,0,Card,No,5690.0,2800.0,2024,2024-11
702492,2024-05-03,C101401,Lahore,Online,Kurtas,Printed Kurta,2,2360,1290,20,Bank Transfer,No,3776.0,1196.0,2024,2024-05
703348,2023-11-24,C101561,Islamabad,Online,Shoes,Loafers,1,5110,2470,10,Card,No,4599.0,2129.0,2023,2023-11
703223,2024-11-30,C100403,Lahore,Online,Jeans,High-Waist Jeans,3,4230,2710,0,Wallet,No,12690.0,4560.0,2024,2024-11
700218,2024-11-18,C101205,Lahore,Store,Kurtas,Embroidered Kurta,2,2960,1440,15,Card,No,5032.0,2152.0,2024,2024-11
701908,2025-06-30,C101019,Karachi,Online,Dresses,Bodycon Dress,1,3760,1970,0,COD,No,3760.0,1790.0,2025,2025-06
700795,2024-02-02,C100873,Karachi,Online,Jeans,Straight Leg Jeans,1,3360,1760,10,Bank Transfer,No,3024.0,1264.0,2024,2024-02
704258,2023-10-17,C102040,Karachi,Online,Dresses,Maxi Dress,2,4600,2390,15,Wallet,No,7820.0,3040.0,2023,2023-10
702463,2024-04-06,C100179,Faisalabad,Online,Jeans,Slim Fit Jeans,3,3740,1950,0,COD,No,11220.0,5370.0,2024,2024-04
704020,2024-07-06,C100302,Islamabad,Store,Jeans,Slim Fit Jeans,2,3380,2040,0,Card,No,6760.0,2680.0,2024,2024-07
703218,2025-01-31,C101796,Islamabad,Online,Kurtas,Festive Kurta,3,4180,2150,0,COD,No,12540.0,6090.0,2025,2025-01
701674,2024-06-02,C101640,Faisalabad,Online,T-Shirts,Polo Shirt,1,2160,1010,0,Card,No,2160.0,1150.0,2024,2024-06
703255,2023-11-20,C101269,Karachi,Online,Dresses,Wrap Dress,1,4040,2260,20,COD,No,3232.0,972.0,2023,2023-11
702923,2024-07-15,C100196,Islamabad,Store,Shoes,Boots,1,6330,3490,0,Bank Transfer,No,6330.0,2840.0,2024,2024-07
702281,2023-08-22,C101224,Lahore,Online,Kurtas,Cotton Kurta,1,1940,1040,0,COD,No,1940.0,900.0,2023,2023-08
703153,2024-10-31,C100366,Faisalabad,Online,Dresses,Maxi Dress,2,4680,2690,0,Bank Transfer,Yes,9360.0,3980.0,2024,2024-10
703932,2023-09-22,C101567,Lahore,Online,T-Shirts,Classic Cotton Tee,1,1270,750,0,Card,Yes,1270.0,520.0,2023,2023-09
701453,2024-04-16,C101472,Lahore,Online,Accessories,Leather Belt,1,1200,600,10,Unknown,No,1080.0,480.0,2024,2024-04
701911,2025-02-12,C100157,Rawalpindi,Online,Dresses,Bodycon Dress,1,3910,2370,0,COD,No,3910.0,1540.0,2025,2025-02
701359,2024-01-09,C101927,Rawalpindi,Online,Jeans,Straight Leg Jeans,1,3320,1770,10,Wallet,No,2988.0,1218.0,2024,2024-01
700329,2024-01-27,C100713,Peshawar,Online,Jeans,Ripped Jeans,1,3780,2040,0,Card,No,3780.0,1740.0,2024,2024-01
703541,2024-03-21,C101262,Karachi,Online,Kurtas,Cotton Kurta,1,1920,860,15,Card,No,1632.0,772.0,2024,2024-03
701875,2024-07-09,C101740,Lahore,Online,T-Shirts,Oversized Tee,1,1760,1120,0,Bank Transfer,No,1760.0,640.0,2024,2024-07
701125,2024-03-20,C101938,Lahore,Online,Jackets,Bomber Jacket,3,5530,2840,0,COD,No,16590.0,8070.0,2024,2024-03
704116,2023-12-12,C101810,Lahore,Store,Jeans,Ripped Jeans,2,4020,2070,15,Card,Yes,6834.0,2694.0,2023,2023-12
703226,2024-10-17,C101296,Lahore,Online,Jackets,Hooded Jacket,1,4600,2350,10,COD,No,4140.0,1790.0,2024,2024-10
703677,2025-03-11,C100798,Unknown,Store,Shoes,Sneakers,3,4290,2080,0,COD,No,12870.0,6630.0,2025,2025-03
701513,2025-05-21,C100329,Karachi,Online,T-Shirts,Polo Shirt,1,2340,1440,20,Bank Transfer,No,1872.0,432.0,2025,2025-05
701351,2023-10-16,C100708,Karachi,Online,Shoes,Loafers,1,5590,2650,0,Card,Yes,5590.0,2940.0,2023,2023-10
701171,2023-08-07,C101109,Lahore,Online,T-Shirts,Graphic Print Tee,1,1550,740,15,Card,No,1317.5,577.5,2023,2023-08
703897,2025-06-12,C101732,Faisalabad,Store,Accessories,Baseball Cap,3,940,550,10,Wallet,No,2538.0,888.0,2025,2025-06
701178,2024-09-01,C100848,Lahore,Online,Accessories,Sunglasses,1,2230,1100,0,Wallet,No,2230.0,1130.0,2024,2024-09
701550,2024-09-18,C101565,Karachi,Online,Accessories,Tote Bag,2,1560,780,0,Bank Transfer,No,3120.0,1560.0,2024,2024-09
701526,2024-03-06,C101593,Karachi,Online,Kurtas,Cotton Kurta,3,1940,950,0,COD,No,5820.0,2970.0,2024,2024-03
703444,2024-06-23,C100669,Karachi,Online,Shoes,Loafers,1,5010,3040,0,COD,No,5010.0,1970.0,2024,2024-06
702996,2025-04-21,C101125,Islamabad,Online,Kurtas,Festive Kurta,1,4010,2540,10,COD,No,3609.0,1069.0,2025,2025-04
700419,2024-11-18,C100637,Rawalpindi,Store,Kurtas,Cotton Kurta,1,2010,1000,0,COD,No,2010.0,1010.0,2024,2024-11
702953,2023-11-16,C101995,Faisalabad,Online,Dresses,Wrap Dress,1,3890,2340,0,Card,No,3890.0,1550.0,2023,2023-11
703348,2023-11-24,C101561,Islamabad,Online,T-Shirts,Classic Cotton Tee,1,1220,780,20,Card,No,976.0,196.0,2023,2023-11
700979,2024-03-31,C100412,Lahore,Store,Shoes,Sneakers,1,4470,2180,0,Card,No,4470.0,2290.0,2024,2024-03
705036,2025-03-28,C101278,Multan,Store,Jackets,Puffer Jacket,2,7250,4480,0,Wallet,No,14500.0,5540.0,2025,2025-03
700469,2024-10-12,C100138,Faisalabad,Online,Kurtas,Festive Kurta,1,4110,2230,0,COD,No,4110.0,1880.0,2024,2024-10
703483,2023-09-20,C100396,Multan,Online,T-Shirts,Oversized Tee,1,1860,1020,0,Card,No,1860.0,840.0,2023,2023-09
703523,2023-11-12,C100093,Karachi,Online,Accessories,Tote Bag,1,1620,790,15,Card,No,1377.0,587.0,2023,2023-11
703475,2024-10-13,C100037,Karachi,Store,Jackets,Denim Jacket,1,5620,3390,0,COD,No,5620.0,2230.0,2024,2024-10
704935,2024-12-29,C101704,Karachi,Online,T-Shirts,Graphic Print Tee,1,1470,760,10,Wallet,No,1323.0,563.0,2024,2024-12
704842,2024-06-03,C101752,Peshawar,Store,Shoes,Sneakers,3,4620,2470,15,COD,No,11781.0,4371.0,2024,2024-06
701577,2024-04-04,C101305,Peshawar,Online,Shoes,Sandals,1,2890,1540,0,COD,No,2890.0,1350.0,2024,2024-04
701201,2023-08-21,C100024,Faisalabad,Store,Kurtas,Printed Kurta,1,2400,1220,15,Card,No,2040.0,820.0,2023,2023-08
705104,2025-06-10,C101908,Faisalabad,Online,Jeans,Straight Leg Jeans,1,3260,1550,0,COD,No,3260.0,1710.0,2025,2025-06
703890,2025-01-20,C100577,Islamabad,Store,Kurtas,Embroidered Kurta,3,2920,1670,0,Wallet,No,8760.0,3750.0,2025,2025-01
703980,2023-11-09,C100409,Sialkot,Online,Kurtas,Cotton Kurta,1,2050,1180,0,Bank Transfer,Yes,2050.0,870.0,2023,2023-11
704470,2024-06-26,C101690,Faisalabad,Online,Accessories,Baseball Cap,1,910,500,10,Card,No,819.0,319.0,2024,2024-06
700500,2024-04-01,C101341,Faisalabad,Online,Dresses,Maxi Dress,2,4370,2490,0,Wallet,No,8740.0,3760.0,2024,2024-04
704643,2025-02-10,C100256,Faisalabad,Online,Jackets,Bomber Jacket,2,5310,3360,0,Card,No,10620.0,3900.0,2025,2025-02
703519,2024-09-22,C101312,Islamabad,Store,Accessories,Baseball Cap,2,960,540,0,Card,No,1920.0,840.0,2024,2024-09
704802,2024-03-24,C100731,Lahore,Online,Kurtas,Printed Kurta,2,2350,1490,0,Bank Transfer,No,4700.0,1720.0,2024,2024-03
704753,2024-03-28,C101884,Karachi,Online,Jeans,Straight Leg Jeans,1,3280,1610,0,COD,No,3280.0,1670.0,2024,2024-03
703844,2025-03-24,C101757,Sialkot,Online,Kurtas,Cotton Kurta,1,1870,1100,0,Unknown,No,1870.0,770.0,2025,2025-03
702464,2024-07-24,C100481,Lahore,Online,Jeans,Straight Leg Jeans,2,3290,1560,10,Card,No,5922.0,2802.0,2024,2024-07
701362,2024-12-31,C100342,Faisalabad,Online,Accessories,Tote Bag,2,1700,950,0,Card,No,3400.0,1500.0,2024,2024-12
705094,2024-06-21,C101647,Faisalabad,Online,Kurtas,Cotton Kurta,1,1930,890,10,Unknown,Yes,1737.0,847.0,2024,2024-06
704530,2023-11-26,C101956,Islamabad,Online,Jeans,Ripped Jeans,2,3850,1860,20,COD,No,6160.0,2440.0,2023,2023-11
704961,2024-11-25,C100772,Islamabad,Store,Kurtas,Embroidered Kurta,2,2990,1910,30,Bank Transfer,No,4186.0,366.0,2024,2024-11
700078,2025-03-08,C100388,Lahore,Store,Shoes,Sneakers,3,4830,2440,0,Card,No,14490.0,7170.0,2025,2025-03
704059,2024-12-25,C100664,Karachi,Online,Kurtas,Festive Kurta,1,4170,2220,15,COD,No,3544.5,1324.5,2024,2024-12
702756,2024-12-28,C100097,Lahore,Online,Dresses,Bodycon Dress,1,4060,2090,30,Unknown,Yes,2842.0,752.0,2024,2024-12
702130,2025-03-07,C101711,Karachi,Online,Shoes,Sneakers,1,4820,2380,0,COD,No,4820.0,2440.0,2025,2025-03
701153,2024-01-17,C102044,Sialkot,Online,Jackets,Bomber Jacket,3,5510,3230,0,COD,No,16530.0,6840.0,2024,2024-01
700264,2025-04-15,C101766,Sialkot,Online,T-Shirts,Classic Cotton Tee,1,1180,730,0,COD,No,1180.0,450.0,2025,2025-04
702352,2024-05-24,C100777,Lahore,Online,Dresses,Maxi Dress,3,4510,2820,10,Wallet,Yes,12177.0,3717.0,2024,2024-05
703233,2023-07-25,C100391,Lahore,Store,T-Shirts,Classic Cotton Tee,1,1260,600,10,COD,No,1134.0,534.0,2023,2023-07
700022,2024-12-21,C100179,Faisalabad,Online,Jackets,Puffer Jacket,3,6570,3460,25,Bank Transfer,No,14782.5,4402.5,2024,2024-12
703653,2025-04-09,C101721,Lahore,Store,Accessories,Sunglasses,3,2210,1180,20,Bank Transfer,No,5304.0,1764.0,2025,2025-04
704830,2023-08-26,C100919,Islamabad,Online,Dresses,Bodycon Dress,1,3610,2290,0,Card,No,3610.0,1320.0,2023,2023-08
704569,2025-05-26,C101945,Peshawar,Store,Shoes,Sneakers,2,4540,2420,0,Card,No,9080.0,4240.0,2025,2025-05
702368,2025-04-09,C100775,Multan,Store,Dresses,Bodycon Dress,3,3810,2100,15,Card,No,9715.5,3415.5,2025,2025-04
700299,2023-10-05,C101216,Karachi,Store,Jackets,Puffer Jacket,3,6590,3150,0,Bank Transfer,No,19770.0,10320.0,2023,2023-10
703961,2025-06-05,C100802,Peshawar,Store,Accessories,Sunglasses,1,2300,1480,15,COD,No,1955.0,475.0,2025,2025-06
704690,2025-05-11,C101754,Unknown,Online,Dresses,Bodycon Dress,1,3850,2360,0,Card,No,3850.0,1490.0,2025,2025-05
700965,2025-02-19,C102142,Faisalabad,Store,T-Shirts,Oversized Tee,2,1710,920,0,Bank Transfer,No,3420.0,1580.0,2025,2025-02
702373,2024-07-22,C101510,Lahore,Online,Kurtas,Cotton Kurta,1,1850,1170,0,COD,No,1850.0,680.0,2024,2024-07
702294,2024-07-31,C100133,Karachi,Online,Accessories,Baseball Cap,1,880,540,0,Card,No,880.0,340.0,2024,2024-07
701917,2025-04-06,C100538,Lahore,Online,Jackets,Bomber Jacket,2,5400,2450,0,Card,No,10800.0,5900.0,2025,2025-04
705091,2023-07-28,C100340,Lahore,Online,T-Shirts,Oversized Tee,1,1800,1110,0,Card,No,1800.0,690.0,2023,2023-07
704065,2025-03-30,C101415,Faisalabad,Online,Accessories,Sunglasses,1,2190,1360,15,COD,No,1861.5,501.5,2025,2025-03
704255,2025-01-28,C101808,Karachi,Store,Jackets,Denim Jacket,1,5690,2800,0,Card,No,5690.0,2890.0,2025,2025-01
703447,2025-02-05,C101635,Karachi,Store,Jeans,Straight Leg Jeans,2,3450,1720,0,COD,No,6900.0,3460.0,2025,2025-02
702866,2023-12-17,C100659,Karachi,Online,Kurtas,Festive Kurta,1,4510,2850,10,COD,No,4059.0,1209.0,2023,2023-12
702342,2024-12-08,C101769,Multan,Store,Shoes,Sneakers,2,4480,2140,0,Card,No,8960.0,4680.0,2024,2024-12
700208,2024-12-28,C101664,Peshawar,Store,Jackets,Puffer Jacket,3,7040,4280,30,Card,No,14784.0,1944.0,2024,2024-12
701569,2024-02-22,C101617,Islamabad,Online,Shoes,Loafers,1,5180,2400,10,Wallet,Yes,4662.0,2262.0,2024,2024-02
702578,2023-09-17,C101067,Rawalpindi,Store,Kurtas,Printed Kurta,1,2350,1460,15,Card,No,1997.5,537.5,2023,2023-09
704335,2024-09-02,C102030,Lahore,Store,Shoes,Sneakers,1,4660,2860,0,Card,Yes,4660.0,1800.0,2024,2024-09
701368,2024-07-03,C100558,Islamabad,Store,Dresses,Wrap Dress,1,4310,1990,15,Wallet,No,3663.5,1673.5,2024,2024-07
701534,2024-08-25,C101947,Peshawar,Online,Accessories,Baseball Cap,2,900,530,0,Bank Transfer,No,1800.0,740.0,2024,2024-08
700326,2023-11-21,C100926,Lahore,Store,Jeans,Slim Fit Jeans,2,3700,2010,25,Card,No,5550.0,1530.0,2023,2023-11
700286,2025-03-26,C101214,Karachi,Online,Jeans,Straight Leg Jeans,2,3200,1810,0,Card,No,6400.0,2780.0,2025,2025-03
702112,2025-01-14,C100010,Unknown,Online,Jackets,Bomber Jacket,1,5580,3370,0,Card,No,5580.0,2210.0,2025,2025-01
702518,2024-10-26,C101233,Rawalpindi,Store,Shoes,Loafers,2,5120,2390,10,COD,No,9216.0,4436.0,2024,2024-10
700987,2024-07-19,C102081,Lahore,Store,T-Shirts,Oversized Tee,1,1770,1010,0,Card,No,1770.0,760.0,2024,2024-07
701998,2023-09-30,C100455,Lahore,Online,T-Shirts,Oversized Tee,2,1840,870,0,COD,No,3680.0,1940.0,2023,2023-09
703010,2023-08-30,C100906,Karachi,Store,T-Shirts,Polo Shirt,1,2310,1150,0,Wallet,No,2310.0,1160.0,2023,2023-08
703932,2023-09-22,C101567,Lahore,Online,T-Shirts,Polo Shirt,1,2240,1270,0,Card,No,2240.0,970.0,2023,2023-09
704260,2024-10-04,C101019,Karachi,Online,Jackets,Hooded Jacket,1,5130,2560,10,Wallet,No,4617.0,2057.0,2024,2024-10
703712,2024-07-18,C101294,Karachi,Store,Jeans,Ripped Jeans,1,3730,2300,0,Wallet,No,3730.0,1430.0,2024,2024-07
703193,2024-07-17,C100793,Lahore,Store,Accessories,Leather Belt,1,1220,610,10,Wallet,No,1098.0,488.0,2024,2024-07
702257,2023-08-22,C100289,Lahore,Online,Dresses,Summer Floral Dress,3,3180,1690,0,Wallet,No,9540.0,4470.0,2023,2023-08
703604,2024-11-13,C100073,Lahore,Store,Accessories,Sunglasses,2,2300,1200,30,Card,No,3220.0,820.0,2024,2024-11
704623,2024-04-09,C102125,Karachi,Store,Dresses,Maxi Dress,1,4660,2340,10,Wallet,No,4194.0,1854.0,2024,2024-04
702300,2025-01-19,C101235,Lahore,Online,T-Shirts,Oversized Tee,3,1740,1010,0,Card,No,5220.0,2190.0,2025,2025-01
701921,2023-10-20,C101191,Karachi,Online,Shoes,Loafers,1,5360,3090,15,Card,No,4556.0,1466.0,2023,2023-10
701971,2024-03-13,C101224,Lahore,Online,T-Shirts,Classic Cotton Tee,3,1230,670,0,COD,No,3690.0,1680.0,2024,2024-03
702205,2023-11-28,C101380,Karachi,Online,Shoes,Boots,1,6290,3580,15,COD,No,5346.5,1766.5,2023,2023-11
702787,2023-12-28,C100156,Karachi,Store,T-Shirts,Graphic Print Tee,1,1530,850,20,Card,No,1224.0,374.0,2023,2023-12
700346,2025-06-15,C100482,Islamabad,Online,Dresses,Bodycon Dress,1,3900,1900,0,COD,No,3900.0,2000.0,2025,2025-06
703869,2024-12-11,C101705,Sialkot,Store,Accessories,Tote Bag,3,1590,830,0,COD,No,4770.0,2280.0,2024,2024-12
700618,2025-03-20,C100706,Faisalabad,Online,Shoes,Sandals,1,2870,1420,0,Bank Transfer,No,2870.0,1450.0,2025,2025-03
704960,2025-02-16,C101473,Karachi,Online,Kurtas,Cotton Kurta,1,2000,1200,0,COD,No,2000.0,800.0,2025,2025-02
704077,2025-01-09,C100936,Sialkot,Online,Jeans,Ripped Jeans,2,3960,2420,0,Card,No,7920.0,3080.0,2025,2025-01
702236,2023-08-30,C100287,Karachi,Online,Jackets,Puffer Jacket,2,7090,4550,0,COD,No,14180.0,5080.0,2023,2023-08
703681,2023-10-16,C101351,Multan,Online,Jeans,High-Waist Jeans,1,4190,2150,0,COD,No,4190.0,2040.0,2023,2023-10
704232,2024-11-10,C100072,Multan,Online,Accessories,Tote Bag,1,1580,990,20,Card,No,1264.0,274.0,2024,2024-11
701260,2024-02-19,C100423,Lahore,Online,Dresses,Maxi Dress,1,4400,2110,0,COD,No,4400.0,2290.0,2024,2024-02
701503,2023-07-19,C100110,Karachi,Online,Dresses,Summer Floral Dress,2,3040,1550,0,Card,No,6080.0,2980.0,2023,2023-07
700242,2024-01-24,C100256,Faisalabad,Store,Jackets,Bomber Jacket,2,5320,2620,0,Card,No,10640.0,5400.0,2024,2024-01
701185,2024-04-10,C100773,Multan,Store,Jackets,Bomber Jacket,2,5450,3010,10,Card,No,9810.0,3790.0,2024,2024-04
701057,2024-12-16,C102151,Lahore,Store,Accessories,Baseball Cap,1,950,520,20,Wallet,No,760.0,240.0,2024,2024-12
705142,2025-02-11,C102032,Karachi,Store,Kurtas,Embroidered Kurta,2,2990,1370,0,Unknown,No,5980.0,3240.0,2025,2025-02
701888,2025-06-16,C101742,Lahore,Online,Accessories,Tote Bag,1,1570,760,0,Wallet,No,1570.0,810.0,2025,2025-06
703132,2025-06-02,C101367,Lahore,Store,Shoes,Loafers,2,5240,3310,0,Card,No,10480.0,3860.0,2025,2025-06
704815,2025-01-07,C100535,Lahore,Online,Dresses,Maxi Dress,3,4730,2800,0,Card,No,14190.0,5790.0,2025,2025-01
702103,2023-08-18,C100339,Peshawar,Online,Jeans,Ripped Jeans,2,3870,2050,0,Card,No,7740.0,3640.0,2023,2023-08
704832,2024-07-16,C102193,Lahore,Online,Shoes,Sandals,1,2900,1640,0,Card,Yes,2900.0,1260.0,2024,2024-07
701864,2023-07-26,C100782,Karachi,Online,Accessories,Baseball Cap,1,960,440,0,Card,No,960.0,520.0,2023,2023-07
705165,2024-05-06,C100032,Karachi,Online,Kurtas,Festive Kurta,2,4310,2720,10,COD,No,7758.0,2318.0,2024,2024-05
703452,2024-03-05,C100353,Islamabad,Store,Kurtas,Festive Kurta,1,4400,2530,0,Card,No,4400.0,1870.0,2024,2024-03
700127,2025-03-01,C101432,Lahore,Online,Shoes,Sneakers,3,4710,2740,0,Card,No,14130.0,5910.0,2025,2025-03
704133,2025-06-12,C102128,Lahore,Online,Dresses,Wrap Dress,1,4030,2390,0,Bank Transfer,No,4030.0,1640.0,2025,2025-06
703117,2024-05-28,C100416,Lahore,Online,Shoes,Sandals,1,2800,1600,0,Unknown,No,2800.0,1200.0,2024,2024-05
702648,2024-12-10,C101224,Lahore,Store,Jackets,Puffer Jacket,1,6840,3330,0,COD,No,6840.0,3510.0,2024,2024-12
702822,2025-02-14,C100369,Peshawar,Store,Jackets,Puffer Jacket,1,7320,4560,15,COD,No,6222.0,1662.0,2025,2025-02
704798,2025-01-11,C101724,Karachi,Online,Jackets,Puffer Jacket,3,7130,3340,0,Wallet,Yes,21390.0,11370.0,2025,2025-01
703238,2024-03-13,C101472,Lahore,Online,Kurtas,Printed Kurta,1,2530,1170,0,Card,No,2530.0,1360.0,2024,2024-03
701858,2023-08-30,C101032,Islamabad,Online,Kurtas,Festive Kurta,1,4040,2250,10,COD,No,3636.0,1386.0,2023,2023-08
702264,2025-01-21,C100325,Rawalpindi,Online,Accessories,Leather Belt,2,1240,710,0,COD,No,2480.0,1060.0,2025,2025-01
703630,2025-01-08,C102188,Karachi,Online,Jeans,High-Waist Jeans,2,4290,2760,0,COD,No,8580.0,3060.0,2025,2025-01
703429,2024-05-25,C102095,Karachi,Online,T-Shirts,Polo Shirt,1,2290,1320,20,Bank Transfer,No,1832.0,512.0,2024,2024-05
700882,2024-08-29,C101525,Lahore,Online,Accessories,Leather Belt,1,1280,590,0,Wallet,No,1280.0,690.0,2024,2024-08
701751,2024-10-22,C101891,Faisalabad,Store,T-Shirts,Classic Cotton Tee,1,1200,720,0,Card,No,1200.0,480.0,2024,2024-10
704702,2025-02-20,C101339,Karachi,Store,T-Shirts,Graphic Print Tee,1,1460,790,10,COD,No,1314.0,524.0,2025,2025-02
702426,2025-05-04,C100165,Karachi,Online,Shoes,Sandals,2,2750,1600,0,Card,No,5500.0,2300.0,2025,2025-05
705031,2025-01-30,C100566,Faisalabad,Store,Jackets,Denim Jacket,3,5640,3390,0,Card,No,16920.0,6750.0,2025,2025-01
703055,2024-12-22,C100998,Sialkot,Store,Kurtas,Festive Kurta,2,4420,2760,20,COD,No,7072.0,1552.0,2024,2024-12
700298,2023-12-01,C102040,Karachi,Store,Dresses,Wrap Dress,2,4070,2600,20,Bank Transfer,No,6512.0,1312.0,2023,2023-12
702343,2024-07-01,C102030,Lahore,Store,Dresses,Bodycon Dress,1,3720,2050,0,COD,No,3720.0,1670.0,2024,2024-07
700206,2025-02-25,C100850,Lahore,Store,Dresses,Bodycon Dress,3,3790,2420,0,COD,No,11370.0,4110.0,2025,2025-02
703030,2025-03-28,C101646,Karachi,Online,Kurtas,Cotton Kurta,2,1830,1180,10,Wallet,No,3294.0,934.0,2025,2025-03
703243,2024-09-10,C101324,Karachi,Store,Shoes,Boots,1,6730,4210,0,COD,No,6730.0,2520.0,2024,2024-09
705191,2024-06-19,C100398,Karachi,Online,Jeans,Straight Leg Jeans,1,3120,1780,0,COD,No,3120.0,1340.0,2024,2024-06
700317,2023-09-10,C100241,Faisalabad,Online,Jackets,Denim Jacket,1,5280,2880,0,COD,No,5280.0,2400.0,2023,2023-09
704454,2024-12-05,C101224,Lahore,Online,T-Shirts,Graphic Print Tee,1,1450,690,0,COD,No,1450.0,760.0,2024,2024-12
700800,2024-09-08,C101947,Peshawar,Online,Kurtas,Embroidered Kurta,2,2750,1480,0,Wallet,No,5500.0,2540.0,2024,2024-09
700159,2024-12-09,C102030,Lahore,Store,Accessories,Leather Belt,1,1200,750,0,COD,No,1200.0,450.0,2024,2024-12
700827,2024-06-02,C100484,Lahore,Store,T-Shirts,Graphic Print Tee,1,1470,860,10,COD,No,1323.0,463.0,2024,2024-06
702722,2024-09-29,C100914,Sialkot,Online,Kurtas,Cotton Kurta,1,1850,1090,0,Wallet,No,1850.0,760.0,2024,2024-09
702022,2024-08-29,C100689,Islamabad,Online,Dresses,Summer Floral Dress,1,3310,1760,15,Card,No,2813.5,1053.5,2024,2024-08
701136,2025-06-29,C100567,Lahore,Online,Kurtas,Printed Kurta,1,2520,1440,0,Bank Transfer,No,2520.0,1080.0,2025,2025-06
702909,2023-07-29,C101196,Lahore,Online,T-Shirts,Classic Cotton Tee,2,1190,730,0,COD,Yes,2380.0,920.0,2023,2023-07
703635,2024-04-01,C102030,Lahore,Online,Jackets,Denim Jacket,1,5670,2800,10,Bank Transfer,Yes,5103.0,2303.0,2024,2024-04
702004,2025-02-28,C100693,Karachi,Online,Jeans,Straight Leg Jeans,3,3310,1560,0,COD,Yes,9930.0,5250.0,2025,2025-02
700220,2023-12-06,C100088,Lahore,Online,Jackets,Denim Jacket,3,5510,2530,20,COD,No,13224.0,5634.0,2023,2023-12
703043,2024-01-09,C102054,Karachi,Store,Jeans,High-Waist Jeans,3,4140,2360,15,Wallet,No,10557.0,3477.0,2024,2024-01
702122,2024-11-17,C101292,Islamabad,Online,Jackets,Hooded Jacket,1,4880,3060,20,Bank Transfer,No,3904.0,844.0,2024,2024-11
703742,2023-11-06,C101527,Karachi,Online,T-Shirts,Polo Shirt,2,2270,1390,30,Card,No,3178.0,398.0,2023,2023-11
701974,2025-01-24,C100704,Karachi,Store,Jeans,Straight Leg Jeans,1,3070,1620,10,COD,No,2763.0,1143.0,2025,2025-01
701922,2023-10-13,C102084,Rawalpindi,Online,Accessories,Baseball Cap,1,860,480,0,Card,No,860.0,380.0,2023,2023-10
701548,2023-12-24,C102129,Lahore,Store,T-Shirts,Oversized Tee,1,1780,1030,10,Card,No,1602.0,572.0,2023,2023-12
700472,2025-03-25,C100710,Sialkot,Online,Shoes,Sneakers,1,4510,2780,0,Card,No,4510.0,1730.0,2025,2025-03
700322,2024-02-09,C101922,Karachi,Online,Jackets,Denim Jacket,1,5750,3600,0,Bank Transfer,No,5750.0,2150.0,2024,2024-02
702216,2023-07-10,C102118,Lahore,Store,T-Shirts,Classic Cotton Tee,1,1230,660,0,Card,No,1230.0,570.0,2023,2023-07
703020,2023-11-24,C101652,Lahore,Online,Jackets,Hooded Jacket,1,4610,2210,15,COD,No,3918.5,1708.5,2023,2023-11
703930,2025-01-01,C101127,Rawalpindi,Online,Kurtas,Cotton Kurta,1,1890,1110,0,Wallet,No,1890.0,780.0,2025,2025-01
701681,2025-04-26,C101211,Multan,Store,Jackets,Bomber Jacket,1,5610,2620,0,Card,No,5610.0,2990.0,2025,2025-04
702899,2023-10-13,C100272,Lahore,Store,Kurtas,Cotton Kurta,2,2020,1190,0,Card,No,4040.0,1660.0,2023,2023-10
700996,2024-11-05,C101797,Unknown,Store,Kurtas,Embroidered Kurta,3,2720,1540,10,Bank Transfer,No,7344.0,2724.0,2024,2024-11
705053,2024-03-15,C101645,Karachi,Store,T-Shirts,Graphic Print Tee,1,1530,730,15,COD,No,1300.5,570.5,2024,2024-03
701274,2024-08-04,C100328,Islamabad,Store,T-Shirts,Polo Shirt,1,2350,1150,0,COD,No,2350.0,1200.0,2024,2024-08
700390,2024-05-15,C101484,Islamabad,Store,Accessories,Tote Bag,3,1580,910,0,Card,No,4740.0,2010.0,2024,2024-05
700576,2024-08-18,C101742,Lahore,Store,Kurtas,Festive Kurta,1,4050,2490,0,COD,Yes,4050.0,1560.0,2024,2024-08
702837,2024-02-03,C101890,Lahore,Store,Shoes,Sneakers,1,4850,2610,0,Bank Transfer,No,4850.0,2240.0,2024,2024-02
703868,2024-01-27,C101577,Multan,Online,Jeans,Ripped Jeans,1,3850,2040,0,COD,No,3850.0,1810.0,2024,2024-01
704741,2024-12-03,C101063,Islamabad,Online,Jeans,Slim Fit Jeans,2,3650,1810,0,Card,No,7300.0,3680.0,2024,2024-12
703017,2024-06-15,C101496,Multan,Online,Dresses,Maxi Dress,1,4770,2370,0,Card,No,4770.0,2400.0,2024,2024-06
703581,2023-10-12,C100761,Lahore,Online,Jeans,Slim Fit Jeans,2,3740,1710,10,Wallet,No,6732.0,3312.0,2023,2023-10
700646,2023-08-30,C101176,Karachi,Online,Jeans,Ripped Jeans,1,3960,2000,0,COD,No,3960.0,1960.0,2023,2023-08
701735,2024-05-31,C100916,Lahore,Online,Dresses,Wrap Dress,1,3870,1850,0,COD,No,3870.0,2020.0,2024,2024-05
702364,2023-12-26,C101925,Lahore,Online,Shoes,Sandals,3,2750,1280,30,Wallet,No,5775.0,1935.0,2023,2023-12
701121,2023-09-19,C101069,Karachi,Store,Accessories,Leather Belt,1,1260,680,0,Wallet,No,1260.0,580.0,2023,2023-09
704390,2023-09-27,C100459,Islamabad,Online,T-Shirts,Polo Shirt,3,2310,1190,0,Card,No,6930.0,3360.0,2023,2023-09
701399,2024-02-01,C100380,Islamabad,Online,Jackets,Hooded Jacket,1,4850,3040,0,Card,No,4850.0,1810.0,2024,2024-02
705179,2024-07-15,C101316,Islamabad,Online,Kurtas,Festive Kurta,1,4200,2070,10,Card,No,3780.0,1710.0,2024,2024-07
704788,2025-01-29,C100877,Karachi,Online,Jackets,Bomber Jacket,3,5370,2580,0,COD,No,16110.0,8370.0,2025,2025-01
700530,2024-08-20,C100539,Multan,Store,Kurtas,Embroidered Kurta,1,2870,1770,0,COD,No,2870.0,1100.0,2024,2024-08
704880,2023-07-05,C101191,Karachi,Online,Shoes,Loafers,1,5000,2790,0,COD,No,5000.0,2210.0,2023,2023-07
704915,2025-02-16,C101968,Karachi,Online,Shoes,Sandals,1,2680,1580,0,Card,No,2680.0,1100.0,2025,2025-02
704486,2023-11-30,C101048,Multan,Online,Accessories,Baseball Cap,1,910,550,15,COD,No,773.5,223.5,2023,2023-11
700421,2024-04-23,C100260,Lahore,Store,Kurtas,Cotton Kurta,3,1830,910,20,COD,No,4392.0,1662.0,2024,2024-04
700388,2025-03-30,C100263,Lahore,Online,Accessories,Sunglasses,2,2090,1070,10,Card,No,3762.0,1622.0,2025,2025-03
704054,2024-02-12,C100469,Islamabad,Online,Jackets,Hooded Jacket,1,5180,2670,0,Card,No,5180.0,2510.0,2024,2024-02
703185,2025-04-24,C100138,Faisalabad,Store,Kurtas,Embroidered Kurta,1,2710,1400,0,Card,No,2710.0,1310.0,2025,2025-04
704003,2025-05-04,C101918,Islamabad,Online,Kurtas,Embroidered Kurta,2,2800,1700,20,Bank Transfer,No,4480.0,1080.0,2025,2025-05
700309,2025-02-16,C101915,Lahore,Online,Jeans,Ripped Jeans,3,3830,2240,15,COD,No,9766.5,3046.5,2025,2025-02
704768,2023-09-11,C101019,Karachi,Online,Accessories,Sunglasses,3,2280,1130,0,Wallet,No,6840.0,3450.0,2023,2023-09
702106,2025-03-30,C100213,Faisalabad,Store,T-Shirts,Graphic Print Tee,3,1490,800,0,COD,No,4470.0,2070.0,2025,2025-03
701400,2024-12-22,C100881,Islamabad,Store,Jackets,Bomber Jacket,2,5240,2540,30,Card,No,7336.0,2256.0,2024,2024-12
703918,2024-02-22,C100428,Lahore,Online,Kurtas,Embroidered Kurta,3,2870,1860,10,Card,No,7749.0,2169.0,2024,2024-02
702726,2024-11-24,C101122,Multan,Online,Jeans,Straight Leg Jeans,2,3160,1720,0,Bank Transfer,No,6320.0,2880.0,2024,2024-11
701067,2023-10-01,C102119,Lahore,Store,Accessories,Sunglasses,3,2220,1440,10,Card,No,5994.0,1674.0,2023,2023-10
701843,2024-02-24,C101290,Karachi,Online,Kurtas,Cotton Kurta,1,1920,1150,10,Wallet,No,1728.0,578.0,2024,2024-02
703319,2025-02-04,C100262,Karachi,Store,Jackets,Bomber Jacket,2,5410,3390,0,COD,No,10820.0,4040.0,2025,2025-02
705056,2024-11-22,C100860,Faisalabad,Online,Kurtas,Printed Kurta,3,2340,1420,20,Card,No,5616.0,1356.0,2024,2024-11
704866,2023-09-02,C100549,Karachi,Online,Jackets,Denim Jacket,3,5300,2630,0,Wallet,No,15900.0,8010.0,2023,2023-09
703878,2024-05-27,C100230,Lahore,Online,Shoes,Boots,2,6290,2870,0,Bank Transfer,No,12580.0,6840.0,2024,2024-05
704981,2024-11-18,C101047,Faisalabad,Online,Jackets,Bomber Jacket,2,5240,2460,0,Bank Transfer,No,10480.0,5560.0,2024,2024-11
700553,2024-03-24,C101715,Faisalabad,Store,Jackets,Denim Jacket,3,5460,2480,0,Card,Yes,16380.0,8940.0,2024,2024-03
701889,2024-11-23,C101567,Lahore,Store,Shoes,Boots,2,6340,3440,20,Unknown,No,10144.0,3264.0,2024,2024-11
704594,2024-03-22,C101892,Islamabad,Store,Jackets,Hooded Jacket,2,4580,2520,0,COD,No,9160.0,4120.0,2024,2024-03
702711,2024-12-02,C101480,Karachi,Online,Kurtas,Printed Kurta,1,2310,1460,0,Wallet,No,2310.0,850.0,2024,2024-12
701384,2024-03-05,C100671,Islamabad,Store,Accessories,Tote Bag,1,1710,800,0,Wallet,No,1710.0,910.0,2024,2024-03
700703,2025-03-14,C101123,Lahore,Online,Jeans,Ripped Jeans,2,4050,2150,0,Card,No,8100.0,3800.0,2025,2025-03
701598,2024-12-03,C101407,Lahore,Online,Kurtas,Cotton Kurta,1,1920,860,10,Card,No,1728.0,868.0,2024,2024-12
701375,2024-11-16,C102157,Karachi,Store,Jackets,Hooded Jacket,3,5060,2500,0,Card,No,15180.0,7680.0,2024,2024-11
700459,2024-11-03,C100091,Rawalpindi,Online,Jackets,Hooded Jacket,2,4750,2730,25,Card,No,7125.0,1665.0,2024,2024-11
704106,2024-05-22,C100254,Lahore,Online,Shoes,Sneakers,1,4470,2180,10,Card,No,4023.0,1843.0,2024,2024-05
702318,2024-04-30,C100902,Lahore,Online,Dresses,Bodycon Dress,1,3890,2520,0,COD,No,3890.0,1370.0,2024,2024-04
704265,2024-07-16,C101385,Lahore,Store,Kurtas,Festive Kurta,1,4020,2100,0,COD,No,4020.0,1920.0,2024,2024-07
702925,2025-03-28,C100867,Faisalabad,Online,Kurtas,Printed Kurta,1,2390,1280,0,COD,No,2390.0,1110.0,2025,2025-03
704450,2024-11-27,C101038,Karachi,Store,Jackets,Puffer Jacket,3,7020,4460,30,Card,No,14742.0,1362.0,2024,2024-11
700868,2025-02-14,C101962,Islamabad,Store,Jackets,Denim Jacket,1,5610,3190,0,COD,No,5610.0,2420.0,2025,2025-02
702640,2024-11-13,C102088,Rawalpindi,Online,Shoes,Sneakers,1,4850,2240,10,COD,No,4365.0,2125.0,2024,2024-11
704192,2025-05-30,C101535,Karachi,Store,Accessories,Baseball Cap,1,910,580,10,COD,No,819.0,239.0,2025,2025-05
700444,2023-09-17,C101355,Lahore,Store,Shoes,Sneakers,1,4500,2280,0,Card,Yes,4500.0,2220.0,2023,2023-09
704015,2025-04-06,C101213,Karachi,Online,Kurtas,Printed Kurta,1,2300,1200,15,COD,No,1955.0,755.0,2025,2025-04
704464,2023-12-10,C100679,Karachi,Store,Jackets,Bomber Jacket,1,5020,3220,0,COD,No,5020.0,1800.0,2023,2023-12
701766,2025-03-31,C100101,Rawalpindi,Online,Accessories,Leather Belt,1,1240,560,0,Card,No,1240.0,680.0,2025,2025-03
702208,2024-11-10,C100902,Lahore,Store,Shoes,Boots,1,6620,3750,10,COD,No,5958.0,2208.0,2024,2024-11
702644,2023-07-30,C101710,Faisalabad,Online,Accessories,Baseball Cap,1,940,530,0,COD,No,940.0,410.0,2023,2023-07
700276,2024-02-20,C101620,Lahore,Online,Jackets,Denim Jacket,3,5720,3440,0,Wallet,No,17160.0,6840.0,2024,2024-02
700872,2024-10-21,C100196,Islamabad,Store,Dresses,Wrap Dress,1,4090,2320,0,COD,No,4090.0,1770.0,2024,2024-10
705152,2025-04-25,C100124,Lahore,Store,Kurtas,Festive Kurta,2,4320,2110,0,Wallet,No,8640.0,4420.0,2025,2025-04
700498,2024-09-10,C101915,Lahore,Online,Kurtas,Printed Kurta,1,2560,1200,0,Card,No,2560.0,1360.0,2024,2024-09
704831,2023-08-15,C100342,Faisalabad,Store,Dresses,Summer Floral Dress,1,3180,1920,0,COD,No,3180.0,1260.0,2023,2023-08
700222,2025-02-19,C100089,Islamabad,Store,Dresses,Maxi Dress,1,4410,2610,0,COD,No,4410.0,1800.0,2025,2025-02
701607,2025-06-23,C101753,Faisalabad,Store,Kurtas,Festive Kurta,2,4040,2170,10,COD,No,7272.0,2932.0,2025,2025-06
703934,2024-02-16,C100664,Karachi,Online,Shoes,Sneakers,1,4390,2180,10,COD,Yes,3951.0,1771.0,2024,2024-02
701749,2024-10-09,C100594,Lahore,Online,Shoes,Loafers,1,5230,3040,0,COD,No,5230.0,2190.0,2024,2024-10
704069,2024-05-11,C101800,Islamabad,Online,Shoes,Loafers,1,5140,2840,10,COD,No,4626.0,1786.0,2024,2024-05
702804,2024-12-03,C101471,Lahore,Online,T-Shirts,Graphic Print Tee,1,1620,760,15,Card,No,1377.0,617.0,2024,2024-12
702320,2023-07-18,C101315,Rawalpindi,Online,Jeans,Ripped Jeans,1,3650,1700,0,Wallet,Yes,3650.0,1950.0,2023,2023-07
700917,2024-01-10,C102054,Karachi,Online,Jeans,Slim Fit Jeans,1,3560,1790,0,COD,No,3560.0,1770.0,2024,2024-01
704188,2025-03-26,C101504,Faisalabad,Online,Shoes,Sneakers,1,4560,2920,10,COD,No,4104.0,1184.0,2025,2025-03
703222,2025-02-23,C102069,Islamabad,Online,Jackets,Hooded Jacket,1,4690,2520,0,Bank Transfer,No,4690.0,2170.0,2025,2025-02
700888,2024-08-29,C101859,Karachi,Online,T-Shirts,Polo Shirt,2,2280,1370,0,Card,No,4560.0,1820.0,2024,2024-08
702080,2024-08-25,C101814,Multan,Online,Dresses,Maxi Dress,2,4550,2610,0,Card,Yes,9100.0,3880.0,2024,2024-08
703692,2024-03-17,C101393,Lahore,Online,Jackets,Bomber Jacket,1,5430,2900,0,COD,No,5430.0,2530.0,2024,2024-03
704682,2023-12-09,C100731,Lahore,Store,Jeans,Slim Fit Jeans,1,3740,2200,20,Wallet,Yes,2992.0,792.0,2023,2023-12
702352,2024-05-24,C100777,Lahore,Online,Kurtas,Cotton Kurta,1,2000,1030,15,Wallet,No,1700.0,670.0,2024,2024-05
700420,2023-11-18,C100544,Lahore,Online,Dresses,Bodycon Dress,1,3740,2070,20,COD,No,2992.0,922.0,2023,2023-11
702242,2023-10-08,C100691,Peshawar,Online,Dresses,Wrap Dress,2,3880,2250,0,Card,No,7760.0,3260.0,2023,2023-10
701870,2024-06-27,C101839,Faisalabad,Online,Kurtas,Printed Kurta,2,2570,1390,15,COD,No,4369.0,1589.0,2024,2024-06
700634,2024-08-29,C100219,Karachi,Store,Jeans,Slim Fit Jeans,1,3690,2050,0,COD,No,3690.0,1640.0,2024,2024-08
704847,2024-09-09,C101464,Rawalpindi,Online,Accessories,Baseball Cap,3,870,470,0,COD,No,2610.0,1200.0,2024,2024-09
703826,2024-09-10,C100217,Lahore,Online,Kurtas,Embroidered Kurta,1,2890,1440,15,Card,No,2456.5,1016.5,2024,2024-09
701021,2024-06-17,C101213,Karachi,Store,Kurtas,Embroidered Kurta,1,2760,1450,10,COD,No,2484.0,1034.0,2024,2024-06
700628,2024-09-06,C101781,Faisalabad,Store,Jackets,Denim Jacket,3,5660,3680,0,COD,No,16980.0,5940.0,2024,2024-09
700911,2023-10-25,C101288,Karachi,Online,Accessories,Leather Belt,1,1170,760,0,Bank Transfer,No,1170.0,410.0,2023,2023-10
704038,2024-03-26,C101299,Karachi,Online,Jeans,Straight Leg Jeans,1,3310,1530,0,Bank Transfer,No,3310.0,1780.0,2024,2024-03
700851,2025-05-14,C101639,Rawalpindi,Online,Kurtas,Festive Kurta,2,4140,2530,10,COD,No,7452.0,2392.0,2025,2025-05
700414,2024-12-09,C101760,Karachi,Online,Jackets,Denim Jacket,1,5530,2640,20,COD,No,4424.0,1784.0,2024,2024-12
704365,2024-06-16,C101284,Peshawar,Online,Accessories,Sunglasses,1,2360,1280,0,COD,No,2360.0,1080.0,2024,2024-06
704843,2024-03-06,C101508,Lahore,Online,Dresses,Maxi Dress,1,4630,2450,0,Bank Transfer,No,4630.0,2180.0,2024,2024-03
702745,2024-05-10,C100882,Peshawar,Online,Kurtas,Cotton Kurta,1,2000,900,10,Card,No,1800.0,900.0,2024,2024-05
701104,2025-05-06,C101728,Lahore,Online,Jeans,Ripped Jeans,2,3670,2160,15,Card,No,6239.0,1919.0,2025,2025-05
702813,2024-05-04,C100749,Multan,Store,Shoes,Sandals,1,2750,1720,20,Wallet,No,2200.0,480.0,2024,2024-05
702599,2023-09-28,C101805,Rawalpindi,Online,Jeans,Straight Leg Jeans,1,3110,1660,0,COD,No,3110.0,1450.0,2023,2023-09
700708,2023-08-07,C101927,Rawalpindi,Online,T-Shirts,Oversized Tee,1,1940,1180,0,Wallet,No,1940.0,760.0,2023,2023-08
704878,2024-09-29,C102000,Multan,Online,T-Shirts,Classic Cotton Tee,1,1200,650,0,COD,No,1200.0,550.0,2024,2024-09
702612,2023-07-07,C100708,Karachi,Online,T-Shirts,Classic Cotton Tee,2,1290,630,0,COD,No,2580.0,1320.0,2023,2023-07
703831,2024-02-29,C101717,Islamabad,Store,T-Shirts,Graphic Print Tee,2,1500,850,0,Card,No,3000.0,1300.0,2024,2024-02
702464,2024-07-24,C100481,Lahore,Online,Accessories,Leather Belt,1,1190,560,15,Card,Yes,1011.5,451.5,2024,2024-07
702876,2023-12-07,C101362,Islamabad,Store,Shoes,Boots,3,6820,3380,15,COD,No,17391.0,7251.0,2023,2023-12
700819,2024-12-30,C102170,Karachi,Online,Jeans,Ripped Jeans,1,3880,2350,15,Bank Transfer,No,3298.0,948.0,2024,2024-12
701887,2025-03-20,C101776,Rawalpindi,Online,Jeans,Straight Leg Jeans,1,3290,1860,10,Card,No,2961.0,1101.0,2025,2025-03
700796,2024-05-21,C100067,Unknown,Online,Dresses,Bodycon Dress,1,3770,1990,10,Bank Transfer,No,3393.0,1403.0,2024,2024-05
703950,2025-06-02,C101790,Faisalabad,Online,Dresses,Wrap Dress,3,4160,1920,0,Wallet,No,12480.0,6720.0,2025,2025-06
704648,2024-09-15,C102034,Lahore,Online,Shoes,Loafers,1,5090,2430,0,Wallet,No,5090.0,2660.0,2024,2024-09
701778,2024-01-20,C101460,Faisalabad,Store,Jackets,Puffer Jacket,1,6520,3130,0,COD,No,6520.0,3390.0,2024,2024-01
702802,2025-06-22,C101466,Karachi,Store,Jeans,Slim Fit Jeans,1,3490,1790,0,Card,No,3490.0,1700.0,2025,2025-06
703813,2025-05-08,C100021,Karachi,Online,Accessories,Leather Belt,1,1160,720,0,COD,No,1160.0,440.0,2025,2025-05
705089,2025-03-23,C101327,Islamabad,Store,Shoes,Loafers,2,5200,3000,10,Bank Transfer,No,9360.0,3360.0,2025,2025-03
705077,2025-05-30,C100881,Islamabad,Online,Kurtas,Cotton Kurta,3,1830,1150,10,Card,No,4941.0,1491.0,2025,2025-05
701498,2024-01-16,C100262,Karachi,Online,Accessories,Leather Belt,2,1140,540,0,COD,No,2280.0,1200.0,2024,2024-01
704465,2024-12-23,C101087,Faisalabad,Online,Jeans,Ripped Jeans,1,3850,2400,0,COD,No,3850.0,1450.0,2024,2024-12
702591,2023-11-17,C101828,Peshawar,Store,Shoes,Loafers,1,5000,2960,15,Card,Yes,4250.0,1290.0,2023,2023-11
700452,2023-08-11,C102181,Sialkot,Store,T-Shirts,Classic Cotton Tee,1,1220,640,0,COD,No,1220.0,580.0,2023,2023-08
703154,2024-02-15,C100941,Multan,Store,Jeans,High-Waist Jeans,2,4150,1870,0,COD,Yes,8300.0,4560.0,2024,2024-02
701797,2025-02-21,C101710,Faisalabad,Online,T-Shirts,Polo Shirt,1,2230,1190,0,COD,No,2230.0,1040.0,2025,2025-02
703569,2024-03-25,C100230,Lahore,Online,Jeans,Slim Fit Jeans,2,3700,2340,0,COD,No,7400.0,2720.0,2024,2024-03
702729,2025-03-04,C101572,Islamabad,Online,Dresses,Wrap Dress,1,4200,2400,0,Bank Transfer,Yes,4200.0,1800.0,2025,2025-03
705178,2025-01-04,C101094,Islamabad,Store,Jackets,Puffer Jacket,1,7100,3300,15,Wallet,No,6035.0,2735.0,2025,2025-01
702408,2025-04-25,C100105,Rawalpindi,Store,T-Shirts,Graphic Print Tee,1,1540,910,0,Card,No,1540.0,630.0,2025,2025-04
700043,2023-10-04,C101065,Sialkot,Online,Jeans,Slim Fit Jeans,1,3540,2140,10,COD,No,3186.0,1046.0,2023,2023-10
702567,2025-04-21,C100051,Lahore,Online,Shoes,Loafers,2,5150,2330,15,COD,Yes,8755.0,4095.0,2025,2025-04
704924,2024-06-28,C102136,Karachi,Store,Dresses,Bodycon Dress,1,3640,2270,10,Wallet,Yes,3276.0,1006.0,2024,2024-06
702915,2025-05-29,C102088,Rawalpindi,Online,Jeans,Straight Leg Jeans,3,3170,1790,0,COD,No,9510.0,4140.0,2025,2025-05
703643,2024-10-20,C100770,Lahore,Store,Jeans,Ripped Jeans,1,3860,2410,10,COD,No,3474.0,1064.0,2024,2024-10
704643,2025-02-10,C100256,Faisalabad,Online,Jackets,Denim Jacket,3,5400,2790,0,Card,No,16200.0,7830.0,2025,2025-02
702000,2024-08-25,C101451,Islamabad,Online,Jeans,High-Waist Jeans,2,4360,2230,10,COD,No,7848.0,3388.0,2024,2024-08
704232,2024-11-10,C100072,Multan,Online,Dresses,Summer Floral Dress,1,3230,1940,0,Card,No,3230.0,1290.0,2024,2024-11
702914,2025-03-29,C101610,Lahore,Store,T-Shirts,Graphic Print Tee,3,1490,810,0,COD,No,4470.0,2040.0,2025,2025-03
701872,2023-09-24,C100510,Lahore,Store,Jeans,High-Waist Jeans,1,4410,2540,10,Card,No,3969.0,1429.0,2023,2023-09
700750,2023-10-21,C102132,Sialkot,Store,Jackets,Denim Jacket,1,5740,3390,0,COD,No,5740.0,2350.0,2023,2023-10
703807,2023-10-14,C100994,Peshawar,Online,Dresses,Bodycon Dress,1,3650,2000,10,COD,No,3285.0,1285.0,2023,2023-10
702420,2023-10-03,C100156,Karachi,Online,Jeans,High-Waist Jeans,1,4010,2240,0,Bank Transfer,No,4010.0,1770.0,2023,2023-10
703581,2023-10-12,C100761,Lahore,Online,Dresses,Bodycon Dress,1,3760,1780,0,Wallet,Yes,3760.0,1980.0,2023,2023-10
700092,2025-02-09,C100017,Lahore,Store,Jeans,Ripped Jeans,2,3650,2060,0,Bank Transfer,No,7300.0,3180.0,2025,2025-02
701205,2024-12-05,C101194,Multan,Online,T-Shirts,Classic Cotton Tee,3,1220,780,0,COD,No,3660.0,1320.0,2024,2024-12
703271,2023-08-13,C101721,Lahore,Online,T-Shirts,Graphic Print Tee,2,1590,880,0,COD,No,3180.0,1420.0,2023,2023-08
702733,2024-06-16,C100445,Rawalpindi,Online,T-Shirts,Graphic Print Tee,1,1500,810,0,Card,No,1500.0,690.0,2024,2024-06
701226,2025-06-07,C102046,Karachi,Online,Dresses,Wrap Dress,1,4170,2360,0,COD,No,4170.0,1810.0,2025,2025-06
701416,2025-06-19,C100981,Faisalabad,Online,Dresses,Bodycon Dress,1,4040,2230,15,COD,No,3434.0,1204.0,2025,2025-06
700400,2024-05-11,C100981,Faisalabad,Store,Kurtas,Printed Kurta,1,2550,1260,10,COD,No,2295.0,1035.0,2024,2024-05
703761,2025-03-01,C101190,Karachi,Online,Jackets,Denim Jacket,1,5540,2860,10,Wallet,No,4986.0,2126.0,2025,2025-03
702060,2025-03-25,C100089,Islamabad,Store,Dresses,Wrap Dress,2,4220,1970,0,Card,No,8440.0,4500.0,2025,2025-03
703706,2023-10-12,C100789,Islamabad,Online,T-Shirts,Polo Shirt,1,2280,1460,0,COD,No,2280.0,820.0,2023,2023-10
703235,2023-11-18,C101866,Peshawar,Online,Shoes,Loafers,1,5060,2340,20,Wallet,No,4048.0,1708.0,2023,2023-11
700883,2023-10-27,C100926,Lahore,Store,Jeans,Slim Fit Jeans,1,3670,1790,0,COD,No,3670.0,1880.0,2023,2023-10
704441,2023-11-10,C100411,Unknown,Store,Jackets,Bomber Jacket,1,5400,2790,25,Card,No,4050.0,1260.0,2023,2023-11
704114,2024-11-10,C102052,Karachi,Online,Accessories,Sunglasses,2,2310,1130,25,Unknown,No,3465.0,1205.0,2024,2024-11
703706,2023-10-12,C100789,Islamabad,Online,Jackets,Denim Jacket,1,5730,2890,0,COD,No,5730.0,2840.0,2023,2023-10
702054,2025-01-16,C100263,Lahore,Online,Shoes,Sneakers,2,4590,2150,0,Bank Transfer,Yes,9180.0,4880.0,2025,2025-01
704524,2024-12-01,C100396,Multan,Online,Jeans,Straight Leg Jeans,2,3340,1910,20,COD,No,5344.0,1524.0,2024,2024-12
703578,2024-09-27,C101047,Faisalabad,Online,Shoes,Loafers,1,5090,3000,0,Card,No,5090.0,2090.0,2024,2024-09
702261,2025-03-23,C101115,Lahore,Online,Shoes,Sneakers,1,4730,2420,0,COD,No,4730.0,2310.0,2025,2025-03
704728,2024-07-16,C101357,Karachi,Online,Accessories,Tote Bag,1,1650,950,0,COD,No,1650.0,700.0,2024,2024-07
700539,2024-04-26,C101585,Peshawar,Online,T-Shirts,Oversized Tee,2,1810,1120,10,Bank Transfer,No,3258.0,1018.0,2024,2024-04
704070,2024-05-21,C100748,Faisalabad,Store,Kurtas,Cotton Kurta,2,1810,950,0,Card,No,3620.0,1720.0,2024,2024-05
701492,2024-03-14,C100485,Karachi,Store,Accessories,Sunglasses,1,2250,1460,0,Wallet,No,2250.0,790.0,2024,2024-03
701367,2023-07-28,C101193,Sialkot,Online,Dresses,Bodycon Dress,1,3810,2300,10,COD,No,3429.0,1129.0,2023,2023-07
700259,2024-03-28,C101253,Islamabad,Online,Kurtas,Cotton Kurta,2,1810,1110,10,Card,No,3258.0,1038.0,2024,2024-03
701814,2023-11-27,C100660,Karachi,Online,Accessories,Sunglasses,1,2120,1050,20,COD,No,1696.0,646.0,2023,2023-11
702651,2025-04-28,C102191,Islamabad,Online,Kurtas,Printed Kurta,3,2490,1480,10,Wallet,Yes,6723.0,2283.0,2025,2025-04
701681,2025-04-26,C101211,Multan,Store,Jeans,Straight Leg Jeans,2,3190,1980,15,Card,No,5423.0,1463.0,2025,2025-04
704460,2023-12-31,C101995,Faisalabad,Store,Jeans,High-Waist Jeans,1,4390,2710,20,Card,No,3512.0,802.0,2023,2023-12
704720,2025-03-30,C100948,Multan,Online,Dresses,Maxi Dress,2,4760,3050,0,COD,No,9520.0,3420.0,2025,2025-03
701381,2024-01-27,C101164,Lahore,Online,Shoes,Boots,3,6960,3290,0,COD,No,20880.0,11010.0,2024,2024-01
702099,2024-03-10,C101347,Karachi,Online,Shoes,Boots,3,6890,4300,15,Card,No,17569.5,4669.5,2024,2024-03
705017,2023-10-13,C101862,Sialkot,Store,Jackets,Denim Jacket,2,5480,2760,0,Card,No,10960.0,5440.0,2023,2023-10
703375,2024-02-22,C101075,Karachi,Online,Kurtas,Embroidered Kurta,2,2950,1660,0,Bank Transfer,No,5900.0,2580.0,2024,2024-02
704312,2024-09-24,C100179,Faisalabad,Online,Accessories,Sunglasses,3,2140,990,0,Bank Transfer,No,6420.0,3450.0,2024,2024-09
700162,2023-12-06,C100652,Rawalpindi,Store,T-Shirts,Graphic Print Tee,1,1600,850,25,COD,No,1200.0,350.0,2023,2023-12
704458,2023-12-26,C100402,Faisalabad,Online,Jeans,Straight Leg Jeans,1,3190,1460,15,COD,No,2711.5,1251.5,2023,2023-12
702331,2025-05-17,C100016,Islamabad,Online,T-Shirts,Polo Shirt,3,2190,1340,0,Bank Transfer,No,6570.0,2550.0,2025,2025-05
700288,2024-03-16,C100615,Faisalabad,Store,Kurtas,Printed Kurta,3,2520,1160,0,COD,No,7560.0,4080.0,2024,2024-03
704500,2024-10-03,C100406,Karachi,Store,Jackets,Hooded Jacket,2,4760,2610,0,COD,No,9520.0,4300.0,2024,2024-10
705042,2025-02-06,C102166,Peshawar,Online,Dresses,Bodycon Dress,2,4040,1850,0,Wallet,No,8080.0,4380.0,2025,2025-02
704960,2025-02-16,C101473,Karachi,Online,T-Shirts,Classic Cotton Tee,2,1250,670,0,COD,No,2500.0,1160.0,2025,2025-02
700710,2024-02-26,C100505,Faisalabad,Online,Accessories,Leather Belt,1,1260,740,0,Card,No,1260.0,520.0,2024,2024-02
702424,2025-01-15,C101275,Karachi,Online,T-Shirts,Classic Cotton Tee,2,1220,720,0,Wallet,No,2440.0,1000.0,2025,2025-01
704229,2025-05-03,C101909,Peshawar,Online,T-Shirts,Classic Cotton Tee,2,1210,780,0,COD,No,2420.0,860.0,2025,2025-05
705144,2024-01-02,C102076,Sialkot,Store,Jeans,High-Waist Jeans,1,4020,2540,0,COD,No,4020.0,1480.0,2024,2024-01
704499,2025-05-17,C101265,Faisalabad,Online,Shoes,Sneakers,1,4470,2180,20,Card,No,3576.0,1396.0,2025,2025-05
700616,2025-01-13,C102153,Faisalabad,Online,Dresses,Wrap Dress,3,4180,1960,0,COD,Yes,12540.0,6660.0,2025,2025-01
700226,2024-09-11,C100477,Islamabad,Store,Kurtas,Festive Kurta,2,4350,2650,0,Wallet,No,8700.0,3400.0,2024,2024-09
703432,2025-06-15,C101269,Karachi,Online,T-Shirts,Oversized Tee,2,1740,820,0,Bank Transfer,No,3480.0,1840.0,2025,2025-06
704271,2024-11-07,C101946,Lahore,Online,Shoes,Boots,1,6980,3570,15,COD,No,5933.0,2363.0,2024,2024-11
700240,2025-05-03,C102069,Islamabad,Store,Jackets,Denim Jacket,3,5840,3050,0,Card,No,17520.0,8370.0,2025,2025-05
702858,2024-03-01,C101839,Faisalabad,Store,Jackets,Bomber Jacket,1,5240,2770,0,COD,No,5240.0,2470.0,2024,2024-03
702415,2024-12-13,C101833,Lahore,Online,Shoes,Sandals,2,2790,1670,20,Bank Transfer,No,4464.0,1124.0,2024,2024-12
703703,2024-06-25,C100666,Faisalabad,Store,Jeans,Straight Leg Jeans,1,3220,2070,0,Bank Transfer,No,3220.0,1150.0,2024,2024-06
705042,2025-02-06,C102166,Peshawar,Online,Shoes,Loafers,1,5440,3320,0,Wallet,No,5440.0,2120.0,2025,2025-02
700798,2024-07-30,C100089,Islamabad,Online,Dresses,Summer Floral Dress,3,3190,1460,10,COD,No,8613.0,4233.0,2024,2024-07
701021,2024-06-17,C101213,Karachi,Store,Kurtas,Festive Kurta,2,4260,1950,0,COD,No,8520.0,4620.0,2024,2024-06
703130,2023-09-24,C101226,Karachi,Online,Accessories,Tote Bag,3,1550,910,10,COD,No,4185.0,1455.0,2023,2023-09
702564,2025-01-05,C102151,Lahore,Store,Kurtas,Cotton Kurta,2,1910,900,0,Wallet,No,3820.0,2020.0,2025,2025-01
703646,2024-02-28,C101009,Karachi,Online,Shoes,Sneakers,1,4300,2780,0,Wallet,No,4300.0,1520.0,2024,2024-02
702217,2023-07-02,C100511,Multan,Online,Jeans,Straight Leg Jeans,2,3220,1810,0,Wallet,No,6440.0,2820.0,2023,2023-07
700082,2024-01-25,C100407,Multan,Online,Kurtas,Festive Kurta,1,4290,1990,0,Card,No,4290.0,2300.0,2024,2024-01
702268,2025-04-24,C100755,Lahore,Online,Kurtas,Festive Kurta,1,4420,2450,20,COD,No,3536.0,1086.0,2025,2025-04
700558,2024-01-23,C102099,Lahore,Store,Kurtas,Festive Kurta,2,4030,2260,0,Wallet,Yes,8060.0,3540.0,2024,2024-01
703018,2023-10-06,C101350,Faisalabad,Online,Shoes,Boots,1,6970,4430,10,Card,Yes,6273.0,1843.0,2023,2023-10
704868,2024-09-15,C102152,Faisalabad,Store,Jeans,Straight Leg Jeans,1,3290,1870,0,Wallet,No,3290.0,1420.0,2024,2024-09
701865,2024-04-21,C100365,Karachi,Online,T-Shirts,Classic Cotton Tee,2,1250,690,20,Card,No,2000.0,620.0,2024,2024-04
704946,2024-08-19,C100327,Islamabad,Online,Dresses,Maxi Dress,2,4580,2750,0,Bank Transfer,No,9160.0,3660.0,2024,2024-08
702627,2025-05-14,C100067,Karachi,Online,Shoes,Boots,1,6370,4130,15,Wallet,No,5414.5,1284.5,2025,2025-05
701407,2025-03-07,C100498,Unknown,Online,Jeans,Ripped Jeans,1,4010,2550,15,COD,No,3408.5,858.5,2025,2025-03
703790,2023-08-08,C101088,Karachi,Online,Kurtas,Printed Kurta,1,2470,1150,10,Card,No,2223.0,1073.0,2023,2023-08
704250,2025-06-14,C100706,Faisalabad,Online,Dresses,Wrap Dress,1,4110,2650,0,COD,No,4110.0,1460.0,2025,2025-06
700707,2023-10-25,C101612,Faisalabad,Store,Jackets,Hooded Jacket,1,4610,2500,0,Card,No,4610.0,2110.0,2023,2023-10
700021,2025-06-07,C102167,Karachi,Store,T-Shirts,Classic Cotton Tee,2,1280,810,0,Card,No,2560.0,940.0,2025,2025-06
703542,2024-06-01,C101299,Karachi,Online,Jeans,Slim Fit Jeans,2,3430,2000,0,COD,No,6860.0,2860.0,2024,2024-06
704290,2025-02-04,C100202,Islamabad,Store,Accessories,Sunglasses,1,2290,1300,0,COD,No,2290.0,990.0,2025,2025-02
703570,2024-01-11,C100774,Lahore,Store,T-Shirts,Polo Shirt,2,2290,1270,15,COD,No,3893.0,1353.0,2024,2024-01
700540,2023-08-26,C101397,Peshawar,Online,Kurtas,Cotton Kurta,3,1940,910,0,Bank Transfer,No,5820.0,3090.0,2023,2023-08
702248,2024-07-05,C100016,Islamabad,Store,T-Shirts,Classic Cotton Tee,1,1290,720,0,COD,No,1290.0,570.0,2024,2024-07
701644,2025-01-07,C101944,Multan,Store,Kurtas,Embroidered Kurta,1,2710,1410,0,COD,No,2710.0,1300.0,2025,2025-01
700942,2024-08-03,C101647,Faisalabad,Online,Accessories,Tote Bag,2,1640,950,15,Card,No,2788.0,888.0,2024,2024-08
702721,2024-07-07,C100889,Rawalpindi,Store,Kurtas,Embroidered Kurta,1,2780,1550,0,Card,No,2780.0,1230.0,2024,2024-07
700425,2025-06-25,C101106,Lahore,Online,Shoes,Sandals,2,2760,1600,0,COD,No,5520.0,2320.0,2025,2025-06
700653,2023-08-31,C102181,Sialkot,Store,Shoes,Loafers,1,5590,3520,10,COD,Yes,5031.0,1511.0,2023,2023-08
703620,2023-08-12,C101544,Karachi,Online,Kurtas,Cotton Kurta,2,1890,1180,0,COD,No,3780.0,1420.0,2023,2023-08
702189,2023-09-12,C101873,Sialkot,Store,Shoes,Sandals,1,2750,1400,0,COD,No,2750.0,1350.0,2023,2023-09
700711,2024-09-28,C101483,Lahore,Online,Kurtas,Cotton Kurta,1,1810,820,0,COD,Yes,1810.0,990.0,2024,2024-09
700870,2024-02-25,C102185,Lahore,Store,Jackets,Denim Jacket,3,5490,2700,0,Card,No,16470.0,8370.0,2024,2024-02
702014,2023-10-30,C101013,Sialkot,Store,Accessories,Baseball Cap,1,940,600,10,Card,No,846.0,246.0,2023,2023-10
702694,2024-12-10,C101262,Karachi,Store,Jeans,Ripped Jeans,1,3940,1940,0,Card,No,3940.0,2000.0,2024,2024-12
704065,2025-03-30,C101415,Faisalabad,Online,T-Shirts,Graphic Print Tee,1,1540,730,0,COD,Yes,1540.0,810.0,2025,2025-03
700691,2024-03-17,C100680,Lahore,Online,Jackets,Puffer Jacket,1,6770,4400,0,Card,No,6770.0,2370.0,2024,2024-03
700297,2025-05-03,C101620,Lahore,Online,Dresses,Maxi Dress,1,4500,2870,0,COD,No,4500.0,1630.0,2025,2025-05
704728,2024-07-16,C101357,Karachi,Online,T-Shirts,Oversized Tee,3,1900,970,0,COD,Yes,5700.0,2790.0,2024,2024-07
703621,2025-01-09,C101517,Sialkot,Online,Dresses,Bodycon Dress,3,3750,1710,0,COD,No,11250.0,6120.0,2025,2025-01
704693,2024-06-26,C101560,Sialkot,Online,Kurtas,Printed Kurta,1,2560,1340,0,COD,No,2560.0,1220.0,2024,2024-06
700939,2024-06-02,C101099,Lahore,Online,T-Shirts,Oversized Tee,1,1850,1100,10,COD,No,1665.0,565.0,2024,2024-06
700081,2024-06-30,C101481,Lahore,Online,Accessories,Sunglasses,3,2370,1490,0,COD,No,7110.0,2640.0,2024,2024-06
701451,2024-06-18,C101009,Unknown,Online,Dresses,Bodycon Dress,1,4080,2000,0,Wallet,Yes,4080.0,2080.0,2024,2024-06
703303,2024-12-20,C101927,Unknown,Online,Jeans,Slim Fit Jeans,1,3410,1790,15,COD,No,2898.5,1108.5,2024,2024-12
703483,2023-09-20,C100396,Multan,Online,Dresses,Summer Floral Dress,2,3050,1900,0,Card,No,6100.0,2300.0,2023,2023-09
701847,2024-08-12,C100508,Karachi,Store,Jeans,Slim Fit Jeans,1,3600,1730,0,COD,No,3600.0,1870.0,2024,2024-08
703553,2025-05-29,C100231,Karachi,Online,Accessories,Baseball Cap,2,860,510,0,Card,No,1720.0,700.0,2025,2025-05
705113,2025-06-14,C100266,Karachi,Online,Dresses,Bodycon Dress,1,4020,2220,15,Wallet,Yes,3417.0,1197.0,2025,2025-06
702146,2023-10-05,C101561,Islamabad,Online,Kurtas,Cotton Kurta,2,2000,920,15,COD,No,3400.0,1560.0,2023,2023-10
704951,2023-11-23,C100981,Faisalabad,Online,Kurtas,Cotton Kurta,1,1990,1150,20,Bank Transfer,No,1592.0,442.0,2023,2023-11
703511,2024-02-28,C101555,Faisalabad,Store,Jackets,Bomber Jacket,1,5580,2970,10,Card,No,5022.0,2052.0,2024,2024-02
704636,2024-08-04,C101088,Karachi,Store,T-Shirts,Classic Cotton Tee,1,1280,740,10,Bank Transfer,No,1152.0,412.0,2024,2024-08
703696,2025-04-01,C100005,Sialkot,Online,Jackets,Puffer Jacket,2,7170,3400,0,Card,No,14340.0,7540.0,2025,2025-04
701113,2023-07-25,C101297,Lahore,Store,T-Shirts,Polo Shirt,1,2110,1070,0,COD,No,2110.0,1040.0,2023,2023-07
700873,2025-02-19,C100947,Multan,Store,Dresses,Summer Floral Dress,1,3340,1550,0,Wallet,Yes,3340.0,1790.0,2025,2025-02
701278,2023-09-30,C100266,Karachi,Online,T-Shirts,Graphic Print Tee,1,1480,700,0,COD,No,1480.0,780.0,2023,2023-09
702337,2025-06-04,C101186,Karachi,Store,Dresses,Bodycon Dress,1,3920,1810,0,COD,Yes,3920.0,2110.0,2025,2025-06
701506,2025-01-26,C100352,Islamabad,Online,Shoes,Sandals,2,2750,1780,15,Card,No,4675.0,1115.0,2025,2025-01
700557,2025-02-05,C100461,Lahore,Online,Dresses,Summer Floral Dress,1,3420,1960,0,Card,No,3420.0,1460.0,2025,2025-02
704769,2025-06-06,C100999,Karachi,Online,Kurtas,Embroidered Kurta,1,2830,1360,0,Bank Transfer,Yes,2830.0,1470.0,2025,2025-06
704910,2023-12-14,C101845,Islamabad,Online,Jeans,High-Waist Jeans,2,4390,2400,15,COD,No,7463.0,2663.0,2023,2023-12
701730,2024-11-20,C100325,Rawalpindi,Online,Shoes,Boots,1,6610,3680,20,Bank Transfer,Yes,5288.0,1608.0,2024,2024-11
704685,2025-04-27,C100255,Faisalabad,Online,Jackets,Puffer Jacket,1,7130,3540,10,COD,No,6417.0,2877.0,2025,2025-04
705171,2023-11-18,C100593,Islamabad,Store,Dresses,Maxi Dress,1,4430,2690,30,Card,No,3101.0,411.0,2023,2023-11
702950,2025-01-03,C100789,Islamabad,Online,T-Shirts,Graphic Print Tee,2,1540,740,0,Card,No,3080.0,1600.0,2025,2025-01
702131,2025-05-15,C100650,Karachi,Store,Jeans,Straight Leg Jeans,1,3350,1860,0,COD,No,3350.0,1490.0,2025,2025-05
702134,2023-11-13,C102185,Lahore,Online,Jeans,Straight Leg Jeans,2,3430,1930,10,Bank Transfer,No,6174.0,2314.0,2023,2023-11
704310,2025-02-03,C101207,Karachi,Online,Accessories,Sunglasses,2,2370,1220,10,COD,No,4266.0,1826.0,2025,2025-02
703055,2024-12-22,C100998,Sialkot,Store,Jeans,Straight Leg Jeans,1,3370,1760,0,COD,No,3370.0,1610.0,2024,2024-12
703433,2024-02-28,C101999,Islamabad,Store,Jeans,Slim Fit Jeans,1,3440,1650,0,Wallet,No,3440.0,1790.0,2024,2024-02
704452,2024-07-02,C101395,Lahore,Store,Dresses,Maxi Dress,1,4780,2450,0,COD,No,4780.0,2330.0,2024,2024-07
704240,2025-02-12,C101495,Islamabad,Online,T-Shirts,Graphic Print Tee,1,1470,940,0,Card,No,1470.0,530.0,2025,2025-02
702272,2023-07-30,C100315,Karachi,Store,T-Shirts,Graphic Print Tee,2,1480,870,10,COD,No,2664.0,924.0,2023,2023-07
701934,2024-10-30,C100480,Karachi,Online,Jackets,Denim Jacket,2,5650,3590,10,Wallet,No,10170.0,2990.0,2024,2024-10
701723,2023-09-06,C101499,Rawalpindi,Store,Jeans,Slim Fit Jeans,2,3530,2110,15,Card,No,6001.0,1781.0,2023,2023-09
700496,2023-10-20,C101161,Rawalpindi,Online,Kurtas,Festive Kurta,1,4230,2540,10,COD,No,3807.0,1267.0,2023,2023-10
701198,2024-02-15,C101277,Lahore,Online,Jeans,Ripped Jeans,1,3900,2070,0,Card,No,3900.0,1830.0,2024,2024-02
702355,2024-10-08,C100155,Rawalpindi,Online,Shoes,Sandals,2,2960,1740,0,Wallet,No,5920.0,2440.0,2024,2024-10
703636,2024-10-07,C101798,Islamabad,Online,Jackets,Puffer Jacket,1,6720,4110,0,Wallet,No,6720.0,2610.0,2024,2024-10
703915,2024-08-18,C101799,Islamabad,Store,T-Shirts,Oversized Tee,3,1730,1090,0,Card,No,5190.0,1920.0,2024,2024-08
704081,2024-07-07,C100980,Sialkot,Online,T-Shirts,Graphic Print Tee,1,1530,910,0,COD,No,1530.0,620.0,2024,2024-07
701786,2025-04-30,C100183,Karachi,Online,Kurtas,Printed Kurta,1,2580,1600,0,Unknown,No,2580.0,980.0,2025,2025-04
703273,2024-02-28,C101467,Lahore,Online,Accessories,Tote Bag,2,1550,1000,0,COD,No,3100.0,1100.0,2024,2024-02
703220,2023-11-20,C100497,Islamabad,Store,Jeans,Ripped Jeans,1,4060,2520,15,Card,No,3451.0,931.0,2023,2023-11
704698,2024-10-23,C100371,Karachi,Online,Jeans,Slim Fit Jeans,1,3680,1910,15,COD,No,3128.0,1218.0,2024,2024-10
703138,2024-04-20,C101896,Rawalpindi,Store,Dresses,Wrap Dress,2,4010,2300,15,Card,Yes,6817.0,2217.0,2024,2024-04
701137,2024-09-24,C100125,Karachi,Store,Shoes,Boots,1,6860,3690,0,COD,No,6860.0,3170.0,2024,2024-09
703976,2023-10-04,C101259,Sialkot,Online,Dresses,Bodycon Dress,3,4030,2370,0,Card,Yes,12090.0,4980.0,2023,2023-10
702287,2023-09-20,C100468,Lahore,Online,Kurtas,Festive Kurta,1,4260,2110,0,COD,No,4260.0,2150.0,2023,2023-09
700660,2025-04-05,C101279,Islamabad,Online,Jeans,Straight Leg Jeans,1,3360,1890,0,COD,No,3360.0,1470.0,2025,2025-04
702191,2024-06-15,C101834,Lahore,Online,Shoes,Sandals,1,2700,1710,10,Card,No,2430.0,720.0,2024,2024-06
700614,2024-06-06,C101200,Islamabad,Online,Jeans,High-Waist Jeans,1,4050,2290,0,COD,No,4050.0,1760.0,2024,2024-06
705048,2024-03-23,C100682,Lahore,Store,Shoes,Boots,3,6920,4040,0,COD,No,20760.0,8640.0,2024,2024-03
701880,2024-07-02,C100801,Karachi,Online,Dresses,Bodycon Dress,2,3830,1960,15,Wallet,No,6511.0,2591.0,2024,2024-07
702480,2023-07-22,C102139,Multan,Online,Accessories,Tote Bag,1,1680,820,10,Wallet,Yes,1512.0,692.0,2023,2023-07
704344,2024-05-18,C101526,Karachi,Store,Jeans,Straight Leg Jeans,2,3110,1540,15,COD,No,5287.0,2207.0,2024,2024-05
700130,2023-10-23,C101886,Lahore,Online,Dresses,Maxi Dress,3,4580,2100,10,Card,No,12366.0,6066.0,2023,2023-10
700615,2024-05-01,C101527,Karachi,Online,T-Shirts,Classic Cotton Tee,2,1170,740,10,Card,No,2106.0,626.0,2024,2024-05
702288,2025-06-04,C101019,Karachi,Online,T-Shirts,Oversized Tee,1,1770,1020,0,Bank Transfer,No,1770.0,750.0,2025,2025-06
700939,2024-06-02,C101099,Lahore,Online,T-Shirts,Polo Shirt,1,2270,1110,0,COD,No,2270.0,1160.0,2024,2024-06
703455,2023-09-24,C101618,Sialkot,Online,Dresses,Wrap Dress,2,3920,2200,10,Card,No,7056.0,2656.0,2023,2023-09
704369,2024-12-30,C100399,Karachi,Store,Accessories,Leather Belt,1,1190,590,0,COD,No,1190.0,600.0,2024,2024-12
704617,2023-11-23,C101456,Lahore,Online,Accessories,Sunglasses,1,2350,1400,20,Card,No,1880.0,480.0,2023,2023-11
702196,2024-01-25,C101663,Lahore,Store,Shoes,Loafers,2,5080,2790,0,Bank Transfer,No,10160.0,4580.0,2024,2024-01
704186,2025-06-26,C101991,Rawalpindi,Store,Accessories,Tote Bag,3,1650,1060,0,Card,No,4950.0,1770.0,2025,2025-06
701727,2024-07-15,C101371,Sialkot,Store,T-Shirts,Oversized Tee,1,1850,1160,0,Card,No,1850.0,690.0,2024,2024-07
700914,2024-11-03,C101282,Karachi,Store,Kurtas,Cotton Kurta,2,2040,1230,20,COD,No,3264.0,804.0,2024,2024-11
704788,2025-01-29,C100877,Karachi,Online,Kurtas,Printed Kurta,3,2360,1110,15,COD,No,6018.0,2688.0,2025,2025-01
701745,2024-08-04,C100417,Faisalabad,Store,Jeans,High-Waist Jeans,2,4300,2720,0,Card,No,8600.0,3160.0,2024,2024-08
700975,2024-02-04,C101759,Peshawar,Store,Jackets,Hooded Jacket,2,5010,3080,15,COD,Yes,8517.0,2357.0,2024,2024-02
700792,2024-01-12,C101121,Lahore,Store,Jackets,Denim Jacket,1,5720,2820,15,COD,No,4862.0,2042.0,2024,2024-01
704191,2024-11-22,C101544,Karachi,Online,Jeans,Ripped Jeans,2,3780,1720,15,Card,No,6426.0,2986.0,2024,2024-11
703084,2023-11-18,C101535,Karachi,Online,Jackets,Puffer Jacket,1,6770,3250,25,COD,No,5077.5,1827.5,2023,2023-11
701546,2025-06-10,C100043,Karachi,Store,Accessories,Tote Bag,2,1550,790,15,Card,No,2635.0,1055.0,2025,2025-06
705032,2023-09-26,C102018,Islamabad,Store,Accessories,Baseball Cap,1,950,480,0,COD,No,950.0,470.0,2023,2023-09
704578,2023-08-08,C100710,Sialkot,Online,Dresses,Summer Floral Dress,2,3330,1720,0,Card,No,6660.0,3220.0,2023,2023-08
702133,2023-08-30,C100028,Lahore,Online,Accessories,Tote Bag,1,1570,940,0,Card,No,1570.0,630.0,2023,2023-08
704286,2023-09-15,C100469,Islamabad,Online,Dresses,Wrap Dress,1,3820,2030,10,COD,No,3438.0,1408.0,2023,2023-09
703200,2025-06-05,C100809,Sialkot,Store,Dresses,Summer Floral Dress,1,3220,1960,0,Card,No,3220.0,1260.0,2025,2025-06
701463,2024-10-22,C101009,Karachi,Store,Kurtas,Festive Kurta,1,4360,2680,0,Wallet,No,4360.0,1680.0,2024,2024-10
700617,2025-06-20,C100670,Lahore,Online,Kurtas,Festive Kurta,1,4150,2590,0,Wallet,No,4150.0,1560.0,2025,2025-06
702450,2024-09-03,C101997,Karachi,Online,Accessories,Leather Belt,1,1210,760,0,Card,No,1210.0,450.0,2024,2024-09
702371,2023-12-05,C101387,Karachi,Online,Jackets,Denim Jacket,1,5830,3080,15,Wallet,No,4955.5,1875.5,2023,2023-12
704037,2023-08-25,C100067,Karachi,Online,Shoes,Boots,1,6210,3150,10,COD,Yes,5589.0,2439.0,2023,2023-08
700905,2024-03-15,C101261,Karachi,Store,Kurtas,Embroidered Kurta,1,2810,1610,0,Bank Transfer,No,2810.0,1200.0,2024,2024-03
700052,2025-04-23,C101747,Islamabad,Online,Dresses,Wrap Dress,2,4000,2220,10,Card,No,7200.0,2760.0,2025,2025-04
701953,2024-09-21,C101101,Karachi,Online,Jeans,High-Waist Jeans,1,4040,1890,0,Card,No,4040.0,2150.0,2024,2024-09
700926,2024-03-17,C102126,Karachi,Online,Shoes,Sneakers,1,4690,2690,0,Wallet,No,4690.0,2000.0,2024,2024-03
701790,2024-06-15,C100723,Sialkot,Online,Dresses,Maxi Dress,2,4620,2420,15,COD,No,7854.0,3014.0,2024,2024-06
702041,2025-04-24,C101000,Lahore,Online,T-Shirts,Graphic Print Tee,1,1570,840,20,Card,No,1256.0,416.0,2025,2025-04
703347,2025-01-22,C101376,Rawalpindi,Store,Jackets,Hooded Jacket,2,4660,2780,0,Card,No,9320.0,3760.0,2025,2025-01
701064,2023-12-28,C101618,Sialkot,Store,T-Shirts,Polo Shirt,2,2190,1390,0,Card,No,4380.0,1600.0,2023,2023-12
700112,2023-09-04,C100406,Karachi,Online,Jeans,Straight Leg Jeans,2,3380,1600,0,COD,No,6760.0,3560.0,2023,2023-09
703496,2024-11-29,C101868,Islamabad,Store,Accessories,Leather Belt,1,1220,630,0,Card,No,1220.0,590.0,2024,2024-11
701548,2023-12-24,C102129,Lahore,Store,Dresses,Wrap Dress,1,4040,2560,0,Card,No,4040.0,1480.0,2023,2023-12
701678,2025-03-10,C100017,Lahore,Online,T-Shirts,Graphic Print Tee,3,1470,720,0,Card,No,4410.0,2250.0,2025,2025-03
700211,2024-05-07,C101700,Peshawar,Online,Accessories,Sunglasses,1,2240,1190,0,Wallet,No,2240.0,1050.0,2024,2024-05
702574,2024-10-01,C101189,Rawalpindi,Online,Shoes,Sneakers,1,4390,2370,15,Card,No,3731.5,1361.5,2024,2024-10
701742,2024-01-08,C100173,Peshawar,Store,Jackets,Bomber Jacket,1,5460,3040,0,Wallet,No,5460.0,2420.0,2024,2024-01
700924,2024-02-15,C101083,Multan,Store,Accessories,Tote Bag,3,1540,870,15,Card,No,3927.0,1317.0,2024,2024-02
700309,2025-02-16,C101915,Lahore,Online,Jackets,Denim Jacket,2,5300,2840,0,COD,No,10600.0,4920.0,2025,2025-02
702332,2024-10-28,C101851,Peshawar,Store,Jackets,Denim Jacket,1,5700,3250,15,COD,No,4845.0,1595.0,2024,2024-10
704066,2025-02-20,C101838,Faisalabad,Store,Jeans,Straight Leg Jeans,3,3060,1650,0,Wallet,No,9180.0,4230.0,2025,2025-02
704803,2023-07-31,C101496,Multan,Store,Dresses,Bodycon Dress,3,4040,2070,10,COD,No,10908.0,4698.0,2023,2023-07
704150,2025-01-13,C100629,Faisalabad,Online,Jeans,Slim Fit Jeans,1,3400,2130,0,Card,No,3400.0,1270.0,2025,2025-01
700145,2023-08-12,C101985,Peshawar,Online,Shoes,Boots,3,6920,4110,15,COD,No,17646.0,5316.0,2023,2023-08
704484,2025-03-09,C101697,Faisalabad,Online,Kurtas,Festive Kurta,1,4520,2390,0,COD,No,4520.0,2130.0,2025,2025-03
704522,2025-02-12,C101725,Lahore,Store,Dresses,Maxi Dress,1,4770,2740,15,Wallet,No,4054.5,1314.5,2025,2025-02
702905,2024-05-27,C101482,Islamabad,Store,Accessories,Sunglasses,1,2100,1190,0,Card,No,2100.0,910.0,2024,2024-05
705140,2024-05-11,C101819,Islamabad,Online,Kurtas,Embroidered Kurta,2,2790,1540,0,Card,No,5580.0,2500.0,2024,2024-05
701158,2025-04-07,C101417,Islamabad,Store,Jeans,Ripped Jeans,3,3970,2180,0,Bank Transfer,No,11910.0,5370.0,2025,2025-04
702143,2023-08-13,C100189,Karachi,Store,Accessories,Tote Bag,1,1570,830,0,Card,No,1570.0,740.0,2023,2023-08
703559,2024-04-14,C100169,Sialkot,Online,Kurtas,Cotton Kurta,1,1940,1160,0,Bank Transfer,No,1940.0,780.0,2024,2024-04
701343,2024-12-12,C100128,Lahore,Store,Jackets,Denim Jacket,2,5390,2460,0,Card,No,10780.0,5860.0,2024,2024-12
702485,2025-05-17,C100200,Faisalabad,Online,Shoes,Boots,1,6850,3330,15,COD,No,5822.5,2492.5,2025,2025-05
704057,2025-06-05,C100058,Lahore,Online,Dresses,Maxi Dress,1,4600,2760,0,COD,No,4600.0,1840.0,2025,2025-06
700002,2024-01-12,C101831,Sialkot,Online,Jackets,Hooded Jacket,3,4880,2570,0,COD,No,14640.0,6930.0,2024,2024-01
700480,2025-03-22,C101340,Lahore,Store,Jeans,High-Waist Jeans,3,4300,2330,0,Card,No,12900.0,5910.0,2025,2025-03
703826,2024-09-10,C100217,Lahore,Online,Dresses,Wrap Dress,2,4290,2650,0,Card,No,8580.0,3280.0,2024,2024-09
702446,2023-10-07,C101875,Unknown,Store,Kurtas,Festive Kurta,1,4500,2530,0,Card,No,4500.0,1970.0,2023,2023-10
701302,2025-01-17,C101311,Peshawar,Online,Jeans,High-Waist Jeans,1,4460,2530,0,COD,No,4460.0,1930.0,2025,2025-01
704035,2024-11-27,C102039,Faisalabad,Store,Jackets,Bomber Jacket,3,5190,2730,20,COD,No,12456.0,4266.0,2024,2024-11
702243,2024-04-22,C101197,Rawalpindi,Online,Dresses,Summer Floral Dress,1,3090,1480,15,Bank Transfer,No,2626.5,1146.5,2024,2024-04
704873,2025-02-23,C100502,Peshawar,Store,Kurtas,Printed Kurta,1,2370,1300,0,Wallet,No,2370.0,1070.0,2025,2025-02
700937,2024-11-02,C100659,Karachi,Online,Kurtas,Embroidered Kurta,2,2760,1330,25,Card,No,4140.0,1480.0,2024,2024-11
703822,2023-07-03,C102198,Lahore,Online,Accessories,Leather Belt,1,1200,570,10,Card,No,1080.0,510.0,2023,2023-07
702001,2024-02-13,C101147,Faisalabad,Online,Jeans,Straight Leg Jeans,2,3420,1640,0,Card,No,6840.0,3560.0,2024,2024-02
700913,2025-03-24,C101815,Islamabad,Store,Shoes,Sneakers,1,4860,2200,0,Card,Yes,4860.0,2660.0,2025,2025-03
704089,2024-01-22,C101585,Peshawar,Online,Jeans,High-Waist Jeans,2,4430,2550,0,COD,No,8860.0,3760.0,2024,2024-01
700714,2023-09-03,C100953,Lahore,Online,Dresses,Summer Floral Dress,1,3090,1850,0,Bank Transfer,No,3090.0,1240.0,2023,2023-09
701781,2025-01-02,C101688,Islamabad,Online,Kurtas,Embroidered Kurta,2,2840,1570,0,COD,No,5680.0,2540.0,2025,2025-01
701102,2025-01-24,C100935,Lahore,Online,T-Shirts,Graphic Print Tee,1,1440,740,0,COD,No,1440.0,700.0,2025,2025-01
701125,2024-03-20,C101938,Lahore,Online,Kurtas,Printed Kurta,2,2440,1530,0,COD,No,4880.0,1820.0,2024,2024-03
703441,2023-10-08,C101830,Karachi,Online,Shoes,Boots,1,6860,4270,0,COD,Yes,6860.0,2590.0,2023,2023-10
702339,2025-06-24,C101617,Islamabad,Online,T-Shirts,Graphic Print Tee,1,1440,800,0,Card,No,1440.0,640.0,2025,2025-06
703124,2025-02-12,C101757,Sialkot,Store,Dresses,Summer Floral Dress,2,3110,1980,0,Bank Transfer,No,6220.0,2260.0,2025,2025-02
702762,2025-01-06,C100888,Lahore,Online,Jeans,Ripped Jeans,1,3710,2150,0,Wallet,No,3710.0,1560.0,2025,2025-01
704126,2025-03-22,C101569,Karachi,Store,Jackets,Denim Jacket,1,5390,2600,0,Card,No,5390.0,2790.0,2025,2025-03
703039,2024-08-03,C101511,Lahore,Online,T-Shirts,Classic Cotton Tee,2,1180,550,0,Bank Transfer,No,2360.0,1260.0,2024,2024-08
702486,2024-09-12,C101750,Rawalpindi,Online,Dresses,Maxi Dress,1,4710,2310,15,COD,No,4003.5,1693.5,2024,2024-09
704504,2024-10-03,C100819,Karachi,Online,Jeans,High-Waist Jeans,1,4330,2680,0,COD,No,4330.0,1650.0,2024,2024-10
704436,2025-03-15,C101500,Rawalpindi,Online,T-Shirts,Polo Shirt,1,2220,1340,0,Wallet,No,2220.0,880.0,2025,2025-03
700451,2024-04-24,C102011,Karachi,Online,Accessories,Tote Bag,1,1520,750,15,COD,No,1292.0,542.0,2024,2024-04
700823,2025-06-24,C101929,Karachi,Online,Dresses,Wrap Dress,1,3960,2370,0,Card,No,3960.0,1590.0,2025,2025-06
703030,2025-03-28,C101646,Karachi,Online,Jackets,Puffer Jacket,3,6590,3070,0,Wallet,No,19770.0,10560.0,2025,2025-03
700584,2024-09-09,C100874,Rawalpindi,Online,Jeans,Straight Leg Jeans,2,3230,1760,10,Wallet,No,5814.0,2294.0,2024,2024-09
702595,2024-12-16,C100023,Peshawar,Online,Accessories,Leather Belt,3,1270,630,0,COD,No,3810.0,1920.0,2024,2024-12
705059,2024-02-18,C101456,Lahore,Online,T-Shirts,Graphic Print Tee,2,1570,760,0,Card,No,3140.0,1620.0,2024,2024-02
700162,2023-12-06,C100652,Rawalpindi,Store,Jackets,Bomber Jacket,2,5490,2800,30,COD,No,7686.0,2086.0,2023,2023-12
704176,2024-09-13,C100544,Lahore,Online,Jeans,Ripped Jeans,1,3790,1930,0,COD,No,3790.0,1860.0,2024,2024-09
700927,2023-11-07,C101810,Lahore,Store,Kurtas,Embroidered Kurta,2,2860,1380,25,Bank Transfer,No,4290.0,1530.0,2023,2023-11
702707,2023-09-06,C100953,Lahore,Online,Kurtas,Cotton Kurta,2,2030,1210,0,Wallet,No,4060.0,1640.0,2023,2023-09
703771,2025-06-24,C100647,Islamabad,Online,T-Shirts,Classic Cotton Tee,2,1180,600,0,Card,No,2360.0,1160.0,2025,2025-06
702783,2023-11-10,C101618,Sialkot,Online,Jackets,Denim Jacket,1,5630,2990,20,COD,No,4504.0,1514.0,2023,2023-11
703008,2023-12-03,C100106,Karachi,Online,Accessories,Baseball Cap,1,870,450,20,COD,No,696.0,246.0,2023,2023-12
705073,2024-04-01,C100707,Faisalabad,Store,Dresses,Bodycon Dress,1,3930,1940,0,COD,No,3930.0,1990.0,2024,2024-04
701318,2025-05-23,C101212,Islamabad,Store,Dresses,Bodycon Dress,2,3870,1940,0,COD,No,7740.0,3860.0,2025,2025-05
704663,2024-11-28,C102141,Karachi,Store,Dresses,Wrap Dress,1,4220,2610,0,Card,No,4220.0,1610.0,2024,2024-11
701066,2024-05-26,C100372,Karachi,Online,Accessories,Tote Bag,3,1550,770,10,COD,No,4185.0,1875.0,2024,2024-05
702775,2023-11-12,C100200,Faisalabad,Store,Jeans,Ripped Jeans,1,3830,2300,0,Card,No,3830.0,1530.0,2023,2023-11
702553,2024-08-15,C101211,Multan,Online,Dresses,Bodycon Dress,1,4050,2160,15,COD,No,3442.5,1282.5,2024,2024-08
703879,2024-01-22,C101883,Faisalabad,Online,Kurtas,Festive Kurta,3,4040,2620,15,Wallet,No,10302.0,2442.0,2024,2024-01
700709,2024-12-11,C101583,Karachi,Online,Jackets,Bomber Jacket,2,5060,3130,20,Card,No,8096.0,1836.0,2024,2024-12
700004,2023-11-23,C101399,Karachi,Store,Accessories,Baseball Cap,2,920,590,15,Card,No,1564.0,384.0,2023,2023-11
705103,2023-12-14,C100584,Peshawar,Online,Kurtas,Embroidered Kurta,1,2900,1330,0,COD,No,2900.0,1570.0,2023,2023-12
701765,2025-06-17,C100863,Unknown,Online,Dresses,Bodycon Dress,1,3860,2040,15,COD,Yes,3281.0,1241.0,2025,2025-06
704576,2024-02-12,C101567,Lahore,Online,T-Shirts,Oversized Tee,3,1930,930,15,Card,No,4921.5,2131.5,2024,2024-02
702489,2025-01-24,C100623,Karachi,Online,Jeans,Slim Fit Jeans,3,3640,2220,0,COD,Yes,10920.0,4260.0,2025,2025-01
700641,2025-03-02,C101673,Lahore,Store,Jeans,Slim Fit Jeans,3,3360,1620,0,COD,No,10080.0,5220.0,2025,2025-03
702414,2025-03-14,C100067,Karachi,Online,Accessories,Leather Belt,1,1160,540,0,COD,No,1160.0,620.0,2025,2025-03
705190,2024-02-29,C100159,Faisalabad,Online,Dresses,Summer Floral Dress,2,3280,1630,0,COD,No,6560.0,3300.0,2024,2024-02
705101,2023-09-29,C100314,Karachi,Store,Shoes,Boots,1,6700,4150,10,COD,No,6030.0,1880.0,2023,2023-09
705049,2023-12-05,C101462,Lahore,Online,Jackets,Denim Jacket,3,5920,3090,20,Wallet,No,14208.0,4938.0,2023,2023-12
703686,2024-12-04,C101347,Karachi,Store,Jackets,Hooded Jacket,1,5090,2310,10,Card,No,4581.0,2271.0,2024,2024-12
700809,2023-08-14,C100748,Faisalabad,Store,Dresses,Summer Floral Dress,3,3210,1690,15,Bank Transfer,No,8185.5,3115.5,2023,2023-08
704820,2024-05-02,C102035,Faisalabad,Store,Shoes,Sneakers,2,4310,2690,15,COD,No,7327.0,1947.0,2024,2024-05
704673,2024-03-10,C100975,Islamabad,Online,Dresses,Summer Floral Dress,1,3400,2080,0,Wallet,No,3400.0,1320.0,2024,2024-03
701194,2024-03-07,C100970,Lahore,Store,Shoes,Boots,1,6620,3230,10,Card,No,5958.0,2728.0,2024,2024-03
700685,2024-12-17,C101019,Karachi,Store,Kurtas,Printed Kurta,1,2410,1160,30,COD,No,1687.0,527.0,2024,2024-12
701309,2025-04-21,C100257,Lahore,Online,Jeans,Slim Fit Jeans,2,3330,1820,0,Bank Transfer,No,6660.0,3020.0,2025,2025-04
700718,2024-03-03,C101072,Karachi,Online,Kurtas,Printed Kurta,2,2330,1430,0,COD,No,4660.0,1800.0,2024,2024-03
703485,2025-01-23,C101703,Islamabad,Online,Jeans,Straight Leg Jeans,1,3210,1770,0,Card,No,3210.0,1440.0,2025,2025-01
701755,2025-04-13,C101483,Lahore,Store,Accessories,Baseball Cap,3,900,410,10,Card,No,2430.0,1200.0,2025,2025-04
701552,2023-08-10,C101455,Lahore,Store,Dresses,Wrap Dress,2,4250,2730,15,COD,No,7225.0,1765.0,2023,2023-08
702084,2024-09-21,C100312,Lahore,Online,Accessories,Sunglasses,3,2200,1350,0,Wallet,No,6600.0,2550.0,2024,2024-09
704230,2025-02-01,C100184,Faisalabad,Online,Jackets,Bomber Jacket,1,5270,3240,10,Card,No,4743.0,1503.0,2025,2025-02
700864,2024-04-13,C101776,Rawalpindi,Store,T-Shirts,Classic Cotton Tee,3,1280,810,0,Card,No,3840.0,1410.0,2024,2024-04
703472,2024-12-24,C101523,Faisalabad,Online,T-Shirts,Oversized Tee,1,1770,1070,15,COD,Yes,1504.5,434.5,2024,2024-12
700867,2024-06-16,C100645,Multan,Online,T-Shirts,Graphic Print Tee,2,1480,790,0,COD,No,2960.0,1380.0,2024,2024-06
700382,2023-11-13,C101222,Peshawar,Online,Accessories,Sunglasses,1,2200,1120,25,COD,No,1650.0,530.0,2023,2023-11
700368,2023-07-18,C100377,Karachi,Online,Jeans,Ripped Jeans,3,3770,1770,0,Card,Yes,11310.0,6000.0,2023,2023-07
704388,2025-01-04,C100959,Islamabad,Store,Jeans,Slim Fit Jeans,1,3420,1730,0,Card,No,3420.0,1690.0,2025,2025-01
701544,2023-11-04,C101909,Peshawar,Store,Jeans,Slim Fit Jeans,1,3470,2200,30,COD,No,2429.0,229.0,2023,2023-11
703758,2023-07-13,C100410,Rawalpindi,Store,Kurtas,Festive Kurta,2,4410,2460,0,COD,No,8820.0,3900.0,2023,2023-07
703872,2025-01-18,C101909,Peshawar,Online,T-Shirts,Graphic Print Tee,2,1520,810,10,COD,No,2736.0,1116.0,2025,2025-01
702919,2025-02-25,C100860,Faisalabad,Store,Dresses,Summer Floral Dress,3,3150,1980,0,Card,No,9450.0,3510.0,2025,2025-02
701452,2024-01-10,C102191,Islamabad,Store,Jeans,Ripped Jeans,1,3660,1810,0,Card,No,3660.0,1850.0,2024,2024-01
703924,2024-04-08,C102186,Faisalabad,Store,T-Shirts,Polo Shirt,2,2160,1090,10,Card,No,3888.0,1708.0,2024,2024-04
701347,2023-11-04,C101890,Lahore,Store,Kurtas,Festive Kurta,1,4250,2280,15,COD,No,3612.5,1332.5,2023,2023-11
700889,2024-03-06,C101245,Karachi,Store,Jeans,Slim Fit Jeans,2,3590,1820,0,COD,No,7180.0,3540.0,2024,2024-03
701899,2024-05-15,C101990,Lahore,Online,Dresses,Maxi Dress,2,4310,2610,0,COD,No,8620.0,3400.0,2024,2024-05
702968,2023-11-18,C101366,Lahore,Online,Shoes,Loafers,1,5280,2590,25,Bank Transfer,No,3960.0,1370.0,2023,2023-11
701767,2025-02-18,C101224,Lahore,Store,Shoes,Loafers,2,4980,2780,0,Bank Transfer,No,9960.0,4400.0,2025,2025-02
700379,2024-06-20,C100374,Lahore,Store,Dresses,Bodycon Dress,1,3980,2450,10,Wallet,No,3582.0,1132.0,2024,2024-06
700892,2025-05-20,C102062,Islamabad,Store,Dresses,Summer Floral Dress,1,3070,1610,10,Card,No,2763.0,1153.0,2025,2025-05
705177,2023-09-20,C100926,Lahore,Online,Dresses,Summer Floral Dress,1,3170,1980,0,Card,No,3170.0,1190.0,2023,2023-09
700534,2023-10-22,C100119,Islamabad,Store,Accessories,Sunglasses,1,2140,1100,15,COD,No,1819.0,719.0,2023,2023-10
703909,2023-12-28,C101653,Lahore,Online,Kurtas,Festive Kurta,3,4140,2480,20,COD,No,9936.0,2496.0,2023,2023-12
700408,2024-06-07,C101111,Karachi,Online,Accessories,Tote Bag,1,1560,830,0,Card,No,1560.0,730.0,2024,2024-06
700985,2024-02-21,C102005,Peshawar,Online,Jeans,Slim Fit Jeans,1,3630,1850,10,Card,No,3267.0,1417.0,2024,2024-02
703544,2023-11-07,C100302,Islamabad,Online,Shoes,Boots,2,6730,4280,25,Card,No,10095.0,1535.0,2023,2023-11
704007,2023-07-05,C100585,Islamabad,Online,Shoes,Boots,1,6780,3160,0,Card,No,6780.0,3620.0,2023,2023-07
704479,2025-06-05,C101581,Karachi,Online,T-Shirts,Classic Cotton Tee,1,1260,740,0,Wallet,No,1260.0,520.0,2025,2025-06
700380,2025-05-07,C101432,Lahore,Online,Accessories,Leather Belt,2,1220,720,0,COD,No,2440.0,1000.0,2025,2025-05
701466,2024-05-11,C101780,Lahore,Store,Jeans,High-Waist Jeans,1,4330,2620,10,COD,No,3897.0,1277.0,2024,2024-05
702097,2023-10-18,C102008,Lahore,Online,T-Shirts,Graphic Print Tee,1,1480,940,0,Card,No,1480.0,540.0,2023,2023-10
703453,2024-10-12,C101368,Lahore,Store,Dresses,Maxi Dress,1,4820,2740,0,COD,No,4820.0,2080.0,2024,2024-10
703268,2024-12-02,C100285,Karachi,Online,T-Shirts,Oversized Tee,2,1800,1000,15,Card,No,3060.0,1060.0,2024,2024-12
702273,2025-01-07,C102172,Islamabad,Store,Shoes,Boots,1,6540,3380,0,COD,No,6540.0,3160.0,2025,2025-01
700184,2023-09-15,C101240,Multan,Online,Accessories,Baseball Cap,3,890,540,0,Card,No,2670.0,1050.0,2023,2023-09
701323,2024-03-10,C100969,Lahore,Online,Accessories,Leather Belt,2,1240,610,0,Card,No,2480.0,1260.0,2024,2024-03
704763,2024-07-10,C100907,Lahore,Online,Jeans,Slim Fit Jeans,1,3370,2070,0,Card,No,3370.0,1300.0,2024,2024-07
703221,2024-11-26,C100509,Lahore,Online,Kurtas,Embroidered Kurta,2,3000,1480,10,COD,No,5400.0,2440.0,2024,2024-11
701165,2024-03-03,C100298,Faisalabad,Online,Dresses,Wrap Dress,1,4100,2170,0,Card,No,4100.0,1930.0,2024,2024-03
701558,2025-01-30,C100803,Islamabad,Online,Shoes,Sandals,1,2790,1260,0,COD,No,2790.0,1530.0,2025,2025-01
700959,2023-10-29,C100720,Islamabad,Online,Jackets,Bomber Jacket,1,4970,2900,0,COD,No,4970.0,2070.0,2023,2023-10
701863,2023-07-12,C100462,Sialkot,Store,Dresses,Wrap Dress,1,3940,2470,0,Wallet,No,3940.0,1470.0,2023,2023-07
703122,2025-04-22,C101710,Faisalabad,Online,Accessories,Sunglasses,3,2120,1210,10,Bank Transfer,No,5724.0,2094.0,2025,2025-04
702610,2024-11-20,C100713,Peshawar,Online,Jeans,Slim Fit Jeans,1,3710,2060,15,Card,No,3153.5,1093.5,2024,2024-11
703044,2024-09-03,C100012,Rawalpindi,Online,Jackets,Denim Jacket,2,5780,3550,0,COD,No,11560.0,4460.0,2024,2024-09
701438,2024-12-28,C101832,Karachi,Online,Jeans,Slim Fit Jeans,1,3730,1820,0,Card,No,3730.0,1910.0,2024,2024-12
703358,2023-12-23,C100827,Lahore,Online,Jeans,Ripped Jeans,2,3690,2110,10,Card,No,6642.0,2422.0,2023,2023-12
701820,2024-07-17,C101222,Peshawar,Online,Accessories,Baseball Cap,1,890,570,0,Card,No,890.0,320.0,2024,2024-07
702989,2024-03-17,C100156,Karachi,Store,Kurtas,Embroidered Kurta,1,3000,1480,0,COD,No,3000.0,1520.0,2024,2024-03
701919,2025-01-26,C100345,Faisalabad,Store,Jeans,Ripped Jeans,1,4100,2510,10,COD,No,3690.0,1180.0,2025,2025-01
703582,2024-11-24,C102072,Karachi,Store,Kurtas,Embroidered Kurta,1,2810,1420,25,Card,No,2107.5,687.5,2024,2024-11
701306,2023-08-28,C102139,Multan,Online,Accessories,Baseball Cap,2,890,500,0,Bank Transfer,No,1780.0,780.0,2023,2023-08
702863,2024-06-15,C100898,Lahore,Online,Jeans,Ripped Jeans,3,3810,2340,0,Wallet,No,11430.0,4410.0,2024,2024-06
700601,2023-07-06,C100536,Islamabad,Online,Accessories,Baseball Cap,1,970,440,15,COD,No,824.5,384.5,2023,2023-07
701929,2023-09-26,C100310,Karachi,Online,Jeans,Slim Fit Jeans,2,3660,2070,0,COD,No,7320.0,3180.0,2023,2023-09
701907,2025-03-08,C100530,Rawalpindi,Online,Shoes,Boots,1,6770,3150,0,COD,No,6770.0,3620.0,2025,2025-03
701821,2024-01-26,C101356,Islamabad,Online,Kurtas,Cotton Kurta,2,1950,1090,0,Bank Transfer,No,3900.0,1720.0,2024,2024-01
702152,2024-04-26,C101906,Unknown,Online,Jeans,Ripped Jeans,1,3830,2130,10,COD,No,3447.0,1317.0,2024,2024-04
703933,2024-01-01,C101014,Karachi,Store,Kurtas,Cotton Kurta,3,1910,920,0,Wallet,No,5730.0,2970.0,2024,2024-01
701911,2025-02-12,C100157,Rawalpindi,Online,Shoes,Boots,1,6310,3310,0,COD,No,6310.0,3000.0,2025,2025-02
700819,2024-12-30,C102170,Karachi,Online,Jackets,Hooded Jacket,2,4950,2570,10,Bank Transfer,No,8910.0,3770.0,2024,2024-12
704577,2024-04-04,C100582,Lahore,Store,Accessories,Tote Bag,1,1650,860,15,Card,No,1402.5,542.5,2024,2024-04
700316,2024-03-15,C101447,Islamabad,Online,Jeans,Slim Fit Jeans,1,3660,1730,0,Card,No,3660.0,1930.0,2024,2024-03
700447,2024-08-07,C101749,Karachi,Store,Dresses,Maxi Dress,3,4640,2540,0,Bank Transfer,No,13920.0,6300.0,2024,2024-08
702377,2025-01-04,C100717,Lahore,Online,Accessories,Sunglasses,1,2370,1490,0,COD,No,2370.0,880.0,2025,2025-01
704662,2024-05-05,C102129,Lahore,Online,Shoes,Loafers,1,5440,2990,15,Bank Transfer,No,4624.0,1634.0,2024,2024-05
705117,2024-07-27,C102178,Lahore,Online,Shoes,Boots,1,6230,3620,0,Wallet,No,6230.0,2610.0,2024,2024-07
703158,2023-10-06,C101615,Lahore,Online,Accessories,Leather Belt,1,1280,610,0,Card,No,1280.0,670.0,2023,2023-10
704424,2023-11-18,C101211,Multan,Online,Kurtas,Festive Kurta,2,4180,2450,15,COD,No,7106.0,2206.0,2023,2023-11
702164,2025-01-05,C101514,Peshawar,Online,Jackets,Bomber Jacket,1,5050,2360,0,Card,No,5050.0,2690.0,2025,2025-01
701436,2025-06-30,C100023,Peshawar,Online,Kurtas,Embroidered Kurta,2,2780,1380,10,Wallet,No,5004.0,2244.0,2025,2025-06
703626,2025-01-21,C101785,Multan,Online,T-Shirts,Oversized Tee,2,1760,870,0,COD,No,3520.0,1780.0,2025,2025-01
700023,2024-04-23,C100810,Lahore,Store,Dresses,Wrap Dress,1,4150,2050,0,COD,No,4150.0,2100.0,2024,2024-04
703492,2024-04-14,C100427,Multan,Online,T-Shirts,Graphic Print Tee,2,1470,670,0,Wallet,No,2940.0,1600.0,2024,2024-04
701646,2024-06-18,C101009,Karachi,Online,Accessories,Sunglasses,2,2360,1350,10,Card,No,4248.0,1548.0,2024,2024-06
701430,2025-04-24,C100980,Sialkot,Store,Shoes,Boots,2,6410,3180,15,COD,No,10897.0,4537.0,2025,2025-04
702083,2024-07-09,C101452,Multan,Store,Dresses,Bodycon Dress,2,3830,2320,10,COD,No,6894.0,2254.0,2024,2024-07
700570,2023-11-05,C100391,Lahore,Online,Shoes,Boots,1,6460,4040,0,COD,No,6460.0,2420.0,2023,2023-11
704967,2023-12-15,C100658,Islamabad,Online,Kurtas,Embroidered Kurta,2,2770,1720,15,Card,No,4709.0,1269.0,2023,2023-12
701419,2024-02-21,C101082,Peshawar,Online,T-Shirts,Polo Shirt,1,2350,1410,0,Card,No,2350.0,940.0,2024,2024-02
703284,2024-11-26,C101531,Lahore,Store,Dresses,Bodycon Dress,3,4050,2110,25,COD,No,9112.5,2782.5,2024,2024-11
703236,2025-01-22,C100365,Karachi,Store,Kurtas,Printed Kurta,1,2420,1120,0,Bank Transfer,No,2420.0,1300.0,2025,2025-01
701203,2024-10-17,C100087,Karachi,Store,Dresses,Maxi Dress,2,4640,2440,0,Card,No,9280.0,4400.0,2024,2024-10
703527,2024-02-25,C102118,Lahore,Online,Accessories,Leather Belt,1,1250,580,0,COD,No,1250.0,670.0,2024,2024-02
703688,2025-06-04,C100529,Karachi,Store,T-Shirts,Classic Cotton Tee,1,1190,770,15,Card,No,1011.5,241.5,2025,2025-06
704927,2023-07-05,C101466,Karachi,Online,T-Shirts,Classic Cotton Tee,3,1190,730,0,Card,Yes,3570.0,1380.0,2023,2023-07
702994,2024-11-13,C100873,Karachi,Online,Jeans,Ripped Jeans,3,4100,2300,30,Card,No,8610.0,1710.0,2024,2024-11
701058,2024-10-27,C100075,Karachi,Store,Jeans,Slim Fit Jeans,1,3400,2080,0,COD,No,3400.0,1320.0,2024,2024-10
704267,2024-09-06,C101673,Lahore,Online,Jeans,Straight Leg Jeans,2,3260,1630,0,Card,No,6520.0,3260.0,2024,2024-09
700467,2024-08-26,C101504,Faisalabad,Online,Shoes,Loafers,3,5120,2770,0,COD,Yes,15360.0,7050.0,2024,2024-08
704023,2024-08-07,C101251,Lahore,Online,Shoes,Loafers,1,5000,2910,0,Card,No,5000.0,2090.0,2024,2024-08
702806,2023-11-14,C100774,Lahore,Online,Jackets,Puffer Jacket,1,7090,3930,20,Card,Yes,5672.0,1742.0,2023,2023-11
703395,2024-11-28,C100050,Lahore,Online,Jeans,Ripped Jeans,1,3900,2500,30,COD,No,2730.0,230.0,2024,2024-11
700299,2023-10-05,C101216,Karachi,Store,Kurtas,Cotton Kurta,1,1920,950,0,Bank Transfer,No,1920.0,970.0,2023,2023-10
701829,2023-11-13,C100975,Islamabad,Online,Jackets,Denim Jacket,2,5330,3130,0,COD,No,10660.0,4400.0,2023,2023-11
703259,2024-12-08,C101400,Karachi,Online,Shoes,Sneakers,2,4510,2270,10,COD,No,8118.0,3578.0,2024,2024-12
702680,2025-04-27,C100531,Rawalpindi,Online,Dresses,Bodycon Dress,2,4050,2100,0,Wallet,No,8100.0,3900.0,2025,2025-04
702987,2024-10-24,C100179,Faisalabad,Online,Jackets,Bomber Jacket,2,5110,2780,0,COD,No,10220.0,4660.0,2024,2024-10
704682,2023-12-09,C100731,Lahore,Store,Jackets,Denim Jacket,2,5720,2970,30,Wallet,No,8008.0,2068.0,2023,2023-12
701036,2023-11-22,C100361,Unknown,Store,Kurtas,Embroidered Kurta,1,2790,1730,10,Wallet,No,2511.0,781.0,2023,2023-11
703806,2024-05-21,C101206,Islamabad,Online,T-Shirts,Classic Cotton Tee,1,1190,680,15,COD,No,1011.5,331.5,2024,2024-05
702234,2023-09-29,C101224,Lahore,Online,Accessories,Tote Bag,1,1670,790,0,Bank Transfer,No,1670.0,880.0,2023,2023-09
701374,2024-12-25,C100992,Faisalabad,Online,Accessories,Sunglasses,1,2230,1030,0,Wallet,No,2230.0,1200.0,2024,2024-12
700518,2024-11-24,C101865,Multan,Online,Dresses,Summer Floral Dress,2,3200,1600,10,COD,No,5760.0,2560.0,2024,2024-11
700011,2023-09-07,C100863,Islamabad,Store,T-Shirts,Oversized Tee,1,1750,830,15,Bank Transfer,Yes,1487.5,657.5,2023,2023-09
703127,2023-09-27,C100906,Karachi,Online,Dresses,Bodycon Dress,2,3950,2020,15,Card,No,6715.0,2675.0,2023,2023-09
700063,2024-01-02,C101832,Karachi,Online,Jackets,Hooded Jacket,1,4970,3170,0,COD,No,4970.0,1800.0,2024,2024-01
702384,2024-08-20,C101686,Islamabad,Store,T-Shirts,Polo Shirt,3,2360,1440,0,COD,No,7080.0,2760.0,2024,2024-08
701635,2023-08-22,C101387,Unknown,Online,Kurtas,Cotton Kurta,2,1980,1020,0,COD,No,3960.0,1920.0,2023,2023-08
704254,2024-06-28,C100964,Sialkot,Store,T-Shirts,Oversized Tee,1,1830,960,0,COD,No,1830.0,870.0,2024,2024-06
700623,2025-05-06,C100570,Karachi,Online,T-Shirts,Oversized Tee,2,1930,1170,0,COD,No,3860.0,1520.0,2025,2025-05
704184,2024-08-09,C100282,Lahore,Online,T-Shirts,Oversized Tee,1,1810,880,0,Bank Transfer,No,1810.0,930.0,2024,2024-08
701245,2024-12-29,C100847,Rawalpindi,Store,Jackets,Puffer Jacket,1,7010,3530,0,COD,No,7010.0,3480.0,2024,2024-12
704653,2024-02-01,C100410,Rawalpindi,Online,Accessories,Baseball Cap,1,860,450,0,COD,No,860.0,410.0,2024,2024-02
701637,2025-06-24,C102092,Islamabad,Store,Shoes,Sneakers,1,4540,2620,0,Wallet,No,4540.0,1920.0,2025,2025-06
702443,2024-04-16,C101207,Karachi,Online,Jackets,Denim Jacket,1,5880,3450,0,COD,No,5880.0,2430.0,2024,2024-04
701877,2024-05-11,C100819,Karachi,Online,Jeans,High-Waist Jeans,1,4510,2230,10,Card,No,4059.0,1829.0,2024,2024-05
702409,2024-12-12,C100879,Islamabad,Online,Jackets,Bomber Jacket,1,5240,2460,0,Card,No,5240.0,2780.0,2024,2024-12
700318,2024-10-17,C100638,Faisalabad,Store,T-Shirts,Polo Shirt,1,2110,1300,0,COD,No,2110.0,810.0,2024,2024-10
701425,2025-06-05,C102014,Karachi,Online,T-Shirts,Graphic Print Tee,1,1530,780,10,Card,No,1377.0,597.0,2025,2025-06
700361,2025-01-24,C101539,Karachi,Online,Dresses,Summer Floral Dress,2,3170,1680,15,COD,Yes,5389.0,2029.0,2025,2025-01
703717,2025-03-18,C101743,Sialkot,Online,Dresses,Summer Floral Dress,1,3240,1890,10,COD,Yes,2916.0,1026.0,2025,2025-03
704046,2024-11-21,C102046,Karachi,Online,Jackets,Bomber Jacket,1,4980,3110,15,Bank Transfer,No,4233.0,1123.0,2024,2024-11
704405,2024-03-27,C100007,Faisalabad,Store,T-Shirts,Classic Cotton Tee,3,1200,660,0,Wallet,No,3600.0,1620.0,2024,2024-03
701561,2024-03-12,C101300,Lahore,Online,Jeans,Straight Leg Jeans,3,3210,1880,0,COD,No,9630.0,3990.0,2024,2024-03
702374,2025-06-20,C101311,Peshawar,Store,Jeans,Ripped Jeans,1,3680,1890,0,Card,No,3680.0,1790.0,2025,2025-06
704579,2025-06-30,C101939,Lahore,Store,T-Shirts,Polo Shirt,2,2370,1170,0,Card,No,4740.0,2400.0,2025,2025-06
703501,2025-04-08,C100433,Multan,Store,Shoes,Boots,1,6480,4140,0,Card,No,6480.0,2340.0,2025,2025-04
700716,2024-01-15,C101780,Lahore,Store,Shoes,Sandals,2,2950,1670,0,Card,No,5900.0,2560.0,2024,2024-01
700227,2025-06-30,C101210,Faisalabad,Online,T-Shirts,Polo Shirt,2,2340,1170,0,Wallet,No,4680.0,2340.0,2025,2025-06
701062,2024-03-21,C100880,Karachi,Store,Jeans,Slim Fit Jeans,2,3470,1960,0,COD,No,6940.0,3020.0,2024,2024-03
701982,2023-12-12,C102046,Karachi,Store,Kurtas,Festive Kurta,1,4290,2630,15,COD,No,3646.5,1016.5,2023,2023-12
704022,2025-06-30,C101333,Sialkot,Store,Kurtas,Festive Kurta,3,4110,2430,0,Wallet,No,12330.0,5040.0,2025,2025-06
700858,2023-08-03,C101649,Faisalabad,Online,Shoes,Sandals,2,2950,1670,15,Wallet,No,5015.0,1675.0,2023,2023-08
703028,2025-04-24,C100594,Lahore,Online,T-Shirts,Polo Shirt,1,2320,1200,0,COD,No,2320.0,1120.0,2025,2025-04
702254,2023-09-18,C102138,Faisalabad,Store,Jeans,Straight Leg Jeans,2,3230,2010,0,COD,No,6460.0,2440.0,2023,2023-09
704171,2023-12-19,C100906,Karachi,Online,Kurtas,Cotton Kurta,2,1860,1120,20,COD,No,2976.0,736.0,2023,2023-12
704755,2025-03-30,C100207,Rawalpindi,Online,Jeans,Slim Fit Jeans,1,3390,1900,0,Wallet,Yes,3390.0,1490.0,2025,2025-03
702704,2025-05-26,C100626,Faisalabad,Store,Dresses,Wrap Dress,2,4280,2710,0,Bank Transfer,Yes,8560.0,3140.0,2025,2025-05
704550,2024-11-06,C101137,Karachi,Online,Kurtas,Embroidered Kurta,1,3020,1730,15,Wallet,No,2567.0,837.0,2024,2024-11
702562,2023-10-09,C100967,Lahore,Online,Accessories,Baseball Cap,1,900,530,0,Card,No,900.0,370.0,2023,2023-10
700950,2024-11-13,C100765,Lahore,Store,Kurtas,Printed Kurta,2,2550,1350,25,COD,No,3825.0,1125.0,2024,2024-11
702268,2025-04-24,C100755,Lahore,Online,T-Shirts,Polo Shirt,3,2100,1240,0,COD,No,6300.0,2580.0,2025,2025-04
700256,2023-11-15,C100795,Unknown,Online,Jackets,Hooded Jacket,2,4900,2760,10,Wallet,No,8820.0,3300.0,2023,2023-11
704779,2024-12-01,C101890,Lahore,Online,Accessories,Leather Belt,1,1230,800,30,COD,No,861.0,61.0,2024,2024-12
701391,2024-01-06,C101178,Lahore,Online,Dresses,Wrap Dress,2,4280,2360,15,COD,No,7276.0,2556.0,2024,2024-01
702491,2024-08-08,C101759,Peshawar,Store,Dresses,Wrap Dress,1,4220,2630,0,COD,No,4220.0,1590.0,2024,2024-08
704498,2024-05-04,C100048,Rawalpindi,Online,Dresses,Bodycon Dress,1,3810,2050,0,Card,No,3810.0,1760.0,2024,2024-05
703666,2025-06-24,C101838,Faisalabad,Store,Accessories,Baseball Cap,3,950,440,15,Wallet,No,2422.5,1102.5,2025,2025-06
703038,2024-06-22,C101049,Lahore,Online,Dresses,Maxi Dress,1,4740,2190,10,Card,Yes,4266.0,2076.0,2024,2024-06
703754,2024-06-12,C101563,Peshawar,Store,Dresses,Maxi Dress,1,4530,2640,0,Card,No,4530.0,1890.0,2024,2024-06
703535,2023-12-17,C100083,Lahore,Online,Jeans,Slim Fit Jeans,1,3340,1910,20,Card,No,2672.0,762.0,2023,2023-12
703023,2024-05-02,C100345,Faisalabad,Store,Jackets,Puffer Jacket,3,6620,3370,20,Card,No,15888.0,5778.0,2024,2024-05
704629,2023-10-26,C100202,Islamabad,Store,Accessories,Tote Bag,3,1610,970,0,COD,No,4830.0,1920.0,2023,2023-10
702020,2024-01-26,C101139,Rawalpindi,Store,Jackets,Hooded Jacket,1,4850,3030,0,COD,No,4850.0,1820.0,2024,2024-01
702249,2024-03-27,C100241,Faisalabad,Online,Shoes,Sneakers,2,4500,2840,0,COD,No,9000.0,3320.0,2024,2024-03
702278,2024-04-21,C101385,Lahore,Store,Jackets,Denim Jacket,1,5860,3550,15,Card,No,4981.0,1431.0,2024,2024-04
700522,2025-05-15,C102092,Islamabad,Store,Dresses,Summer Floral Dress,1,3090,1460,0,COD,No,3090.0,1630.0,2025,2025-05
700319,2025-06-26,C100957,Islamabad,Store,Shoes,Sneakers,2,4570,2650,10,COD,No,8226.0,2926.0,2025,2025-06
704095,2023-09-04,C100913,Sialkot,Online,T-Shirts,Classic Cotton Tee,3,1260,810,0,COD,No,3780.0,1350.0,2023,2023-09
700613,2024-07-15,C101499,Rawalpindi,Store,Jeans,Straight Leg Jeans,2,3400,1780,0,COD,No,6800.0,3240.0,2024,2024-07
702451,2024-11-25,C100774,Lahore,Store,Shoes,Boots,1,6190,3580,20,Wallet,No,4952.0,1372.0,2024,2024-11
702525,2024-10-04,C100391,Lahore,Store,T-Shirts,Polo Shirt,3,2370,1270,15,Card,No,6043.5,2233.5,2024,2024-10
705043,2024-12-11,C100587,Karachi,Online,Kurtas,Cotton Kurta,1,1990,1010,0,Card,No,1990.0,980.0,2024,2024-12
702218,2023-08-30,C101593,Karachi,Store,Kurtas,Printed Kurta,2,2400,1430,0,Wallet,No,4800.0,1940.0,2023,2023-08
704862,2025-06-21,C101537,Faisalabad,Online,Shoes,Sandals,1,2790,1390,0,COD,No,2790.0,1400.0,2025,2025-06
702187,2024-01-31,C102006,Karachi,Online,Jackets,Bomber Jacket,3,5370,3470,15,COD,No,13693.5,3283.5,2024,2024-01
702473,2025-05-10,C100708,Karachi,Store,T-Shirts,Oversized Tee,1,1800,810,15,Card,No,1530.0,720.0,2025,2025-05
702265,2024-10-11,C100417,Faisalabad,Online,Shoes,Loafers,1,5350,2480,0,Card,No,5350.0,2870.0,2024,2024-10
702020,2024-01-26,C101139,Rawalpindi,Store,Jeans,Straight Leg Jeans,1,3320,1710,0,COD,No,3320.0,1610.0,2024,2024-01
704502,2024-03-06,C101543,Lahore,Store,Kurtas,Embroidered Kurta,3,2880,1820,0,COD,No,8640.0,3180.0,2024,2024-03
700551,2023-09-30,C101798,Islamabad,Store,T-Shirts,Polo Shirt,2,2270,1170,0,Card,No,4540.0,2200.0,2023,2023-09
705048,2024-03-23,C100682,Lahore,Store,Accessories,Baseball Cap,1,940,540,0,COD,No,940.0,400.0,2024,2024-03
700342,2025-03-20,C100423,Lahore,Store,Accessories,Tote Bag,2,1610,790,0,COD,No,3220.0,1640.0,2025,2025-03
703300,2023-12-21,C101805,Rawalpindi,Online,Jeans,High-Waist Jeans,1,4210,2160,30,COD,No,2947.0,787.0,2023,2023-12
705002,2024-02-13,C100299,Rawalpindi,Store,Shoes,Boots,1,6180,3590,0,COD,No,6180.0,2590.0,2024,2024-02
703245,2023-07-22,C100163,Lahore,Store,T-Shirts,Graphic Print Tee,1,1490,810,10,Wallet,No,1341.0,531.0,2023,2023-07
700132,2024-05-02,C100329,Karachi,Store,Accessories,Tote Bag,1,1560,910,0,COD,Yes,1560.0,650.0,2024,2024-05
702267,2025-02-01,C100212,Lahore,Online,Shoes,Sandals,1,2670,1660,0,Card,No,2670.0,1010.0,2025,2025-02
702549,2025-05-07,C101647,Faisalabad,Store,Jeans,Straight Leg Jeans,2,3260,2100,10,Card,No,5868.0,1668.0,2025,2025-05
703342,2025-01-02,C101117,Faisalabad,Online,Shoes,Loafers,2,5310,3320,10,COD,No,9558.0,2918.0,2025,2025-01
700343,2025-04-20,C101484,Islamabad,Online,T-Shirts,Graphic Print Tee,2,1510,750,20,COD,No,2416.0,916.0,2025,2025-04
701074,2024-03-04,C102034,Lahore,Online,Shoes,Sneakers,1,4620,2480,0,COD,No,4620.0,2140.0,2024,2024-03
702825,2024-07-10,C101926,Karachi,Store,Kurtas,Printed Kurta,3,2500,1310,10,COD,No,6750.0,2820.0,2024,2024-07
702904,2023-09-07,C101426,Lahore,Online,Jackets,Denim Jacket,1,5550,2830,0,COD,No,5550.0,2720.0,2023,2023-09
703088,2024-12-30,C100291,Lahore,Online,Shoes,Sneakers,2,4510,2460,30,Wallet,No,6314.0,1394.0,2024,2024-12
704315,2025-06-28,C102015,Islamabad,Online,Accessories,Sunglasses,2,2250,1280,15,COD,No,3825.0,1265.0,2025,2025-06
704895,2025-03-29,C100858,Karachi,Store,T-Shirts,Classic Cotton Tee,3,1210,680,0,COD,No,3630.0,1590.0,2025,2025-03
702238,2025-03-02,C101489,Unknown,Online,Jeans,Straight Leg Jeans,1,3200,2020,0,Card,No,3200.0,1180.0,2025,2025-03
701738,2024-04-19,C100048,Rawalpindi,Online,Shoes,Sneakers,1,4820,2360,20,COD,No,3856.0,1496.0,2024,2024-04
704118,2025-02-16,C100165,Karachi,Store,Jackets,Hooded Jacket,3,4950,3010,0,Card,No,14850.0,5820.0,2025,2025-02
702756,2024-12-28,C100097,Lahore,Online,Jeans,Ripped Jeans,1,4090,1880,15,Card,No,3476.5,1596.5,2024,2024-12
702758,2024-08-30,C101446,Peshawar,Store,Kurtas,Festive Kurta,1,4470,2750,0,Wallet,No,4470.0,1720.0,2024,2024-08
703281,2023-11-18,C101864,Islamabad,Online,Jeans,High-Waist Jeans,1,4170,2100,0,COD,No,4170.0,2070.0,2023,2023-11
705093,2025-04-16,C100181,Peshawar,Online,Kurtas,Festive Kurta,2,4260,2640,0,Card,No,8520.0,3240.0,2025,2025-04
703124,2025-02-12,C101757,Sialkot,Store,Jeans,Straight Leg Jeans,3,3230,1800,0,Bank Transfer,Yes,9690.0,4290.0,2025,2025-02
702858,2024-03-01,C101839,Faisalabad,Store,T-Shirts,Oversized Tee,1,1840,910,0,COD,No,1840.0,930.0,2024,2024-03
704094,2024-01-15,C101966,Rawalpindi,Online,Jackets,Puffer Jacket,1,6870,3730,0,COD,No,6870.0,3140.0,2024,2024-01
704679,2025-06-12,C101092,Karachi,Online,T-Shirts,Graphic Print Tee,1,1480,700,15,Bank Transfer,No,1258.0,558.0,2025,2025-06
700754,2023-08-20,C101981,Karachi,Online,Jackets,Hooded Jacket,1,4610,2470,10,Wallet,No,4149.0,1679.0,2023,2023-08
700545,2025-02-26,C100943,Karachi,Online,Jeans,Slim Fit Jeans,1,3400,1630,15,COD,No,2890.0,1260.0,2025,2025-02
702430,2024-03-23,C101376,Rawalpindi,Store,Shoes,Loafers,2,5060,2660,10,COD,No,9108.0,3788.0,2024,2024-03
701091,2025-02-04,C101999,Islamabad,Store,Shoes,Boots,1,6210,4000,10,Card,No,5589.0,1589.0,2025,2025-02
704565,2024-07-30,C100605,Faisalabad,Online,Dresses,Wrap Dress,3,4120,2380,0,COD,Yes,12360.0,5220.0,2024,2024-07
700433,2024-01-14,C101620,Lahore,Store,Accessories,Leather Belt,1,1250,640,0,Bank Transfer,No,1250.0,610.0,2024,2024-01
704918,2024-08-24,C101056,Peshawar,Online,Jeans,High-Waist Jeans,1,4390,2810,0,COD,No,4390.0,1580.0,2024,2024-08
703012,2024-11-28,C100394,Lahore,Online,Shoes,Sandals,2,2950,1600,20,Bank Transfer,No,4720.0,1520.0,2024,2024-11
703372,2023-12-12,C100155,Rawalpindi,Online,Jeans,Slim Fit Jeans,2,3770,1930,0,COD,No,7540.0,3680.0,2023,2023-12
701091,2025-02-04,C101999,Islamabad,Store,Shoes,Sandals,1,2790,1670,10,Card,No,2511.0,841.0,2025,2025-02
700385,2025-01-10,C100152,Lahore,Online,Kurtas,Cotton Kurta,2,1930,1140,0,Bank Transfer,No,3860.0,1580.0,2025,2025-01
703462,2024-09-18,C100093,Unknown,Store,Accessories,Sunglasses,3,2110,1000,10,Card,No,5697.0,2697.0,2024,2024-09
702818,2025-06-05,C100170,Karachi,Online,Kurtas,Printed Kurta,2,2420,1290,0,Card,No,4840.0,2260.0,2025,2025-06
700340,2025-01-29,C101279,Islamabad,Online,Shoes,Sneakers,2,4530,2810,0,Card,No,9060.0,3440.0,2025,2025-01
705034,2024-06-29,C101245,Karachi,Online,Accessories,Baseball Cap,1,900,450,0,COD,No,900.0,450.0,2024,2024-06
704917,2024-04-18,C101189,Rawalpindi,Online,Dresses,Summer Floral Dress,1,3050,1870,0,Wallet,No,3050.0,1180.0,2024,2024-04
702569,2023-07-25,C101164,Lahore,Online,Accessories,Tote Bag,1,1720,850,0,COD,No,1720.0,870.0,2023,2023-07
703357,2024-01-20,C100209,Islamabad,Online,Shoes,Sandals,1,2720,1400,0,COD,No,2720.0,1320.0,2024,2024-01
704793,2025-01-19,C100828,Multan,Store,T-Shirts,Oversized Tee,1,1840,1070,15,Card,No,1564.0,494.0,2025,2025-01
703079,2024-11-05,C101016,Rawalpindi,Store,Jeans,Slim Fit Jeans,1,3520,2040,20,Unknown,No,2816.0,776.0,2024,2024-11
702646,2023-12-12,C101797,Karachi,Online,Kurtas,Cotton Kurta,3,1980,930,20,COD,No,4752.0,1962.0,2023,2023-12
704311,2024-01-30,C101865,Multan,Online,T-Shirts,Polo Shirt,1,2120,1200,10,Bank Transfer,No,1908.0,708.0,2024,2024-01
704408,2023-08-20,C100141,Karachi,Store,Jeans,Straight Leg Jeans,3,3230,2050,10,Bank Transfer,No,8721.0,2571.0,2023,2023-08
704941,2024-08-06,C100089,Islamabad,Online,Kurtas,Printed Kurta,3,2310,1210,0,Wallet,No,6930.0,3300.0,2024,2024-08
704589,2024-08-25,C101802,Lahore,Online,Jeans,Slim Fit Jeans,1,3660,1820,0,Wallet,No,3660.0,1840.0,2024,2024-08
700901,2024-08-16,C102183,Lahore,Store,Accessories,Tote Bag,3,1600,990,15,COD,No,4080.0,1110.0,2024,2024-08
704681,2024-10-28,C101710,Faisalabad,Online,Accessories,Leather Belt,1,1270,770,10,Card,No,1143.0,373.0,2024,2024-10
702301,2025-06-28,C100021,Karachi,Store,Shoes,Sneakers,2,4460,2060,10,Card,No,8028.0,3908.0,2025,2025-06
703701,2023-12-31,C100913,Sialkot,Online,T-Shirts,Classic Cotton Tee,1,1240,660,20,COD,No,992.0,332.0,2023,2023-12
702898,2023-11-12,C101179,Lahore,Store,Jeans,Slim Fit Jeans,1,3650,2120,20,COD,No,2920.0,800.0,2023,2023-11
700599,2024-11-21,C102042,Islamabad,Online,Kurtas,Embroidered Kurta,1,2950,1620,15,Card,No,2507.5,887.5,2024,2024-11
704860,2023-07-04,C100647,Islamabad,Store,T-Shirts,Graphic Print Tee,2,1510,890,0,COD,No,3020.0,1240.0,2023,2023-07
701046,2024-11-13,C100973,Peshawar,Online,Jeans,Slim Fit Jeans,2,3670,2050,15,COD,No,6239.0,2139.0,2024,2024-11
702468,2025-05-08,C100151,Peshawar,Store,Dresses,Bodycon Dress,2,3880,2210,0,COD,Yes,7760.0,3340.0,2025,2025-05
703994,2023-11-18,C100399,Karachi,Online,Jeans,High-Waist Jeans,1,4000,1860,0,COD,Yes,4000.0,2140.0,2023,2023-11
702298,2023-08-21,C100162,Lahore,Online,Shoes,Sneakers,3,4810,2260,0,COD,No,14430.0,7650.0,2023,2023-08
702316,2024-07-12,C100226,Lahore,Online,Kurtas,Embroidered Kurta,1,2860,1440,0,Card,No,2860.0,1420.0,2024,2024-07
702903,2023-12-27,C100373,Karachi,Online,T-Shirts,Oversized Tee,2,1800,960,20,Card,No,2880.0,960.0,2023,2023-12
703976,2023-10-04,C101259,Sialkot,Online,Kurtas,Embroidered Kurta,1,2660,1620,0,Card,No,2660.0,1040.0,2023,2023-10
700944,2025-03-04,C101249,Peshawar,Store,T-Shirts,Polo Shirt,1,2270,1030,0,COD,No,2270.0,1240.0,2025,2025-03
700486,2025-06-06,C100085,Lahore,Store,Shoes,Sneakers,2,4460,2740,0,COD,No,8920.0,3440.0,2025,2025-06
700752,2023-11-04,C101216,Karachi,Online,Jeans,Straight Leg Jeans,1,3310,1830,10,Bank Transfer,No,2979.0,1149.0,2023,2023-11
702850,2024-03-13,C101774,Islamabad,Online,Shoes,Loafers,3,5360,3090,0,COD,No,16080.0,6810.0,2024,2024-03
702748,2025-04-18,C102199,Rawalpindi,Store,T-Shirts,Classic Cotton Tee,1,1160,620,10,Card,No,1044.0,424.0,2025,2025-04
703498,2023-08-02,C100409,Sialkot,Store,T-Shirts,Classic Cotton Tee,2,1270,700,15,Card,No,2159.0,759.0,2023,2023-08
702264,2025-01-21,C100325,Rawalpindi,Online,Jeans,High-Waist Jeans,3,4460,2270,0,COD,Yes,13380.0,6570.0,2025,2025-01
700725,2024-07-05,C100873,Karachi,Online,Dresses,Maxi Dress,1,4640,2830,0,COD,No,4640.0,1810.0,2024,2024-07
700039,2024-12-22,C102059,Lahore,Store,Dresses,Summer Floral Dress,3,3190,1610,25,Wallet,Yes,7177.5,2347.5,2024,2024-12
703915,2024-08-18,C101799,Islamabad,Store,Jeans,High-Waist Jeans,2,3990,2350,0,Card,No,7980.0,3280.0,2024,2024-08
704345,2025-02-20,C101009,Karachi,Store,Jackets,Puffer Jacket,1,6490,3510,0,Card,No,6490.0,2980.0,2025,2025-02
705111,2023-12-10,C101369,Karachi,Online,Jackets,Hooded Jacket,1,5150,3150,20,Bank Transfer,No,4120.0,970.0,2023,2023-12
703080,2023-08-04,C102191,Islamabad,Store,Jeans,Slim Fit Jeans,2,3370,1880,0,Wallet,No,6740.0,2980.0,2023,2023-08
703057,2023-07-14,C101305,Peshawar,Online,T-Shirts,Classic Cotton Tee,1,1230,580,0,Wallet,No,1230.0,650.0,2023,2023-07
701192,2024-12-10,C101639,Rawalpindi,Store,T-Shirts,Oversized Tee,3,1740,1030,10,Unknown,No,4698.0,1608.0,2024,2024-12
700260,2025-03-17,C101410,Multan,Online,T-Shirts,Graphic Print Tee,1,1600,980,15,Card,No,1360.0,380.0,2025,2025-03
701060,2024-06-20,C101805,Rawalpindi,Store,Jeans,High-Waist Jeans,2,4080,1950,0,Card,No,8160.0,4260.0,2024,2024-06
704275,2023-08-24,C101786,Karachi,Store,Accessories,Baseball Cap,1,920,530,15,COD,No,782.0,252.0,2023,2023-08
704429,2024-06-12,C101472,Lahore,Store,T-Shirts,Graphic Print Tee,2,1480,730,0,COD,No,2960.0,1500.0,2024,2024-06
701693,2024-03-08,C101853,Faisalabad,Online,Jackets,Puffer Jacket,1,6980,4490,0,Card,No,6980.0,2490.0,2024,2024-03
700268,2025-01-14,C101731,Lahore,Store,Accessories,Leather Belt,2,1140,620,10,COD,No,2052.0,812.0,2025,2025-01
705013,2023-09-11,C100040,Karachi,Store,Shoes,Sandals,2,3020,1550,10,Card,No,5436.0,2336.0,2023,2023-09
701794,2025-03-20,C101080,Lahore,Store,Kurtas,Cotton Kurta,2,1820,940,0,COD,No,3640.0,1760.0,2025,2025-03
704436,2025-03-15,C101500,Rawalpindi,Online,Jeans,Ripped Jeans,1,4010,2490,0,Wallet,No,4010.0,1520.0,2025,2025-03
704877,2024-11-21,C100263,Lahore,Store,Shoes,Boots,1,6490,2950,30,Card,No,4543.0,1593.0,2024,2024-11
704078,2025-04-07,C101389,Unknown,Store,Shoes,Loafers,1,5340,2870,10,COD,Yes,4806.0,1936.0,2025,2025-04
702586,2024-12-18,C101389,Lahore,Online,Jeans,High-Waist Jeans,1,4280,2620,10,COD,No,3852.0,1232.0,2024,2024-12
703812,2024-09-11,C100917,Unknown,Online,Kurtas,Printed Kurta,2,2420,1540,0,COD,No,4840.0,1760.0,2024,2024-09
704005,2023-11-15,C100088,Lahore,Online,Kurtas,Festive Kurta,2,4530,2940,15,COD,No,7701.0,1821.0,2023,2023-11
702616,2023-08-22,C100356,Faisalabad,Online,T-Shirts,Classic Cotton Tee,1,1230,740,0,Bank Transfer,No,1230.0,490.0,2023,2023-08
700303,2024-04-20,C102125,Karachi,Store,T-Shirts,Polo Shirt,3,2230,1420,0,Card,No,6690.0,2430.0,2024,2024-04
700094,2025-03-01,C100166,Multan,Online,Jeans,Ripped Jeans,1,3980,2370,0,Bank Transfer,Yes,3980.0,1610.0,2025,2025-03
702359,2024-11-11,C101871,Karachi,Online,Accessories,Leather Belt,1,1220,620,15,Bank Transfer,No,1037.0,417.0,2024,2024-11
700921,2023-12-25,C100544,Lahore,Store,Accessories,Sunglasses,2,2180,1020,25,Wallet,No,3270.0,1230.0,2023,2023-12
702929,2025-02-11,C101769,Multan,Store,Accessories,Leather Belt,1,1200,560,10,Card,No,1080.0,520.0,2025,2025-02
703937,2024-08-12,C101874,Peshawar,Online,Accessories,Sunglasses,1,2220,1150,15,Wallet,No,1887.0,737.0,2024,2024-08
702375,2024-11-21,C100565,Rawalpindi,Store,Accessories,Baseball Cap,1,880,500,0,COD,No,880.0,380.0,2024,2024-11
703056,2025-01-15,C100573,Faisalabad,Online,Jeans,Slim Fit Jeans,1,3410,2100,0,Card,No,3410.0,1310.0,2025,2025-01
704319,2023-07-05,C102142,Faisalabad,Online,Accessories,Sunglasses,1,2180,1170,0,COD,No,2180.0,1010.0,2023,2023-07
702773,2024-12-28,C101915,Lahore,Store,Kurtas,Cotton Kurta,3,2040,1310,0,Card,No,6120.0,2190.0,2024,2024-12
702168,2024-05-17,C101850,Lahore,Store,Kurtas,Printed Kurta,3,2360,1520,20,Bank Transfer,Yes,5664.0,1104.0,2024,2024-05
703596,2024-01-02,C102083,Lahore,Store,Jeans,Ripped Jeans,1,3800,1960,0,COD,No,3800.0,1840.0,2024,2024-01
701079,2024-12-17,C101819,Islamabad,Store,Jeans,Ripped Jeans,1,3900,2080,0,COD,No,3900.0,1820.0,2024,2024-12
704120,2025-02-12,C100827,Lahore,Online,Jeans,Slim Fit Jeans,1,3530,2210,15,Wallet,No,3000.5,790.5,2025,2025-02
701279,2023-09-23,C100998,Sialkot,Online,Jackets,Bomber Jacket,1,5140,2400,10,Card,No,4626.0,2226.0,2023,2023-09
704613,2025-02-28,C100713,Peshawar,Online,Jackets,Denim Jacket,2,5660,2640,0,Card,No,11320.0,6040.0,2025,2025-02
700634,2024-08-29,C100219,Karachi,Store,Dresses,Summer Floral Dress,2,3050,1390,0,COD,No,6100.0,3320.0,2024,2024-08
700662,2024-10-04,C102141,Karachi,Store,Jeans,Slim Fit Jeans,1,3610,1840,0,COD,No,3610.0,1770.0,2024,2024-10
702880,2024-11-21,C100296,Sialkot,Online,T-Shirts,Classic Cotton Tee,2,1150,580,20,COD,No,1840.0,680.0,2024,2024-11
702092,2025-05-19,C101322,Lahore,Store,T-Shirts,Classic Cotton Tee,2,1220,680,20,Wallet,No,1952.0,592.0,2025,2025-05
700125,2025-04-09,C101225,Peshawar,Online,Dresses,Wrap Dress,1,4280,2070,10,Card,Yes,3852.0,1782.0,2025,2025-04
701442,2024-09-04,C100659,Karachi,Online,Shoes,Sneakers,1,4440,2670,0,COD,No,4440.0,1770.0,2024,2024-09
700543,2023-11-08,C101365,Islamabad,Store,Kurtas,Printed Kurta,3,2550,1320,15,COD,No,6502.5,2542.5,2023,2023-11
703721,2023-08-12,C100993,Lahore,Online,Jeans,High-Waist Jeans,1,4220,2230,10,Wallet,No,3798.0,1568.0,2023,2023-08
704931,2023-09-22,C100323,Islamabad,Online,Accessories,Leather Belt,1,1210,720,0,Card,No,1210.0,490.0,2023,2023-09
705136,2025-03-08,C100593,Islamabad,Store,Shoes,Sandals,1,2980,1680,0,COD,No,2980.0,1300.0,2025,2025-03
701269,2024-03-28,C102127,Karachi,Online,Dresses,Maxi Dress,1,4830,2840,15,Card,No,4105.5,1265.5,2024,2024-03
700473,2025-05-16,C102089,Karachi,Store,Dresses,Bodycon Dress,2,3790,2110,0,Card,No,7580.0,3360.0,2025,2025-05
700826,2024-11-28,C100208,Lahore,Online,Accessories,Baseball Cap,1,860,410,20,Wallet,No,688.0,278.0,2024,2024-11
703280,2025-06-16,C100144,Karachi,Store,T-Shirts,Polo Shirt,1,2100,1110,0,Unknown,No,2100.0,990.0,2025,2025-06
704648,2024-09-15,C102034,Unknown,Online,Accessories,Tote Bag,1,1690,1060,0,Wallet,No,1690.0,630.0,2024,2024-09
703066,2024-02-04,C101939,Lahore,Online,T-Shirts,Polo Shirt,2,2150,1120,0,Bank Transfer,No,4300.0,2060.0,2024,2024-02
704355,2024-12-11,C100428,Lahore,Online,Jeans,Straight Leg Jeans,1,3180,2060,10,Bank Transfer,No,2862.0,802.0,2024,2024-12
701189,2025-03-05,C101162,Multan,Online,Jackets,Hooded Jacket,1,5180,2650,0,COD,No,5180.0,2530.0,2025,2025-03
702524,2023-09-22,C101742,Lahore,Store,Dresses,Bodycon Dress,2,3740,2400,0,Card,No,7480.0,2680.0,2023,2023-09
704071,2023-10-11,C100119,Islamabad,Store,Accessories,Baseball Cap,1,890,420,0,COD,No,890.0,470.0,2023,2023-10
703898,2024-08-30,C101653,Lahore,Online,Jackets,Denim Jacket,1,5670,3500,0,Card,No,5670.0,2170.0,2024,2024-08
703614,2023-09-04,C100128,Lahore,Store,T-Shirts,Graphic Print Tee,3,1450,940,0,Wallet,No,4350.0,1530.0,2023,2023-09
700822,2025-02-03,C100557,Karachi,Online,T-Shirts,Classic Cotton Tee,1,1200,770,0,COD,No,1200.0,430.0,2025,2025-02
701485,2024-02-25,C100816,Peshawar,Store,Jackets,Hooded Jacket,1,4720,2540,0,Card,No,4720.0,2180.0,2024,2024-02
700706,2023-12-02,C100769,Islamabad,Online,Kurtas,Festive Kurta,1,4270,2690,0,COD,No,4270.0,1580.0,2023,2023-12
703940,2024-06-25,C100729,Islamabad,Online,Jeans,High-Waist Jeans,1,4110,1980,0,COD,Yes,4110.0,2130.0,2024,2024-06
702085,2024-09-27,C101525,Lahore,Store,T-Shirts,Polo Shirt,2,2150,1010,15,Card,No,3655.0,1635.0,2024,2024-09
702896,2024-01-21,C100075,Karachi,Store,Kurtas,Embroidered Kurta,2,2660,1430,0,COD,No,5320.0,2460.0,2024,2024-01
704675,2025-02-24,C100346,Sialkot,Online,Accessories,Tote Bag,3,1650,910,0,COD,No,4950.0,2220.0,2025,2025-02
701714,2024-09-28,C100787,Karachi,Store,Jeans,High-Waist Jeans,1,4140,2420,0,COD,No,4140.0,1720.0,2024,2024-09
700879,2024-04-09,C100863,Islamabad,Online,Shoes,Loafers,1,5190,3040,0,Card,No,5190.0,2150.0,2024,2024-04
702993,2024-11-22,C101894,Karachi,Online,Kurtas,Festive Kurta,3,4150,1990,20,Card,Yes,9960.0,3990.0,2024,2024-11
704599,2024-02-08,C100695,Islamabad,Online,Shoes,Sneakers,1,4770,2620,0,Wallet,No,4770.0,2150.0,2024,2024-02
704670,2024-05-30,C102097,Karachi,Online,T-Shirts,Polo Shirt,1,2210,1180,10,Card,No,1989.0,809.0,2024,2024-05
704233,2025-05-21,C102170,Karachi,Online,Jeans,Slim Fit Jeans,2,3610,2140,0,COD,No,7220.0,2940.0,2025,2025-05
701673,2024-10-25,C102009,Rawalpindi,Online,Accessories,Sunglasses,1,2370,1400,0,Unknown,No,2370.0,970.0,2024,2024-10
703147,2023-12-06,C100896,Karachi,Online,Accessories,Tote Bag,1,1700,850,20,Card,No,1360.0,510.0,2023,2023-12
702186,2023-11-23,C101245,Karachi,Store,T-Shirts,Classic Cotton Tee,1,1220,740,25,Card,No,915.0,175.0,2023,2023-11
703377,2024-02-11,C100156,Karachi,Online,Dresses,Bodycon Dress,3,3920,2120,0,COD,No,11760.0,5400.0,2024,2024-02
700787,2024-05-20,C100386,Rawalpindi,Online,Shoes,Boots,2,6500,3270,0,COD,No,13000.0,6460.0,2024,2024-05
703888,2024-04-17,C102018,Islamabad,Online,Shoes,Loafers,1,5240,2440,20,Wallet,No,4192.0,1752.0,2024,2024-04
700281,2025-06-29,C101142,Multan,Online,Jeans,High-Waist Jeans,1,4190,2210,0,COD,No,4190.0,1980.0,2025,2025-06
701331,2024-04-28,C101285,Peshawar,Online,Dresses,Summer Floral Dress,3,3160,1590,0,Card,No,9480.0,4710.0,2024,2024-04
700362,2025-05-24,C101781,Faisalabad,Online,Kurtas,Embroidered Kurta,1,2670,1290,0,COD,No,2670.0,1380.0,2025,2025-05
702350,2023-11-18,C101847,Rawalpindi,Online,Shoes,Boots,1,6520,3640,10,COD,No,5868.0,2228.0,2023,2023-11
700032,2024-10-17,C102038,Islamabad,Online,Shoes,Loafers,1,4990,2650,0,Card,No,4990.0,2340.0,2024,2024-10
702207,2023-09-24,C101322,Lahore,Store,Jackets,Puffer Jacket,3,6790,4110,0,Bank Transfer,No,20370.0,8040.0,2023,2023-09
700275,2024-08-26,C101903,Lahore,Online,Kurtas,Printed Kurta,3,2500,1540,10,Card,No,6750.0,2130.0,2024,2024-08
702193,2023-07-02,C102191,Islamabad,Online,Accessories,Tote Bag,1,1700,880,0,Bank Transfer,No,1700.0,820.0,2023,2023-07
702063,2025-04-05,C100669,Karachi,Store,Dresses,Summer Floral Dress,3,3080,1900,0,Bank Transfer,No,9240.0,3540.0,2025,2025-04
700437,2023-10-18,C101636,Karachi,Online,Jackets,Denim Jacket,2,5510,3390,10,Card,Yes,9918.0,3138.0,2023,2023-10
703260,2023-07-30,C101250,Lahore,Online,Kurtas,Embroidered Kurta,2,3020,1840,0,COD,No,6040.0,2360.0,2023,2023-07
701170,2025-02-21,C101628,Unknown,Online,Dresses,Wrap Dress,1,4010,1930,0,COD,No,4010.0,2080.0,2025,2025-02
703647,2024-04-04,C101299,Karachi,Online,T-Shirts,Polo Shirt,2,2250,1450,10,COD,No,4050.0,1150.0,2024,2024-04
703671,2024-01-03,C100061,Karachi,Store,Jackets,Puffer Jacket,1,7200,3520,0,Wallet,No,7200.0,3680.0,2024,2024-01
703539,2025-06-22,C100691,Peshawar,Online,Accessories,Tote Bag,2,1630,970,0,COD,No,3260.0,1320.0,2025,2025-06
705061,2024-01-26,C101836,Lahore,Store,Jackets,Puffer Jacket,1,6610,3070,0,Card,No,6610.0,3540.0,2024,2024-01
701377,2025-01-20,C101387,Karachi,Store,Kurtas,Festive Kurta,2,4410,2410,0,Card,No,8820.0,4000.0,2025,2025-01
700335,2023-08-08,C101457,Karachi,Online,Dresses,Bodycon Dress,2,4010,2410,0,Wallet,No,8020.0,3200.0,2023,2023-08
700895,2024-06-20,C101377,Multan,Store,Kurtas,Printed Kurta,1,2310,1070,0,Card,No,2310.0,1240.0,2024,2024-06
704881,2024-12-19,C100294,Multan,Store,Shoes,Loafers,1,5450,2880,25,Unknown,No,4087.5,1207.5,2024,2024-12
703727,2023-12-13,C100072,Multan,Online,Jeans,High-Waist Jeans,1,4320,2640,15,COD,No,3672.0,1032.0,2023,2023-12
703896,2024-01-11,C101267,Sialkot,Store,Shoes,Sneakers,1,4450,2690,15,Bank Transfer,No,3782.5,1092.5,2024,2024-01
703553,2025-05-29,C100231,Karachi,Online,T-Shirts,Classic Cotton Tee,1,1210,720,10,Card,No,1089.0,369.0,2025,2025-05
704660,2025-04-02,C101975,Lahore,Store,Kurtas,Printed Kurta,1,2560,1240,0,Wallet,No,2560.0,1320.0,2025,2025-04
703145,2025-02-19,C102096,Lahore,Store,Shoes,Loafers,3,5140,2760,0,Wallet,No,15420.0,7140.0,2025,2025-02
700154,2024-11-27,C100566,Faisalabad,Online,Jackets,Puffer Jacket,2,7310,3850,10,Wallet,No,13158.0,5458.0,2024,2024-11
702510,2025-01-18,C101841,Islamabad,Online,Kurtas,Festive Kurta,3,4380,1980,0,COD,No,13140.0,7200.0,2025,2025-01
705114,2023-08-07,C100345,Faisalabad,Store,Shoes,Sneakers,2,4780,2380,0,COD,No,9560.0,4800.0,2023,2023-08
705198,2024-03-07,C100680,Lahore,Store,Accessories,Baseball Cap,1,910,440,0,Bank Transfer,No,910.0,470.0,2024,2024-03
704728,2024-07-16,C101357,Karachi,Online,Shoes,Boots,2,6410,3410,0,COD,Yes,12820.0,6000.0,2024,2024-07
701943,2023-10-25,C100309,Lahore,Store,Accessories,Tote Bag,1,1690,960,10,COD,Yes,1521.0,561.0,2023,2023-10
700988,2024-07-27,C100654,Multan,Store,Kurtas,Printed Kurta,1,2280,1070,0,COD,No,2280.0,1210.0,2024,2024-07
700003,2024-07-01,C100760,Rawalpindi,Online,Kurtas,Cotton Kurta,1,1970,1090,0,COD,No,1970.0,880.0,2024,2024-07
701528,2023-09-11,C100913,Sialkot,Online,Dresses,Bodycon Dress,2,4030,1860,0,Wallet,Yes,8060.0,4340.0,2023,2023-09
703190,2023-10-08,C100072,Multan,Online,Jeans,Straight Leg Jeans,2,3290,2040,0,Card,No,6580.0,2500.0,2023,2023-10
702236,2023-08-30,C100287,Karachi,Online,T-Shirts,Graphic Print Tee,1,1530,870,15,COD,No,1300.5,430.5,2023,2023-08
704784,2024-01-26,C100128,Lahore,Online,Jeans,High-Waist Jeans,1,4000,2290,0,Card,No,4000.0,1710.0,2024,2024-01
700303,2024-04-20,C102125,Karachi,Store,Accessories,Sunglasses,2,2340,1480,10,Card,No,4212.0,1252.0,2024,2024-04
704668,2025-06-20,C100860,Faisalabad,Online,Jeans,High-Waist Jeans,1,4500,2460,0,Card,No,4500.0,2040.0,2025,2025-06
704827,2025-04-04,C101088,Karachi,Store,Accessories,Baseball Cap,1,930,500,20,COD,No,744.0,244.0,2025,2025-04
702723,2024-05-07,C102062,Islamabad,Store,Kurtas,Printed Kurta,1,2360,1340,15,COD,No,2006.0,666.0,2024,2024-05
702006,2023-11-04,C100300,Faisalabad,Store,Jackets,Puffer Jacket,1,7260,4690,0,COD,No,7260.0,2570.0,2023,2023-11
703083,2023-07-25,C101754,Karachi,Online,Kurtas,Festive Kurta,1,4180,1900,10,COD,No,3762.0,1862.0,2023,2023-07
701466,2024-05-11,C101780,Lahore,Store,Accessories,Baseball Cap,1,950,600,20,COD,No,760.0,160.0,2024,2024-05
702672,2024-08-12,C100996,Islamabad,Online,Kurtas,Cotton Kurta,2,2050,1130,0,COD,No,4100.0,1840.0,2024,2024-08
701469,2024-05-07,C101776,Rawalpindi,Online,Accessories,Baseball Cap,1,950,580,10,Bank Transfer,No,855.0,275.0,2024,2024-05
701927,2025-04-04,C100824,Multan,Online,T-Shirts,Polo Shirt,2,2350,1310,20,Bank Transfer,No,3760.0,1140.0,2025,2025-04
700344,2024-01-17,C101889,Karachi,Online,Jeans,High-Waist Jeans,2,4340,2290,0,Card,Yes,8680.0,4100.0,2024,2024-01
700100,2023-10-25,C100420,Rawalpindi,Store,Kurtas,Embroidered Kurta,1,2690,1690,0,COD,No,2690.0,1000.0,2023,2023-10
704080,2024-02-14,C100124,Lahore,Online,Shoes,Loafers,1,5550,2880,0,Wallet,No,5550.0,2670.0,2024,2024-02
702431,2024-05-29,C101601,Lahore,Online,Kurtas,Cotton Kurta,3,1810,1170,15,COD,Yes,4615.5,1105.5,2024,2024-05
701464,2023-12-18,C101371,Sialkot,Online,Dresses,Wrap Dress,2,4020,2340,25,Card,No,6030.0,1350.0,2023,2023-12
704141,2023-11-05,C100790,Lahore,Online,Accessories,Baseball Cap,1,870,430,0,Card,No,870.0,440.0,2023,2023-11
704911,2024-07-05,C101787,Rawalpindi,Store,T-Shirts,Graphic Print Tee,1,1520,690,0,COD,No,1520.0,830.0,2024,2024-07
704656,2025-02-05,C101710,Faisalabad,Online,Kurtas,Embroidered Kurta,1,2710,1690,0,Bank Transfer,Yes,2710.0,1020.0,2025,2025-02
701332,2024-07-21,C101817,Karachi,Store,Kurtas,Festive Kurta,1,4000,2060,0,Wallet,No,4000.0,1940.0,2024,2024-07
701778,2024-01-20,C101460,Faisalabad,Store,Accessories,Sunglasses,1,2320,1320,0,COD,No,2320.0,1000.0,2024,2024-01
703321,2024-12-30,C101075,Karachi,Store,Jeans,Straight Leg Jeans,2,3100,1490,0,Card,No,6200.0,3220.0,2024,2024-12
701233,2024-04-23,C100436,Lahore,Online,Dresses,Maxi Dress,3,4360,2020,15,COD,Yes,11118.0,5058.0,2024,2024-04
700674,2025-03-26,C101774,Islamabad,Online,Jackets,Hooded Jacket,1,5180,3080,0,COD,No,5180.0,2100.0,2025,2025-03
701874,2024-06-19,C100637,Rawalpindi,Online,Jeans,Ripped Jeans,1,3730,1860,0,COD,No,3730.0,1870.0,2024,2024-06
703206,2024-02-18,C100560,Lahore,Store,Dresses,Bodycon Dress,1,3640,1900,15,Wallet,No,3094.0,1194.0,2024,2024-02
701303,2025-05-26,C101840,Lahore,Online,Dresses,Summer Floral Dress,2,3040,1680,0,Card,No,6080.0,2720.0,2025,2025-05
703657,2025-04-28,C100325,Rawalpindi,Online,Dresses,Maxi Dress,3,4750,2270,10,Card,No,12825.0,6015.0,2025,2025-04
704024,2024-03-02,C101808,Karachi,Online,Accessories,Sunglasses,2,2120,1110,0,Bank Transfer,No,4240.0,2020.0,2024,2024-03
700713,2024-10-11,C102124,Karachi,Online,Dresses,Wrap Dress,3,4210,2240,0,Wallet,No,12630.0,5910.0,2024,2024-10
703102,2024-08-13,C102170,Karachi,Store,T-Shirts,Oversized Tee,3,1870,910,0,COD,Yes,5610.0,2880.0,2024,2024-08
702172,2024-11-04,C101724,Karachi,Online,Kurtas,Printed Kurta,1,2300,1380,0,Card,No,2300.0,920.0,2024,2024-11
702901,2025-05-10,C101484,Islamabad,Store,Accessories,Leather Belt,1,1290,760,20,Card,No,1032.0,272.0,2025,2025-05
700532,2023-08-07,C101653,Lahore,Store,Accessories,Tote Bag,1,1540,810,0,COD,No,1540.0,730.0,2023,2023-08
703768,2023-10-08,C100237,Faisalabad,Online,Accessories,Sunglasses,1,2300,1460,10,Card,No,2070.0,610.0,2023,2023-10
700277,2024-11-25,C100643,Lahore,Online,Dresses,Wrap Dress,1,3850,2060,15,Card,No,3272.5,1212.5,2024,2024-11
703861,2025-06-01,C100844,Lahore,Store,Accessories,Tote Bag,1,1700,950,0,COD,No,1700.0,750.0,2025,2025-06
703807,2023-10-14,C100994,Peshawar,Online,Kurtas,Embroidered Kurta,2,2910,1830,0,COD,No,5820.0,2160.0,2023,2023-10
700678,2024-09-24,C101229,Lahore,Store,Kurtas,Printed Kurta,3,2380,1370,0,COD,No,7140.0,3030.0,2024,2024-09
704390,2023-09-27,C100459,Islamabad,Online,Dresses,Bodycon Dress,1,3760,2270,10,Card,No,3384.0,1114.0,2023,2023-09
702728,2024-05-18,C101282,Karachi,Online,T-Shirts,Graphic Print Tee,1,1600,1030,10,COD,No,1440.0,410.0,2024,2024-05
705045,2024-05-28,C100408,Lahore,Online,T-Shirts,Polo Shirt,1,2110,1340,0,COD,No,2110.0,770.0,2024,2024-05
704412,2023-07-08,C100970,Lahore,Online,T-Shirts,Classic Cotton Tee,2,1270,590,0,Card,No,2540.0,1360.0,2023,2023-07
703064,2024-03-01,C100969,Lahore,Online,Jeans,Slim Fit Jeans,1,3740,2090,10,Bank Transfer,No,3366.0,1276.0,2024,2024-03
703155,2024-12-23,C100203,Lahore,Online,Jeans,Straight Leg Jeans,3,3250,2100,15,COD,No,8287.5,1987.5,2024,2024-12
700225,2024-03-16,C100420,Rawalpindi,Store,Jeans,Straight Leg Jeans,1,3140,1490,0,Wallet,No,3140.0,1650.0,2024,2024-03
701149,2023-07-17,C100397,Karachi,Store,T-Shirts,Graphic Print Tee,1,1570,1000,0,Card,No,1570.0,570.0,2023,2023-07
704916,2023-12-24,C101361,Karachi,Online,Shoes,Sandals,2,2940,1520,0,COD,No,5880.0,2840.0,2023,2023-12
700376,2023-09-26,C101364,Karachi,Online,Kurtas,Printed Kurta,1,2410,1290,0,Card,No,2410.0,1120.0,2023,2023-09
703905,2025-01-09,C102144,Karachi,Online,Jackets,Hooded Jacket,2,4580,2560,0,COD,No,9160.0,4040.0,2025,2025-01
703182,2024-09-27,C100921,Multan,Store,Dresses,Maxi Dress,3,4610,2130,0,Card,No,13830.0,7440.0,2024,2024-09
701057,2024-12-16,C102151,Lahore,Store,Jackets,Bomber Jacket,1,5490,2780,25,Wallet,No,4117.5,1337.5,2024,2024-12
700475,2025-05-16,C100100,Peshawar,Online,Dresses,Maxi Dress,2,4720,3020,0,COD,No,9440.0,3400.0,2025,2025-05
701654,2023-07-03,C101757,Sialkot,Online,Jeans,High-Waist Jeans,2,4350,2540,0,COD,No,8700.0,3620.0,2023,2023-07
703307,2024-06-22,C101105,Faisalabad,Online,Kurtas,Printed Kurta,1,2300,1260,0,Wallet,No,2300.0,1040.0,2024,2024-06
704955,2024-04-04,C100701,Karachi,Store,Accessories,Sunglasses,2,2260,1390,10,Card,No,4068.0,1288.0,2024,2024-04
701321,2023-12-28,C100296,Sialkot,Store,Shoes,Loafers,1,4970,3200,20,Card,No,3976.0,776.0,2023,2023-12
703792,2024-06-22,C101724,Karachi,Online,Jeans,Slim Fit Jeans,1,3660,2040,10,Card,No,3294.0,1254.0,2024,2024-06
703083,2023-07-25,C101754,Karachi,Online,T-Shirts,Graphic Print Tee,1,1620,970,10,COD,No,1458.0,488.0,2023,2023-07
700735,2024-07-28,C101290,Karachi,Online,Kurtas,Cotton Kurta,2,1910,980,0,COD,No,3820.0,1860.0,2024,2024-07
703495,2024-08-29,C101336,Lahore,Online,Dresses,Summer Floral Dress,2,3090,1830,0,COD,Yes,6180.0,2520.0,2024,2024-08
704096,2024-04-19,C100860,Faisalabad,Store,Kurtas,Embroidered Kurta,1,3000,1870,15,COD,No,2550.0,680.0,2024,2024-04
703382,2024-04-23,C102140,Peshawar,Online,Kurtas,Printed Kurta,3,2390,1180,0,Bank Transfer,No,7170.0,3630.0,2024,2024-04
701343,2024-12-12,C100128,Lahore,Store,Jackets,Bomber Jacket,3,5460,2550,30,Card,No,11466.0,3816.0,2024,2024-12
701712,2023-10-29,C101620,Lahore,Online,Accessories,Sunglasses,1,2340,1270,0,COD,No,2340.0,1070.0,2023,2023-10
702668,2024-11-24,C101924,Lahore,Online,Jeans,Ripped Jeans,2,3850,2490,25,COD,No,5775.0,795.0,2024,2024-11
704101,2023-10-06,C100972,Lahore,Online,Jeans,Ripped Jeans,1,3870,2250,0,COD,No,3870.0,1620.0,2023,2023-10
703293,2024-04-16,C101404,Lahore,Store,Kurtas,Embroidered Kurta,1,2820,1660,15,Card,No,2397.0,737.0,2024,2024-04
701836,2023-07-21,C101946,Lahore,Online,T-Shirts,Graphic Print Tee,3,1480,780,0,COD,No,4440.0,2100.0,2023,2023-07
705036,2025-03-28,C101278,Multan,Store,Dresses,Bodycon Dress,3,3880,2050,0,Wallet,No,11640.0,5490.0,2025,2025-03
701314,2024-04-06,C100087,Karachi,Store,Accessories,Sunglasses,1,2270,1030,20,COD,No,1816.0,786.0,2024,2024-04
700728,2023-10-23,C101718,Rawalpindi,Store,Jackets,Hooded Jacket,1,4570,2540,10,Bank Transfer,No,4113.0,1573.0,2023,2023-10
701009,2024-01-24,C100135,Lahore,Store,Jackets,Hooded Jacket,2,4760,2230,0,COD,No,9520.0,5060.0,2024,2024-01
701606,2025-03-20,C100731,Lahore,Online,Accessories,Sunglasses,1,2260,1250,10,Wallet,No,2034.0,784.0,2025,2025-03
704444,2023-10-26,C100313,Karachi,Online,Jackets,Denim Jacket,2,5880,3200,0,COD,No,11760.0,5360.0,2023,2023-10
702271,2024-07-25,C101342,Karachi,Store,Shoes,Loafers,1,5410,3030,0,Card,Yes,5410.0,2380.0,2024,2024-07
704657,2024-07-31,C102158,Karachi,Online,Dresses,Summer Floral Dress,1,3450,1800,0,Card,No,3450.0,1650.0,2024,2024-07
702076,2025-04-09,C101517,Sialkot,Store,Shoes,Loafers,2,5030,2390,15,COD,No,8551.0,3771.0,2025,2025-04
702283,2025-01-05,C101083,Multan,Online,Jackets,Puffer Jacket,1,6560,3230,15,COD,No,5576.0,2346.0,2025,2025-01
705134,2023-10-21,C101245,Karachi,Online,Jeans,Slim Fit Jeans,3,3460,1840,0,COD,No,10380.0,4860.0,2023,2023-10
704967,2023-12-15,C100658,Islamabad,Online,Jeans,Straight Leg Jeans,1,3220,1880,0,Card,No,3220.0,1340.0,2023,2023-12
701217,2023-08-20,C101496,Multan,Online,T-Shirts,Graphic Print Tee,1,1520,690,0,Wallet,No,1520.0,830.0,2023,2023-08
703842,2024-02-20,C101226,Karachi,Online,Jackets,Bomber Jacket,1,5440,2930,10,Bank Transfer,No,4896.0,1966.0,2024,2024-02
704416,2024-08-21,C101742,Lahore,Online,Jackets,Bomber Jacket,2,5220,2870,0,Card,No,10440.0,4700.0,2024,2024-08
702118,2024-05-27,C100914,Sialkot,Store,T-Shirts,Polo Shirt,1,2110,1110,10,COD,No,1899.0,789.0,2024,2024-05
700272,2024-11-07,C101735,Faisalabad,Online,T-Shirts,Polo Shirt,1,2270,1220,25,COD,No,1702.5,482.5,2024,2024-11
704583,2024-12-18,C101503,Karachi,Store,Accessories,Baseball Cap,1,920,520,20,COD,No,736.0,216.0,2024,2024-12
704681,2024-10-28,C101710,Faisalabad,Online,Jeans,Straight Leg Jeans,1,3430,1920,0,Card,No,3430.0,1510.0,2024,2024-10
702627,2025-05-14,C100067,Karachi,Online,T-Shirts,Graphic Print Tee,2,1480,780,0,Wallet,No,2960.0,1400.0,2025,2025-05
701716,2024-06-11,C101646,Karachi,Online,Accessories,Baseball Cap,3,930,540,10,COD,No,2511.0,891.0,2024,2024-06
705090,2024-12-06,C100016,Islamabad,Online,Jeans,High-Waist Jeans,1,4040,2390,0,COD,No,4040.0,1650.0,2024,2024-12
700238,2024-10-12,C101269,Karachi,Online,Jeans,Ripped Jeans,2,3890,1890,0,Bank Transfer,No,7780.0,4000.0,2024,2024-10
704105,2024-12-17,C101127,Rawalpindi,Online,Accessories,Tote Bag,1,1680,960,0,COD,No,1680.0,720.0,2024,2024-12
700864,2024-04-13,C101776,Rawalpindi,Store,Kurtas,Printed Kurta,2,2350,1290,15,Card,No,3995.0,1415.0,2024,2024-04
701929,2023-09-26,C100310,Karachi,Online,Dresses,Summer Floral Dress,1,3430,2150,0,COD,Yes,3430.0,1280.0,2023,2023-09
702216,2023-07-10,C102118,Lahore,Store,Kurtas,Festive Kurta,1,4370,2340,10,Card,No,3933.0,1593.0,2023,2023-07
700305,2024-01-25,C100794,Lahore,Online,Accessories,Baseball Cap,1,890,530,0,Card,No,890.0,360.0,2024,2024-01
704707,2025-05-31,C101350,Faisalabad,Online,Shoes,Boots,2,6800,3550,10,Card,No,12240.0,5140.0,2025,2025-05
701713,2024-12-03,C101692,Lahore,Online,Jeans,Slim Fit Jeans,3,3570,1760,20,COD,No,8568.0,3288.0,2024,2024-12
701539,2024-10-12,C102157,Karachi,Online,Accessories,Leather Belt,1,1240,760,0,COD,No,1240.0,480.0,2024,2024-10
701495,2024-05-31,C101753,Faisalabad,Online,Dresses,Wrap Dress,1,4110,2320,0,COD,No,4110.0,1790.0,2024,2024-05
701515,2025-03-16,C101871,Karachi,Online,Dresses,Bodycon Dress,1,3660,2240,10,Card,No,3294.0,1054.0,2025,2025-03
702427,2024-07-09,C101019,Karachi,Store,T-Shirts,Polo Shirt,1,2320,1190,0,Card,No,2320.0,1130.0,2024,2024-07
701568,2025-04-24,C101385,Lahore,Online,T-Shirts,Graphic Print Tee,2,1520,970,0,COD,No,3040.0,1100.0,2025,2025-04
701187,2025-01-21,C100635,Lahore,Online,Jackets,Denim Jacket,1,5810,2890,0,Card,No,5810.0,2920.0,2025,2025-01
700338,2023-11-02,C101180,Faisalabad,Online,Jackets,Bomber Jacket,2,5540,2830,15,COD,Yes,9418.0,3758.0,2023,2023-11
700827,2024-06-02,C100484,Lahore,Store,Accessories,Leather Belt,1,1260,580,0,COD,Yes,1260.0,680.0,2024,2024-06
704570,2025-06-02,C101817,Karachi,Online,Kurtas,Printed Kurta,1,2480,1460,0,COD,No,2480.0,1020.0,2025,2025-06
700442,2024-05-27,C100376,Peshawar,Store,Jeans,Straight Leg Jeans,1,3220,1840,0,COD,No,3220.0,1380.0,2024,2024-05
702590,2023-07-28,C100826,Islamabad,Online,T-Shirts,Polo Shirt,1,2340,1340,0,Card,No,2340.0,1000.0,2023,2023-07
702798,2024-03-23,C100852,Multan,Online,Kurtas,Embroidered Kurta,1,2780,1600,0,COD,No,2780.0,1180.0,2024,2024-03
705182,2024-02-26,C101913,Islamabad,Online,Shoes,Loafers,1,5580,2760,0,Card,Yes,5580.0,2820.0,2024,2024-02
703546,2025-06-21,C101634,Sialkot,Online,Accessories,Baseball Cap,1,960,460,0,COD,Yes,960.0,500.0,2025,2025-06
700960,2024-07-26,C101815,Islamabad,Online,T-Shirts,Polo Shirt,3,2370,1090,0,Wallet,No,7110.0,3840.0,2024,2024-07
701221,2025-01-13,C101922,Karachi,Online,Jackets,Puffer Jacket,3,6470,3020,0,Wallet,No,19410.0,10350.0,2025,2025-01
703690,2023-09-27,C101026,Sialkot,Online,Kurtas,Cotton Kurta,2,2040,1060,0,COD,No,4080.0,1960.0,2023,2023-09
702444,2024-06-25,C100597,Islamabad,Online,Jeans,High-Waist Jeans,1,4000,2540,0,COD,No,4000.0,1460.0,2024,2024-06
702984,2024-01-31,C101102,Faisalabad,Store,Jackets,Puffer Jacket,1,6720,4160,0,COD,No,6720.0,2560.0,2024,2024-01
702890,2024-02-29,C100094,Karachi,Store,Shoes,Boots,1,6560,4190,0,COD,No,6560.0,2370.0,2024,2024-02
702706,2023-07-30,C100787,Karachi,Online,T-Shirts,Classic Cotton Tee,1,1270,760,0,Bank Transfer,No,1270.0,510.0,2023,2023-07
701070,2025-03-03,C101653,Lahore,Online,Shoes,Boots,1,6580,3930,0,COD,Yes,6580.0,2650.0,2025,2025-03
703834,2024-06-11,C101075,Unknown,Store,Dresses,Wrap Dress,2,4300,2780,0,Card,No,8600.0,3040.0,2024,2024-06
704220,2024-01-11,C101596,Lahore,Store,Shoes,Sandals,1,2990,1620,10,Card,No,2691.0,1071.0,2024,2024-01
703613,2025-01-02,C101695,Islamabad,Online,Jackets,Hooded Jacket,2,4940,2940,15,Card,No,8398.0,2518.0,2025,2025-01
701383,2025-05-28,C100586,Lahore,Store,Shoes,Sandals,2,2820,1290,15,Card,No,4794.0,2214.0,2025,2025-05
700589,2024-02-25,C101617,Islamabad,Store,Jeans,Ripped Jeans,1,3780,2280,10,Unknown,No,3402.0,1122.0,2024,2024-02
701677,2023-08-23,C101972,Faisalabad,Online,Accessories,Sunglasses,1,2280,1390,10,Card,Yes,2052.0,662.0,2023,2023-08
702859,2024-10-09,C100498,Karachi,Store,Dresses,Summer Floral Dress,1,3240,1690,15,Card,No,2754.0,1064.0,2024,2024-10
701585,2023-07-22,C100210,Rawalpindi,Store,Accessories,Baseball Cap,1,870,430,10,COD,No,783.0,353.0,2023,2023-07
702544,2024-09-12,C100272,Lahore,Online,Jeans,Ripped Jeans,2,3810,1930,10,Card,No,6858.0,2998.0,2024,2024-09
700844,2025-06-06,C102055,Karachi,Online,Dresses,Summer Floral Dress,1,3200,1630,0,Wallet,No,3200.0,1570.0,2025,2025-06
702145,2024-05-17,C100050,Lahore,Online,Dresses,Bodycon Dress,2,3980,2120,15,Card,No,6766.0,2526.0,2024,2024-05
704541,2023-10-17,C100287,Karachi,Store,Jeans,Straight Leg Jeans,3,3140,1430,0,Wallet,No,9420.0,5130.0,2023,2023-10
700014,2025-04-27,C101271,Karachi,Store,Accessories,Tote Bag,3,1530,770,15,COD,No,3901.5,1591.5,2025,2025-04
701357,2025-01-24,C100713,Peshawar,Online,Dresses,Maxi Dress,1,4320,2730,0,Card,No,4320.0,1590.0,2025,2025-01
701665,2025-05-14,C100037,Karachi,Online,T-Shirts,Graphic Print Tee,2,1580,960,15,Wallet,No,2686.0,766.0,2025,2025-05
701842,2024-12-13,C100723,Sialkot,Online,Kurtas,Embroidered Kurta,1,2890,1720,0,Card,No,2890.0,1170.0,2024,2024-12
702620,2024-01-06,C102157,Karachi,Online,Kurtas,Festive Kurta,1,4440,2290,0,Bank Transfer,No,4440.0,2150.0,2024,2024-01
703979,2023-12-26,C102066,Islamabad,Store,T-Shirts,Polo Shirt,1,2140,1090,0,COD,No,2140.0,1050.0,2023,2023-12
701752,2024-12-16,C101104,Lahore,Online,T-Shirts,Graphic Print Tee,1,1510,690,20,Card,No,1208.0,518.0,2024,2024-12
704416,2024-08-21,C101742,Lahore,Online,Dresses,Summer Floral Dress,3,3260,1520,15,Card,No,8313.0,3753.0,2024,2024-08
705156,2024-06-30,C101488,Peshawar,Online,Jeans,High-Waist Jeans,2,4270,2610,0,Bank Transfer,No,8540.0,3320.0,2024,2024-06
700325,2023-08-02,C100897,Lahore,Online,Jackets,Puffer Jacket,1,7080,3920,0,Card,Yes,7080.0,3160.0,2023,2023-08
701607,2025-06-23,C101753,Faisalabad,Store,Dresses,Bodycon Dress,2,3790,2010,10,COD,No,6822.0,2802.0,2025,2025-06
704143,2023-12-09,C101462,Lahore,Store,T-Shirts,Polo Shirt,2,2330,1070,10,Card,No,4194.0,2054.0,2023,2023-12
700705,2024-02-10,C101378,Islamabad,Store,T-Shirts,Oversized Tee,2,1830,920,0,Bank Transfer,No,3660.0,1820.0,2024,2024-02
701587,2025-01-23,C100897,Lahore,Online,Dresses,Summer Floral Dress,2,3230,1500,0,Card,No,6460.0,3460.0,2025,2025-01
704805,2024-02-29,C101817,Karachi,Online,Shoes,Sandals,1,2680,1390,0,COD,Yes,2680.0,1290.0,2024,2024-02
704936,2023-12-09,C100252,Karachi,Online,Jackets,Hooded Jacket,2,4890,3060,20,COD,No,7824.0,1704.0,2023,2023-12
704647,2024-12-14,C101891,Faisalabad,Store,Kurtas,Printed Kurta,1,2480,1120,10,Card,No,2232.0,1112.0,2024,2024-12
705199,2024-03-26,C100587,Karachi,Store,Jeans,High-Waist Jeans,2,4180,1920,0,COD,No,8360.0,4520.0,2024,2024-03
704732,2025-06-21,C101321,Karachi,Store,T-Shirts,Oversized Tee,1,1780,870,0,Wallet,No,1780.0,910.0,2025,2025-06
701750,2024-07-14,C100846,Karachi,Online,T-Shirts,Classic Cotton Tee,2,1180,740,0,COD,No,2360.0,880.0,2024,2024-07
702415,2024-12-13,C101833,Lahore,Online,T-Shirts,Oversized Tee,2,1840,880,30,Bank Transfer,No,2576.0,816.0,2024,2024-12
703713,2025-06-22,C101628,Lahore,Store,Shoes,Sandals,1,2900,1670,0,Card,No,2900.0,1230.0,2025,2025-06
702263,2023-11-26,C101973,Karachi,Store,Jeans,Ripped Jeans,1,3650,1750,30,Card,No,2555.0,805.0,2023,2023-11
702497,2025-01-13,C100875,Peshawar,Store,Kurtas,Printed Kurta,1,2540,1550,0,COD,No,2540.0,990.0,2025,2025-01
700408,2024-06-07,C101111,Karachi,Online,Dresses,Summer Floral Dress,2,3420,1970,0,Card,No,6840.0,2900.0,2024,2024-06
703345,2023-07-30,C102178,Lahore,Online,Kurtas,Cotton Kurta,3,1830,1050,0,Card,No,5490.0,2340.0,2023,2023-07
704763,2024-07-10,C100907,Lahore,Online,T-Shirts,Oversized Tee,3,1730,960,0,Card,No,5190.0,2310.0,2024,2024-07
702358,2023-10-13,C101758,Peshawar,Store,Kurtas,Cotton Kurta,2,1970,1180,0,COD,No,3940.0,1580.0,2023,2023-10
701800,2024-06-13,C101125,Islamabad,Store,Kurtas,Embroidered Kurta,1,2740,1690,0,Card,No,2740.0,1050.0,2024,2024-06
704896,2024-12-22,C101107,Karachi,Store,Jackets,Denim Jacket,1,5880,3090,25,COD,No,4410.0,1320.0,2024,2024-12
702482,2025-04-13,C101745,Islamabad,Online,Shoes,Sneakers,2,4590,2940,10,COD,No,8262.0,2382.0,2025,2025-04
704949,2024-10-24,C101972,Faisalabad,Online,Accessories,Leather Belt,3,1230,650,0,COD,No,3690.0,1740.0,2024,2024-10
701393,2025-05-14,C100693,Karachi,Store,Kurtas,Cotton Kurta,3,1890,1030,0,Bank Transfer,No,5670.0,2580.0,2025,2025-05
702256,2024-06-26,C101600,Peshawar,Online,Shoes,Boots,1,6560,3470,0,COD,No,6560.0,3090.0,2024,2024-06
705171,2023-11-18,C100593,Islamabad,Store,Jeans,Ripped Jeans,1,3860,2180,0,Card,No,3860.0,1680.0,2023,2023-11
701087,2024-08-08,C101667,Lahore,Online,Accessories,Sunglasses,1,2320,1130,15,COD,Yes,1972.0,842.0,2024,2024-08
702360,2024-02-17,C100011,Peshawar,Online,T-Shirts,Graphic Print Tee,2,1470,900,15,COD,Yes,2499.0,699.0,2024,2024-02
700946,2025-03-05,C102001,Karachi,Online,Kurtas,Embroidered Kurta,3,2690,1670,0,Card,No,8070.0,3060.0,2025,2025-03
704300,2023-11-23,C101395,Lahore,Store,Shoes,Sandals,2,2940,1830,10,Card,Yes,5292.0,1632.0,2023,2023-11
704631,2024-07-15,C100827,Lahore,Online,Kurtas,Festive Kurta,1,4160,2430,0,COD,No,4160.0,1730.0,2024,2024-07
702565,2024-09-10,C101927,Rawalpindi,Store,T-Shirts,Classic Cotton Tee,1,1230,640,0,COD,No,1230.0,590.0,2024,2024-09
703684,2024-12-19,C102042,Unknown,Online,Jeans,Ripped Jeans,1,3750,1800,25,Card,No,2812.5,1012.5,2024,2024-12
704469,2024-02-14,C102008,Lahore,Online,Jackets,Denim Jacket,1,5510,2590,10,Bank Transfer,No,4959.0,2369.0,2024,2024-02
701543,2023-12-22,C100714,Faisalabad,Store,Dresses,Wrap Dress,1,4020,2580,0,Card,No,4020.0,1440.0,2023,2023-12
700898,2024-11-22,C101540,Multan,Store,Accessories,Leather Belt,3,1240,750,0,COD,No,3720.0,1470.0,2024,2024-11
700142,2023-11-19,C100863,Islamabad,Online,Kurtas,Festive Kurta,2,4050,2610,20,Wallet,No,6480.0,1260.0,2023,2023-11
701407,2025-03-07,C100498,Karachi,Online,Shoes,Loafers,3,5030,3040,0,COD,No,15090.0,5970.0,2025,2025-03
700042,2024-05-09,C100774,Lahore,Store,Kurtas,Festive Kurta,3,4060,2560,10,Unknown,No,10962.0,3282.0,2024,2024-05
701334,2024-02-24,C100049,Lahore,Store,Dresses,Bodycon Dress,1,4010,1960,0,Wallet,Yes,4010.0,2050.0,2024,2024-02
700327,2023-09-17,C101387,Karachi,Store,Kurtas,Festive Kurta,1,4080,2190,0,Card,No,4080.0,1890.0,2023,2023-09
703157,2023-07-18,C100285,Karachi,Online,Jackets,Denim Jacket,3,5490,3210,0,Wallet,No,16470.0,6840.0,2023,2023-07
701095,2024-07-08,C100528,Faisalabad,Online,Dresses,Summer Floral Dress,3,3380,2180,0,Wallet,No,10140.0,3600.0,2024,2024-07
705146,2024-01-18,C101646,Karachi,Online,Accessories,Tote Bag,2,1620,1020,0,COD,Yes,3240.0,1200.0,2024,2024-01
704372,2024-10-08,C101013,Sialkot,Online,Jackets,Hooded Jacket,1,4800,2340,10,Card,No,4320.0,1980.0,2024,2024-10
701073,2024-10-29,C101311,Peshawar,Online,Kurtas,Cotton Kurta,2,2000,960,0,COD,No,4000.0,2080.0,2024,2024-10
701391,2024-01-06,C101178,Lahore,Online,Jackets,Hooded Jacket,1,5130,3120,0,COD,No,5130.0,2010.0,2024,2024-01
704399,2023-12-13,C101751,Lahore,Online,Jeans,Straight Leg Jeans,1,3360,1780,25,COD,No,2520.0,740.0,2023,2023-12
704352,2024-06-12,C100313,Karachi,Online,Kurtas,Embroidered Kurta,1,2730,1490,0,COD,No,2730.0,1240.0,2024,2024-06
702311,2025-05-01,C101573,Multan,Online,Dresses,Summer Floral Dress,1,3280,2010,0,Card,No,3280.0,1270.0,2025,2025-05
700674,2025-03-26,C101774,Islamabad,Online,Dresses,Maxi Dress,1,4780,2470,0,COD,No,4780.0,2310.0,2025,2025-03
702558,2025-02-01,C100170,Karachi,Store,Shoes,Sneakers,1,4530,2150,0,COD,No,4530.0,2380.0,2025,2025-02
703782,2025-03-17,C101791,Karachi,Store,Dresses,Bodycon Dress,3,3760,1870,10,COD,No,10152.0,4542.0,2025,2025-03
703499,2024-03-14,C100806,Rawalpindi,Store,Jackets,Hooded Jacket,1,5120,3100,0,Wallet,No,5120.0,2020.0,2024,2024-03
700559,2025-04-04,C100182,Islamabad,Online,Dresses,Summer Floral Dress,2,3300,1930,0,Card,No,6600.0,2740.0,2025,2025-04
703709,2024-12-11,C101485,Lahore,Store,Shoes,Sneakers,1,4510,2040,0,Card,No,4510.0,2470.0,2024,2024-12
702660,2024-10-07,C101535,Karachi,Store,Jeans,Slim Fit Jeans,1,3440,2180,10,COD,No,3096.0,916.0,2024,2024-10
705037,2025-06-03,C101247,Lahore,Store,Kurtas,Embroidered Kurta,2,2710,1270,0,Card,No,5420.0,2880.0,2025,2025-06
703425,2023-12-10,C101578,Sialkot,Online,Dresses,Summer Floral Dress,2,3090,1900,10,COD,No,5562.0,1762.0,2023,2023-12
704071,2023-10-11,C100119,Islamabad,Store,Jeans,High-Waist Jeans,1,4070,2550,15,COD,No,3459.5,909.5,2023,2023-10
704994,2024-01-11,C100445,Rawalpindi,Online,Accessories,Leather Belt,3,1150,720,10,Card,No,3105.0,945.0,2024,2024-01
702502,2024-12-14,C101553,Karachi,Online,Jeans,Straight Leg Jeans,2,3380,2080,10,Card,No,6084.0,1924.0,2024,2024-12
704501,2024-12-19,C101591,Lahore,Store,Shoes,Loafers,2,5250,2810,10,Card,No,9450.0,3830.0,2024,2024-12
702657,2025-03-22,C101946,Lahore,Online,T-Shirts,Graphic Print Tee,1,1480,830,10,Wallet,No,1332.0,502.0,2025,2025-03
700658,2025-03-29,C100457,Karachi,Store,Shoes,Boots,1,6700,3850,10,Card,No,6030.0,2180.0,2025,2025-03
701338,2024-08-28,C102124,Karachi,Store,Dresses,Summer Floral Dress,1,3100,1410,0,Wallet,No,3100.0,1690.0,2024,2024-08
703935,2024-06-03,C101327,Islamabad,Online,Kurtas,Embroidered Kurta,3,2870,1750,10,Bank Transfer,No,7749.0,2499.0,2024,2024-06
701715,2025-03-03,C100809,Sialkot,Online,Jackets,Puffer Jacket,2,7040,3680,0,COD,No,14080.0,6720.0,2025,2025-03
702542,2024-11-30,C100229,Lahore,Store,Kurtas,Cotton Kurta,2,1840,840,25,Bank Transfer,No,2760.0,1080.0,2024,2024-11
701345,2025-01-20,C102180,Faisalabad,Online,T-Shirts,Graphic Print Tee,2,1510,730,0,COD,No,3020.0,1560.0,2025,2025-01
704296,2025-02-01,C100953,Lahore,Store,T-Shirts,Classic Cotton Tee,1,1270,590,15,Bank Transfer,No,1079.5,489.5,2025,2025-02
702373,2024-07-22,C101510,Lahore,Online,T-Shirts,Classic Cotton Tee,1,1160,690,0,COD,Yes,1160.0,470.0,2024,2024-07
702321,2024-06-21,C100896,Karachi,Store,Accessories,Sunglasses,3,2270,1360,0,Card,No,6810.0,2730.0,2024,2024-06
702868,2025-04-05,C100075,Karachi,Online,Accessories,Leather Belt,2,1270,630,15,Wallet,No,2159.0,899.0,2025,2025-04
704324,2023-10-06,C101269,Karachi,Online,Accessories,Baseball Cap,2,880,430,0,Card,No,1760.0,900.0,2023,2023-10
701025,2023-07-25,C101505,Islamabad,Online,T-Shirts,Classic Cotton Tee,1,1220,570,0,Card,No,1220.0,650.0,2023,2023-07
704241,2024-04-03,C101705,Sialkot,Store,Jeans,High-Waist Jeans,2,4290,2450,0,COD,No,8580.0,3680.0,2024,2024-04
703829,2024-06-18,C100708,Karachi,Store,Dresses,Bodycon Dress,1,3710,1840,15,Wallet,No,3153.5,1313.5,2024,2024-06
704766,2024-01-29,C102093,Lahore,Online,Jackets,Hooded Jacket,2,4590,2440,15,COD,No,7803.0,2923.0,2024,2024-01
702891,2024-08-12,C100713,Peshawar,Online,T-Shirts,Classic Cotton Tee,1,1270,810,0,Wallet,No,1270.0,460.0,2024,2024-08
700285,2023-11-06,C100312,Lahore,Online,Accessories,Baseball Cap,1,870,430,15,Card,No,739.5,309.5,2023,2023-11
703132,2025-06-02,C101367,Lahore,Store,Accessories,Leather Belt,1,1260,650,15,Card,No,1071.0,421.0,2025,2025-06
701471,2024-10-19,C102140,Peshawar,Online,Kurtas,Printed Kurta,2,2570,1330,0,Bank Transfer,No,5140.0,2480.0,2024,2024-10
700377,2023-08-21,C101439,Sialkot,Online,T-Shirts,Oversized Tee,1,1810,1080,0,Card,No,1810.0,730.0,2023,2023-08
702466,2024-03-15,C101701,Sialkot,Online,Jackets,Puffer Jacket,2,7000,4400,0,COD,No,14000.0,5200.0,2024,2024-03
701458,2023-08-08,C100220,Karachi,Store,Jeans,High-Waist Jeans,2,4530,2440,0,Wallet,No,9060.0,4180.0,2023,2023-08
701135,2024-11-05,C100184,Faisalabad,Online,Dresses,Summer Floral Dress,2,3350,2020,15,COD,No,5695.0,1655.0,2024,2024-11
704938,2023-08-25,C101828,Peshawar,Online,Shoes,Boots,2,6520,3490,10,Card,No,11736.0,4756.0,2023,2023-08
702622,2025-02-07,C102064,Karachi,Store,Shoes,Sneakers,2,4820,2860,0,Unknown,Yes,9640.0,3920.0,2025,2025-02
701041,2024-04-14,C102126,Karachi,Online,T-Shirts,Polo Shirt,2,2190,1260,10,Card,No,3942.0,1422.0,2024,2024-04
700875,2024-10-12,C102116,Karachi,Online,Jeans,Ripped Jeans,1,4030,2440,0,Wallet,No,4030.0,1590.0,2024,2024-10
705001,2024-09-12,C102101,Lahore,Online,Dresses,Bodycon Dress,1,4060,2160,0,Wallet,No,4060.0,1900.0,2024,2024-09
701066,2024-05-26,C100372,Karachi,Online,Dresses,Summer Floral Dress,1,3190,1840,15,COD,No,2711.5,871.5,2024,2024-05
703660,2024-10-29,C101002,Lahore,Store,T-Shirts,Graphic Print Tee,1,1610,1040,0,Card,No,1610.0,570.0,2024,2024-10
701122,2024-10-13,C101531,Lahore,Online,Jeans,High-Waist Jeans,1,4030,2320,15,COD,No,3425.5,1105.5,2024,2024-10
702164,2025-01-05,C101514,Peshawar,Online,Accessories,Sunglasses,3,2290,1030,0,Card,No,6870.0,3780.0,2025,2025-01
703176,2024-02-22,C102109,Lahore,Online,Shoes,Boots,2,6300,3390,10,COD,No,11340.0,4560.0,2024,2024-02
701212,2024-05-29,C100051,Lahore,Online,Kurtas,Printed Kurta,1,2440,1580,10,COD,No,2196.0,616.0,2024,2024-05
702147,2023-11-20,C102052,Karachi,Store,Accessories,Sunglasses,1,2160,1130,20,Card,No,1728.0,598.0,2023,2023-11
700886,2025-01-13,C101334,Sialkot,Online,Jackets,Bomber Jacket,1,5380,3090,0,Wallet,No,5380.0,2290.0,2025,2025-01
702223,2024-10-18,C101540,Multan,Online,Accessories,Baseball Cap,1,900,550,0,Card,No,900.0,350.0,2024,2024-10
701576,2024-10-13,C101965,Lahore,Online,T-Shirts,Polo Shirt,1,2340,1220,0,Wallet,No,2340.0,1120.0,2024,2024-10
704842,2024-06-03,C101752,Peshawar,Store,Dresses,Bodycon Dress,1,3650,2080,0,COD,No,3650.0,1570.0,2024,2024-06
701686,2024-08-06,C100191,Lahore,Online,T-Shirts,Classic Cotton Tee,1,1210,750,0,COD,No,1210.0,460.0,2024,2024-08
702096,2025-04-02,C101785,Multan,Online,Accessories,Tote Bag,1,1570,790,0,COD,No,1570.0,780.0,2025,2025-04
703487,2024-09-05,C100419,Peshawar,Store,Accessories,Baseball Cap,1,930,490,0,Card,No,930.0,440.0,2024,2024-09
701641,2024-10-02,C101368,Lahore,Online,Dresses,Maxi Dress,1,4580,2780,15,Card,No,3893.0,1113.0,2024,2024-10
702571,2024-01-16,C102015,Islamabad,Store,Shoes,Loafers,1,5310,3380,0,COD,No,5310.0,1930.0,2024,2024-01
703908,2025-06-04,C100158,Rawalpindi,Online,T-Shirts,Oversized Tee,1,1800,940,0,Bank Transfer,No,1800.0,860.0,2025,2025-06
704490,2025-02-07,C102010,Lahore,Online,Accessories,Tote Bag,3,1700,1020,15,COD,No,4335.0,1275.0,2025,2025-02
703731,2023-08-16,C100284,Islamabad,Online,Accessories,Sunglasses,1,2210,1280,10,Bank Transfer,No,1989.0,709.0,2023,2023-08
703988,2024-03-11,C101451,Islamabad,Online,Jeans,High-Waist Jeans,1,4100,2240,0,COD,No,4100.0,1860.0,2024,2024-03
703215,2023-07-10,C101048,Multan,Store,T-Shirts,Oversized Tee,2,1760,1100,0,Card,No,3520.0,1320.0,2023,2023-07
702869,2023-09-13,C101739,Faisalabad,Online,T-Shirts,Oversized Tee,1,1720,820,0,Card,No,1720.0,900.0,2023,2023-09
700957,2024-12-09,C101931,Islamabad,Store,Accessories,Sunglasses,3,2280,1330,0,Card,No,6840.0,2850.0,2024,2024-12
703059,2025-03-28,C100401,Peshawar,Online,T-Shirts,Graphic Print Tee,3,1590,730,0,Card,No,4770.0,2580.0,2025,2025-03
701974,2025-01-24,C100704,Karachi,Store,Jackets,Denim Jacket,1,5390,3040,0,COD,No,5390.0,2350.0,2025,2025-01
703980,2023-11-09,C100409,Unknown,Online,Jeans,Ripped Jeans,1,3870,2080,20,Bank Transfer,Yes,3096.0,1016.0,2023,2023-11
702197,2025-04-18,C100481,Lahore,Online,Kurtas,Printed Kurta,2,2570,1640,15,Wallet,No,4369.0,1089.0,2025,2025-04
704553,2024-06-21,C101039,Lahore,Store,Accessories,Leather Belt,2,1250,590,15,Card,No,2125.0,945.0,2024,2024-06
702369,2025-01-12,C101894,Karachi,Store,Dresses,Bodycon Dress,1,3690,2280,0,Bank Transfer,No,3690.0,1410.0,2025,2025-01
701963,2025-04-24,C100127,Lahore,Online,Shoes,Boots,2,6560,4230,0,COD,No,13120.0,4660.0,2025,2025-04
700986,2024-06-01,C101217,Islamabad,Online,Dresses,Wrap Dress,1,4080,2510,0,COD,No,4080.0,1570.0,2024,2024-06
700245,2025-01-27,C100217,Lahore,Store,Jeans,Ripped Jeans,2,3650,2180,0,Wallet,No,7300.0,2940.0,2025,2025-01
704714,2023-10-19,C100216,Lahore,Store,Shoes,Sneakers,1,4380,2740,0,COD,No,4380.0,1640.0,2023,2023-10
703259,2024-12-08,C101400,Karachi,Online,Accessories,Baseball Cap,1,960,540,15,COD,No,816.0,276.0,2024,2024-12
705034,2024-06-29,C101245,Karachi,Online,Dresses,Wrap Dress,2,3850,2080,0,COD,No,7700.0,3540.0,2024,2024-06
704127,2024-03-24,C101717,Islamabad,Online,Dresses,Bodycon Dress,1,4070,2260,10,Card,No,3663.0,1403.0,2024,2024-03
705046,2024-08-25,C100381,Peshawar,Online,Kurtas,Embroidered Kurta,1,2750,1750,0,Card,No,2750.0,1000.0,2024,2024-08
704889,2025-05-19,C102084,Rawalpindi,Store,Kurtas,Printed Kurta,2,2420,1150,0,COD,No,4840.0,2540.0,2025,2025-05
700811,2025-05-11,C101717,Islamabad,Online,Jeans,Slim Fit Jeans,2,3700,1920,10,Card,No,6660.0,2820.0,2025,2025-05
704059,2024-12-25,C100664,Karachi,Online,Jackets,Bomber Jacket,1,5400,2810,25,COD,Yes,4050.0,1240.0,2024,2024-12
702474,2023-12-28,C100670,Lahore,Online,Kurtas,Printed Kurta,2,2300,1150,10,Card,No,4140.0,1840.0,2023,2023-12
703758,2023-07-13,C100410,Rawalpindi,Store,Dresses,Wrap Dress,1,3950,2440,0,COD,No,3950.0,1510.0,2023,2023-07
704848,2023-11-24,C100036,Lahore,Store,Accessories,Sunglasses,1,2210,1180,0,COD,No,2210.0,1030.0,2023,2023-11
700153,2025-04-27,C100510,Lahore,Store,Jeans,High-Waist Jeans,1,4260,2450,10,COD,No,3834.0,1384.0,2025,2025-04
703445,2024-11-17,C101496,Multan,Online,Dresses,Summer Floral Dress,2,3400,2010,15,COD,No,5780.0,1760.0,2024,2024-11
702328,2025-03-16,C100940,Karachi,Online,Jeans,Slim Fit Jeans,1,3760,2220,10,Card,No,3384.0,1164.0,2025,2025-03
704898,2024-12-17,C101891,Faisalabad,Store,T-Shirts,Oversized Tee,1,1860,850,10,Wallet,No,1674.0,824.0,2024,2024-12
704296,2025-02-01,C100953,Lahore,Store,Jackets,Bomber Jacket,2,5150,2420,0,Bank Transfer,No,10300.0,5460.0,2025,2025-02
704408,2023-08-20,C100141,Karachi,Store,T-Shirts,Classic Cotton Tee,1,1210,600,0,Bank Transfer,No,1210.0,610.0,2023,2023-08
702347,2025-06-05,C101798,Islamabad,Store,Accessories,Leather Belt,1,1180,670,0,COD,No,1180.0,510.0,2025,2025-06
701553,2024-02-17,C100068,Lahore,Online,Jackets,Hooded Jacket,2,4890,2840,15,Card,Yes,8313.0,2633.0,2024,2024-02
700885,2023-09-08,C100051,Lahore,Store,T-Shirts,Oversized Tee,1,1830,870,0,COD,No,1830.0,960.0,2023,2023-09
704001,2025-04-02,C100413,Peshawar,Online,Shoes,Sandals,1,2660,1460,15,COD,No,2261.0,801.0,2025,2025-04
700698,2023-12-30,C101597,Lahore,Store,Jackets,Puffer Jacket,1,7250,3470,0,Wallet,No,7250.0,3780.0,2023,2023-12
702644,2023-07-30,C101710,Faisalabad,Online,Jeans,Straight Leg Jeans,1,3260,1630,0,COD,No,3260.0,1630.0,2023,2023-07
701341,2023-11-27,C100097,Lahore,Online,Kurtas,Embroidered Kurta,2,2670,1270,20,COD,No,4272.0,1732.0,2023,2023-11
703834,2024-06-11,C101075,Karachi,Store,Shoes,Sandals,2,2790,1380,0,Card,No,5580.0,2820.0,2024,2024-06
702166,2025-06-04,C100273,Islamabad,Online,Dresses,Maxi Dress,1,4730,2230,0,COD,Yes,4730.0,2500.0,2025,2025-06
704608,2024-08-29,C100729,Islamabad,Online,T-Shirts,Classic Cotton Tee,3,1180,590,0,COD,No,3540.0,1770.0,2024,2024-08
702807,2024-09-11,C100902,Lahore,Store,T-Shirts,Classic Cotton Tee,1,1250,610,10,Card,No,1125.0,515.0,2024,2024-09
703298,2024-10-25,C100167,Faisalabad,Online,Shoes,Sandals,1,2760,1540,10,Card,No,2484.0,944.0,2024,2024-10
703186,2024-06-17,C101823,Islamabad,Store,T-Shirts,Graphic Print Tee,1,1520,820,0,Wallet,No,1520.0,700.0,2024,2024-06
703100,2024-08-21,C100243,Islamabad,Online,Dresses,Bodycon Dress,2,4030,2150,0,COD,No,8060.0,3760.0,2024,2024-08
703163,2024-05-01,C100383,Karachi,Store,Accessories,Tote Bag,1,1620,980,0,Wallet,No,1620.0,640.0,2024,2024-05
703115,2025-06-07,C100406,Karachi,Store,Accessories,Baseball Cap,1,910,540,0,Card,No,910.0,370.0,2025,2025-06
704276,2024-01-02,C102058,Lahore,Online,Jeans,High-Waist Jeans,1,4250,2630,0,COD,No,4250.0,1620.0,2024,2024-01
700991,2023-07-27,C100828,Multan,Online,Dresses,Wrap Dress,1,4260,2590,0,Wallet,No,4260.0,1670.0,2023,2023-07
701141,2024-04-18,C100124,Lahore,Store,T-Shirts,Graphic Print Tee,1,1590,890,0,Wallet,No,1590.0,700.0,2024,2024-04
704159,2025-01-12,C101284,Peshawar,Store,Jackets,Puffer Jacket,1,6570,3640,0,Card,No,6570.0,2930.0,2025,2025-01
700453,2023-10-25,C101011,Islamabad,Online,Accessories,Baseball Cap,2,860,460,10,Card,Yes,1548.0,628.0,2023,2023-10
702943,2023-08-31,C100887,Lahore,Online,Dresses,Bodycon Dress,2,3960,1950,10,Card,No,7128.0,3228.0,2023,2023-08
704207,2024-09-21,C100917,Unknown,Online,Accessories,Baseball Cap,3,950,550,10,COD,No,2565.0,915.0,2024,2024-09
704034,2025-05-01,C102063,Lahore,Store,Jeans,Slim Fit Jeans,1,3420,1560,10,Card,No,3078.0,1518.0,2025,2025-05
700015,2024-08-15,C101212,Islamabad,Online,T-Shirts,Polo Shirt,3,2300,1250,0,COD,No,6900.0,3150.0,2024,2024-08
701609,2025-05-30,C100490,Rawalpindi,Online,Accessories,Baseball Cap,3,860,420,10,Card,No,2322.0,1062.0,2025,2025-05
702683,2024-03-04,C100324,Multan,Online,Accessories,Sunglasses,3,2260,1150,0,COD,Yes,6780.0,3330.0,2024,2024-03
703475,2024-10-13,C100037,Karachi,Store,Jackets,Hooded Jacket,2,4840,2970,15,COD,Yes,8228.0,2288.0,2024,2024-10
704929,2023-07-24,C101218,Rawalpindi,Online,Shoes,Sneakers,1,4440,2690,15,COD,No,3774.0,1084.0,2023,2023-07
701068,2024-07-01,C100942,Lahore,Store,Jackets,Denim Jacket,1,5270,2410,0,COD,No,5270.0,2860.0,2024,2024-07
703941,2023-08-06,C101197,Rawalpindi,Store,Accessories,Sunglasses,2,2230,1160,0,COD,No,4460.0,2140.0,2023,2023-08
700950,2024-11-13,C100765,Lahore,Store,Jeans,Ripped Jeans,2,3980,2510,10,COD,Yes,7164.0,2144.0,2024,2024-11
701724,2024-05-21,C100278,Multan,Online,Dresses,Wrap Dress,1,4130,2180,15,Bank Transfer,No,3510.5,1330.5,2024,2024-05
703292,2024-07-15,C100937,Lahore,Online,Accessories,Sunglasses,2,2370,1140,0,Card,No,4740.0,2460.0,2024,2024-07
700775,2024-09-16,C101245,Karachi,Store,Jackets,Denim Jacket,2,5690,2830,10,COD,No,10242.0,4582.0,2024,2024-09
704122,2023-10-26,C101974,Lahore,Store,Kurtas,Embroidered Kurta,1,2840,1690,10,Card,No,2556.0,866.0,2023,2023-10
702826,2025-05-13,C101631,Multan,Online,T-Shirts,Oversized Tee,1,1860,1130,0,Wallet,No,1860.0,730.0,2025,2025-05
703106,2024-09-01,C101260,Lahore,Store,Jeans,Ripped Jeans,3,4000,1870,0,Card,Yes,12000.0,6390.0,2024,2024-09
701733,2024-01-26,C101634,Sialkot,Online,Jackets,Puffer Jacket,1,6990,3740,0,Card,Yes,6990.0,3250.0,2024,2024-01
700103,2025-06-26,C100653,Lahore,Online,Kurtas,Cotton Kurta,3,1910,1230,0,Card,No,5730.0,2040.0,2025,2025-06
702585,2024-11-27,C101845,Islamabad,Store,Kurtas,Cotton Kurta,3,1950,1190,0,COD,No,5850.0,2280.0,2024,2024-11
700343,2025-04-20,C101484,Islamabad,Online,Jackets,Hooded Jacket,3,5100,3290,15,COD,No,13005.0,3135.0,2025,2025-04
703638,2024-01-23,C101690,Faisalabad,Store,Jackets,Puffer Jacket,1,6830,4000,0,Card,No,6830.0,2830.0,2024,2024-01
700948,2023-09-01,C100186,Karachi,Online,Shoes,Boots,1,6670,4310,0,Card,No,6670.0,2360.0,2023,2023-09
701557,2023-10-11,C101990,Lahore,Online,Jeans,High-Waist Jeans,3,4480,2680,0,Card,No,13440.0,5400.0,2023,2023-10
700921,2023-12-25,C100544,Lahore,Store,T-Shirts,Polo Shirt,2,2140,1210,25,Wallet,No,3210.0,790.0,2023,2023-12
703523,2023-11-12,C100093,Karachi,Online,Kurtas,Printed Kurta,2,2350,1070,20,Card,No,3760.0,1620.0,2023,2023-11
700447,2024-08-07,C101749,Karachi,Store,Shoes,Boots,1,6630,3060,0,Bank Transfer,No,6630.0,3570.0,2024,2024-08
703369,2024-04-21,C100668,Unknown,Online,Shoes,Sandals,1,2700,1620,0,Wallet,No,2700.0,1080.0,2024,2024-04
704052,2024-04-02,C100777,Lahore,Online,Kurtas,Printed Kurta,2,2510,1340,15,COD,No,4267.0,1587.0,2024,2024-04
701916,2024-03-06,C100536,Islamabad,Online,Shoes,Loafers,1,4950,2750,0,Bank Transfer,No,4950.0,2200.0,2024,2024-03
703432,2025-06-15,C101269,Karachi,Online,Jeans,Ripped Jeans,1,3810,1820,0,Bank Transfer,No,3810.0,1990.0,2025,2025-06
701050,2024-02-15,C100147,Islamabad,Online,Shoes,Sandals,1,2850,1430,0,Bank Transfer,No,2850.0,1420.0,2024,2024-02
700912,2023-07-01,C101623,Lahore,Online,Shoes,Sneakers,3,4780,2860,0,Wallet,No,14340.0,5760.0,2023,2023-07
703329,2023-10-05,C100216,Lahore,Online,T-Shirts,Graphic Print Tee,1,1490,700,0,Unknown,Yes,1490.0,790.0,2023,2023-10
704128,2023-12-28,C100353,Islamabad,Store,Jackets,Hooded Jacket,2,4960,2490,30,COD,No,6944.0,1964.0,2023,2023-12
704130,2024-10-27,C100603,Rawalpindi,Online,Accessories,Tote Bag,1,1590,780,0,COD,No,1590.0,810.0,2024,2024-10
700349,2023-12-05,C100876,Karachi,Online,Kurtas,Printed Kurta,3,2540,1560,10,Wallet,No,6858.0,2178.0,2023,2023-12
704799,2024-09-12,C101099,Lahore,Online,Jeans,Straight Leg Jeans,2,3220,1510,0,Card,No,6440.0,3420.0,2024,2024-09
700322,2024-02-09,C101922,Karachi,Online,Jackets,Hooded Jacket,1,5080,2650,0,Bank Transfer,No,5080.0,2430.0,2024,2024-02
703886,2024-06-03,C101333,Sialkot,Online,Dresses,Maxi Dress,1,4300,2730,10,COD,No,3870.0,1140.0,2024,2024-06
700884,2025-02-11,C101698,Sialkot,Online,Jackets,Bomber Jacket,1,5000,2360,0,Card,No,5000.0,2640.0,2025,2025-02
700217,2024-02-20,C101160,Lahore,Online,T-Shirts,Oversized Tee,1,1780,960,0,Card,No,1780.0,820.0,2024,2024-02
701663,2023-07-15,C100590,Peshawar,Online,Dresses,Summer Floral Dress,3,3090,1980,15,COD,No,7879.5,1939.5,2023,2023-07
700792,2024-01-12,C101121,Lahore,Store,Dresses,Wrap Dress,1,3990,2360,0,COD,No,3990.0,1630.0,2024,2024-01
702501,2025-05-18,C100511,Multan,Store,Shoes,Sneakers,1,4630,2950,0,COD,Yes,4630.0,1680.0,2025,2025-05
700609,2024-09-22,C102016,Karachi,Store,Jeans,Ripped Jeans,2,4010,1880,15,COD,No,6817.0,3057.0,2024,2024-09
704630,2024-01-02,C102136,Karachi,Online,Jeans,Ripped Jeans,2,3750,1710,0,COD,No,7500.0,4080.0,2024,2024-01
700650,2025-02-14,C101649,Faisalabad,Store,T-Shirts,Graphic Print Tee,1,1550,890,0,Card,No,1550.0,660.0,2025,2025-02
703000,2024-06-11,C101532,Islamabad,Store,Jeans,Ripped Jeans,2,3650,1900,0,Bank Transfer,No,7300.0,3500.0,2024,2024-06
701228,2023-10-29,C101183,Lahore,Online,Accessories,Baseball Cap,1,920,430,0,COD,No,920.0,490.0,2023,2023-10
701248,2024-12-31,C102051,Lahore,Online,Jackets,Puffer Jacket,3,6580,4060,10,COD,No,17766.0,5586.0,2024,2024-12
700815,2025-01-11,C100773,Multan,Store,T-Shirts,Oversized Tee,1,1850,1170,0,Bank Transfer,No,1850.0,680.0,2025,2025-01
702176,2024-08-26,C100986,Karachi,Store,Accessories,Baseball Cap,2,970,510,0,COD,No,1940.0,920.0,2024,2024-08
700814,2025-05-08,C101212,Islamabad,Store,Kurtas,Cotton Kurta,3,1880,900,15,COD,No,4794.0,2094.0,2025,2025-05
702106,2025-03-30,C100213,Faisalabad,Store,Jeans,High-Waist Jeans,1,4260,2760,0,COD,No,4260.0,1500.0,2025,2025-03
700200,2025-03-14,C100294,Multan,Store,Dresses,Wrap Dress,1,4100,2260,0,Card,No,4100.0,1840.0,2025,2025-03
700967,2023-07-31,C100484,Lahore,Store,T-Shirts,Oversized Tee,1,1790,1080,0,COD,No,1790.0,710.0,2023,2023-07
704456,2025-02-23,C100157,Rawalpindi,Online,Kurtas,Cotton Kurta,3,2020,970,0,COD,No,6060.0,3150.0,2025,2025-02
700951,2023-09-27,C100449,Islamabad,Online,Dresses,Summer Floral Dress,1,3080,1580,0,COD,No,3080.0,1500.0,2023,2023-09
701391,2024-01-06,C101178,Lahore,Online,Jackets,Denim Jacket,3,5680,3060,10,COD,No,15336.0,6156.0,2024,2024-01
701857,2025-01-01,C101999,Islamabad,Online,T-Shirts,Classic Cotton Tee,1,1150,530,0,Card,No,1150.0,620.0,2025,2025-01
704210,2023-12-24,C100183,Karachi,Online,Kurtas,Cotton Kurta,2,1970,1000,25,COD,No,2955.0,955.0,2023,2023-12
703407,2024-04-13,C100934,Faisalabad,Online,Jeans,Slim Fit Jeans,1,3740,2160,10,COD,No,3366.0,1206.0,2024,2024-04
700290,2024-12-11,C100450,Lahore,Store,Shoes,Sneakers,1,4540,2420,20,COD,No,3632.0,1212.0,2024,2024-12
704184,2024-08-09,C100282,Lahore,Online,Accessories,Tote Bag,1,1720,870,0,Bank Transfer,No,1720.0,850.0,2024,2024-08
703859,2024-07-06,C101923,Karachi,Store,T-Shirts,Polo Shirt,2,2330,1120,0,Wallet,No,4660.0,2420.0,2024,2024-07
702185,2025-06-22,C100383,Karachi,Online,T-Shirts,Oversized Tee,2,1850,970,0,Wallet,No,3700.0,1760.0,2025,2025-06
701651,2024-07-12,C101929,Karachi,Online,Kurtas,Cotton Kurta,1,2000,1090,0,COD,No,2000.0,910.0,2024,2024-07
702155,2024-09-25,C101344,Sialkot,Store,Dresses,Bodycon Dress,1,3970,1890,15,Card,No,3374.5,1484.5,2024,2024-09
704429,2024-06-12,C101472,Lahore,Store,Accessories,Tote Bag,3,1670,910,0,COD,No,5010.0,2280.0,2024,2024-06
701695,2023-09-14,C101593,Karachi,Online,Shoes,Sandals,1,3010,1450,0,Card,No,3010.0,1560.0,2023,2023-09
700338,2023-11-02,C101180,Faisalabad,Online,Accessories,Tote Bag,2,1580,1030,15,COD,No,2686.0,626.0,2023,2023-11
705024,2023-09-17,C100209,Islamabad,Online,Kurtas,Festive Kurta,1,4200,2570,10,Bank Transfer,No,3780.0,1210.0,2023,2023-09
704251,2024-05-01,C100174,Lahore,Online,Shoes,Sandals,1,2950,1620,0,COD,No,2950.0,1330.0,2024,2024-05
704428,2025-05-22,C101873,Sialkot,Online,T-Shirts,Classic Cotton Tee,1,1230,570,15,COD,No,1045.5,475.5,2025,2025-05
704791,2024-05-06,C100611,Rawalpindi,Store,T-Shirts,Graphic Print Tee,1,1570,810,20,COD,No,1256.0,446.0,2024,2024-05
700680,2024-10-14,C101140,Karachi,Store,Jackets,Denim Jacket,3,5860,2920,15,COD,No,14943.0,6183.0,2024,2024-10
701412,2025-01-29,C101452,Multan,Online,Accessories,Baseball Cap,2,910,560,0,COD,No,1820.0,700.0,2025,2025-01
702885,2025-05-04,C102140,Peshawar,Store,Dresses,Bodycon Dress,2,3710,2170,0,COD,Yes,7420.0,3080.0,2025,2025-05
702003,2024-02-04,C102091,Multan,Online,Shoes,Boots,3,6370,3420,0,COD,No,19110.0,8850.0,2024,2024-02
704085,2024-07-26,C101218,Rawalpindi,Online,Shoes,Boots,1,6920,4270,0,Card,No,6920.0,2650.0,2024,2024-07
703184,2024-03-14,C101927,Rawalpindi,Store,Dresses,Maxi Dress,1,4530,2760,0,COD,No,4530.0,1770.0,2024,2024-03
703202,2025-04-16,C100063,Faisalabad,Online,Accessories,Sunglasses,1,2230,1300,0,Card,No,2230.0,930.0,2025,2025-04
701965,2024-06-09,C101269,Karachi,Online,Dresses,Maxi Dress,2,4580,2840,0,Card,No,9160.0,3480.0,2024,2024-06
701980,2024-12-15,C101853,Faisalabad,Store,Accessories,Leather Belt,2,1280,730,15,Wallet,No,2176.0,716.0,2024,2024-12
704174,2023-07-23,C100973,Peshawar,Store,Accessories,Sunglasses,1,2180,1220,0,COD,No,2180.0,960.0,2023,2023-07
702435,2024-03-06,C101918,Islamabad,Online,Dresses,Summer Floral Dress,1,3210,2060,0,COD,Yes,3210.0,1150.0,2024,2024-03
704860,2023-07-04,C100647,Islamabad,Store,Dresses,Bodycon Dress,1,4100,2090,15,COD,No,3485.0,1395.0,2023,2023-07
702010,2023-08-24,C100848,Lahore,Store,Jackets,Denim Jacket,1,5670,2870,15,COD,No,4819.5,1949.5,2023,2023-08
700075,2024-01-31,C100726,Lahore,Online,Kurtas,Cotton Kurta,3,1920,1110,0,Card,No,5760.0,2430.0,2024,2024-01
702051,2025-03-05,C101324,Karachi,Online,T-Shirts,Graphic Print Tee,2,1570,800,0,COD,No,3140.0,1540.0,2025,2025-03
701817,2024-10-08,C100315,Karachi,Online,Shoes,Boots,1,6740,3840,0,Bank Transfer,No,6740.0,2900.0,2024,2024-10
704944,2024-10-20,C100665,Rawalpindi,Online,T-Shirts,Classic Cotton Tee,1,1210,570,0,COD,No,1210.0,640.0,2024,2024-10
700677,2024-08-19,C102062,Islamabad,Store,Kurtas,Cotton Kurta,1,1870,910,0,COD,No,1870.0,960.0,2024,2024-08
701816,2025-05-20,C100144,Karachi,Online,Kurtas,Printed Kurta,2,2440,1260,0,Card,Yes,4880.0,2360.0,2025,2025-05
700576,2024-08-18,C101742,Lahore,Store,T-Shirts,Oversized Tee,2,1710,1090,0,COD,No,3420.0,1240.0,2024,2024-08
703341,2024-04-29,C100093,Karachi,Store,Jackets,Puffer Jacket,1,6820,3850,15,COD,No,5797.0,1947.0,2024,2024-04
701970,2024-11-19,C100599,Islamabad,Store,Jackets,Puffer Jacket,1,6800,3130,10,Unknown,No,6120.0,2990.0,2024,2024-11
702717,2024-07-03,C101805,Rawalpindi,Online,T-Shirts,Polo Shirt,1,2350,1090,15,Card,No,1997.5,907.5,2024,2024-07
703744,2024-02-03,C101081,Peshawar,Online,Shoes,Loafers,1,5090,2620,0,Bank Transfer,Yes,5090.0,2470.0,2024,2024-02
700715,2024-10-30,C101167,Islamabad,Store,Jackets,Bomber Jacket,1,5350,2790,0,Bank Transfer,No,5350.0,2560.0,2024,2024-10
701779,2023-11-26,C102172,Islamabad,Store,Jeans,Slim Fit Jeans,1,3340,1990,0,Card,No,3340.0,1350.0,2023,2023-11
703082,2024-12-05,C102188,Karachi,Store,Shoes,Sneakers,1,4730,2350,20,Wallet,No,3784.0,1434.0,2024,2024-12
703924,2024-04-08,C102186,Faisalabad,Store,Accessories,Leather Belt,2,1150,630,10,Card,No,2070.0,810.0,2024,2024-04
703839,2023-07-23,C101708,Multan,Online,Dresses,Wrap Dress,1,4120,2320,0,COD,No,4120.0,1800.0,2023,2023-07
700210,2024-05-09,C101791,Karachi,Online,Shoes,Boots,1,6220,3960,0,COD,No,6220.0,2260.0,2024,2024-05
700842,2024-09-26,C101382,Islamabad,Online,Dresses,Maxi Dress,1,4680,2850,0,Card,No,4680.0,1830.0,2024,2024-09
700720,2023-11-22,C101092,Karachi,Online,Shoes,Loafers,2,5450,2800,0,COD,No,10900.0,5300.0,2023,2023-11
700251,2024-09-30,C100075,Karachi,Store,Jeans,High-Waist Jeans,1,4250,2160,10,Bank Transfer,No,3825.0,1665.0,2024,2024-09
702412,2024-11-07,C100970,Lahore,Store,Kurtas,Cotton Kurta,1,2020,1300,20,Card,No,1616.0,316.0,2024,2024-11
704348,2023-11-23,C100573,Faisalabad,Store,Jackets,Hooded Jacket,1,4830,2250,10,COD,No,4347.0,2097.0,2023,2023-11
704618,2025-01-31,C100951,Lahore,Online,Kurtas,Embroidered Kurta,1,2830,1430,0,COD,No,2830.0,1400.0,2025,2025-01
704907,2025-06-18,C102136,Karachi,Online,Shoes,Sandals,3,2680,1270,0,Card,No,8040.0,4230.0,2025,2025-06
701746,2024-12-09,C101622,Faisalabad,Online,T-Shirts,Classic Cotton Tee,2,1170,580,10,Card,No,2106.0,946.0,2024,2024-12
701542,2024-05-08,C101364,Karachi,Store,Dresses,Maxi Dress,1,4690,2640,0,Wallet,No,4690.0,2050.0,2024,2024-05
701775,2023-08-31,C100298,Faisalabad,Online,Shoes,Boots,1,6340,3990,0,Card,No,6340.0,2350.0,2023,2023-08
702820,2024-01-09,C100087,Karachi,Online,Jackets,Bomber Jacket,1,5340,3310,0,Card,No,5340.0,2030.0,2024,2024-01
704796,2024-06-14,C100913,Sialkot,Store,Shoes,Sandals,1,2920,1690,0,Card,No,2920.0,1230.0,2024,2024-06
701582,2024-07-18,C101525,Lahore,Online,Shoes,Boots,1,6320,3760,0,Card,No,6320.0,2560.0,2024,2024-07
701215,2025-01-27,C101525,Lahore,Online,Jackets,Denim Jacket,1,5450,2770,10,Card,No,4905.0,2135.0,2025,2025-01
701000,2025-04-23,C101013,Sialkot,Online,Dresses,Bodycon Dress,2,4100,1920,10,Card,No,7380.0,3540.0,2025,2025-04
702348,2023-08-31,C100782,Karachi,Online,Jeans,Ripped Jeans,2,4000,2300,0,Card,No,8000.0,3400.0,2023,2023-08
704909,2024-04-25,C100606,Multan,Store,T-Shirts,Polo Shirt,1,2290,1120,0,Card,No,2290.0,1170.0,2024,2024-04
703753,2025-06-19,C100316,Karachi,Store,Kurtas,Festive Kurta,2,4230,2120,0,Card,No,8460.0,4220.0,2025,2025-06
701201,2023-08-21,C100024,Faisalabad,Store,Accessories,Tote Bag,2,1690,1090,0,Card,No,3380.0,1200.0,2023,2023-08
701708,2025-03-21,C100342,Faisalabad,Store,T-Shirts,Classic Cotton Tee,3,1170,730,10,Bank Transfer,No,3159.0,969.0,2025,2025-03
702820,2024-01-09,C100087,Karachi,Online,Shoes,Boots,1,7020,4090,10,Card,Yes,6318.0,2228.0,2024,2024-01
704403,2023-10-06,C100388,Lahore,Store,Jackets,Bomber Jacket,2,5330,2570,10,Bank Transfer,No,9594.0,4454.0,2023,2023-10
700056,2024-03-14,C101745,Islamabad,Store,T-Shirts,Classic Cotton Tee,2,1200,550,0,COD,No,2400.0,1300.0,2024,2024-03
702049,2023-08-21,C101308,Lahore,Store,T-Shirts,Oversized Tee,2,1730,920,15,Card,No,2941.0,1101.0,2023,2023-08
703704,2024-11-06,C100916,Lahore,Store,Kurtas,Embroidered Kurta,1,2980,1730,0,COD,No,2980.0,1250.0,2024,2024-11
700964,2025-05-31,C100303,Islamabad,Online,Kurtas,Cotton Kurta,1,1820,1130,0,COD,No,1820.0,690.0,2025,2025-05
702767,2023-07-17,C101073,Peshawar,Store,T-Shirts,Oversized Tee,1,1910,1160,0,Card,No,1910.0,750.0,2023,2023-07
700996,2024-11-05,C101797,Karachi,Store,Jeans,Ripped Jeans,1,4050,2420,0,Bank Transfer,No,4050.0,1630.0,2024,2024-11
700672,2025-04-14,C102138,Faisalabad,Online,Dresses,Maxi Dress,2,4420,2120,15,Card,No,7514.0,3274.0,2025,2025-04
701038,2024-04-09,C101974,Lahore,Store,T-Shirts,Oversized Tee,1,1790,850,15,Wallet,No,1521.5,671.5,2024,2024-04
700496,2023-10-20,C101161,Rawalpindi,Online,Accessories,Tote Bag,1,1620,950,0,COD,No,1620.0,670.0,2023,2023-10
702686,2024-02-23,C101126,Islamabad,Online,Shoes,Sandals,1,2710,1630,0,COD,No,2710.0,1080.0,2024,2024-02
702689,2025-02-05,C101289,Islamabad,Online,Jackets,Hooded Jacket,1,5150,3100,0,Card,No,5150.0,2050.0,2025,2025-02
700479,2024-02-25,C101683,Karachi,Online,Dresses,Bodycon Dress,1,3740,1760,0,Wallet,Yes,3740.0,1980.0,2024,2024-02
704680,2024-07-18,C100241,Faisalabad,Store,Accessories,Sunglasses,1,2130,1000,0,Wallet,No,2130.0,1130.0,2024,2024-07
701996,2024-06-14,C100541,Islamabad,Store,Accessories,Baseball Cap,2,870,510,10,COD,No,1566.0,546.0,2024,2024-06
701216,2023-08-14,C100204,Lahore,Store,Dresses,Summer Floral Dress,2,3110,2010,10,Card,No,5598.0,1578.0,2023,2023-08
703933,2024-01-01,C101014,Karachi,Store,Dresses,Maxi Dress,3,4540,2320,15,Wallet,No,11577.0,4617.0,2024,2024-01
704350,2025-03-25,C100329,Karachi,Online,Accessories,Baseball Cap,1,960,580,10,Card,No,864.0,284.0,2025,2025-03
702305,2024-01-30,C100497,Islamabad,Store,Shoes,Loafers,2,4950,3100,0,COD,No,9900.0,3700.0,2024,2024-01
701244,2024-08-27,C101859,Unknown,Online,Dresses,Bodycon Dress,1,3950,2020,0,COD,No,3950.0,1930.0,2024,2024-08
704059,2024-12-25,C100664,Karachi,Online,Kurtas,Printed Kurta,3,2520,1220,10,COD,No,6804.0,3144.0,2024,2024-12
705145,2024-04-29,C101724,Karachi,Store,Accessories,Baseball Cap,2,880,430,0,Wallet,No,1760.0,900.0,2024,2024-04
702981,2025-01-17,C101154,Islamabad,Online,Accessories,Leather Belt,2,1150,620,10,Card,No,2070.0,830.0,2025,2025-01
700191,2025-01-04,C101353,Karachi,Online,Kurtas,Printed Kurta,1,2390,1190,15,COD,No,2031.5,841.5,2025,2025-01
704099,2025-04-14,C101016,Rawalpindi,Online,Accessories,Baseball Cap,2,940,440,10,COD,Yes,1692.0,812.0,2025,2025-04
702730,2023-08-22,C100168,Karachi,Store,Accessories,Baseball Cap,3,880,560,10,COD,No,2376.0,696.0,2023,2023-08
704024,2024-03-02,C101808,Karachi,Online,Jeans,High-Waist Jeans,1,4390,1990,0,Bank Transfer,No,4390.0,2400.0,2024,2024-03
703367,2024-04-04,C100129,Islamabad,Online,Jeans,High-Waist Jeans,1,4300,1940,0,COD,No,4300.0,2360.0,2024,2024-04
703284,2024-11-26,C101531,Lahore,Store,Jeans,Straight Leg Jeans,1,3210,1840,30,COD,No,2247.0,407.0,2024,2024-11
701705,2023-11-30,C100860,Faisalabad,Online,Shoes,Sandals,2,2940,1660,30,Bank Transfer,No,4116.0,796.0,2023,2023-11
700369,2025-01-29,C101019,Karachi,Store,Jeans,Ripped Jeans,1,3710,1800,0,COD,No,3710.0,1910.0,2025,2025-01
701503,2023-07-19,C100110,Karachi,Online,Jeans,Ripped Jeans,1,3720,1890,0,Card,No,3720.0,1830.0,2023,2023-07
701822,2024-02-13,C101710,Faisalabad,Store,Shoes,Sneakers,1,4350,2360,0,Card,No,4350.0,1990.0,2024,2024-02
702147,2023-11-20,C102052,Karachi,Store,T-Shirts,Polo Shirt,3,2110,1300,15,Card,No,5380.5,1480.5,2023,2023-11
702448,2024-04-16,C101198,Unknown,Store,Shoes,Boots,2,6670,4130,0,Card,No,13340.0,5080.0,2024,2024-04
703070,2024-02-25,C102099,Lahore,Store,Jeans,Ripped Jeans,1,3740,2410,0,Wallet,No,3740.0,1330.0,2024,2024-02
700791,2023-10-02,C100042,Rawalpindi,Online,Accessories,Baseball Cap,1,860,530,0,COD,No,860.0,330.0,2023,2023-10
703243,2024-09-10,C101324,Karachi,Store,Shoes,Sneakers,1,4710,2720,0,COD,No,4710.0,1990.0,2024,2024-09
704877,2024-11-21,C100263,Lahore,Store,Jeans,Ripped Jeans,2,3820,2190,25,Card,No,5730.0,1350.0,2024,2024-11
701033,2023-12-06,C101483,Lahore,Store,Jeans,High-Waist Jeans,1,4390,2660,20,Wallet,No,3512.0,852.0,2023,2023-12
703779,2024-01-25,C100521,Karachi,Online,Kurtas,Embroidered Kurta,1,3000,1690,10,COD,No,2700.0,1010.0,2024,2024-01
703283,2025-02-13,C101854,Multan,Online,Kurtas,Printed Kurta,1,2450,1400,0,Card,No,2450.0,1050.0,2025,2025-02
703967,2025-02-27,C101740,Lahore,Online,Accessories,Baseball Cap,3,890,430,0,Unknown,No,2670.0,1380.0,2025,2025-02
700642,2024-09-20,C101963,Lahore,Store,Kurtas,Festive Kurta,1,4320,2790,0,Unknown,Yes,4320.0,1530.0,2024,2024-09
704344,2024-05-18,C101526,Karachi,Store,Dresses,Summer Floral Dress,3,3200,1860,10,COD,No,8640.0,3060.0,2024,2024-05
704794,2025-04-17,C101895,Lahore,Store,Dresses,Summer Floral Dress,2,3140,1790,10,COD,No,5652.0,2072.0,2025,2025-04
700428,2023-10-11,C101135,Karachi,Online,Jeans,Straight Leg Jeans,3,3160,1740,15,Card,No,8058.0,2838.0,2023,2023-10
701161,2023-10-19,C101504,Faisalabad,Store,Shoes,Sandals,3,2960,1660,0,COD,No,8880.0,3900.0,2023,2023-10
704263,2024-01-18,C100555,Lahore,Store,Accessories,Baseball Cap,1,920,580,0,COD,No,920.0,340.0,2024,2024-01
701712,2023-10-29,C101620,Lahore,Online,Jackets,Denim Jacket,2,5380,2690,0,COD,No,10760.0,5380.0,2023,2023-10
703269,2024-08-11,C100234,Peshawar,Store,Accessories,Tote Bag,1,1700,1010,15,COD,No,1445.0,435.0,2024,2024-08
700389,2024-02-23,C100363,Lahore,Online,Jeans,High-Waist Jeans,1,4070,2430,0,Wallet,No,4070.0,1640.0,2024,2024-02
704468,2024-12-13,C100653,Lahore,Store,Shoes,Sneakers,1,4850,2940,20,COD,Yes,3880.0,940.0,2024,2024-12
703370,2024-08-22,C100881,Islamabad,Online,Jeans,Ripped Jeans,3,4020,2190,0,Bank Transfer,No,12060.0,5490.0,2024,2024-08
705016,2024-06-29,C101005,Karachi,Online,Shoes,Sneakers,1,4750,2690,0,Wallet,No,4750.0,2060.0,2024,2024-06
704731,2023-09-11,C101161,Unknown,Store,Jackets,Denim Jacket,2,5550,2970,10,Card,No,9990.0,4050.0,2023,2023-09
702073,2024-11-16,C102051,Lahore,Store,T-Shirts,Graphic Print Tee,2,1550,700,15,COD,Yes,2635.0,1235.0,2024,2024-11
702912,2025-03-12,C102188,Karachi,Online,Kurtas,Cotton Kurta,1,1810,1060,0,Card,No,1810.0,750.0,2025,2025-03
704115,2023-12-19,C101138,Lahore,Store,Shoes,Loafers,1,5430,3200,25,Wallet,No,4072.5,872.5,2023,2023-12
704764,2025-01-31,C101302,Faisalabad,Online,Accessories,Tote Bag,3,1590,1010,0,Card,No,4770.0,1740.0,2025,2025-01
701063,2023-09-08,C100078,Islamabad,Online,Shoes,Sneakers,3,4370,2490,10,Wallet,No,11799.0,4329.0,2023,2023-09
703046,2024-10-11,C101219,Lahore,Store,Accessories,Baseball Cap,1,900,420,10,COD,No,810.0,390.0,2024,2024-10
703368,2025-06-19,C100532,Karachi,Online,Kurtas,Cotton Kurta,1,1900,1230,0,Card,No,1900.0,670.0,2025,2025-06
704705,2024-06-23,C101009,Karachi,Online,Shoes,Sandals,1,2910,1560,10,Wallet,No,2619.0,1059.0,2024,2024-06
705142,2025-02-11,C102032,Karachi,Store,T-Shirts,Polo Shirt,2,2120,960,0,Card,No,4240.0,2320.0,2025,2025-02
700282,2025-03-02,C101525,Lahore,Online,Shoes,Loafers,2,5570,3510,0,COD,No,11140.0,4120.0,2025,2025-03
702023,2024-10-14,C102197,Islamabad,Store,T-Shirts,Classic Cotton Tee,2,1290,800,10,COD,No,2322.0,722.0,2024,2024-10
704701,2024-12-12,C100135,Lahore,Store,Jackets,Denim Jacket,1,5840,3270,30,Card,No,4088.0,818.0,2024,2024-12
703846,2025-04-23,C100348,Islamabad,Store,Dresses,Bodycon Dress,2,4080,2070,0,Card,No,8160.0,4020.0,2025,2025-04
704727,2024-08-06,C101868,Islamabad,Online,Shoes,Sneakers,3,4440,2280,15,Unknown,No,11322.0,4482.0,2024,2024-08
705163,2024-01-23,C100098,Lahore,Online,Jackets,Bomber Jacket,2,5370,3060,10,COD,No,9666.0,3546.0,2024,2024-01
701410,2023-12-21,C102051,Lahore,Store,Jackets,Puffer Jacket,2,6910,3370,0,COD,No,13820.0,7080.0,2023,2023-12
702324,2023-07-13,C101107,Karachi,Online,Jeans,Slim Fit Jeans,1,3640,1710,0,Wallet,No,3640.0,1930.0,2023,2023-07
701499,2023-08-07,C101674,Faisalabad,Online,Jeans,Straight Leg Jeans,2,3320,1790,0,Bank Transfer,Yes,6640.0,3060.0,2023,2023-08
700356,2023-12-10,C100480,Karachi,Online,Kurtas,Festive Kurta,1,4330,2230,20,Card,No,3464.0,1234.0,2023,2023-12
703759,2023-08-08,C101400,Karachi,Online,T-Shirts,Graphic Print Tee,2,1440,930,15,COD,No,2448.0,588.0,2023,2023-08
703737,2024-09-17,C101890,Lahore,Online,Jeans,High-Waist Jeans,1,4410,2230,0,COD,No,4410.0,2180.0,2024,2024-09
700124,2024-05-24,C101845,Islamabad,Online,Dresses,Summer Floral Dress,1,3290,1830,0,Wallet,No,3290.0,1460.0,2024,2024-05
701373,2025-01-19,C100174,Lahore,Online,Jackets,Bomber Jacket,1,4950,2340,0,Bank Transfer,No,4950.0,2610.0,2025,2025-01
702815,2023-09-30,C101147,Faisalabad,Online,T-Shirts,Polo Shirt,3,2310,1340,10,Wallet,No,6237.0,2217.0,2023,2023-09
704667,2024-08-19,C100212,Lahore,Online,Jeans,Slim Fit Jeans,2,3670,1920,0,COD,No,7340.0,3500.0,2024,2024-08
702841,2024-02-03,C101423,Karachi,Online,T-Shirts,Graphic Print Tee,2,1560,910,0,Card,No,3120.0,1300.0,2024,2024-02
703429,2024-05-25,C102095,Unknown,Online,Jeans,Slim Fit Jeans,1,3610,1650,0,Bank Transfer,No,3610.0,1960.0,2024,2024-05
703113,2024-12-06,C102166,Peshawar,Online,Jeans,Ripped Jeans,2,3650,2210,30,Bank Transfer,No,5110.0,690.0,2024,2024-12
700568,2024-08-21,C101761,Unknown,Store,Accessories,Sunglasses,1,2260,1360,10,COD,No,2034.0,674.0,2024,2024-08
703035,2024-04-02,C100371,Karachi,Online,Kurtas,Printed Kurta,2,2430,1340,20,COD,No,3888.0,1208.0,2024,2024-04
702028,2023-09-14,C101269,Karachi,Online,Jeans,Ripped Jeans,3,4090,1900,0,COD,No,12270.0,6570.0,2023,2023-09
701096,2023-11-19,C101771,Faisalabad,Online,Jeans,High-Waist Jeans,1,4290,2430,15,Card,No,3646.5,1216.5,2023,2023-11
704066,2025-02-20,C101838,Faisalabad,Store,Jackets,Bomber Jacket,1,5240,3350,0,Wallet,No,5240.0,1890.0,2025,2025-02
703362,2024-05-23,C100094,Karachi,Store,Jeans,High-Waist Jeans,2,4000,2280,20,Card,Yes,6400.0,1840.0,2024,2024-05
700519,2024-03-22,C100531,Rawalpindi,Online,Shoes,Sandals,2,2800,1420,0,COD,No,5600.0,2760.0,2024,2024-03
704751,2024-03-14,C100739,Karachi,Online,Jackets,Denim Jacket,1,5480,2730,0,Wallet,No,5480.0,2750.0,2024,2024-03
702906,2025-02-18,C101508,Lahore,Online,Accessories,Baseball Cap,3,890,430,0,Bank Transfer,No,2670.0,1380.0,2025,2025-02
701381,2024-01-27,C101164,Lahore,Online,Shoes,Sandals,1,2770,1720,0,COD,No,2770.0,1050.0,2024,2024-01
701327,2025-01-06,C100408,Lahore,Online,Shoes,Sneakers,2,4740,2280,15,Card,No,8058.0,3498.0,2025,2025-01
704495,2023-09-15,C102014,Karachi,Store,T-Shirts,Oversized Tee,1,1820,1110,0,COD,No,1820.0,710.0,2023,2023-09
704611,2025-01-01,C100597,Islamabad,Store,Kurtas,Printed Kurta,3,2400,1320,0,Card,No,7200.0,3240.0,2025,2025-01
700515,2023-07-17,C101993,Unknown,Store,Jeans,Ripped Jeans,1,3980,1920,15,Bank Transfer,No,3383.0,1463.0,2023,2023-07
704445,2023-10-16,C101691,Peshawar,Store,Jeans,Ripped Jeans,1,4100,1950,0,Bank Transfer,No,4100.0,2150.0,2023,2023-10
700228,2024-12-06,C101316,Islamabad,Online,Kurtas,Printed Kurta,1,2530,1400,0,Bank Transfer,No,2530.0,1130.0,2024,2024-12
702893,2024-02-19,C102057,Karachi,Online,Shoes,Sneakers,1,4500,2700,10,COD,No,4050.0,1350.0,2024,2024-02
702082,2025-01-16,C101581,Karachi,Store,Dresses,Wrap Dress,1,3850,2360,0,COD,No,3850.0,1490.0,2025,2025-01
700945,2024-05-12,C100641,Faisalabad,Online,Kurtas,Embroidered Kurta,1,2760,1290,0,Wallet,No,2760.0,1470.0,2024,2024-05
701106,2024-02-28,C102082,Rawalpindi,Store,Dresses,Wrap Dress,1,4310,2740,0,COD,No,4310.0,1570.0,2024,2024-02
700845,2024-01-24,C101709,Karachi,Online,Jeans,High-Waist Jeans,1,4070,2070,10,COD,Yes,3663.0,1593.0,2024,2024-01
704652,2025-03-13,C101493,Faisalabad,Online,Jeans,Slim Fit Jeans,1,3580,1670,10,Card,No,3222.0,1552.0,2025,2025-03
701579,2024-01-08,C101878,Islamabad,Online,Jackets,Puffer Jacket,3,7220,3510,0,COD,No,21660.0,11130.0,2024,2024-01
705156,2024-06-30,C101488,Peshawar,Online,T-Shirts,Classic Cotton Tee,2,1290,600,0,Bank Transfer,No,2580.0,1380.0,2024,2024-06
702175,2024-03-08,C101554,Lahore,Online,Kurtas,Cotton Kurta,2,1930,1040,10,Wallet,No,3474.0,1394.0,2024,2024-03
700814,2025-05-08,C101212,Islamabad,Store,Jeans,Ripped Jeans,2,3750,1790,0,COD,No,7500.0,3920.0,2025,2025-05
700718,2024-03-03,C101072,Karachi,Online,Jeans,Straight Leg Jeans,1,3380,1590,0,COD,No,3380.0,1790.0,2024,2024-03
700469,2024-10-12,C100138,Faisalabad,Online,Shoes,Loafers,1,5440,2750,0,COD,No,5440.0,2690.0,2024,2024-10
704331,2024-11-19,C100483,Karachi,Store,Kurtas,Embroidered Kurta,2,2900,1610,30,Wallet,No,4060.0,840.0,2024,2024-11
703563,2024-07-29,C102080,Karachi,Online,Accessories,Tote Bag,1,1660,750,0,Unknown,No,1660.0,910.0,2024,2024-07
704284,2025-02-09,C100981,Faisalabad,Store,Dresses,Summer Floral Dress,1,3120,1430,0,Wallet,No,3120.0,1690.0,2025,2025-02
703183,2023-11-20,C102035,Faisalabad,Online,Accessories,Baseball Cap,3,870,400,0,Wallet,No,2610.0,1410.0,2023,2023-11
703253,2024-02-09,C101839,Faisalabad,Online,Shoes,Sandals,2,2980,1380,15,COD,No,5066.0,2306.0,2024,2024-02
703681,2023-10-16,C101351,Multan,Online,Kurtas,Cotton Kurta,2,2050,1290,0,COD,No,4100.0,1520.0,2023,2023-10
704573,2024-06-14,C100164,Islamabad,Online,Dresses,Summer Floral Dress,1,3250,1820,0,COD,Yes,3250.0,1430.0,2024,2024-06
704442,2025-04-12,C101909,Peshawar,Store,Jeans,Ripped Jeans,2,3800,2080,20,COD,No,6080.0,1920.0,2025,2025-04
702155,2024-09-25,C101344,Sialkot,Store,Accessories,Sunglasses,1,2220,1240,0,Card,No,2220.0,980.0,2024,2024-09
703707,2024-05-11,C102078,Karachi,Online,Dresses,Wrap Dress,1,3830,1810,0,Wallet,No,3830.0,2020.0,2024,2024-05
702130,2025-03-07,C101711,Karachi,Online,Jeans,Ripped Jeans,2,3660,2220,0,COD,No,7320.0,2880.0,2025,2025-03
702331,2025-05-17,C100016,Islamabad,Online,Shoes,Sandals,1,2760,1680,15,Bank Transfer,No,2346.0,666.0,2025,2025-05
703172,2025-03-14,C101114,Sialkot,Store,T-Shirts,Graphic Print Tee,1,1460,800,0,Bank Transfer,No,1460.0,660.0,2025,2025-03
703097,2025-05-26,C101715,Faisalabad,Online,Dresses,Bodycon Dress,3,3740,1750,0,COD,No,11220.0,5970.0,2025,2025-05
702245,2024-07-15,C102155,Multan,Online,Kurtas,Cotton Kurta,2,1830,1130,0,COD,No,3660.0,1400.0,2024,2024-07
704891,2024-03-12,C101123,Lahore,Online,Dresses,Bodycon Dress,1,3940,2090,0,Card,No,3940.0,1850.0,2024,2024-03
703308,2024-12-26,C100300,Faisalabad,Store,Jeans,Straight Leg Jeans,1,3320,1540,25,COD,No,2490.0,950.0,2024,2024-12
701099,2024-11-01,C101028,Faisalabad,Online,Jackets,Puffer Jacket,1,6480,3790,20,COD,No,5184.0,1394.0,2024,2024-11
705084,2025-02-06,C101496,Multan,Online,Jeans,Straight Leg Jeans,1,3200,1790,0,Card,No,3200.0,1410.0,2025,2025-02
701119,2023-07-31,C101731,Lahore,Store,Jeans,Ripped Jeans,2,3810,1840,0,Bank Transfer,No,7620.0,3940.0,2023,2023-07
702042,2023-12-19,C100162,Lahore,Online,Shoes,Sneakers,2,4780,2810,10,Card,No,8604.0,2984.0,2023,2023-12
700622,2025-06-20,C101483,Lahore,Store,Accessories,Leather Belt,2,1180,740,0,Card,No,2360.0,880.0,2025,2025-06
704089,2024-01-22,C101585,Peshawar,Online,Shoes,Sandals,2,2950,1820,10,COD,No,5310.0,1670.0,2024,2024-01
702788,2024-08-13,C100517,Faisalabad,Online,Accessories,Leather Belt,1,1160,660,0,COD,No,1160.0,500.0,2024,2024-08
701040,2024-01-15,C102095,Karachi,Store,T-Shirts,Oversized Tee,1,1760,850,0,COD,Yes,1760.0,910.0,2024,2024-01
702857,2023-07-12,C100723,Sialkot,Store,T-Shirts,Classic Cotton Tee,1,1190,690,0,Wallet,No,1190.0,500.0,2023,2023-07
703849,2024-03-08,C101864,Islamabad,Store,Accessories,Sunglasses,2,2180,1390,0,COD,No,4360.0,1580.0,2024,2024-03
704491,2024-06-22,C100275,Karachi,Online,Shoes,Sneakers,1,4410,2540,0,Card,No,4410.0,1870.0,2024,2024-06
703929,2023-10-28,C101781,Faisalabad,Online,Jackets,Hooded Jacket,1,4830,2430,0,Card,No,4830.0,2400.0,2023,2023-10
704998,2024-07-14,C101327,Islamabad,Online,Shoes,Sneakers,1,4600,2500,0,COD,No,4600.0,2100.0,2024,2024-07
702565,2024-09-10,C101927,Rawalpindi,Store,Shoes,Sneakers,1,4840,3140,0,COD,No,4840.0,1700.0,2024,2024-09
702158,2023-08-29,C101282,Karachi,Store,T-Shirts,Classic Cotton Tee,2,1280,790,15,Unknown,No,2176.0,596.0,2023,2023-08
700862,2024-11-02,C101119,Peshawar,Online,Shoes,Boots,1,6220,3150,10,Card,No,5598.0,2448.0,2024,2024-11
702436,2025-01-09,C101537,Faisalabad,Online,Accessories,Baseball Cap,1,960,570,0,Card,No,960.0,390.0,2025,2025-01
703633,2024-08-28,C101853,Faisalabad,Online,Jeans,High-Waist Jeans,1,4180,2140,10,Card,No,3762.0,1622.0,2024,2024-08
704726,2023-12-14,C101535,Karachi,Online,Shoes,Boots,1,6710,4140,20,COD,No,5368.0,1228.0,2023,2023-12
701156,2024-03-29,C100396,Multan,Online,Dresses,Bodycon Dress,3,3660,1990,0,Bank Transfer,Yes,10980.0,5010.0,2024,2024-03
700836,2024-05-15,C102141,Karachi,Online,Kurtas,Festive Kurta,2,4260,2230,15,Card,No,7242.0,2782.0,2024,2024-05
701261,2023-09-18,C102189,Peshawar,Store,Accessories,Sunglasses,3,2310,1150,0,Bank Transfer,No,6930.0,3480.0,2023,2023-09
704214,2024-04-22,C101500,Rawalpindi,Store,Jeans,Straight Leg Jeans,1,3210,2050,15,Card,No,2728.5,678.5,2024,2024-04
700481,2025-04-19,C100221,Karachi,Store,T-Shirts,Graphic Print Tee,2,1620,830,0,Card,No,3240.0,1580.0,2025,2025-04
702229,2023-09-11,C100725,Lahore,Store,T-Shirts,Classic Cotton Tee,2,1260,720,0,Card,No,2520.0,1080.0,2023,2023-09
704422,2025-06-15,C100713,Peshawar,Online,Dresses,Summer Floral Dress,1,3290,2080,0,COD,No,3290.0,1210.0,2025,2025-06
703346,2023-09-08,C100565,Rawalpindi,Online,T-Shirts,Oversized Tee,2,1730,1120,0,COD,No,3460.0,1220.0,2023,2023-09
702531,2024-02-19,C100057,Islamabad,Store,Kurtas,Embroidered Kurta,1,2880,1680,0,COD,No,2880.0,1200.0,2024,2024-02
701445,2024-07-12,C100005,Sialkot,Store,T-Shirts,Oversized Tee,1,1750,920,0,Wallet,No,1750.0,830.0,2024,2024-07
700519,2024-03-22,C100531,Rawalpindi,Online,Accessories,Leather Belt,1,1280,690,10,COD,No,1152.0,462.0,2024,2024-03
700026,2024-08-19,C101518,Lahore,Online,Accessories,Tote Bag,2,1580,1030,0,Wallet,No,3160.0,1100.0,2024,2024-08
704574,2024-11-05,C100566,Faisalabad,Online,Accessories,Baseball Cap,3,890,550,15,Card,No,2269.5,619.5,2024,2024-11
702161,2024-12-31,C100990,Islamabad,Online,Kurtas,Festive Kurta,1,4470,2610,20,Card,No,3576.0,966.0,2024,2024-12
702561,2024-08-17,C100100,Peshawar,Online,T-Shirts,Graphic Print Tee,1,1520,980,0,COD,No,1520.0,540.0,2024,2024-08
703662,2023-12-14,C100383,Karachi,Online,Shoes,Boots,3,6320,3570,15,Card,No,16116.0,5406.0,2023,2023-12
704826,2025-02-15,C101588,Karachi,Online,Jeans,Straight Leg Jeans,3,3240,1610,0,COD,No,9720.0,4890.0,2025,2025-02
702607,2024-02-26,C100156,Karachi,Online,Accessories,Sunglasses,2,2120,1250,0,COD,No,4240.0,1740.0,2024,2024-02
704661,2025-03-17,C102032,Karachi,Online,Kurtas,Embroidered Kurta,2,2740,1610,0,COD,No,5480.0,2260.0,2025,2025-03
704881,2024-12-19,C100294,Multan,Store,T-Shirts,Graphic Print Tee,1,1600,900,20,Wallet,No,1280.0,380.0,2024,2024-12
700695,2024-06-28,C102091,Multan,Store,Dresses,Wrap Dress,2,3870,1990,0,COD,Yes,7740.0,3760.0,2024,2024-06
701645,2024-10-24,C100910,Faisalabad,Online,Jeans,Straight Leg Jeans,2,3160,1890,0,COD,No,6320.0,2540.0,2024,2024-10
704366,2023-11-11,C100179,Faisalabad,Store,Dresses,Wrap Dress,2,4020,2260,25,COD,Yes,6030.0,1510.0,2023,2023-11
702027,2025-04-18,C102129,Lahore,Store,Dresses,Maxi Dress,2,4720,2950,10,COD,No,8496.0,2596.0,2025,2025-04
702576,2024-08-31,C101999,Islamabad,Store,Dresses,Maxi Dress,3,4840,2210,0,Card,Yes,14520.0,7890.0,2024,2024-08
703685,2025-02-05,C100017,Lahore,Store,Jackets,Puffer Jacket,3,6490,3030,0,Card,No,19470.0,10380.0,2025,2025-02
700055,2024-12-19,C101335,Multan,Online,Kurtas,Printed Kurta,2,2550,1490,10,Card,Yes,4590.0,1610.0,2024,2024-12
701476,2024-03-10,C100784,Sialkot,Store,Shoes,Sneakers,1,4790,2330,0,COD,No,4790.0,2460.0,2024,2024-03
700200,2025-03-14,C100294,Multan,Store,Jeans,Straight Leg Jeans,1,3310,2130,0,Card,No,3310.0,1180.0,2025,2025-03
701259,2024-08-03,C102129,Lahore,Store,T-Shirts,Classic Cotton Tee,1,1230,590,15,Card,No,1045.5,455.5,2024,2024-08
701618,2024-07-09,C100072,Multan,Online,Dresses,Summer Floral Dress,3,3160,1810,0,COD,Yes,9480.0,4050.0,2024,2024-07
703775,2023-10-15,C102083,Lahore,Online,Kurtas,Printed Kurta,1,2510,1150,0,Card,No,2510.0,1360.0,2023,2023-10
704640,2024-08-27,C101908,Faisalabad,Online,Jackets,Hooded Jacket,1,4730,3050,0,COD,No,4730.0,1680.0,2024,2024-08
701289,2025-01-07,C101727,Multan,Store,Shoes,Loafers,1,5450,2980,0,Card,No,5450.0,2470.0,2025,2025-01
701835,2025-04-03,C100917,Lahore,Online,Kurtas,Embroidered Kurta,2,2760,1710,0,Card,No,5520.0,2100.0,2025,2025-04
701581,2024-07-27,C101409,Rawalpindi,Online,T-Shirts,Oversized Tee,1,1750,1070,15,COD,No,1487.5,417.5,2024,2024-07
700167,2023-08-30,C100470,Karachi,Online,Dresses,Summer Floral Dress,1,3440,1760,0,COD,No,3440.0,1680.0,2023,2023-08
702795,2023-11-16,C100544,Lahore,Online,T-Shirts,Graphic Print Tee,2,1480,760,15,COD,Yes,2516.0,996.0,2023,2023-11
700310,2024-03-22,C101511,Lahore,Online,Jackets,Puffer Jacket,1,6530,3970,0,Bank Transfer,No,6530.0,2560.0,2024,2024-03
701969,2023-12-28,C102138,Faisalabad,Store,Jackets,Denim Jacket,2,5700,3270,0,COD,No,11400.0,4860.0,2023,2023-12
702303,2023-09-13,C100091,Rawalpindi,Online,Jackets,Denim Jacket,3,5920,3780,10,Bank Transfer,No,15984.0,4644.0,2023,2023-09
704042,2024-10-26,C100774,Lahore,Online,Shoes,Boots,2,6870,3410,10,COD,Yes,12366.0,5546.0,2024,2024-10
705098,2024-03-22,C100858,Karachi,Online,Jackets,Hooded Jacket,1,4840,3000,0,Bank Transfer,No,4840.0,1840.0,2024,2024-03
704863,2025-06-10,C100632,Lahore,Online,T-Shirts,Polo Shirt,1,2350,1280,10,Card,No,2115.0,835.0,2025,2025-06
704283,2023-08-18,C100373,Karachi,Online,Dresses,Wrap Dress,1,4290,2430,0,Card,No,4290.0,1860.0,2023,2023-08
704757,2025-01-27,C100302,Islamabad,Online,Kurtas,Cotton Kurta,1,1860,1080,0,COD,No,1860.0,780.0,2025,2025-01
700462,2025-04-12,C102083,Lahore,Online,Kurtas,Cotton Kurta,2,1810,1100,0,Card,No,3620.0,1420.0,2025,2025-04
700681,2023-10-13,C101076,Islamabad,Store,Accessories,Tote Bag,3,1520,760,0,COD,No,4560.0,2280.0,2023,2023-10
702613,2024-11-28,C101327,Islamabad,Store,Shoes,Loafers,3,5460,3420,20,Wallet,Yes,13104.0,2844.0,2024,2024-11
700981,2025-04-04,C100652,Rawalpindi,Store,Accessories,Tote Bag,2,1620,1040,15,Card,No,2754.0,674.0,2025,2025-04
702535,2025-04-04,C101087,Faisalabad,Online,Accessories,Sunglasses,2,2260,1160,20,Bank Transfer,No,3616.0,1296.0,2025,2025-04
702517,2024-01-01,C101404,Lahore,Online,Shoes,Sneakers,1,4500,2380,0,COD,No,4500.0,2120.0,2024,2024-01
702938,2023-12-13,C100838,Karachi,Store,Jackets,Bomber Jacket,2,5400,3470,10,COD,No,9720.0,2780.0,2023,2023-12
702559,2023-07-14,C100330,Faisalabad,Online,Dresses,Wrap Dress,1,3960,2140,0,COD,No,3960.0,1820.0,2023,2023-07
704995,2023-09-06,C101025,Karachi,Online,Jeans,High-Waist Jeans,1,4180,2270,0,COD,No,4180.0,1910.0,2023,2023-09
702608,2023-11-26,C100898,Lahore,Online,Jackets,Hooded Jacket,1,5000,2770,15,COD,No,4250.0,1480.0,2023,2023-11
700677,2024-08-19,C102062,Islamabad,Store,T-Shirts,Oversized Tee,1,1740,990,10,COD,No,1566.0,576.0,2024,2024-08
704964,2024-10-03,C101995,Faisalabad,Store,Kurtas,Printed Kurta,1,2300,1060,0,Wallet,No,2300.0,1240.0,2024,2024-10
704626,2024-12-05,C101817,Karachi,Online,Dresses,Maxi Dress,1,4370,2400,10,Bank Transfer,No,3933.0,1533.0,2024,2024-12
704031,2025-06-19,C101421,Karachi,Store,Shoes,Sandals,1,2700,1300,0,Card,Yes,2700.0,1400.0,2025,2025-06
703337,2024-05-30,C101838,Faisalabad,Store,Jeans,Slim Fit Jeans,1,3640,1990,20,COD,No,2912.0,922.0,2024,2024-05
704053,2024-05-06,C100726,Lahore,Online,Jackets,Puffer Jacket,3,6920,3590,20,Bank Transfer,No,16608.0,5838.0,2024,2024-05
701673,2024-10-25,C102009,Rawalpindi,Online,Jackets,Bomber Jacket,1,5460,3170,10,COD,No,4914.0,1744.0,2024,2024-10
700248,2023-07-13,C100005,Sialkot,Store,Shoes,Sandals,1,2680,1580,10,COD,No,2412.0,832.0,2023,2023-07
703777,2024-06-17,C100746,Karachi,Store,Jeans,High-Waist Jeans,2,4120,2560,0,Bank Transfer,No,8240.0,3120.0,2024,2024-06
701029,2025-05-03,C100129,Unknown,Store,Dresses,Summer Floral Dress,1,3410,1890,0,Card,No,3410.0,1520.0,2025,2025-05
700614,2024-06-06,C101200,Islamabad,Online,T-Shirts,Oversized Tee,2,1850,950,0,COD,No,3700.0,1800.0,2024,2024-06
700554,2025-02-02,C101761,Lahore,Store,Shoes,Sandals,1,2980,1870,0,Wallet,No,2980.0,1110.0,2025,2025-02
702870,2023-11-10,C100805,Lahore,Store,Accessories,Baseball Cap,1,880,470,0,Card,Yes,880.0,410.0,2023,2023-11
703665,2024-05-10,C100863,Islamabad,Store,Jackets,Puffer Jacket,2,7160,4130,20,COD,No,11456.0,3196.0,2024,2024-05
700813,2025-01-10,C101378,Islamabad,Store,Accessories,Baseball Cap,2,970,610,0,Bank Transfer,No,1940.0,720.0,2025,2025-01
705048,2024-03-23,C100682,Lahore,Store,Shoes,Sneakers,1,4690,2600,0,COD,No,4690.0,2090.0,2024,2024-03
702137,2025-05-03,C100170,Karachi,Store,Dresses,Wrap Dress,2,4230,2670,15,Card,Yes,7191.0,1851.0,2025,2025-05
702038,2023-12-02,C101347,Karachi,Online,Accessories,Leather Belt,1,1230,690,20,Bank Transfer,No,984.0,294.0,2023,2023-12
703831,2024-02-29,C101717,Islamabad,Store,Jackets,Hooded Jacket,2,4780,2600,0,Card,No,9560.0,4360.0,2024,2024-02
703152,2023-08-04,C100091,Rawalpindi,Store,Accessories,Baseball Cap,1,950,520,0,Card,No,950.0,430.0,2023,2023-08
703032,2024-03-09,C101506,Faisalabad,Store,Jackets,Bomber Jacket,2,4980,2970,0,COD,No,9960.0,4020.0,2024,2024-03
705018,2024-04-22,C102139,Multan,Store,Kurtas,Embroidered Kurta,2,2680,1730,15,COD,No,4556.0,1096.0,2024,2024-04
700108,2025-01-01,C101537,Faisalabad,Store,Shoes,Sneakers,1,4490,2100,10,Card,No,4041.0,1941.0,2025,2025-01
701707,2025-01-03,C100455,Lahore,Online,Jackets,Hooded Jacket,2,5030,2680,0,Card,No,10060.0,4700.0,2025,2025-01
702520,2023-12-31,C100381,Peshawar,Online,Shoes,Sneakers,3,4480,2270,10,Card,No,12096.0,5286.0,2023,2023-12
700204,2024-05-28,C101526,Karachi,Online,T-Shirts,Oversized Tee,1,1900,1160,20,COD,No,1520.0,360.0,2024,2024-05
701862,2025-04-30,C101871,Karachi,Store,Kurtas,Cotton Kurta,1,1880,930,0,COD,No,1880.0,950.0,2025,2025-04
704639,2025-05-17,C100089,Islamabad,Store,T-Shirts,Graphic Print Tee,1,1430,650,0,COD,Yes,1430.0,780.0,2025,2025-05
702311,2025-05-01,C101573,Multan,Online,Accessories,Baseball Cap,2,910,570,10,Card,No,1638.0,498.0,2025,2025-05
703247,2023-10-17,C101231,Islamabad,Online,Jeans,Slim Fit Jeans,1,3380,1560,10,Wallet,No,3042.0,1482.0,2023,2023-10
702936,2024-04-16,C102072,Karachi,Store,Kurtas,Embroidered Kurta,2,2810,1650,10,COD,No,5058.0,1758.0,2024,2024-04
704908,2023-09-17,C101496,Multan,Store,Kurtas,Printed Kurta,2,2470,1330,0,Card,Yes,4940.0,2280.0,2023,2023-09
702069,2024-08-23,C101611,Faisalabad,Store,Dresses,Bodycon Dress,2,3880,1780,0,Card,No,7760.0,4200.0,2024,2024-08
701595,2025-06-25,C101915,Lahore,Online,T-Shirts,Classic Cotton Tee,2,1200,610,0,Bank Transfer,No,2400.0,1180.0,2025,2025-06
702971,2023-11-09,C100187,Lahore,Online,Jackets,Bomber Jacket,1,5210,2570,20,COD,No,4168.0,1598.0,2023,2023-11
700953,2024-02-19,C100858,Karachi,Store,Jackets,Bomber Jacket,2,5490,2710,10,Card,Yes,9882.0,4462.0,2024,2024-02
703811,2024-01-25,C100217,Lahore,Online,Accessories,Baseball Cap,1,890,550,0,COD,No,890.0,340.0,2024,2024-01
702066,2025-05-25,C101946,Lahore,Store,Accessories,Tote Bag,2,1550,770,0,COD,No,3100.0,1560.0,2025,2025-05
700581,2024-04-22,C102064,Karachi,Online,Shoes,Sandals,1,2700,1640,15,COD,No,2295.0,655.0,2024,2024-04
703473,2024-10-02,C101981,Karachi,Online,Accessories,Sunglasses,2,2260,1360,0,COD,No,4520.0,1800.0,2024,2024-10
701465,2024-04-01,C101996,Karachi,Store,T-Shirts,Graphic Print Tee,1,1560,930,0,COD,No,1560.0,630.0,2024,2024-04
702067,2025-03-08,C100359,Islamabad,Store,Jeans,Slim Fit Jeans,1,3760,2030,0,COD,No,3760.0,1730.0,2025,2025-03
700138,2024-06-22,C100599,Islamabad,Online,Shoes,Loafers,1,5470,3240,0,Card,Yes,5470.0,2230.0,2024,2024-06
700797,2023-12-20,C100580,Karachi,Online,Jeans,Straight Leg Jeans,1,3120,1920,0,Card,No,3120.0,1200.0,2023,2023-12
703164,2024-10-26,C100731,Lahore,Online,Accessories,Sunglasses,2,2220,1430,0,Card,No,4440.0,1580.0,2024,2024-10
703734,2023-11-04,C100992,Faisalabad,Store,Jeans,High-Waist Jeans,1,4430,2470,25,Card,Yes,3322.5,852.5,2023,2023-11
703453,2024-10-12,C101368,Lahore,Store,Accessories,Sunglasses,1,2130,970,0,COD,No,2130.0,1160.0,2024,2024-10
700046,2023-07-11,C100844,Lahore,Online,Dresses,Wrap Dress,1,3970,2200,0,Bank Transfer,Yes,3970.0,1770.0,2023,2023-07
705042,2025-02-06,C102166,Peshawar,Online,Jackets,Denim Jacket,1,5650,2860,0,Wallet,No,5650.0,2790.0,2025,2025-02
700139,2023-10-04,C100409,Sialkot,Online,Shoes,Sneakers,1,4700,2820,0,COD,No,4700.0,1880.0,2023,2023-10
703375,2024-02-22,C101075,Karachi,Online,Dresses,Maxi Dress,1,4640,2410,0,Bank Transfer,No,4640.0,2230.0,2024,2024-02
700154,2024-11-27,C100566,Faisalabad,Online,Shoes,Loafers,1,5450,2460,10,Wallet,No,4905.0,2445.0,2024,2024-11
703815,2023-08-26,C100908,Lahore,Online,Shoes,Loafers,3,5170,2690,0,COD,No,15510.0,7440.0,2023,2023-08
701768,2025-01-19,C101347,Karachi,Online,Shoes,Boots,1,6940,4200,0,COD,Yes,6940.0,2740.0,2025,2025-01
703960,2024-12-13,C101318,Faisalabad,Online,Jeans,Slim Fit Jeans,2,3360,1970,20,Bank Transfer,No,5376.0,1436.0,2024,2024-12
702193,2023-07-02,C102191,Islamabad,Online,Dresses,Maxi Dress,1,4370,2760,0,Bank Transfer,No,4370.0,1610.0,2023,2023-07
704868,2024-09-15,C102152,Faisalabad,Store,Shoes,Loafers,1,5240,2900,10,Wallet,No,4716.0,1816.0,2024,2024-09
700089,2023-10-14,C100782,Karachi,Online,Jackets,Bomber Jacket,2,5250,3340,0,Card,No,10500.0,3820.0,2023,2023-10
703835,2025-03-21,C100643,Lahore,Store,Dresses,Summer Floral Dress,2,3130,1750,0,Wallet,Yes,6260.0,2760.0,2025,2025-03
700516,2024-04-10,C101947,Peshawar,Online,Dresses,Wrap Dress,1,3920,2390,15,Wallet,No,3332.0,942.0,2024,2024-04
704072,2023-09-15,C101437,Islamabad,Online,Kurtas,Embroidered Kurta,2,2710,1350,10,Wallet,No,4878.0,2178.0,2023,2023-09
704750,2023-10-15,C102081,Lahore,Online,Dresses,Bodycon Dress,1,3750,2160,0,Bank Transfer,No,3750.0,1590.0,2023,2023-10
703508,2025-03-06,C101010,Rawalpindi,Store,T-Shirts,Polo Shirt,1,2170,1380,0,COD,No,2170.0,790.0,2025,2025-03
702134,2023-11-13,C102185,Lahore,Online,Jeans,Ripped Jeans,1,3970,1840,0,Bank Transfer,No,3970.0,2130.0,2023,2023-11
700850,2024-07-05,C100720,Islamabad,Store,Accessories,Tote Bag,2,1570,810,10,Wallet,No,2826.0,1206.0,2024,2024-07
703337,2024-05-30,C101838,Faisalabad,Store,Kurtas,Festive Kurta,1,4050,1960,0,COD,No,4050.0,2090.0,2024,2024-05
701568,2025-04-24,C101385,Lahore,Online,Shoes,Loafers,1,5000,2530,10,COD,No,4500.0,1970.0,2025,2025-04
704890,2023-11-16,C101023,Islamabad,Online,T-Shirts,Oversized Tee,1,1850,1100,15,Wallet,No,1572.5,472.5,2023,2023-11
704227,2024-03-14,C100386,Rawalpindi,Online,Jeans,Slim Fit Jeans,3,3480,2080,15,Card,No,8874.0,2634.0,2024,2024-03
701085,2024-04-28,C100443,Lahore,Online,Shoes,Sandals,1,2970,1460,10,Card,No,2673.0,1213.0,2024,2024-04
700234,2023-12-12,C100860,Faisalabad,Online,Jackets,Denim Jacket,3,5380,2560,30,Card,No,11298.0,3618.0,2023,2023-12
703054,2024-03-13,C102070,Multan,Store,Shoes,Boots,2,6510,2940,0,Card,No,13020.0,7140.0,2024,2024-03
701666,2024-06-13,C102140,Peshawar,Online,Kurtas,Cotton Kurta,1,1860,1030,0,COD,No,1860.0,830.0,2024,2024-06
700612,2025-06-04,C100877,Karachi,Online,Dresses,Summer Floral Dress,3,3120,1470,0,COD,Yes,9360.0,4950.0,2025,2025-06
703340,2023-12-26,C101376,Rawalpindi,Online,Jackets,Hooded Jacket,1,5060,3030,0,COD,No,5060.0,2030.0,2023,2023-12
702438,2023-11-18,C100276,Karachi,Online,Jeans,Ripped Jeans,3,3790,2340,0,COD,No,11370.0,4350.0,2023,2023-11
700860,2023-11-13,C100147,Islamabad,Online,Jeans,Straight Leg Jeans,1,3320,1730,15,COD,No,2822.0,1092.0,2023,2023-11
704202,2025-04-18,C100264,Peshawar,Store,T-Shirts,Graphic Print Tee,1,1580,990,10,Card,No,1422.0,432.0,2025,2025-04
700903,2025-02-18,C102151,Lahore,Online,Accessories,Sunglasses,2,2370,1220,0,COD,Yes,4740.0,2300.0,2025,2025-02
700461,2024-09-04,C101715,Faisalabad,Store,T-Shirts,Oversized Tee,1,1810,900,0,Card,No,1810.0,910.0,2024,2024-09
700915,2023-08-29,C101895,Lahore,Store,Accessories,Tote Bag,2,1620,830,0,Card,No,3240.0,1580.0,2023,2023-08
703573,2024-01-22,C100910,Faisalabad,Online,Jeans,Straight Leg Jeans,2,3120,1570,0,COD,No,6240.0,3100.0,2024,2024-01
703839,2023-07-23,C101708,Multan,Online,Dresses,Summer Floral Dress,2,3160,2010,10,COD,No,5688.0,1668.0,2023,2023-07
700701,2023-10-10,C101776,Rawalpindi,Online,Jeans,Ripped Jeans,3,3690,1900,10,Wallet,No,9963.0,4263.0,2023,2023-10
703093,2025-02-13,C101815,Islamabad,Online,Accessories,Baseball Cap,2,930,530,0,Wallet,No,1860.0,800.0,2025,2025-02
701518,2025-06-04,C100484,Lahore,Online,Dresses,Wrap Dress,1,4320,2360,0,COD,No,4320.0,1960.0,2025,2025-06
703630,2025-01-08,C102188,Karachi,Online,Kurtas,Festive Kurta,1,4500,2640,0,COD,No,4500.0,1860.0,2025,2025-01
701364,2025-01-14,C102167,Karachi,Store,Jackets,Hooded Jacket,1,4970,3170,15,COD,No,4224.5,1054.5,2025,2025-01
702492,2024-05-03,C101401,Lahore,Online,Shoes,Boots,1,6950,3960,0,Bank Transfer,No,6950.0,2990.0,2024,2024-05
703461,2024-11-29,C100796,Lahore,Online,Jeans,Slim Fit Jeans,2,3330,1680,15,COD,No,5661.0,2301.0,2024,2024-11
700910,2024-01-21,C101606,Sialkot,Store,T-Shirts,Graphic Print Tee,2,1580,910,0,Wallet,No,3160.0,1340.0,2024,2024-01
701235,2023-12-24,C101134,Sialkot,Store,Dresses,Wrap Dress,2,4110,2220,10,Card,Yes,7398.0,2958.0,2023,2023-12
704234,2025-02-27,C100998,Sialkot,Online,Shoes,Loafers,2,5160,2720,0,Card,No,10320.0,4880.0,2025,2025-02
701011,2024-09-13,C100034,Karachi,Online,Kurtas,Cotton Kurta,3,1960,1120,0,COD,No,5880.0,2520.0,2024,2024-09
704450,2024-11-27,C101038,Karachi,Store,Jackets,Denim Jacket,2,5560,2680,20,Card,No,8896.0,3536.0,2024,2024-11
701053,2024-05-01,C100110,Karachi,Online,Shoes,Sandals,1,3000,1520,0,Card,No,3000.0,1480.0,2024,2024-05
703537,2023-08-23,C101232,Lahore,Online,T-Shirts,Graphic Print Tee,1,1540,700,0,Bank Transfer,No,1540.0,840.0,2023,2023-08
701342,2024-01-21,C101572,Islamabad,Store,Kurtas,Embroidered Kurta,1,2670,1540,0,Bank Transfer,No,2670.0,1130.0,2024,2024-01
703103,2023-09-08,C101720,Lahore,Online,Kurtas,Embroidered Kurta,2,2740,1340,0,COD,No,5480.0,2800.0,2023,2023-09
701939,2025-02-24,C101461,Islamabad,Online,T-Shirts,Graphic Print Tee,1,1550,970,0,Card,No,1550.0,580.0,2025,2025-02
701089,2024-10-29,C101909,Peshawar,Online,Jackets,Denim Jacket,1,5820,3690,0,Bank Transfer,No,5820.0,2130.0,2024,2024-10
702743,2024-02-15,C102058,Lahore,Store,Accessories,Sunglasses,1,2230,1400,0,COD,No,2230.0,830.0,2024,2024-02
702986,2025-01-11,C101871,Karachi,Store,Jackets,Bomber Jacket,2,5440,3030,0,COD,No,10880.0,4820.0,2025,2025-01
704160,2024-05-13,C101356,Islamabad,Store,Kurtas,Embroidered Kurta,3,2680,1690,20,Bank Transfer,No,6432.0,1362.0,2024,2024-05
702590,2023-07-28,C100826,Islamabad,Online,Dresses,Wrap Dress,1,3980,2080,0,Card,No,3980.0,1900.0,2023,2023-07
701683,2023-07-16,C100380,Islamabad,Online,Dresses,Wrap Dress,2,4180,2410,0,Bank Transfer,No,8360.0,3540.0,2023,2023-07
700516,2024-04-10,C101947,Peshawar,Online,T-Shirts,Polo Shirt,1,2140,1310,0,Wallet,No,2140.0,830.0,2024,2024-04
702423,2024-11-26,C101745,Islamabad,Online,Kurtas,Printed Kurta,3,2490,1240,20,Card,No,5976.0,2256.0,2024,2024-11
702657,2025-03-22,C101946,Lahore,Online,Dresses,Wrap Dress,1,4300,2190,0,Wallet,No,4300.0,2110.0,2025,2025-03
700169,2024-09-12,C101891,Faisalabad,Store,Kurtas,Embroidered Kurta,1,2930,1560,0,Wallet,Yes,2930.0,1370.0,2024,2024-09
703646,2024-02-28,C101009,Karachi,Online,T-Shirts,Graphic Print Tee,2,1490,840,0,Wallet,No,2980.0,1300.0,2024,2024-02
702469,2024-06-23,C100321,Karachi,Online,T-Shirts,Classic Cotton Tee,2,1200,730,0,Card,No,2400.0,940.0,2024,2024-06
703822,2023-07-03,C102198,Lahore,Online,Dresses,Summer Floral Dress,1,3290,1870,0,Card,No,3290.0,1420.0,2023,2023-07
702618,2024-10-11,C100076,Karachi,Store,Shoes,Sneakers,1,4720,2750,0,COD,No,4720.0,1970.0,2024,2024-10
705098,2024-03-22,C100858,Karachi,Online,T-Shirts,Graphic Print Tee,3,1550,1000,10,Bank Transfer,No,4185.0,1185.0,2024,2024-03
700347,2024-09-18,C100725,Lahore,Store,Jeans,Ripped Jeans,1,3990,2130,0,COD,No,3990.0,1860.0,2024,2024-09
701207,2023-10-09,C101335,Multan,Store,Accessories,Leather Belt,1,1290,650,0,Card,No,1290.0,640.0,2023,2023-10
702824,2025-03-30,C100427,Multan,Store,Jackets,Hooded Jacket,3,5020,2940,0,Card,Yes,15060.0,6240.0,2025,2025-03
702159,2024-03-03,C100571,Multan,Store,Accessories,Baseball Cap,1,890,540,0,COD,No,890.0,350.0,2024,2024-03
702362,2024-12-12,C100480,Karachi,Online,Jeans,Slim Fit Jeans,1,3370,1930,0,Wallet,No,3370.0,1440.0,2024,2024-12
702645,2024-11-16,C100208,Lahore,Online,Jackets,Bomber Jacket,1,5570,3190,30,Card,No,3899.0,709.0,2024,2024-11
701387,2024-12-25,C100272,Lahore,Online,Jeans,Slim Fit Jeans,1,3530,2230,10,COD,No,3177.0,947.0,2024,2024-12
700308,2024-02-25,C100481,Lahore,Store,T-Shirts,Polo Shirt,3,2100,1230,0,COD,No,6300.0,2610.0,2024,2024-02
701685,2024-11-04,C100712,Faisalabad,Online,Shoes,Sandals,2,2770,1280,0,COD,No,5540.0,2980.0,2024,2024-11
703848,2025-01-24,C101038,Karachi,Store,T-Shirts,Oversized Tee,1,1800,980,0,Bank Transfer,No,1800.0,820.0,2025,2025-01
703376,2023-07-23,C101811,Karachi,Store,Dresses,Wrap Dress,2,4230,2240,0,Wallet,No,8460.0,3980.0,2023,2023-07
701580,2025-05-20,C100362,Lahore,Store,T-Shirts,Graphic Print Tee,1,1460,780,20,Card,No,1168.0,388.0,2025,2025-05
702337,2025-06-04,C101186,Karachi,Store,Shoes,Loafers,1,4960,2880,0,COD,No,4960.0,2080.0,2025,2025-06
704862,2025-06-21,C101537,Faisalabad,Online,Kurtas,Embroidered Kurta,1,2760,1680,0,COD,No,2760.0,1080.0,2025,2025-06
702824,2025-03-30,C100427,Multan,Store,Accessories,Sunglasses,1,2150,1210,0,Card,No,2150.0,940.0,2025,2025-03
700898,2024-11-22,C101540,Multan,Store,Jackets,Hooded Jacket,1,4790,2940,0,COD,No,4790.0,1850.0,2024,2024-11
704910,2023-12-14,C101845,Islamabad,Online,Accessories,Baseball Cap,1,880,560,15,COD,No,748.0,188.0,2023,2023-12
705173,2024-07-05,C100473,Lahore,Online,Jeans,Straight Leg Jeans,1,3430,1790,0,COD,No,3430.0,1640.0,2024,2024-07
700497,2024-05-04,C101119,Peshawar,Online,Dresses,Bodycon Dress,2,3920,2320,10,Bank Transfer,No,7056.0,2416.0,2024,2024-05
700999,2024-07-05,C100010,Karachi,Store,Jeans,Slim Fit Jeans,1,3470,1870,0,COD,No,3470.0,1600.0,2024,2024-07
700562,2025-06-17,C100412,Lahore,Online,Jeans,High-Waist Jeans,1,4390,2830,0,COD,No,4390.0,1560.0,2025,2025-06
701906,2024-05-19,C101001,Karachi,Online,Dresses,Bodycon Dress,1,4040,1990,20,Card,No,3232.0,1242.0,2024,2024-05
700042,2024-05-09,C100774,Lahore,Store,Accessories,Baseball Cap,1,890,500,0,COD,No,890.0,390.0,2024,2024-05
700235,2023-11-30,C101952,Faisalabad,Online,Dresses,Maxi Dress,1,4280,2350,20,COD,No,3424.0,1074.0,2023,2023-11
702138,2024-07-04,C100006,Faisalabad,Online,Accessories,Leather Belt,1,1140,710,0,COD,No,1140.0,430.0,2024,2024-07
704104,2025-01-17,C101484,Islamabad,Store,Jeans,Ripped Jeans,2,3990,2310,0,Card,No,7980.0,3360.0,2025,2025-01
701209,2023-12-30,C100423,Lahore,Online,Shoes,Loafers,1,5540,3570,10,Card,No,4986.0,1416.0,2023,2023-12
704789,2023-07-26,C101114,Sialkot,Online,Shoes,Loafers,1,5010,3150,0,COD,No,5010.0,1860.0,2023,2023-07
700411,2025-01-22,C101675,Peshawar,Online,Shoes,Sandals,2,2990,1530,10,COD,No,5382.0,2322.0,2025,2025-01
701861,2023-07-07,C101838,Faisalabad,Store,Jeans,High-Waist Jeans,1,4490,2880,0,Bank Transfer,No,4490.0,1610.0,2023,2023-07
700442,2024-05-27,C100376,Peshawar,Store,T-Shirts,Oversized Tee,1,1820,910,0,COD,Yes,1820.0,910.0,2024,2024-05
702223,2024-10-18,C101540,Multan,Online,T-Shirts,Classic Cotton Tee,2,1300,760,0,Card,No,2600.0,1080.0,2024,2024-10
702410,2025-02-02,C101757,Sialkot,Online,Jeans,High-Waist Jeans,2,4420,2600,10,COD,No,7956.0,2756.0,2025,2025-02
702929,2025-02-11,C101769,Multan,Store,Kurtas,Printed Kurta,2,2400,1460,0,Card,No,4800.0,1880.0,2025,2025-02
703597,2024-01-21,C100191,Lahore,Online,Jackets,Hooded Jacket,1,5000,2740,0,Card,No,5000.0,2260.0,2024,2024-01
701372,2023-07-21,C100241,Faisalabad,Online,Dresses,Bodycon Dress,3,4030,2120,10,COD,No,10881.0,4521.0,2023,2023-07
703775,2023-10-15,C102083,Lahore,Online,Jackets,Denim Jacket,1,5870,3270,0,Card,No,5870.0,2600.0,2023,2023-10
703738,2024-11-26,C100863,Islamabad,Store,Dresses,Maxi Dress,2,4360,2540,10,Card,No,7848.0,2768.0,2024,2024-11
704438,2023-07-08,C100298,Faisalabad,Online,T-Shirts,Classic Cotton Tee,1,1220,700,0,Card,No,1220.0,520.0,2023,2023-07
702628,2024-12-30,C101162,Multan,Online,Jeans,Ripped Jeans,1,4080,2650,15,Bank Transfer,No,3468.0,818.0,2024,2024-12
700627,2024-11-29,C101500,Rawalpindi,Store,Jeans,Straight Leg Jeans,3,3440,1830,30,Card,No,7224.0,1734.0,2024,2024-11
702171,2024-06-09,C100233,Islamabad,Online,Kurtas,Festive Kurta,1,4200,1910,15,COD,No,3570.0,1660.0,2024,2024-06
701988,2025-03-23,C100302,Islamabad,Online,Dresses,Wrap Dress,1,3840,2370,0,Card,No,3840.0,1470.0,2025,2025-03
704054,2024-02-12,C100469,Islamabad,Online,Jeans,High-Waist Jeans,1,3990,1820,10,Card,No,3591.0,1771.0,2024,2024-02
703914,2024-06-28,C101719,Multan,Online,Accessories,Leather Belt,2,1290,830,0,COD,No,2580.0,920.0,2024,2024-06
702442,2025-04-27,C100251,Multan,Store,Kurtas,Cotton Kurta,3,1940,1120,0,Wallet,No,5820.0,2460.0,2025,2025-04
703011,2024-07-12,C101871,Unknown,Store,T-Shirts,Classic Cotton Tee,3,1270,680,0,COD,No,3810.0,1770.0,2024,2024-07
703085,2024-01-21,C101780,Lahore,Store,Jackets,Puffer Jacket,3,6780,3080,0,Card,No,20340.0,11100.0,2024,2024-01
703043,2024-01-09,C102054,Karachi,Store,Shoes,Sandals,1,2670,1470,0,Wallet,No,2670.0,1200.0,2024,2024-01
700113,2024-12-25,C101387,Karachi,Online,Accessories,Baseball Cap,3,950,470,15,Card,No,2422.5,1012.5,2024,2024-12
700571,2024-03-16,C101074,Multan,Online,Shoes,Loafers,2,5280,3190,0,Card,No,10560.0,4180.0,2024,2024-03
700639,2024-07-01,C101695,Islamabad,Store,Accessories,Leather Belt,2,1170,710,0,Card,No,2340.0,920.0,2024,2024-07
702017,2024-03-01,C101336,Lahore,Online,Dresses,Summer Floral Dress,3,3100,1700,0,Card,No,9300.0,4200.0,2024,2024-03
702597,2025-01-26,C100874,Rawalpindi,Store,Accessories,Sunglasses,1,2330,1280,0,COD,No,2330.0,1050.0,2025,2025-01
703476,2024-01-09,C100042,Rawalpindi,Store,Jackets,Bomber Jacket,2,5420,2890,0,COD,No,10840.0,5060.0,2024,2024-01
703196,2025-03-25,C101815,Islamabad,Store,Kurtas,Embroidered Kurta,1,2670,1290,0,COD,No,2670.0,1380.0,2025,2025-03
701739,2024-10-27,C101386,Rawalpindi,Online,T-Shirts,Oversized Tee,1,1840,1150,15,COD,No,1564.0,414.0,2024,2024-10
701383,2025-05-28,C100586,Lahore,Store,Jeans,High-Waist Jeans,1,4270,2020,15,Card,No,3629.5,1609.5,2025,2025-05
700163,2024-08-08,C100631,Multan,Online,T-Shirts,Graphic Print Tee,1,1500,970,0,COD,No,1500.0,530.0,2024,2024-08
702234,2023-09-29,C101224,Lahore,Online,Accessories,Baseball Cap,2,950,580,0,Bank Transfer,No,1900.0,740.0,2023,2023-09
703982,2025-01-28,C100196,Islamabad,Online,Jackets,Bomber Jacket,1,5050,2450,0,Card,Yes,5050.0,2600.0,2025,2025-01
704203,2024-12-08,C100379,Rawalpindi,Store,Shoes,Sandals,1,2670,1400,10,COD,Yes,2403.0,1003.0,2024,2024-12
702613,2024-11-28,C101327,Islamabad,Store,Jeans,Ripped Jeans,3,3620,2000,20,Wallet,No,8688.0,2688.0,2024,2024-11
700421,2024-04-23,C100260,Lahore,Store,Jeans,Slim Fit Jeans,1,3590,2220,0,COD,No,3590.0,1370.0,2024,2024-04
701476,2024-03-10,C100784,Sialkot,Store,T-Shirts,Classic Cotton Tee,1,1260,670,0,COD,No,1260.0,590.0,2024,2024-03
703540,2023-09-25,C101368,Lahore,Store,Dresses,Maxi Dress,1,4480,2330,0,COD,No,4480.0,2150.0,2023,2023-09
702600,2024-11-21,C101351,Multan,Online,Jackets,Puffer Jacket,1,7150,3470,0,Card,No,7150.0,3680.0,2024,2024-11
703541,2024-03-21,C101262,Karachi,Online,Accessories,Tote Bag,2,1700,1000,15,Card,No,2890.0,890.0,2024,2024-03
700830,2024-03-18,C100953,Lahore,Store,Accessories,Leather Belt,1,1200,600,0,Card,No,1200.0,600.0,2024,2024-03
704402,2025-04-11,C101210,Faisalabad,Online,Kurtas,Embroidered Kurta,1,2710,1250,0,Bank Transfer,No,2710.0,1460.0,2025,2025-04
700528,2023-12-08,C101530,Karachi,Online,Jackets,Puffer Jacket,1,7030,4490,10,COD,No,6327.0,1837.0,2023,2023-12
702284,2024-03-16,C101684,Lahore,Online,T-Shirts,Oversized Tee,1,1880,870,15,Card,No,1598.0,728.0,2024,2024-03
700561,2025-06-19,C101056,Peshawar,Online,Accessories,Baseball Cap,1,950,600,0,COD,No,950.0,350.0,2025,2025-06
705075,2024-10-18,C100867,Faisalabad,Online,Jeans,Ripped Jeans,1,3750,1930,0,COD,No,3750.0,1820.0,2024,2024-10
702969,2024-01-15,C100049,Lahore,Online,Shoes,Sneakers,2,4800,3010,10,Card,No,8640.0,2620.0,2024,2024-01
700592,2025-03-26,C101495,Islamabad,Store,Dresses,Summer Floral Dress,2,3280,2060,0,Card,No,6560.0,2440.0,2025,2025-03
704541,2023-10-17,C100287,Karachi,Store,T-Shirts,Classic Cotton Tee,2,1230,780,0,Wallet,No,2460.0,900.0,2023,2023-10
701614,2024-03-03,C101216,Karachi,Online,Accessories,Baseball Cap,2,940,480,0,COD,No,1880.0,920.0,2024,2024-03
702793,2025-06-13,C100078,Islamabad,Store,T-Shirts,Graphic Print Tee,1,1540,910,0,COD,No,1540.0,630.0,2025,2025-06
700649,2024-04-12,C101045,Karachi,Store,Accessories,Leather Belt,1,1200,700,0,Wallet,No,1200.0,500.0,2024,2024-04
705067,2024-06-29,C101823,Islamabad,Online,Dresses,Summer Floral Dress,1,3160,1740,0,Bank Transfer,No,3160.0,1420.0,2024,2024-06
702975,2024-05-26,C100900,Karachi,Store,Kurtas,Printed Kurta,1,2320,1290,0,Bank Transfer,No,2320.0,1030.0,2024,2024-05
704496,2023-07-20,C100253,Lahore,Online,T-Shirts,Polo Shirt,1,2140,1040,0,Card,No,2140.0,1100.0,2023,2023-07
703310,2024-04-05,C102028,Islamabad,Online,T-Shirts,Classic Cotton Tee,2,1180,720,10,Card,No,2124.0,684.0,2024,2024-04
700260,2025-03-17,C101410,Multan,Online,Kurtas,Festive Kurta,3,4300,2420,0,Card,No,12900.0,5640.0,2025,2025-03
702062,2023-10-01,C101275,Karachi,Online,Shoes,Boots,1,6230,2930,15,COD,No,5295.5,2365.5,2023,2023-10
700815,2025-01-11,C100773,Multan,Store,Jackets,Puffer Jacket,1,6560,3950,10,Bank Transfer,No,5904.0,1954.0,2025,2025-01
702845,2023-10-13,C100355,Islamabad,Online,Dresses,Wrap Dress,1,4310,2300,0,Bank Transfer,No,4310.0,2010.0,2023,2023-10
702010,2023-08-24,C100848,Lahore,Store,Shoes,Sneakers,1,4650,2740,0,COD,No,4650.0,1910.0,2023,2023-08
701392,2025-01-10,C100027,Lahore,Store,Jeans,Slim Fit Jeans,2,3420,1890,10,Card,No,6156.0,2376.0,2025,2025-01
702088,2023-07-24,C101762,Lahore,Store,T-Shirts,Oversized Tee,1,1810,930,15,Card,No,1538.5,608.5,2023,2023-07
702841,2024-02-03,C101423,Karachi,Online,Jeans,Slim Fit Jeans,2,3610,1840,0,Card,No,7220.0,3540.0,2024,2024-02
700494,2024-12-09,C100851,Lahore,Online,Jeans,Slim Fit Jeans,1,3720,1900,0,Card,No,3720.0,1820.0,2024,2024-12
704804,2024-09-05,C100276,Karachi,Online,Dresses,Maxi Dress,2,4600,2130,0,Unknown,No,9200.0,4940.0,2024,2024-09
704957,2023-07-13,C100118,Karachi,Online,Accessories,Tote Bag,1,1580,900,15,Card,No,1343.0,443.0,2023,2023-07
702162,2024-09-02,C100647,Islamabad,Online,Jeans,Straight Leg Jeans,1,3430,2200,0,Bank Transfer,No,3430.0,1230.0,2024,2024-09
703833,2025-01-21,C100999,Karachi,Online,Jeans,High-Waist Jeans,1,4220,2600,0,COD,No,4220.0,1620.0,2025,2025-01
700479,2024-02-25,C101683,Karachi,Online,Jackets,Bomber Jacket,1,5220,2950,0,Wallet,No,5220.0,2270.0,2024,2024-02
704510,2025-05-03,C101117,Faisalabad,Online,Jeans,Straight Leg Jeans,1,3190,1740,0,COD,No,3190.0,1450.0,2025,2025-05
701517,2024-07-06,C101985,Peshawar,Store,Jeans,Slim Fit Jeans,1,3480,2160,15,COD,No,2958.0,798.0,2024,2024-07
704919,2024-11-23,C100435,Lahore,Online,Jackets,Puffer Jacket,1,6990,4320,10,Wallet,No,6291.0,1971.0,2024,2024-11
703066,2024-02-04,C101939,Lahore,Online,Jeans,Slim Fit Jeans,1,3350,1710,0,Bank Transfer,No,3350.0,1640.0,2024,2024-02
700774,2024-03-22,C101386,Rawalpindi,Online,Jeans,Ripped Jeans,1,4070,1850,0,COD,No,4070.0,2220.0,2024,2024-03
704857,2024-01-08,C100823,Rawalpindi,Store,T-Shirts,Classic Cotton Tee,2,1170,690,15,Card,No,1989.0,609.0,2024,2024-01
700044,2024-10-22,C100388,Lahore,Online,Kurtas,Festive Kurta,2,4030,2590,0,Card,No,8060.0,2880.0,2024,2024-10
702317,2023-08-31,C100241,Faisalabad,Store,Shoes,Sneakers,3,4650,2420,0,Card,No,13950.0,6690.0,2023,2023-08
705189,2024-05-25,C101014,Karachi,Store,Jeans,Slim Fit Jeans,1,3660,2250,15,COD,No,3111.0,861.0,2024,2024-05
701637,2025-06-24,C102092,Islamabad,Store,T-Shirts,Classic Cotton Tee,1,1240,790,15,Wallet,No,1054.0,264.0,2025,2025-06
702413,2024-11-25,C100155,Rawalpindi,Online,Kurtas,Embroidered Kurta,1,2980,1920,20,Card,No,2384.0,464.0,2024,2024-11
700252,2023-12-21,C101561,Islamabad,Online,Jeans,Straight Leg Jeans,1,3350,1820,0,COD,No,3350.0,1530.0,2023,2023-12
704812,2024-01-29,C100748,Faisalabad,Store,Kurtas,Embroidered Kurta,1,2840,1490,15,Card,No,2414.0,924.0,2024,2024-01
701605,2023-09-17,C100993,Lahore,Store,T-Shirts,Polo Shirt,1,2250,1380,0,Card,No,2250.0,870.0,2023,2023-09
701241,2023-09-24,C100284,Islamabad,Online,Dresses,Maxi Dress,2,4630,2560,15,Wallet,No,7871.0,2751.0,2023,2023-09
700691,2024-03-17,C100680,Lahore,Online,T-Shirts,Oversized Tee,1,1830,970,0,Card,No,1830.0,860.0,2024,2024-03
705106,2024-03-31,C100492,Rawalpindi,Online,Accessories,Baseball Cap,3,890,440,0,COD,No,2670.0,1350.0,2024,2024-03
701554,2024-10-30,C100029,Rawalpindi,Online,T-Shirts,Oversized Tee,1,1720,970,0,COD,No,1720.0,750.0,2024,2024-10
704746,2025-02-17,C101765,Lahore,Store,T-Shirts,Graphic Print Tee,1,1580,730,0,Card,No,1580.0,850.0,2025,2025-02
702875,2025-03-09,C101715,Faisalabad,Store,Shoes,Loafers,3,5250,2710,0,Wallet,No,15750.0,7620.0,2025,2025-03
702568,2024-07-11,C101891,Faisalabad,Online,Shoes,Loafers,2,5170,2850,0,COD,No,10340.0,4640.0,2024,2024-07
700577,2023-11-20,C100025,Lahore,Online,Accessories,Baseball Cap,1,900,410,15,COD,No,765.0,355.0,2023,2023-11
700051,2024-09-13,C100230,Lahore,Store,T-Shirts,Polo Shirt,2,2360,1060,0,COD,No,4720.0,2600.0,2024,2024-09
705094,2024-06-21,C101647,Faisalabad,Online,Jeans,Slim Fit Jeans,1,3550,1980,0,COD,No,3550.0,1570.0,2024,2024-06
704759,2024-07-24,C101770,Islamabad,Online,Dresses,Bodycon Dress,1,3630,1930,15,COD,Yes,3085.5,1155.5,2024,2024-07
700579,2024-05-08,C100490,Rawalpindi,Online,Jackets,Hooded Jacket,1,4590,2130,10,COD,No,4131.0,2001.0,2024,2024-05
704294,2025-05-02,C100094,Karachi,Online,Jeans,Slim Fit Jeans,2,3660,1860,20,COD,No,5856.0,2136.0,2025,2025-05
701115,2023-11-13,C100833,Rawalpindi,Online,Kurtas,Cotton Kurta,1,1820,920,10,COD,No,1638.0,718.0,2023,2023-11
704368,2023-12-03,C101795,Karachi,Online,Jeans,Ripped Jeans,1,3920,1920,25,Card,No,2940.0,1020.0,2023,2023-12
703856,2024-09-15,C101408,Multan,Store,T-Shirts,Classic Cotton Tee,2,1160,600,0,COD,No,2320.0,1120.0,2024,2024-09
700775,2024-09-16,C101245,Karachi,Store,Shoes,Sandals,1,2850,1430,15,Unknown,No,2422.5,992.5,2024,2024-09
703514,2024-07-02,C100828,Multan,Online,Shoes,Sandals,1,2980,1720,0,Unknown,No,2980.0,1260.0,2024,2024-07
704497,2024-11-26,C101995,Faisalabad,Online,Dresses,Summer Floral Dress,1,3230,1960,20,Wallet,No,2584.0,624.0,2024,2024-11
702221,2025-05-08,C101125,Islamabad,Store,Dresses,Wrap Dress,1,4250,2640,10,Card,No,3825.0,1185.0,2025,2025-05
702871,2024-05-11,C102018,Islamabad,Store,T-Shirts,Graphic Print Tee,3,1560,830,15,COD,No,3978.0,1488.0,2024,2024-05
703720,2024-03-07,C101812,Faisalabad,Store,Jackets,Bomber Jacket,3,5270,2950,10,COD,No,14229.0,5379.0,2024,2024-03
700829,2023-10-28,C100387,Sialkot,Online,Shoes,Sandals,2,2830,1530,0,Wallet,No,5660.0,2600.0,2023,2023-10
702404,2023-10-30,C100065,Islamabad,Online,Dresses,Bodycon Dress,2,4040,2130,0,Wallet,No,8080.0,3820.0,2023,2023-10
704131,2025-02-16,C102183,Lahore,Store,Dresses,Summer Floral Dress,1,3400,2080,15,COD,No,2890.0,810.0,2025,2025-02
704210,2023-12-24,C100183,Karachi,Online,Jackets,Hooded Jacket,2,4580,2660,15,COD,No,7786.0,2466.0,2023,2023-12
704648,2024-09-15,C102034,Lahore,Online,Kurtas,Festive Kurta,1,4490,2120,15,Wallet,No,3816.5,1696.5,2024,2024-09
700027,2025-03-26,C101891,Faisalabad,Online,T-Shirts,Polo Shirt,3,2180,1280,0,COD,No,6540.0,2700.0,2025,2025-03
700299,2023-10-05,C101216,Karachi,Store,Jeans,Straight Leg Jeans,1,3150,1980,0,Bank Transfer,No,3150.0,1170.0,2023,2023-10
705014,2023-08-07,C101460,Faisalabad,Online,Accessories,Tote Bag,1,1640,780,0,Bank Transfer,No,1640.0,860.0,2023,2023-08
703944,2023-08-10,C101922,Karachi,Store,Kurtas,Embroidered Kurta,2,2960,1600,0,Bank Transfer,No,5920.0,2720.0,2023,2023-08
704888,2024-03-21,C100969,Lahore,Online,Shoes,Sneakers,2,4680,2970,10,Bank Transfer,No,8424.0,2484.0,2024,2024-03
703584,2025-06-29,C101389,Lahore,Online,Jeans,Ripped Jeans,1,3840,1950,10,Card,No,3456.0,1506.0,2025,2025-06
700797,2023-12-20,C100580,Karachi,Online,Jackets,Bomber Jacket,1,5540,2790,30,Card,No,3878.0,1088.0,2023,2023-12
702484,2023-09-19,C100756,Karachi,Online,Kurtas,Cotton Kurta,1,1810,1030,0,COD,No,1810.0,780.0,2023,2023-09
705154,2024-08-12,C101460,Faisalabad,Store,Shoes,Sneakers,1,4280,2540,0,Bank Transfer,No,4280.0,1740.0,2024,2024-08
702766,2023-12-18,C100283,Lahore,Store,T-Shirts,Graphic Print Tee,2,1570,770,20,Card,No,2512.0,972.0,2023,2023-12
701018,2024-03-04,C100850,Lahore,Online,Jackets,Denim Jacket,1,5940,3780,0,Wallet,No,5940.0,2160.0,2024,2024-03
703482,2024-12-12,C101786,Karachi,Store,T-Shirts,Oversized Tee,2,1780,1020,10,Wallet,No,3204.0,1164.0,2024,2024-12
701867,2024-10-20,C100718,Rawalpindi,Online,Jackets,Denim Jacket,1,5750,3280,0,Card,No,5750.0,2470.0,2024,2024-10
700504,2025-02-09,C100198,Lahore,Store,Jackets,Bomber Jacket,1,5100,2340,0,COD,No,5100.0,2760.0,2025,2025-02
704841,2023-08-02,C101720,Lahore,Store,Shoes,Sneakers,1,4440,2630,0,Wallet,No,4440.0,1810.0,2023,2023-08
704631,2024-07-15,C100827,Lahore,Online,Dresses,Wrap Dress,1,4030,2120,0,COD,No,4030.0,1910.0,2024,2024-07
703734,2023-11-04,C100992,Faisalabad,Store,Jackets,Puffer Jacket,2,7090,3430,20,Card,No,11344.0,4484.0,2023,2023-11
704371,2025-01-02,C101660,Lahore,Store,Shoes,Sneakers,2,4600,2090,0,Card,No,9200.0,5020.0,2025,2025-01
701110,2025-04-27,C101622,Faisalabad,Store,Shoes,Loafers,2,5100,2300,0,Wallet,Yes,10200.0,5600.0,2025,2025-04
700554,2025-02-02,C101761,Lahore,Store,Dresses,Maxi Dress,1,4370,2680,0,Wallet,Yes,4370.0,1690.0,2025,2025-02
700434,2024-01-28,C101865,Multan,Online,Accessories,Tote Bag,1,1560,1000,0,COD,No,1560.0,560.0,2024,2024-01
702557,2024-12-08,C100207,Rawalpindi,Online,Jeans,Slim Fit Jeans,1,3490,1710,0,Bank Transfer,No,3490.0,1780.0,2024,2024-12
702006,2023-11-04,C100300,Faisalabad,Store,T-Shirts,Graphic Print Tee,1,1610,770,25,COD,No,1207.5,437.5,2023,2023-11
702916,2023-07-31,C101278,Multan,Online,Accessories,Tote Bag,1,1730,950,0,COD,No,1730.0,780.0,2023,2023-07
704359,2023-12-24,C100881,Islamabad,Store,Dresses,Wrap Dress,1,4070,2430,30,COD,Yes,2849.0,419.0,2023,2023-12
704035,2024-11-27,C102039,Faisalabad,Store,Shoes,Boots,1,6270,4070,20,COD,No,5016.0,946.0,2024,2024-11
703527,2024-02-25,C102118,Lahore,Online,Jackets,Bomber Jacket,3,5160,2910,0,COD,No,15480.0,6750.0,2024,2024-02
704177,2023-12-07,C100179,Faisalabad,Store,Accessories,Tote Bag,1,1600,1020,15,COD,No,1360.0,340.0,2023,2023-12
703207,2024-09-14,C102155,Multan,Online,Shoes,Sneakers,3,4510,2560,0,Card,No,13530.0,5850.0,2024,2024-09
701163,2023-07-22,C101517,Sialkot,Store,Accessories,Tote Bag,1,1590,970,0,Bank Transfer,No,1590.0,620.0,2023,2023-07
700039,2024-12-22,C102059,Lahore,Store,Jackets,Hooded Jacket,2,5110,2790,15,Wallet,No,8687.0,3107.0,2024,2024-12
700450,2024-10-12,C100650,Karachi,Store,Jeans,Ripped Jeans,2,3810,1730,15,Card,No,6477.0,3017.0,2024,2024-10
704319,2023-07-05,C102142,Faisalabad,Online,Jackets,Puffer Jacket,1,6820,3320,15,COD,No,5797.0,2477.0,2023,2023-07
700551,2023-09-30,C101798,Islamabad,Store,Jeans,High-Waist Jeans,2,4190,2480,0,Card,No,8380.0,3420.0,2023,2023-09
703175,2025-01-04,C101237,Karachi,Store,Dresses,Bodycon Dress,1,4030,2200,10,Wallet,Yes,3627.0,1427.0,2025,2025-01
703550,2024-08-31,C101812,Faisalabad,Online,Dresses,Summer Floral Dress,2,3240,2010,0,Card,No,6480.0,2460.0,2024,2024-08
701937,2025-03-28,C102134,Islamabad,Online,T-Shirts,Graphic Print Tee,3,1480,800,0,COD,No,4440.0,2040.0,2025,2025-03
704336,2023-07-04,C101117,Faisalabad,Store,Dresses,Maxi Dress,1,4820,3090,0,COD,No,4820.0,1730.0,2023,2023-07
704830,2023-08-26,C100919,Islamabad,Online,Accessories,Baseball Cap,1,910,510,0,Card,No,910.0,400.0,2023,2023-08
704152,2023-11-07,C101447,Islamabad,Online,Accessories,Leather Belt,2,1260,650,10,Wallet,No,2268.0,968.0,2023,2023-11
704542,2025-06-08,C101685,Lahore,Store,Accessories,Tote Bag,2,1650,750,0,COD,No,3300.0,1800.0,2025,2025-06
704107,2024-07-18,C100078,Islamabad,Online,Accessories,Sunglasses,1,2310,1330,0,Wallet,No,2310.0,980.0,2024,2024-07
703169,2024-05-25,C101808,Karachi,Online,Dresses,Summer Floral Dress,2,3200,1810,20,COD,Yes,5120.0,1500.0,2024,2024-05
700180,2024-02-20,C101738,Islamabad,Online,Accessories,Baseball Cap,1,910,590,0,COD,No,910.0,320.0,2024,2024-02
702840,2024-01-18,C100740,Lahore,Online,Jeans,Ripped Jeans,1,3630,2030,0,COD,No,3630.0,1600.0,2024,2024-01
700973,2024-04-28,C100376,Unknown,Online,Accessories,Tote Bag,1,1610,900,20,COD,No,1288.0,388.0,2024,2024-04
701285,2025-04-28,C101038,Karachi,Online,Kurtas,Printed Kurta,3,2530,1290,20,COD,No,6072.0,2202.0,2025,2025-04
703489,2024-05-07,C101724,Karachi,Online,T-Shirts,Classic Cotton Tee,1,1160,750,0,COD,No,1160.0,410.0,2024,2024-05
704946,2024-08-19,C100327,Islamabad,Online,T-Shirts,Polo Shirt,1,2380,1380,0,Bank Transfer,No,2380.0,1000.0,2024,2024-08
700240,2025-05-03,C102069,Islamabad,Store,Jackets,Puffer Jacket,3,6470,3480,20,Card,No,15528.0,5088.0,2025,2025-05
703021,2024-06-30,C101727,Multan,Online,Jeans,Slim Fit Jeans,2,3420,1680,0,Card,No,6840.0,3480.0,2024,2024-06
704464,2023-12-10,C100679,Karachi,Store,Jeans,High-Waist Jeans,3,4320,2030,25,COD,No,9720.0,3630.0,2023,2023-12
702502,2024-12-14,C101553,Unknown,Online,Dresses,Summer Floral Dress,1,3410,1740,20,Card,No,2728.0,988.0,2024,2024-12
703087,2023-11-23,C101440,Lahore,Online,Jeans,Slim Fit Jeans,2,3640,2190,30,Wallet,No,5096.0,716.0,2023,2023-11
700422,2025-01-18,C100734,Lahore,Online,Jeans,Ripped Jeans,2,3680,2340,10,Bank Transfer,No,6624.0,1944.0,2025,2025-01
700764,2024-10-03,C100482,Islamabad,Online,Kurtas,Embroidered Kurta,3,3000,1370,0,Card,No,9000.0,4890.0,2024,2024-10
702610,2024-11-20,C100713,Peshawar,Online,Dresses,Wrap Dress,2,4190,2540,15,Card,No,7123.0,2043.0,2024,2024-11
703884,2023-09-30,C100749,Multan,Online,Kurtas,Printed Kurta,1,2570,1330,10,COD,No,2313.0,983.0,2023,2023-09
700123,2024-07-02,C100905,Rawalpindi,Online,Shoes,Sneakers,1,4440,2720,0,Card,No,4440.0,1720.0,2024,2024-07
702669,2024-12-03,C101019,Karachi,Store,Kurtas,Festive Kurta,2,4250,2350,15,Card,No,7225.0,2525.0,2024,2024-12
703323,2025-03-09,C100708,Karachi,Online,Jeans,Ripped Jeans,2,3960,2280,0,Card,No,7920.0,3360.0,2025,2025-03
701328,2025-01-21,C100573,Faisalabad,Online,Shoes,Sandals,1,2840,1340,0,COD,No,2840.0,1500.0,2025,2025-01
702608,2023-11-26,C100898,Lahore,Online,Jackets,Denim Jacket,1,5250,2720,0,COD,No,5250.0,2530.0,2023,2023-11
705169,2025-01-03,C101946,Lahore,Store,Accessories,Leather Belt,3,1260,670,0,COD,No,3780.0,1770.0,2025,2025-01
704901,2023-11-28,C100322,Karachi,Store,Jeans,High-Waist Jeans,1,4080,2620,0,COD,No,4080.0,1460.0,2023,2023-11
703497,2025-04-13,C100293,Lahore,Online,Accessories,Tote Bag,2,1530,730,10,COD,No,2754.0,1294.0,2025,2025-04
703746,2025-05-13,C100436,Lahore,Online,Shoes,Sandals,1,2770,1290,15,Card,No,2354.5,1064.5,2025,2025-05
700004,2023-11-23,C101399,Karachi,Store,Dresses,Wrap Dress,1,4010,2340,15,Card,No,3408.5,1068.5,2023,2023-11
700106,2023-07-06,C101979,Lahore,Store,Kurtas,Festive Kurta,1,4020,2580,15,COD,No,3417.0,837.0,2023,2023-07
700250,2024-11-30,C100772,Unknown,Online,Jeans,High-Waist Jeans,1,4160,2530,0,Card,No,4160.0,1630.0,2024,2024-11
701442,2024-09-04,C100659,Karachi,Online,Dresses,Wrap Dress,2,4310,2200,0,COD,No,8620.0,4220.0,2024,2024-09
701223,2024-09-14,C100544,Lahore,Online,T-Shirts,Polo Shirt,2,2340,1340,0,Card,No,4680.0,2000.0,2024,2024-09
700876,2025-05-08,C101528,Lahore,Online,T-Shirts,Polo Shirt,1,2230,1150,10,Card,No,2007.0,857.0,2025,2025-05
701188,2023-12-08,C100322,Karachi,Online,Jackets,Bomber Jacket,1,5580,3430,15,Wallet,No,4743.0,1313.0,2023,2023-12
702506,2024-06-23,C101179,Lahore,Store,Dresses,Summer Floral Dress,1,3290,1720,0,Bank Transfer,No,3290.0,1570.0,2024,2024-06
701406,2024-01-10,C101972,Faisalabad,Online,Jackets,Hooded Jacket,1,4670,2690,0,Wallet,No,4670.0,1980.0,2024,2024-01
703667,2025-06-06,C101931,Islamabad,Online,Dresses,Bodycon Dress,2,3920,1870,0,Card,No,7840.0,4100.0,2025,2025-06
704259,2024-02-07,C101002,Lahore,Online,Kurtas,Printed Kurta,2,2450,1350,0,COD,No,4900.0,2200.0,2024,2024-02
704933,2024-07-12,C101057,Lahore,Online,Kurtas,Embroidered Kurta,2,2710,1320,0,Card,No,5420.0,2780.0,2024,2024-07
704627,2024-09-19,C101062,Lahore,Online,Shoes,Sandals,2,2780,1790,15,COD,No,4726.0,1146.0,2024,2024-09
700254,2025-05-05,C101355,Lahore,Store,Dresses,Maxi Dress,1,4690,2230,0,COD,No,4690.0,2460.0,2025,2025-05
703083,2023-07-25,C101754,Karachi,Online,Dresses,Wrap Dress,1,4100,2380,0,COD,No,4100.0,1720.0,2023,2023-07
702345,2024-09-28,C100168,Karachi,Online,Shoes,Boots,3,6960,3160,10,COD,No,18792.0,9312.0,2024,2024-09
700358,2024-07-13,C102060,Sialkot,Store,Kurtas,Printed Kurta,1,2290,1240,10,COD,No,2061.0,821.0,2024,2024-07
705025,2023-10-27,C100624,Sialkot,Store,Dresses,Bodycon Dress,1,3670,1850,0,Card,No,3670.0,1820.0,2023,2023-10
704618,2025-01-31,C100951,Lahore,Online,Jeans,Slim Fit Jeans,1,3350,1770,10,COD,Yes,3015.0,1245.0,2025,2025-01
703004,2023-11-08,C100299,Rawalpindi,Store,Kurtas,Cotton Kurta,2,1960,1230,20,COD,No,3136.0,676.0,2023,2023-11
701569,2024-02-22,C101617,Islamabad,Online,Jeans,Ripped Jeans,2,3770,1940,0,Wallet,No,7540.0,3660.0,2024,2024-02
702037,2023-10-31,C100381,Peshawar,Online,Accessories,Tote Bag,2,1560,940,0,Card,No,3120.0,1240.0,2023,2023-10
703990,2024-02-28,C100809,Sialkot,Store,Shoes,Sneakers,3,4540,2500,0,COD,No,13620.0,6120.0,2024,2024-02
700281,2025-06-29,C101142,Multan,Online,Dresses,Wrap Dress,1,4020,1940,0,COD,No,4020.0,2080.0,2025,2025-06
704580,2024-05-01,C101634,Sialkot,Online,Kurtas,Festive Kurta,1,4170,2010,10,COD,No,3753.0,1743.0,2024,2024-05
703992,2024-12-29,C100553,Peshawar,Online,Shoes,Sneakers,2,4660,2910,0,Wallet,No,9320.0,3500.0,2024,2024-12
703753,2025-06-19,C100316,Karachi,Store,Dresses,Maxi Dress,2,4470,2530,0,Card,No,8940.0,3880.0,2025,2025-06
702113,2024-11-15,C101721,Lahore,Store,T-Shirts,Polo Shirt,1,2090,1240,0,Card,No,2090.0,850.0,2024,2024-11
700971,2024-03-24,C100475,Karachi,Online,Dresses,Bodycon Dress,3,3610,2030,10,Card,Yes,9747.0,3657.0,2024,2024-03
700347,2024-09-18,C100725,Lahore,Store,Kurtas,Printed Kurta,1,2350,1340,0,COD,No,2350.0,1010.0,2024,2024-09
702903,2023-12-27,C100373,Karachi,Online,Shoes,Sandals,1,2920,1840,0,Card,No,2920.0,1080.0,2023,2023-12
703781,2024-09-07,C102095,Karachi,Store,Kurtas,Festive Kurta,1,4230,2470,0,COD,No,4230.0,1760.0,2024,2024-09
701922,2023-10-13,C102084,Rawalpindi,Online,Dresses,Summer Floral Dress,1,3060,1580,0,Card,No,3060.0,1480.0,2023,2023-10
700740,2024-05-27,C100748,Faisalabad,Store,T-Shirts,Oversized Tee,2,1820,1110,0,Card,Yes,3640.0,1420.0,2024,2024-05
701763,2024-11-15,C101175,Faisalabad,Online,Jeans,High-Waist Jeans,2,4000,1880,0,Bank Transfer,No,8000.0,4240.0,2024,2024-11
700747,2024-08-20,C100822,Karachi,Store,Accessories,Sunglasses,1,2170,1380,0,Card,No,2170.0,790.0,2024,2024-08
702921,2024-01-30,C100863,Islamabad,Online,Jackets,Denim Jacket,2,5660,2940,0,Card,No,11320.0,5440.0,2024,2024-01
703279,2024-04-29,C100597,Islamabad,Online,Kurtas,Festive Kurta,1,4090,2600,0,COD,No,4090.0,1490.0,2024,2024-04
704219,2024-11-19,C101720,Lahore,Online,Shoes,Boots,2,6610,4270,10,Wallet,Yes,11898.0,3358.0,2024,2024-11
700914,2024-11-03,C101282,Karachi,Store,Jeans,Slim Fit Jeans,1,3720,1860,25,COD,No,2790.0,930.0,2024,2024-11
702777,2024-03-24,C101636,Karachi,Store,Shoes,Sneakers,1,4760,2570,0,COD,No,4760.0,2190.0,2024,2024-03
704389,2024-08-12,C101927,Rawalpindi,Online,T-Shirts,Oversized Tee,1,1870,980,0,COD,No,1870.0,890.0,2024,2024-08
701032,2025-06-29,C101435,Sialkot,Store,T-Shirts,Polo Shirt,1,2340,1120,10,Card,No,2106.0,986.0,2025,2025-06
701931,2023-10-19,C101624,Karachi,Online,Accessories,Baseball Cap,2,890,430,0,Bank Transfer,No,1780.0,920.0,2023,2023-10
702459,2024-04-26,C101496,Multan,Online,Accessories,Sunglasses,3,2130,1170,20,Wallet,No,5112.0,1602.0,2024,2024-04
703027,2024-04-21,C101940,Lahore,Online,Shoes,Boots,1,6700,3440,15,Unknown,No,5695.0,2255.0,2024,2024-04
702809,2025-06-02,C101044,Unknown,Store,Jeans,Slim Fit Jeans,3,3490,1630,0,Card,Yes,10470.0,5580.0,2025,2025-06
702211,2024-05-27,C100773,Multan,Store,Jeans,Straight Leg Jeans,1,3380,1590,0,Card,No,3380.0,1790.0,2024,2024-05
703149,2023-10-30,C102068,Lahore,Store,Dresses,Wrap Dress,1,4070,2590,15,Card,No,3459.5,869.5,2023,2023-10
701292,2024-05-21,C100648,Rawalpindi,Store,Kurtas,Embroidered Kurta,1,2850,1850,0,COD,Yes,2850.0,1000.0,2024,2024-05
703634,2024-01-11,C100660,Karachi,Store,Jackets,Bomber Jacket,1,5260,2510,0,COD,No,5260.0,2750.0,2024,2024-01
703534,2024-09-23,C100005,Sialkot,Store,Shoes,Boots,2,6990,3210,0,Bank Transfer,Yes,13980.0,7560.0,2024,2024-09
704496,2023-07-20,C100253,Lahore,Online,Jeans,Slim Fit Jeans,2,3350,1570,0,Card,No,6700.0,3560.0,2023,2023-07
701100,2024-02-21,C102078,Karachi,Online,Jackets,Puffer Jacket,1,6650,3280,0,Wallet,Yes,6650.0,3370.0,2024,2024-02
700724,2025-05-02,C101480,Karachi,Online,Accessories,Tote Bag,3,1630,970,0,Bank Transfer,No,4890.0,1980.0,2025,2025-05
703336,2024-10-08,C100863,Islamabad,Store,Shoes,Sandals,1,2880,1360,0,Card,No,2880.0,1520.0,2024,2024-10
700446,2024-09-05,C101846,Karachi,Online,Jeans,Ripped Jeans,2,3730,1690,10,COD,No,6714.0,3334.0,2024,2024-09
701415,2023-12-23,C101339,Karachi,Online,Jeans,Straight Leg Jeans,3,3170,1700,0,COD,No,9510.0,4410.0,2023,2023-12
703291,2023-12-25,C100906,Karachi,Store,Kurtas,Cotton Kurta,3,1980,1000,20,COD,No,4752.0,1752.0,2023,2023-12
705155,2023-07-10,C100813,Islamabad,Online,T-Shirts,Graphic Print Tee,1,1480,930,0,COD,No,1480.0,550.0,2023,2023-07
703949,2024-10-10,C100569,Islamabad,Online,Kurtas,Festive Kurta,1,4050,2410,0,Bank Transfer,No,4050.0,1640.0,2024,2024-10
702631,2024-06-23,C101833,Lahore,Online,Jeans,Slim Fit Jeans,1,3480,2240,0,Bank Transfer,No,3480.0,1240.0,2024,2024-06
701827,2024-04-10,C101019,Karachi,Store,Jeans,High-Waist Jeans,2,4140,2260,0,Wallet,No,8280.0,3760.0,2024,2024-04
703741,2025-04-24,C101798,Islamabad,Online,Dresses,Bodycon Dress,2,4080,2130,10,Card,Yes,7344.0,3084.0,2025,2025-04
704979,2025-05-13,C101290,Karachi,Store,T-Shirts,Graphic Print Tee,1,1620,870,0,COD,No,1620.0,750.0,2025,2025-05
702414,2025-03-14,C100067,Karachi,Online,Jeans,Straight Leg Jeans,3,3130,1670,0,COD,No,9390.0,4380.0,2025,2025-03
704209,2025-05-20,C100469,Islamabad,Online,T-Shirts,Classic Cotton Tee,3,1280,790,0,COD,No,3840.0,1470.0,2025,2025-05
700435,2025-06-25,C100745,Karachi,Store,Shoes,Sandals,1,2830,1420,0,COD,No,2830.0,1410.0,2025,2025-06
702815,2023-09-30,C101147,Faisalabad,Online,Dresses,Summer Floral Dress,1,3290,1750,15,Wallet,No,2796.5,1046.5,2023,2023-09
704915,2025-02-16,C101968,Karachi,Online,Dresses,Summer Floral Dress,2,3380,1850,0,Card,Yes,6760.0,3060.0,2025,2025-02
700280,2024-11-07,C101364,Karachi,Online,Accessories,Tote Bag,2,1670,960,20,COD,No,2672.0,752.0,2024,2024-11
701017,2025-05-09,C102008,Lahore,Store,Shoes,Sandals,1,2950,1730,10,COD,No,2655.0,925.0,2025,2025-05
701448,2023-08-18,C100905,Rawalpindi,Online,Accessories,Leather Belt,1,1150,660,15,Wallet,No,977.5,317.5,2023,2023-08
703575,2023-07-31,C101789,Lahore,Online,Dresses,Summer Floral Dress,2,3280,1740,0,Wallet,No,6560.0,3080.0,2023,2023-07
703104,2024-06-23,C100970,Lahore,Online,Shoes,Sandals,1,3020,1740,0,Card,No,3020.0,1280.0,2024,2024-06
704380,2024-05-20,C101352,Karachi,Online,Dresses,Summer Floral Dress,1,3400,1560,0,Card,No,3400.0,1840.0,2024,2024-05
705063,2025-03-03,C100229,Lahore,Store,Shoes,Sandals,1,2780,1600,0,Wallet,No,2780.0,1180.0,2025,2025-03
702797,2024-08-31,C101581,Karachi,Store,Shoes,Loafers,2,5030,2830,0,COD,No,10060.0,4400.0,2024,2024-08
703642,2024-05-26,C102119,Lahore,Online,Dresses,Wrap Dress,1,4040,2090,10,COD,No,3636.0,1546.0,2024,2024-05
701424,2023-07-20,C101509,Faisalabad,Store,Jeans,Straight Leg Jeans,1,3320,1810,10,Card,No,2988.0,1178.0,2023,2023-07
704167,2023-12-18,C101009,Karachi,Online,Accessories,Leather Belt,3,1230,730,25,Bank Transfer,No,2767.5,577.5,2023,2023-12
703041,2023-09-04,C100232,Unknown,Online,Accessories,Sunglasses,3,2350,1310,0,Wallet,No,7050.0,3120.0,2023,2023-09
702734,2025-04-08,C100347,Lahore,Online,Shoes,Sneakers,1,4430,2130,10,Bank Transfer,No,3987.0,1857.0,2025,2025-04
700370,2024-10-03,C100397,Karachi,Store,Accessories,Baseball Cap,1,880,440,15,Bank Transfer,No,748.0,308.0,2024,2024-10
701132,2023-12-24,C100270,Lahore,Online,T-Shirts,Graphic Print Tee,3,1550,900,15,Card,No,3952.5,1252.5,2023,2023-12
704965,2023-09-17,C100406,Karachi,Store,Dresses,Bodycon Dress,1,3850,2460,0,COD,No,3850.0,1390.0,2023,2023-09
700232,2023-11-18,C100380,Islamabad,Store,Accessories,Tote Bag,1,1650,780,20,Card,No,1320.0,540.0,2023,2023-11
701754,2024-03-25,C101751,Lahore,Store,Dresses,Summer Floral Dress,3,3210,1490,0,Wallet,No,9630.0,5160.0,2024,2024-03
703579,2023-08-08,C100858,Karachi,Online,Jeans,Ripped Jeans,3,3770,2250,0,COD,No,11310.0,4560.0,2023,2023-08
704421,2024-08-04,C100652,Rawalpindi,Store,T-Shirts,Oversized Tee,1,1730,1040,0,Wallet,Yes,1730.0,690.0,2024,2024-08
702453,2025-01-15,C101464,Rawalpindi,Online,Accessories,Tote Bag,1,1630,890,15,Unknown,No,1385.5,495.5,2025,2025-01
702161,2024-12-31,C100990,Unknown,Online,Accessories,Tote Bag,3,1570,870,30,Card,No,3297.0,687.0,2024,2024-12
703972,2025-02-03,C101348,Karachi,Online,Jackets,Bomber Jacket,2,5050,2570,0,Bank Transfer,No,10100.0,4960.0,2025,2025-02
701346,2024-03-17,C101426,Lahore,Store,Accessories,Sunglasses,2,2100,990,0,COD,No,4200.0,2220.0,2024,2024-03
700087,2025-06-28,C102095,Karachi,Store,T-Shirts,Oversized Tee,2,1870,1050,10,Card,No,3366.0,1266.0,2025,2025-06
704375,2024-07-30,C101172,Lahore,Store,Shoes,Boots,2,6940,4450,0,COD,No,13880.0,4980.0,2024,2024-07
701375,2024-11-16,C102157,Karachi,Store,Jeans,Straight Leg Jeans,1,3130,1930,10,Card,No,2817.0,887.0,2024,2024-11
702933,2025-03-09,C100158,Rawalpindi,Online,Dresses,Maxi Dress,1,4560,2110,0,Wallet,No,4560.0,2450.0,2025,2025-03
701477,2025-02-08,C100562,Multan,Online,Kurtas,Cotton Kurta,1,1870,1180,0,COD,No,1870.0,690.0,2025,2025-02
702759,2023-07-05,C100388,Lahore,Online,Dresses,Bodycon Dress,2,3890,2010,0,Card,No,7780.0,3760.0,2023,2023-07
701522,2024-06-27,C102112,Lahore,Online,Kurtas,Printed Kurta,2,2570,1580,0,Card,No,5140.0,1980.0,2024,2024-06
703012,2024-11-28,C100394,Lahore,Online,Accessories,Sunglasses,1,2290,1430,10,Bank Transfer,No,2061.0,631.0,2024,2024-11
703173,2024-07-11,C100811,Lahore,Store,Kurtas,Cotton Kurta,3,2020,1110,0,Card,No,6060.0,2730.0,2024,2024-07
703333,2024-10-29,C101454,Karachi,Store,Jeans,Ripped Jeans,2,3720,1970,0,Card,No,7440.0,3500.0,2024,2024-10
703470,2023-07-19,C101223,Rawalpindi,Online,Accessories,Tote Bag,3,1520,930,0,COD,No,4560.0,1770.0,2023,2023-07
704604,2025-05-29,C101295,Karachi,Online,T-Shirts,Graphic Print Tee,2,1500,760,10,Wallet,No,2700.0,1180.0,2025,2025-05
703840,2024-09-24,C100184,Faisalabad,Store,Jeans,Ripped Jeans,2,3640,2330,0,Card,No,7280.0,2620.0,2024,2024-09
703770,2024-07-14,C100085,Lahore,Store,Accessories,Baseball Cap,2,870,500,0,COD,No,1740.0,740.0,2024,2024-07
700956,2024-03-15,C100722,Lahore,Online,Accessories,Baseball Cap,1,970,450,0,COD,Yes,970.0,520.0,2024,2024-03
703116,2024-10-22,C101087,Faisalabad,Store,Shoes,Sneakers,1,4470,2450,15,Card,No,3799.5,1349.5,2024,2024-10
701612,2023-10-21,C102127,Karachi,Online,Kurtas,Embroidered Kurta,1,2990,1770,0,COD,No,2990.0,1220.0,2023,2023-10
700220,2023-12-06,C100088,Lahore,Online,Kurtas,Embroidered Kurta,1,2980,1750,0,COD,No,2980.0,1230.0,2023,2023-12
701093,2025-01-02,C101038,Karachi,Store,Kurtas,Printed Kurta,1,2560,1220,0,Card,No,2560.0,1340.0,2025,2025-01
703838,2023-07-11,C101588,Karachi,Online,Dresses,Maxi Dress,2,4840,2680,15,Card,Yes,8228.0,2868.0,2023,2023-07
702293,2023-09-10,C101318,Faisalabad,Online,T-Shirts,Classic Cotton Tee,1,1170,700,10,COD,No,1053.0,353.0,2023,2023-09
703524,2024-07-26,C100845,Peshawar,Online,Dresses,Summer Floral Dress,3,3370,1820,0,Unknown,No,10110.0,4650.0,2024,2024-07
704984,2023-10-12,C101122,Multan,Store,Dresses,Maxi Dress,1,4480,2510,0,Wallet,No,4480.0,1970.0,2023,2023-10
701209,2023-12-30,C100423,Lahore,Online,Dresses,Summer Floral Dress,2,3340,1890,0,Card,No,6680.0,2900.0,2023,2023-12
700532,2023-08-07,C101653,Lahore,Store,Kurtas,Printed Kurta,2,2540,1280,0,COD,No,5080.0,2520.0,2023,2023-08
700862,2024-11-02,C101119,Peshawar,Online,Jackets,Puffer Jacket,1,7070,4520,10,Card,No,6363.0,1843.0,2024,2024-11
700216,2023-07-18,C100827,Lahore,Online,Shoes,Boots,1,6930,4280,0,COD,No,6930.0,2650.0,2023,2023-07
703700,2023-08-09,C100354,Karachi,Store,Accessories,Sunglasses,3,2340,1390,0,COD,No,7020.0,2850.0,2023,2023-08
704002,2024-09-14,C100757,Peshawar,Store,Jeans,Straight Leg Jeans,1,3040,1810,0,Card,No,3040.0,1230.0,2024,2024-09
703737,2024-09-17,C101890,Lahore,Online,Jackets,Puffer Jacket,2,7170,4570,15,COD,No,12189.0,3049.0,2024,2024-09
704373,2024-12-02,C101019,Karachi,Store,Dresses,Maxi Dress,3,4440,2290,0,COD,No,13320.0,6450.0,2024,2024-12
700828,2024-05-25,C101555,Faisalabad,Store,Shoes,Sneakers,2,4600,2920,0,COD,No,9200.0,3360.0,2024,2024-05
702465,2025-04-27,C100746,Karachi,Online,Shoes,Loafers,1,5430,3410,0,COD,Yes,5430.0,2020.0,2025,2025-04
700247,2024-05-09,C100206,Unknown,Store,Kurtas,Festive Kurta,2,4220,2310,15,Wallet,No,7174.0,2554.0,2024,2024-05
705174,2024-04-21,C100195,Lahore,Online,Accessories,Baseball Cap,3,890,520,15,Wallet,No,2269.5,709.5,2024,2024-04
704355,2024-12-11,C100428,Lahore,Online,Accessories,Baseball Cap,2,960,580,10,Bank Transfer,No,1728.0,568.0,2024,2024-12
702024,2024-11-15,C101574,Lahore,Store,Jackets,Denim Jacket,1,5740,2750,15,Card,No,4879.0,2129.0,2024,2024-11
702938,2023-12-13,C100838,Karachi,Store,Jackets,Hooded Jacket,2,4860,2600,0,COD,No,9720.0,4520.0,2023,2023-12
701592,2023-08-20,C101046,Lahore,Online,Dresses,Wrap Dress,3,3980,1960,0,Card,No,11940.0,6060.0,2023,2023-08
704491,2024-06-22,C100275,Karachi,Online,T-Shirts,Oversized Tee,2,1840,1150,0,Card,No,3680.0,1380.0,2024,2024-06
701181,2023-08-11,C100299,Rawalpindi,Store,Dresses,Summer Floral Dress,3,3440,1790,0,Wallet,No,10320.0,4950.0,2023,2023-08
705076,2024-08-04,C100843,Karachi,Store,Kurtas,Printed Kurta,1,2420,1530,0,Card,No,2420.0,890.0,2024,2024-08
702048,2023-11-08,C101969,Islamabad,Online,Kurtas,Printed Kurta,2,2480,1400,15,COD,No,4216.0,1416.0,2023,2023-11
702140,2023-11-21,C100779,Multan,Store,Shoes,Sneakers,2,4510,2690,20,Bank Transfer,No,7216.0,1836.0,2023,2023-11
700729,2023-10-06,C100412,Lahore,Online,Shoes,Loafers,1,5190,2790,10,Wallet,No,4671.0,1881.0,2023,2023-10
703368,2025-06-19,C100532,Karachi,Online,T-Shirts,Classic Cotton Tee,1,1180,750,15,Card,No,1003.0,253.0,2025,2025-06
704155,2024-04-29,C100284,Islamabad,Online,Jeans,Straight Leg Jeans,1,3200,1450,20,Unknown,No,2560.0,1110.0,2024,2024-04
704021,2024-12-31,C101776,Rawalpindi,Store,T-Shirts,Polo Shirt,3,2250,1390,10,COD,No,6075.0,1905.0,2024,2024-12
701543,2023-12-22,C100714,Faisalabad,Store,T-Shirts,Oversized Tee,1,1890,1050,15,Card,No,1606.5,556.5,2023,2023-12
703400,2023-12-13,C100190,Peshawar,Online,Shoes,Loafers,1,5380,2520,0,Bank Transfer,No,5380.0,2860.0,2023,2023-12
702251,2024-08-23,C100356,Faisalabad,Online,Accessories,Sunglasses,1,2290,1280,0,COD,No,2290.0,1010.0,2024,2024-08
703801,2024-10-01,C100226,Lahore,Online,Jackets,Hooded Jacket,2,4880,3060,0,COD,No,9760.0,3640.0,2024,2024-10
703493,2024-06-30,C101217,Islamabad,Online,Jeans,Slim Fit Jeans,3,3530,2190,15,Card,No,9001.5,2431.5,2024,2024-06
703622,2024-12-24,C100977,Karachi,Online,Kurtas,Cotton Kurta,2,1970,1250,0,COD,No,3940.0,1440.0,2024,2024-12
702419,2024-02-10,C101978,Faisalabad,Store,Dresses,Maxi Dress,1,4450,2400,15,COD,No,3782.5,1382.5,2024,2024-02
702006,2023-11-04,C100300,Faisalabad,Store,Jackets,Denim Jacket,3,5880,3670,15,COD,No,14994.0,3984.0,2023,2023-11
703276,2024-09-05,C101127,Rawalpindi,Store,T-Shirts,Oversized Tee,1,1830,940,10,COD,No,1647.0,707.0,2024,2024-09
701034,2025-03-27,C101891,Faisalabad,Online,Accessories,Tote Bag,2,1670,930,0,Card,No,3340.0,1480.0,2025,2025-03
703938,2025-02-20,C100863,Islamabad,Store,Kurtas,Printed Kurta,1,2310,1330,0,COD,No,2310.0,980.0,2025,2025-02
702661,2025-03-09,C101668,Lahore,Online,Jeans,High-Waist Jeans,3,4390,2510,0,COD,No,13170.0,5640.0,2025,2025-03
703474,2024-08-17,C101869,Multan,Online,Kurtas,Cotton Kurta,1,1920,1240,0,Card,No,1920.0,680.0,2024,2024-08
704159,2025-01-12,C101284,Peshawar,Store,Dresses,Bodycon Dress,1,4100,2210,10,Card,No,3690.0,1480.0,2025,2025-01
701890,2025-04-12,C102115,Peshawar,Store,Jeans,High-Waist Jeans,3,4350,2670,15,Wallet,No,11092.5,3082.5,2025,2025-04
701450,2024-01-11,C100611,Rawalpindi,Online,Shoes,Loafers,1,5410,2470,0,Card,Yes,5410.0,2940.0,2024,2024-01
700080,2025-04-25,C100323,Islamabad,Store,T-Shirts,Oversized Tee,3,1780,930,10,COD,No,4806.0,2016.0,2025,2025-04
701462,2024-03-09,C101833,Lahore,Online,Kurtas,Cotton Kurta,2,1900,1010,0,COD,Yes,3800.0,1780.0,2024,2024-03
703814,2024-06-13,C100218,Peshawar,Online,Jeans,Slim Fit Jeans,2,3380,1770,0,COD,No,6760.0,3220.0,2024,2024-06
702642,2025-06-24,C101940,Lahore,Online,Accessories,Sunglasses,1,2320,1100,0,COD,No,2320.0,1220.0,2025,2025-06
702701,2025-04-14,C101714,Karachi,Store,Kurtas,Cotton Kurta,2,2020,1150,0,Bank Transfer,No,4040.0,1740.0,2025,2025-04
703836,2025-05-02,C100556,Karachi,Store,Jeans,Straight Leg Jeans,3,3350,1600,0,COD,No,10050.0,5250.0,2025,2025-05
702902,2025-05-02,C100332,Rawalpindi,Online,T-Shirts,Classic Cotton Tee,1,1220,610,15,COD,No,1037.0,427.0,2025,2025-05
701257,2025-01-25,C100386,Rawalpindi,Online,T-Shirts,Classic Cotton Tee,1,1180,740,10,Card,No,1062.0,322.0,2025,2025-01
702459,2024-04-26,C101496,Multan,Online,T-Shirts,Polo Shirt,3,2330,1410,10,Wallet,No,6291.0,2061.0,2024,2024-04
704976,2023-09-23,C100875,Peshawar,Store,T-Shirts,Graphic Print Tee,1,1590,1030,0,COD,No,1590.0,560.0,2023,2023-09
703300,2023-12-21,C101805,Rawalpindi,Online,Accessories,Tote Bag,1,1630,740,20,COD,No,1304.0,564.0,2023,2023-12
702979,2023-12-02,C101769,Multan,Online,Jeans,Slim Fit Jeans,1,3650,1990,25,COD,Yes,2737.5,747.5,2023,2023-12
702319,2023-11-29,C102066,Islamabad,Online,Accessories,Tote Bag,2,1630,770,25,Card,No,2445.0,905.0,2023,2023-11
703871,2023-08-06,C101488,Peshawar,Online,Accessories,Sunglasses,1,2170,1040,0,Card,Yes,2170.0,1130.0,2023,2023-08
705030,2025-03-07,C101474,Islamabad,Store,Accessories,Sunglasses,2,2290,1420,10,Unknown,No,4122.0,1282.0,2025,2025-03
703674,2024-06-12,C100273,Islamabad,Online,Accessories,Tote Bag,2,1680,830,10,COD,No,3024.0,1364.0,2024,2024-06
703598,2025-01-08,C102048,Lahore,Store,Jeans,Slim Fit Jeans,2,3490,1590,0,Card,No,6980.0,3800.0,2025,2025-01
700822,2025-02-03,C100557,Karachi,Online,T-Shirts,Polo Shirt,2,2170,1330,10,COD,No,3906.0,1246.0,2025,2025-02
703609,2024-07-24,C101421,Karachi,Store,Dresses,Bodycon Dress,2,3960,2020,15,Card,No,6732.0,2692.0,2024,2024-07
701109,2024-09-19,C100329,Karachi,Online,Jeans,High-Waist Jeans,1,4130,2520,0,Card,No,4130.0,1610.0,2024,2024-09
703001,2023-07-17,C100676,Peshawar,Online,Jeans,Ripped Jeans,1,3850,2240,10,Wallet,No,3465.0,1225.0,2023,2023-07
700598,2024-06-25,C100847,Rawalpindi,Online,Dresses,Wrap Dress,3,4270,1950,0,COD,Yes,12810.0,6960.0,2024,2024-06
700489,2024-02-09,C102082,Rawalpindi,Online,T-Shirts,Classic Cotton Tee,1,1270,610,0,COD,No,1270.0,660.0,2024,2024-02
700969,2024-11-11,C100021,Karachi,Store,Jeans,Ripped Jeans,3,3780,2430,20,COD,No,9072.0,1782.0,2024,2024-11
702472,2023-09-25,C100844,Lahore,Online,T-Shirts,Classic Cotton Tee,1,1270,810,0,Card,No,1270.0,460.0,2023,2023-09
702111,2024-03-12,C101547,Faisalabad,Online,Kurtas,Printed Kurta,2,2550,1420,15,Bank Transfer,No,4335.0,1495.0,2024,2024-03
703120,2025-02-14,C102193,Lahore,Store,Dresses,Bodycon Dress,1,4070,2280,0,Card,Yes,4070.0,1790.0,2025,2025-02
703766,2025-05-28,C100743,Lahore,Online,Accessories,Baseball Cap,3,940,580,10,COD,No,2538.0,798.0,2025,2025-05
704618,2025-01-31,C100951,Lahore,Online,Jackets,Hooded Jacket,2,5150,2860,15,COD,No,8755.0,3035.0,2025,2025-01
702701,2025-04-14,C101714,Karachi,Store,Jeans,Straight Leg Jeans,1,3070,1970,10,Bank Transfer,No,2763.0,793.0,2025,2025-04
702696,2024-11-26,C101501,Sialkot,Online,Kurtas,Cotton Kurta,1,1850,1060,15,Card,No,1572.5,512.5,2024,2024-11
701446,2024-05-15,C100954,Sialkot,Store,Kurtas,Cotton Kurta,1,1980,1170,15,Card,No,1683.0,513.0,2024,2024-05
701753,2024-12-07,C100160,Lahore,Online,Kurtas,Cotton Kurta,1,1990,1050,0,COD,No,1990.0,940.0,2024,2024-12
700180,2024-02-20,C101738,Islamabad,Online,Shoes,Loafers,1,5420,2950,10,COD,No,4878.0,1928.0,2024,2024-02
703239,2023-08-29,C100195,Lahore,Online,T-Shirts,Oversized Tee,2,1720,950,0,COD,Yes,3440.0,1540.0,2023,2023-08
701604,2023-07-18,C101100,Lahore,Online,Shoes,Sandals,3,2670,1640,0,COD,No,8010.0,3090.0,2023,2023-07
700196,2023-09-19,C100056,Karachi,Online,Jeans,High-Waist Jeans,1,4330,2430,0,Bank Transfer,No,4330.0,1900.0,2023,2023-09
700862,2024-11-02,C101119,Peshawar,Online,Jackets,Bomber Jacket,1,5490,2780,20,Card,No,4392.0,1612.0,2024,2024-11
703005,2023-08-11,C100237,Faisalabad,Online,T-Shirts,Graphic Print Tee,1,1500,820,0,Card,No,1500.0,680.0,2023,2023-08
700392,2024-03-19,C100749,Multan,Online,Dresses,Bodycon Dress,2,3790,2350,0,Card,No,7580.0,2880.0,2024,2024-03
704309,2025-03-08,C101127,Rawalpindi,Store,Dresses,Wrap Dress,1,4240,2380,0,COD,No,4240.0,1860.0,2025,2025-03
704795,2025-03-24,C101481,Lahore,Online,Jeans,High-Waist Jeans,1,4460,2530,0,Wallet,No,4460.0,1930.0,2025,2025-03
701599,2025-02-28,C100467,Sialkot,Online,T-Shirts,Oversized Tee,1,1780,850,0,Card,No,1780.0,930.0,2025,2025-02
704818,2025-06-07,C100958,Karachi,Online,T-Shirts,Oversized Tee,2,1840,910,15,Card,No,3128.0,1308.0,2025,2025-06
703476,2024-01-09,C100042,Rawalpindi,Store,Jackets,Denim Jacket,1,5910,3490,0,COD,No,5910.0,2420.0,2024,2024-01
700320,2024-06-23,C100512,Lahore,Online,Dresses,Maxi Dress,1,4310,2060,0,COD,No,4310.0,2250.0,2024,2024-06
703802,2024-07-04,C101558,Rawalpindi,Online,Dresses,Maxi Dress,3,4780,2470,0,Card,No,14340.0,6930.0,2024,2024-07
700976,2025-06-21,C101729,Karachi,Online,Shoes,Boots,1,6850,3490,0,Wallet,Yes,6850.0,3360.0,2025,2025-06
700203,2024-02-20,C101810,Unknown,Store,Kurtas,Cotton Kurta,1,1980,910,0,Card,No,1980.0,1070.0,2024,2024-02
704534,2025-01-06,C100241,Faisalabad,Online,Jackets,Puffer Jacket,2,6900,3650,0,COD,No,13800.0,6500.0,2025,2025-01
700773,2023-07-13,C101646,Karachi,Online,Shoes,Sneakers,1,4830,2400,0,COD,No,4830.0,2430.0,2023,2023-07
701753,2024-12-07,C100160,Lahore,Online,Jackets,Hooded Jacket,1,4850,2380,15,COD,No,4122.5,1742.5,2024,2024-12
703512,2023-11-10,C100639,Multan,Store,Shoes,Sandals,1,2700,1530,0,Card,No,2700.0,1170.0,2023,2023-11
704256,2023-09-09,C100650,Karachi,Online,Dresses,Summer Floral Dress,2,3280,1620,0,COD,No,6560.0,3320.0,2023,2023-09
701830,2023-08-05,C101842,Lahore,Online,Jeans,High-Waist Jeans,2,4010,2240,10,COD,No,7218.0,2738.0,2023,2023-08
701485,2024-02-25,C100816,Peshawar,Store,Kurtas,Festive Kurta,1,4240,2550,0,Card,No,4240.0,1690.0,2024,2024-02
700687,2025-03-10,C102106,Rawalpindi,Store,Accessories,Baseball Cap,1,970,570,0,Wallet,No,970.0,400.0,2025,2025-03
701572,2024-09-07,C101422,Karachi,Store,Shoes,Boots,1,6640,3370,0,Wallet,No,6640.0,3270.0,2024,2024-09
702328,2025-03-16,C100940,Karachi,Online,Accessories,Leather Belt,1,1150,690,10,Card,No,1035.0,345.0,2025,2025-03
702843,2023-08-06,C101216,Karachi,Store,T-Shirts,Graphic Print Tee,3,1560,800,0,Card,No,4680.0,2280.0,2023,2023-08
701304,2024-10-02,C100224,Karachi,Online,T-Shirts,Classic Cotton Tee,2,1250,580,0,Card,No,2500.0,1340.0,2024,2024-10
703921,2024-03-14,C101690,Faisalabad,Online,Dresses,Maxi Dress,2,4420,2270,0,COD,No,8840.0,4300.0,2024,2024-03
700580,2025-01-11,C101357,Karachi,Online,Jackets,Bomber Jacket,1,5410,2770,0,Card,No,5410.0,2640.0,2025,2025-01
703206,2024-02-18,C100560,Lahore,Store,Dresses,Wrap Dress,3,3950,2350,0,Wallet,Yes,11850.0,4800.0,2024,2024-02
704236,2023-07-16,C101238,Lahore,Online,Dresses,Summer Floral Dress,1,3300,2050,0,Card,No,3300.0,1250.0,2023,2023-07
703588,2023-12-17,C100284,Islamabad,Store,Jeans,Ripped Jeans,2,3810,2110,0,COD,No,7620.0,3400.0,2023,2023-12
703601,2024-08-09,C101782,Karachi,Store,Dresses,Maxi Dress,2,4670,2240,0,COD,No,9340.0,4860.0,2024,2024-08
700884,2025-02-11,C101698,Sialkot,Online,Jeans,Ripped Jeans,3,3670,2170,0,Card,No,11010.0,4500.0,2025,2025-02
704150,2025-01-13,C100629,Faisalabad,Online,Jackets,Puffer Jacket,1,7000,4500,0,Card,No,7000.0,2500.0,2025,2025-01
701239,2024-08-31,C100061,Karachi,Store,Accessories,Tote Bag,2,1670,780,0,COD,No,3340.0,1780.0,2024,2024-08
700817,2024-10-26,C102048,Lahore,Online,Jeans,Straight Leg Jeans,1,3260,1870,0,Wallet,No,3260.0,1390.0,2024,2024-10
702139,2025-04-17,C101117,Faisalabad,Online,Shoes,Sandals,3,2940,1740,10,Card,No,7938.0,2718.0,2025,2025-04
703855,2024-03-22,C100455,Lahore,Online,Accessories,Baseball Cap,2,890,540,0,Wallet,No,1780.0,700.0,2024,2024-03
702501,2025-05-18,C100511,Multan,Store,Kurtas,Cotton Kurta,1,1880,1020,10,COD,No,1692.0,672.0,2025,2025-05
703705,2024-07-20,C101426,Unknown,Online,T-Shirts,Oversized Tee,1,1850,950,0,Card,No,1850.0,900.0,2024,2024-07
702242,2023-10-08,C100691,Peshawar,Online,T-Shirts,Oversized Tee,3,1870,880,0,Card,No,5610.0,2970.0,2023,2023-10
703187,2024-04-28,C102158,Karachi,Online,Shoes,Boots,2,6370,3690,10,COD,Yes,11466.0,4086.0,2024,2024-04
703302,2024-08-06,C101940,Lahore,Store,Kurtas,Printed Kurta,3,2430,1170,0,Card,No,7290.0,3780.0,2024,2024-08
702900,2025-02-05,C100949,Karachi,Online,Kurtas,Cotton Kurta,1,1850,1120,0,Card,No,1850.0,730.0,2025,2025-02
701019,2025-04-24,C102170,Karachi,Store,Jeans,Straight Leg Jeans,2,3420,1660,0,Card,No,6840.0,3520.0,2025,2025-04
700090,2024-02-02,C102150,Rawalpindi,Store,Shoes,Boots,3,6770,4310,0,COD,No,20310.0,7380.0,2024,2024-02
704715,2024-01-10,C100521,Karachi,Online,Jeans,Ripped Jeans,1,3770,2030,0,Card,No,3770.0,1740.0,2024,2024-01
702732,2025-01-16,C101325,Multan,Store,Shoes,Boots,1,6800,3420,0,Card,No,6800.0,3380.0,2025,2025-01
701045,2023-09-24,C101913,Islamabad,Online,Jeans,Straight Leg Jeans,3,3460,1720,0,Card,No,10380.0,5220.0,2023,2023-09
703292,2024-07-15,C100937,Lahore,Online,Shoes,Loafers,1,5170,2810,0,Card,No,5170.0,2360.0,2024,2024-07
701684,2023-10-01,C100196,Islamabad,Online,Shoes,Sandals,1,3000,1740,0,Bank Transfer,No,3000.0,1260.0,2023,2023-10
701148,2024-05-11,C101048,Multan,Online,Dresses,Wrap Dress,1,3880,2320,15,COD,No,3298.0,978.0,2024,2024-05
703374,2024-06-20,C101617,Islamabad,Store,Accessories,Tote Bag,1,1680,990,10,COD,No,1512.0,522.0,2024,2024-06
704588,2025-06-27,C100957,Islamabad,Online,Jeans,Straight Leg Jeans,1,3040,1920,0,Card,No,3040.0,1120.0,2025,2025-06
700977,2023-10-10,C101444,Lahore,Online,T-Shirts,Oversized Tee,2,1880,870,0,COD,No,3760.0,2020.0,2023,2023-10
704914,2023-10-29,C100894,Faisalabad,Online,Accessories,Leather Belt,1,1150,740,15,Wallet,No,977.5,237.5,2023,2023-10
701698,2025-06-01,C101241,Karachi,Online,Dresses,Maxi Dress,2,4830,2320,0,Card,No,9660.0,5020.0,2025,2025-06
705175,2025-06-05,C100181,Peshawar,Online,Dresses,Wrap Dress,2,3870,2270,0,Card,No,7740.0,3200.0,2025,2025-06
702603,2025-05-07,C101868,Islamabad,Online,Accessories,Sunglasses,1,2160,1200,15,Wallet,No,1836.0,636.0,2025,2025-05
701005,2023-11-07,C101212,Islamabad,Store,Accessories,Tote Bag,2,1700,860,10,Card,No,3060.0,1340.0,2023,2023-11
704725,2023-10-03,C100746,Karachi,Store,Jackets,Bomber Jacket,1,5160,3270,0,Card,No,5160.0,1890.0,2023,2023-10
703289,2023-10-09,C100040,Karachi,Online,Jeans,Slim Fit Jeans,1,3610,1990,0,Card,No,3610.0,1620.0,2023,2023-10
703882,2023-08-20,C100100,Peshawar,Store,Kurtas,Printed Kurta,1,2490,1490,0,Card,No,2490.0,1000.0,2023,2023-08
704427,2023-10-17,C101941,Unknown,Store,Shoes,Boots,2,6650,3510,0,Bank Transfer,Yes,13300.0,6280.0,2023,2023-10
702634,2023-11-22,C100138,Faisalabad,Online,T-Shirts,Oversized Tee,1,1770,1110,0,COD,No,1770.0,660.0,2023,2023-11
701594,2025-04-27,C101369,Karachi,Online,T-Shirts,Classic Cotton Tee,1,1170,750,10,Card,No,1053.0,303.0,2025,2025-04
700332,2024-12-29,C101615,Lahore,Online,T-Shirts,Classic Cotton Tee,1,1270,610,0,COD,No,1270.0,660.0,2024,2024-12
704586,2025-04-24,C100340,Lahore,Online,Accessories,Sunglasses,1,2330,1380,15,COD,No,1980.5,600.5,2025,2025-04
704853,2024-10-29,C101817,Karachi,Store,Dresses,Wrap Dress,3,3870,2190,0,Card,No,11610.0,5040.0,2024,2024-10
704686,2024-04-04,C100097,Lahore,Store,Shoes,Loafers,2,5420,2580,10,COD,No,9756.0,4596.0,2024,2024-04
705179,2024-07-15,C101316,Islamabad,Online,Kurtas,Printed Kurta,2,2490,1300,0,Card,No,4980.0,2380.0,2024,2024-07
704812,2024-01-29,C100748,Faisalabad,Store,Accessories,Leather Belt,1,1220,730,0,Card,No,1220.0,490.0,2024,2024-01
704398,2024-01-13,C101239,Lahore,Store,Shoes,Sandals,1,2850,1460,0,Card,No,2850.0,1390.0,2024,2024-01
703101,2025-06-22,C101445,Islamabad,Online,Shoes,Loafers,1,5080,2850,0,Bank Transfer,No,5080.0,2230.0,2025,2025-06
701766,2025-03-31,C100101,Rawalpindi,Online,Shoes,Boots,1,6660,4240,15,Card,Yes,5661.0,1421.0,2025,2025-03
702266,2024-06-05,C101369,Karachi,Online,Kurtas,Printed Kurta,1,2520,1260,0,COD,No,2520.0,1260.0,2024,2024-06
702282,2024-08-24,C100644,Islamabad,Online,Jackets,Denim Jacket,1,5270,3290,0,Card,No,5270.0,1980.0,2024,2024-08
700780,2023-10-07,C101957,Lahore,Store,T-Shirts,Polo Shirt,2,2340,1340,0,Card,No,4680.0,2000.0,2023,2023-10
704244,2024-11-12,C101784,Lahore,Online,Jeans,Straight Leg Jeans,1,3090,1700,15,Bank Transfer,No,2626.5,926.5,2024,2024-11
700102,2024-04-30,C101381,Lahore,Store,T-Shirts,Polo Shirt,3,2350,1300,10,Wallet,No,6345.0,2445.0,2024,2024-04
700404,2023-10-20,C100170,Karachi,Store,T-Shirts,Polo Shirt,2,2230,1380,0,COD,Yes,4460.0,1700.0,2023,2023-10
703999,2023-07-21,C100663,Lahore,Online,Shoes,Boots,3,6200,3100,0,COD,No,18600.0,9300.0,2023,2023-07
705012,2024-09-09,C101755,Islamabad,Online,Kurtas,Festive Kurta,2,4140,2390,0,COD,No,8280.0,3500.0,2024,2024-09
700038,2023-07-17,C102017,Lahore,Online,T-Shirts,Oversized Tee,3,1880,1130,0,Wallet,No,5640.0,2250.0,2023,2023-07
702286,2024-04-05,C102001,Karachi,Store,Dresses,Wrap Dress,1,4270,2760,0,Bank Transfer,No,4270.0,1510.0,2024,2024-04
703913,2023-09-09,C100935,Lahore,Store,Dresses,Bodycon Dress,1,3660,2090,0,COD,No,3660.0,1570.0,2023,2023-09
702814,2024-07-04,C100160,Lahore,Online,Dresses,Wrap Dress,3,4260,2240,15,COD,No,10863.0,4143.0,2024,2024-07
703305,2025-03-17,C101815,Islamabad,Store,Jackets,Hooded Jacket,2,4860,2830,0,COD,No,9720.0,4060.0,2025,2025-03
704376,2024-10-13,C100763,Lahore,Store,Dresses,Maxi Dress,3,4800,2750,0,Card,No,14400.0,6150.0,2024,2024-10
704609,2025-01-21,C100539,Multan,Online,Kurtas,Festive Kurta,2,4350,2680,0,COD,No,8700.0,3340.0,2025,2025-01
702104,2023-12-20,C100956,Faisalabad,Store,Accessories,Baseball Cap,2,900,470,30,COD,No,1260.0,320.0,2023,2023-12
702932,2025-03-11,C101973,Karachi,Online,Shoes,Sandals,1,2670,1670,0,Wallet,No,2670.0,1000.0,2025,2025-03
702183,2023-09-27,C100198,Lahore,Online,Kurtas,Printed Kurta,1,2330,1490,0,Card,No,2330.0,840.0,2023,2023-09
704182,2025-04-28,C100013,Multan,Store,Accessories,Tote Bag,3,1610,750,15,Wallet,No,4105.5,1855.5,2025,2025-04
702821,2024-03-02,C101891,Faisalabad,Store,Shoes,Loafers,1,5380,2720,10,Wallet,No,4842.0,2122.0,2024,2024-03
702905,2024-05-27,C101482,Islamabad,Store,Kurtas,Printed Kurta,2,2510,1600,10,Card,No,4518.0,1318.0,2024,2024-05
704813,2024-02-06,C100553,Peshawar,Online,T-Shirts,Classic Cotton Tee,3,1240,650,0,COD,No,3720.0,1770.0,2024,2024-02
702478,2024-12-10,C101800,Islamabad,Store,Jeans,High-Waist Jeans,1,4530,2840,15,Wallet,No,3850.5,1010.5,2024,2024-12
704271,2024-11-07,C101946,Lahore,Online,Dresses,Summer Floral Dress,1,3200,1940,10,COD,No,2880.0,940.0,2024,2024-11
704764,2025-01-31,C101302,Faisalabad,Online,T-Shirts,Polo Shirt,1,2150,1350,0,Card,No,2150.0,800.0,2025,2025-01
703106,2024-09-01,C101260,Unknown,Store,Dresses,Maxi Dress,2,4340,2350,0,Card,No,8680.0,3980.0,2024,2024-09
704829,2025-06-05,C100444,Karachi,Online,Jeans,Ripped Jeans,1,4010,1810,0,Card,No,4010.0,2200.0,2025,2025-06
704136,2024-06-01,C100277,Islamabad,Online,T-Shirts,Oversized Tee,1,1790,900,0,Bank Transfer,No,1790.0,890.0,2024,2024-06
704108,2024-06-03,C101527,Karachi,Online,T-Shirts,Classic Cotton Tee,1,1140,560,0,COD,No,1140.0,580.0,2024,2024-06
700033,2025-05-29,C100804,Lahore,Online,Dresses,Maxi Dress,3,4660,2660,15,Card,Yes,11883.0,3903.0,2025,2025-05
701979,2024-11-16,C100811,Lahore,Online,Jackets,Puffer Jacket,1,6920,3890,20,COD,No,5536.0,1646.0,2024,2024-11
703793,2025-01-26,C101994,Karachi,Online,Shoes,Sandals,2,2690,1640,10,Card,No,4842.0,1562.0,2025,2025-01
704064,2024-12-31,C100033,Karachi,Online,Jeans,Straight Leg Jeans,3,3060,1450,25,COD,No,6885.0,2535.0,2024,2024-12
701114,2024-09-27,C102049,Karachi,Online,Shoes,Loafers,1,5470,2610,0,COD,No,5470.0,2860.0,2024,2024-09
700890,2025-01-13,C100918,Karachi,Online,T-Shirts,Oversized Tee,1,1850,960,0,COD,No,1850.0,890.0,2025,2025-01
701208,2024-02-21,C101863,Islamabad,Online,Dresses,Wrap Dress,1,3940,2550,15,Wallet,Yes,3349.0,799.0,2024,2024-02
700181,2023-12-30,C101941,Karachi,Store,Kurtas,Printed Kurta,2,2290,1420,0,Bank Transfer,No,4580.0,1740.0,2023,2023-12
704926,2023-09-04,C101829,Karachi,Store,Shoes,Sandals,1,2770,1450,0,COD,No,2770.0,1320.0,2023,2023-09
705124,2023-08-11,C100992,Faisalabad,Store,Kurtas,Embroidered Kurta,1,2970,1740,10,Bank Transfer,No,2673.0,933.0,2023,2023-08
701119,2023-07-31,C101731,Lahore,Store,T-Shirts,Graphic Print Tee,3,1600,830,10,Bank Transfer,No,4320.0,1830.0,2023,2023-07
704689,2024-05-08,C100298,Faisalabad,Online,Dresses,Bodycon Dress,1,3990,2430,0,Bank Transfer,No,3990.0,1560.0,2024,2024-05
700724,2025-05-02,C101480,Karachi,Online,Dresses,Maxi Dress,3,4510,2340,20,Bank Transfer,No,10824.0,3804.0,2025,2025-05
701348,2024-04-12,C101229,Lahore,Online,Shoes,Loafers,1,5200,3180,20,Bank Transfer,No,4160.0,980.0,2024,2024-04
704964,2024-10-03,C101995,Faisalabad,Store,Jeans,Slim Fit Jeans,1,3600,2240,0,Wallet,No,3600.0,1360.0,2024,2024-10
700565,2024-08-07,C101865,Multan,Store,Kurtas,Printed Kurta,1,2330,1480,0,Card,No,2330.0,850.0,2024,2024-08
705103,2023-12-14,C100584,Peshawar,Online,Kurtas,Printed Kurta,2,2290,1260,30,COD,No,3206.0,686.0,2023,2023-12
701153,2024-01-17,C102044,Sialkot,Online,Jeans,Slim Fit Jeans,1,3490,2180,0,COD,No,3490.0,1310.0,2024,2024-01
703929,2023-10-28,C101781,Faisalabad,Online,Shoes,Sneakers,3,4710,2830,0,Card,Yes,14130.0,5640.0,2023,2023-10
701390,2025-01-15,C101534,Lahore,Online,Jackets,Hooded Jacket,1,5160,2610,0,Card,No,5160.0,2550.0,2025,2025-01
705101,2023-09-29,C100314,Karachi,Store,Accessories,Baseball Cap,1,900,550,0,COD,No,900.0,350.0,2023,2023-09
703317,2023-09-01,C100342,Unknown,Store,T-Shirts,Oversized Tee,3,1920,940,0,Bank Transfer,No,5760.0,2940.0,2023,2023-09
704467,2024-12-16,C101516,Lahore,Online,Jackets,Hooded Jacket,2,4600,2380,15,COD,No,7820.0,3060.0,2024,2024-12
703591,2024-01-18,C100080,Rawalpindi,Online,Jackets,Bomber Jacket,1,5600,2710,0,Card,No,5600.0,2890.0,2024,2024-01
704601,2023-07-19,C100088,Lahore,Online,Kurtas,Festive Kurta,1,4370,2660,15,COD,No,3714.5,1054.5,2023,2023-07
703279,2024-04-29,C100597,Islamabad,Online,T-Shirts,Oversized Tee,1,1840,1030,0,COD,No,1840.0,810.0,2024,2024-04
702944,2025-06-12,C100094,Karachi,Store,T-Shirts,Classic Cotton Tee,1,1230,770,0,COD,Yes,1230.0,460.0,2025,2025-06
702030,2025-06-02,C100418,Lahore,Store,Kurtas,Embroidered Kurta,2,2930,1650,0,COD,No,5860.0,2560.0,2025,2025-06
700279,2023-12-12,C101952,Faisalabad,Store,Kurtas,Printed Kurta,1,2540,1360,15,Wallet,No,2159.0,799.0,2023,2023-12
703100,2024-08-21,C100243,Islamabad,Online,Kurtas,Festive Kurta,1,4390,2250,0,COD,No,4390.0,2140.0,2024,2024-08
701259,2024-08-03,C102129,Lahore,Store,Shoes,Sneakers,2,4630,2800,0,Card,No,9260.0,3660.0,2024,2024-08
703926,2024-08-23,C101455,Lahore,Store,Kurtas,Embroidered Kurta,2,2990,1590,0,Wallet,No,5980.0,2800.0,2024,2024-08
703217,2024-12-15,C101189,Rawalpindi,Online,Jackets,Hooded Jacket,1,4680,2970,15,COD,Yes,3978.0,1008.0,2024,2024-12
702063,2025-04-05,C100669,Karachi,Store,Accessories,Baseball Cap,2,930,460,10,Bank Transfer,Yes,1674.0,754.0,2025,2025-04
702327,2023-10-18,C100738,Karachi,Store,Shoes,Loafers,1,5170,2730,0,COD,No,5170.0,2440.0,2023,2023-10
702521,2023-10-30,C100234,Peshawar,Online,T-Shirts,Polo Shirt,3,2300,1430,0,COD,Yes,6900.0,2610.0,2023,2023-10
700359,2023-09-04,C100573,Faisalabad,Store,Kurtas,Festive Kurta,2,4490,2790,0,COD,No,8980.0,3400.0,2023,2023-09
700107,2024-03-19,C102083,Lahore,Online,Jackets,Denim Jacket,1,5510,2630,0,Card,No,5510.0,2880.0,2024,2024-03
704775,2023-08-08,C100412,Lahore,Online,T-Shirts,Classic Cotton Tee,2,1170,660,0,Card,No,2340.0,1020.0,2023,2023-08
701948,2025-01-25,C101923,Karachi,Online,Shoes,Sneakers,1,4280,1980,0,COD,No,4280.0,2300.0,2025,2025-01
702670,2025-02-17,C100176,Karachi,Store,Jackets,Puffer Jacket,1,7000,3180,0,Wallet,No,7000.0,3820.0,2025,2025-02
700395,2024-01-07,C100496,Karachi,Online,Jackets,Puffer Jacket,1,6980,4190,10,Card,No,6282.0,2092.0,2024,2024-01
700291,2024-07-05,C101985,Peshawar,Online,Kurtas,Printed Kurta,1,2400,1450,0,COD,No,2400.0,950.0,2024,2024-07
702676,2024-05-30,C101085,Faisalabad,Online,Shoes,Sandals,3,2840,1650,20,Wallet,No,6816.0,1866.0,2024,2024-05
702461,2023-08-26,C101795,Karachi,Online,T-Shirts,Graphic Print Tee,1,1530,870,0,Card,No,1530.0,660.0,2023,2023-08
704456,2025-02-23,C100157,Rawalpindi,Online,Jackets,Bomber Jacket,2,5220,2710,0,COD,No,10440.0,5020.0,2025,2025-02
703969,2023-09-25,C101780,Lahore,Online,Jeans,Ripped Jeans,1,4030,2220,0,Card,No,4030.0,1810.0,2023,2023-09
701830,2023-08-05,C101842,Lahore,Online,Dresses,Bodycon Dress,2,3670,2340,10,COD,No,6606.0,1926.0,2023,2023-08
702166,2025-06-04,C100273,Islamabad,Online,Accessories,Tote Bag,3,1670,900,0,COD,No,5010.0,2310.0,2025,2025-06
704216,2024-01-21,C101242,Karachi,Online,Dresses,Maxi Dress,2,4440,2080,0,Card,No,8880.0,4720.0,2024,2024-01
701868,2023-11-09,C102095,Karachi,Online,T-Shirts,Graphic Print Tee,2,1570,750,0,Wallet,No,3140.0,1640.0,2023,2023-11
701180,2024-03-22,C100322,Karachi,Online,T-Shirts,Classic Cotton Tee,3,1190,620,0,Card,No,3570.0,1710.0,2024,2024-03
702520,2023-12-31,C100381,Peshawar,Online,Dresses,Wrap Dress,2,4130,2190,0,Card,No,8260.0,3880.0,2023,2023-12
700968,2023-11-06,C100756,Karachi,Online,Accessories,Baseball Cap,1,920,500,20,Bank Transfer,No,736.0,236.0,2023,2023-11
702556,2025-03-12,C101378,Islamabad,Store,Kurtas,Printed Kurta,1,2390,1370,0,Bank Transfer,Yes,2390.0,1020.0,2025,2025-03
702431,2024-05-29,C101601,Lahore,Online,Dresses,Bodycon Dress,1,3910,2110,15,COD,No,3323.5,1213.5,2024,2024-05
700359,2023-09-04,C100573,Faisalabad,Store,Dresses,Summer Floral Dress,1,3360,1860,0,COD,Yes,3360.0,1500.0,2023,2023-09
704840,2023-11-15,C100722,Lahore,Online,Kurtas,Printed Kurta,1,2340,1410,20,Unknown,No,1872.0,462.0,2023,2023-11
700745,2024-05-17,C100194,Lahore,Store,Accessories,Leather Belt,2,1190,660,20,Card,No,1904.0,584.0,2024,2024-05
701882,2023-12-27,C100571,Multan,Store,Jackets,Bomber Jacket,3,5340,3430,15,COD,No,13617.0,3327.0,2023,2023-12
705121,2024-09-21,C101978,Faisalabad,Online,Kurtas,Embroidered Kurta,2,2910,1470,15,Card,No,4947.0,2007.0,2024,2024-09
705070,2024-03-04,C100448,Lahore,Online,Jeans,Ripped Jeans,1,3770,1760,0,Card,No,3770.0,2010.0,2024,2024-03
702053,2025-03-13,C102132,Sialkot,Store,T-Shirts,Classic Cotton Tee,2,1210,740,0,COD,Yes,2420.0,940.0,2025,2025-03
702538,2025-01-09,C101114,Sialkot,Store,Dresses,Wrap Dress,1,3850,1770,0,COD,No,3850.0,2080.0,2025,2025-01
702511,2023-07-31,C101085,Faisalabad,Store,Shoes,Boots,1,6240,3880,10,Wallet,No,5616.0,1736.0,2023,2023-07
703854,2024-07-19,C101982,Multan,Store,Shoes,Sneakers,1,4590,2880,0,COD,No,4590.0,1710.0,2024,2024-07
702276,2023-07-15,C100245,Multan,Store,Jeans,Straight Leg Jeans,2,3370,1850,0,COD,No,6740.0,3040.0,2023,2023-07
704348,2023-11-23,C100573,Faisalabad,Store,Kurtas,Cotton Kurta,3,2020,1260,15,COD,No,5151.0,1371.0,2023,2023-11
700901,2024-08-16,C102183,Lahore,Store,T-Shirts,Polo Shirt,3,2300,1210,0,COD,No,6900.0,3270.0,2024,2024-08
704778,2025-03-17,C101818,Karachi,Store,Jeans,High-Waist Jeans,2,4410,1980,0,COD,No,8820.0,4860.0,2025,2025-03
701894,2024-01-07,C102052,Karachi,Online,T-Shirts,Graphic Print Tee,1,1570,980,0,Wallet,No,1570.0,590.0,2024,2024-01
701064,2023-12-28,C101618,Sialkot,Store,Shoes,Loafers,2,5530,2600,10,Card,No,9954.0,4754.0,2023,2023-12
700236,2024-11-18,C100711,Rawalpindi,Store,Accessories,Leather Belt,2,1140,520,20,COD,No,1824.0,784.0,2024,2024-11
702483,2025-05-30,C101866,Peshawar,Online,T-Shirts,Polo Shirt,3,2230,1110,0,Unknown,No,6690.0,3360.0,2025,2025-05
701313,2024-09-10,C100467,Sialkot,Store,Shoes,Loafers,3,5060,2980,10,Wallet,No,13662.0,4722.0,2024,2024-09
700463,2025-05-29,C100698,Rawalpindi,Store,Jeans,High-Waist Jeans,1,4410,2850,15,Card,No,3748.5,898.5,2025,2025-05
702519,2024-07-27,C100993,Unknown,Store,Dresses,Wrap Dress,2,3850,2440,0,Card,No,7700.0,2820.0,2024,2024-07
701699,2025-06-04,C100819,Karachi,Store,T-Shirts,Graphic Print Tee,2,1430,910,15,COD,No,2431.0,611.0,2025,2025-06
703723,2024-08-31,C100430,Peshawar,Store,Kurtas,Printed Kurta,1,2530,1270,0,Card,No,2530.0,1260.0,2024,2024-08
704532,2023-12-26,C100439,Islamabad,Online,Dresses,Bodycon Dress,3,3640,2030,0,Card,No,10920.0,4830.0,2023,2023-12
701952,2023-08-05,C102148,Faisalabad,Online,Kurtas,Embroidered Kurta,3,2670,1670,0,COD,No,8010.0,3000.0,2023,2023-08
701202,2023-09-17,C101190,Karachi,Store,Shoes,Loafers,1,5500,2820,0,COD,No,5500.0,2680.0,2023,2023-09
700640,2025-04-20,C100520,Multan,Store,Kurtas,Cotton Kurta,1,1850,890,15,Card,Yes,1572.5,682.5,2025,2025-04
700490,2024-01-07,C100880,Karachi,Online,Kurtas,Festive Kurta,2,4040,2190,10,Card,No,7272.0,2892.0,2024,2024-01
703336,2024-10-08,C100863,Islamabad,Store,Jeans,Straight Leg Jeans,1,3420,1580,15,Card,No,2907.0,1327.0,2024,2024-10
700418,2023-09-22,C100302,Islamabad,Online,Jeans,Slim Fit Jeans,1,3620,1850,0,COD,No,3620.0,1770.0,2023,2023-09
700484,2024-12-22,C100710,Sialkot,Online,Dresses,Bodycon Dress,3,3810,2470,25,Bank Transfer,No,8572.5,1162.5,2024,2024-12
701346,2024-03-17,C101426,Lahore,Store,Dresses,Bodycon Dress,1,3650,2140,0,COD,No,3650.0,1510.0,2024,2024-03
702861,2023-12-29,C100435,Lahore,Store,Shoes,Boots,1,7000,4410,0,COD,No,7000.0,2590.0,2023,2023-12
703853,2025-02-18,C100414,Lahore,Store,Dresses,Maxi Dress,1,4280,2280,10,COD,No,3852.0,1572.0,2025,2025-02
703660,2024-10-29,C101002,Lahore,Store,Jackets,Bomber Jacket,1,5370,3130,10,Card,No,4833.0,1703.0,2024,2024-10
704689,2024-05-08,C100298,Faisalabad,Online,Kurtas,Printed Kurta,3,2330,1490,20,Bank Transfer,No,5592.0,1122.0,2024,2024-05
704727,2024-08-06,C101868,Islamabad,Online,Kurtas,Embroidered Kurta,1,2860,1650,0,COD,No,2860.0,1210.0,2024,2024-08
702719,2025-05-06,C102083,Lahore,Store,Accessories,Tote Bag,2,1580,780,20,Wallet,No,2528.0,968.0,2025,2025-05
701035,2023-10-04,C101222,Peshawar,Store,Shoes,Boots,1,6830,3960,0,COD,No,6830.0,2870.0,2023,2023-10
703223,2024-11-30,C100403,Lahore,Online,Jackets,Hooded Jacket,1,4810,3020,0,Wallet,No,4810.0,1790.0,2024,2024-11
703602,2024-05-08,C101990,Lahore,Store,Dresses,Bodycon Dress,1,3760,2340,10,COD,No,3384.0,1044.0,2024,2024-05
700549,2023-08-07,C101650,Karachi,Online,Jeans,Slim Fit Jeans,1,3380,1710,10,COD,No,3042.0,1332.0,2023,2023-08
701521,2024-04-04,C100614,Karachi,Online,Accessories,Leather Belt,2,1280,760,10,Wallet,No,2304.0,784.0,2024,2024-04
700512,2024-08-15,C100936,Sialkot,Store,Dresses,Bodycon Dress,1,3960,2250,10,COD,No,3564.0,1314.0,2024,2024-08
700794,2024-02-10,C101195,Lahore,Store,Accessories,Sunglasses,1,2270,1440,0,Card,No,2270.0,830.0,2024,2024-02
701947,2023-10-08,C101957,Lahore,Online,Accessories,Baseball Cap,1,920,460,10,COD,No,828.0,368.0,2023,2023-10
701538,2024-03-02,C101545,Karachi,Online,Kurtas,Cotton Kurta,2,1840,1000,0,Card,Yes,3680.0,1680.0,2024,2024-03
702030,2025-06-02,C100418,Lahore,Store,Dresses,Bodycon Dress,1,3730,2010,0,COD,No,3730.0,1720.0,2025,2025-06
700441,2024-04-07,C101279,Islamabad,Online,Dresses,Wrap Dress,2,4110,2660,0,COD,No,8220.0,2900.0,2024,2024-04
703560,2025-04-09,C101137,Karachi,Online,T-Shirts,Classic Cotton Tee,3,1290,790,0,COD,Yes,3870.0,1500.0,2025,2025-04
702647,2025-02-24,C100065,Islamabad,Store,T-Shirts,Graphic Print Tee,3,1610,840,15,Card,No,4105.5,1585.5,2025,2025-02
702637,2024-09-30,C100645,Multan,Online,Shoes,Sneakers,2,4460,2180,0,Card,No,8920.0,4560.0,2024,2024-09
705092,2025-04-28,C100107,Karachi,Online,Jeans,Ripped Jeans,1,3870,1930,10,Unknown,No,3483.0,1553.0,2025,2025-04
704440,2024-01-16,C101078,Islamabad,Online,Jeans,High-Waist Jeans,3,4500,2920,0,Wallet,No,13500.0,4740.0,2024,2024-01
700647,2024-06-02,C100832,Karachi,Online,T-Shirts,Graphic Print Tee,2,1520,900,15,Card,Yes,2584.0,784.0,2024,2024-06
701402,2024-08-07,C101007,Karachi,Online,T-Shirts,Classic Cotton Tee,1,1300,640,0,COD,No,1300.0,660.0,2024,2024-08
703544,2023-11-07,C100302,Islamabad,Online,Jeans,Ripped Jeans,1,4100,2320,15,Card,No,3485.0,1165.0,2023,2023-11
704937,2024-10-25,C100571,Multan,Store,Shoes,Loafers,1,5520,3420,15,COD,Yes,4692.0,1272.0,2024,2024-10
704859,2023-09-19,C101797,Unknown,Online,Accessories,Baseball Cap,1,930,420,0,COD,No,930.0,510.0,2023,2023-09
704108,2024-06-03,C101527,Karachi,Online,Dresses,Maxi Dress,1,4770,2690,0,COD,No,4770.0,2080.0,2024,2024-06
701013,2024-08-14,C101478,Karachi,Online,Kurtas,Embroidered Kurta,1,2790,1810,0,COD,No,2790.0,980.0,2024,2024-08
701453,2024-04-16,C101472,Lahore,Online,Jeans,Ripped Jeans,3,4070,1930,15,Wallet,No,10378.5,4588.5,2024,2024-04
702691,2025-02-10,C101072,Karachi,Online,T-Shirts,Classic Cotton Tee,1,1220,580,0,COD,No,1220.0,640.0,2025,2025-02
701616,2025-05-14,C101586,Karachi,Online,Jeans,Slim Fit Jeans,3,3630,2350,10,Card,Yes,9801.0,2751.0,2025,2025-05
704662,2024-05-05,C102129,Lahore,Online,T-Shirts,Oversized Tee,1,1780,1060,0,Bank Transfer,No,1780.0,720.0,2024,2024-05
701179,2025-05-31,C100743,Lahore,Online,T-Shirts,Polo Shirt,1,2130,1320,15,Card,No,1810.5,490.5,2025,2025-05
700414,2024-12-09,C101760,Karachi,Online,Dresses,Bodycon Dress,1,3750,2000,25,COD,Yes,2812.5,812.5,2024,2024-12
700424,2024-01-28,C100703,Multan,Online,T-Shirts,Graphic Print Tee,1,1570,740,0,COD,No,1570.0,830.0,2024,2024-01
700425,2025-06-25,C101106,Lahore,Online,T-Shirts,Oversized Tee,1,1860,1160,0,COD,No,1860.0,700.0,2025,2025-06
701271,2023-09-03,C101435,Sialkot,Store,Kurtas,Printed Kurta,1,2390,1090,0,Card,No,2390.0,1300.0,2023,2023-09
703408,2023-09-07,C101847,Rawalpindi,Online,Jeans,Straight Leg Jeans,2,3040,1910,0,Bank Transfer,No,6080.0,2260.0,2023,2023-09
705196,2023-11-26,C101571,Islamabad,Online,Shoes,Boots,2,6870,3700,0,Card,No,13740.0,6340.0,2023,2023-11
704298,2024-06-28,C101376,Rawalpindi,Online,Accessories,Baseball Cap,1,870,390,0,Card,No,870.0,480.0,2024,2024-06
702904,2023-09-07,C101426,Lahore,Online,Shoes,Loafers,1,5220,3120,0,COD,No,5220.0,2100.0,2023,2023-09
704213,2024-06-23,C100835,Islamabad,Online,Shoes,Boots,1,6220,3770,10,Card,No,5598.0,1828.0,2024,2024-06
703431,2025-06-10,C100414,Lahore,Online,Jeans,High-Waist Jeans,1,4280,2630,15,Card,No,3638.0,1008.0,2025,2025-06
700124,2024-05-24,C101845,Islamabad,Online,Accessories,Sunglasses,2,2320,1370,0,Wallet,No,4640.0,1900.0,2024,2024-05
702498,2024-07-25,C100659,Unknown,Online,Accessories,Sunglasses,1,2340,1220,0,Card,No,2340.0,1120.0,2024,2024-07
701480,2023-10-04,C101715,Faisalabad,Online,Jeans,Straight Leg Jeans,1,3070,1550,15,COD,No,2609.5,1059.5,2023,2023-10
702119,2025-02-27,C100731,Lahore,Online,Accessories,Leather Belt,1,1240,600,15,Card,No,1054.0,454.0,2025,2025-02
701658,2024-12-04,C101931,Islamabad,Store,Dresses,Bodycon Dress,2,3960,2210,0,Wallet,No,7920.0,3500.0,2024,2024-12
703090,2024-09-26,C101162,Multan,Store,Jeans,Straight Leg Jeans,1,3290,2130,0,Card,No,3290.0,1160.0,2024,2024-09
700853,2023-11-10,C101723,Islamabad,Store,Jackets,Denim Jacket,1,5250,2460,0,COD,No,5250.0,2790.0,2023,2023-11
702090,2025-01-31,C101958,Multan,Store,Jackets,Denim Jacket,1,5230,3320,15,COD,No,4445.5,1125.5,2025,2025-01
704863,2025-06-10,C100632,Lahore,Online,Dresses,Maxi Dress,1,4390,2810,10,Card,Yes,3951.0,1141.0,2025,2025-06
703850,2023-12-29,C100766,Lahore,Online,Jackets,Puffer Jacket,1,7100,4420,25,Wallet,No,5325.0,905.0,2023,2023-12
703919,2023-10-27,C100253,Lahore,Online,T-Shirts,Oversized Tee,3,1830,1040,0,Card,No,5490.0,2370.0,2023,2023-10
700137,2024-11-19,C100528,Faisalabad,Online,Shoes,Boots,2,6300,3290,0,Wallet,Yes,12600.0,6020.0,2024,2024-11
704996,2025-06-14,C100388,Lahore,Online,T-Shirts,Graphic Print Tee,1,1620,930,0,Card,No,1620.0,690.0,2025,2025-06
702489,2025-01-24,C100623,Karachi,Online,Jackets,Hooded Jacket,2,4660,2720,0,COD,No,9320.0,3880.0,2025,2025-01
701647,2023-11-08,C100417,Faisalabad,Online,Shoes,Loafers,3,5610,3280,20,Wallet,No,13464.0,3624.0,2023,2023-11
701610,2025-02-08,C101968,Karachi,Online,T-Shirts,Polo Shirt,3,2160,1320,0,Wallet,No,6480.0,2520.0,2025,2025-02
700576,2024-08-18,C101742,Lahore,Store,Kurtas,Printed Kurta,1,2300,1310,0,COD,No,2300.0,990.0,2024,2024-08
703957,2024-02-01,C102140,Peshawar,Online,Dresses,Maxi Dress,1,4730,2560,0,Card,No,4730.0,2170.0,2024,2024-02
703448,2024-03-07,C102176,Karachi,Store,Jeans,Slim Fit Jeans,1,3630,2060,0,Card,No,3630.0,1570.0,2024,2024-03
703241,2025-04-16,C102193,Lahore,Online,Shoes,Sneakers,2,4480,2120,15,COD,No,7616.0,3376.0,2025,2025-04
701318,2025-05-23,C101212,Islamabad,Store,T-Shirts,Polo Shirt,1,2220,1420,0,COD,No,2220.0,800.0,2025,2025-05
700998,2024-12-27,C100407,Multan,Online,Accessories,Baseball Cap,1,870,560,30,COD,No,609.0,49.0,2024,2024-12
701771,2024-04-24,C101220,Lahore,Online,T-Shirts,Oversized Tee,1,1760,1140,10,COD,No,1584.0,444.0,2024,2024-04
700721,2025-06-18,C100950,Islamabad,Online,Accessories,Tote Bag,2,1550,860,0,Card,No,3100.0,1380.0,2025,2025-06
704759,2024-07-24,C101770,Islamabad,Online,Accessories,Tote Bag,1,1710,790,10,COD,No,1539.0,749.0,2024,2024-07
702764,2024-11-04,C101213,Karachi,Online,Shoes,Sandals,2,2920,1530,0,COD,No,5840.0,2780.0,2024,2024-11
701610,2025-02-08,C101968,Karachi,Online,T-Shirts,Oversized Tee,1,1740,1070,0,Wallet,No,1740.0,670.0,2025,2025-02
702997,2024-08-18,C100357,Faisalabad,Online,Accessories,Baseball Cap,3,950,570,0,Card,No,2850.0,1140.0,2024,2024-08
700821,2024-04-24,C102082,Rawalpindi,Online,T-Shirts,Polo Shirt,1,2130,1120,15,Card,No,1810.5,690.5,2024,2024-04
702664,2023-10-26,C101113,Peshawar,Online,Jeans,Ripped Jeans,3,3770,2110,0,Card,No,11310.0,4980.0,2023,2023-10
703718,2023-10-27,C101978,Faisalabad,Online,T-Shirts,Graphic Print Tee,3,1430,820,10,Bank Transfer,No,3861.0,1401.0,2023,2023-10
703261,2023-12-15,C101445,Islamabad,Online,Jeans,Straight Leg Jeans,1,3120,1790,10,Card,No,2808.0,1018.0,2023,2023-12
701642,2023-10-26,C101216,Karachi,Online,Shoes,Sandals,1,3010,1480,0,COD,No,3010.0,1530.0,2023,2023-10
704245,2023-07-25,C101865,Multan,Online,Jeans,Straight Leg Jeans,2,3220,1590,0,Wallet,No,6440.0,3260.0,2023,2023-07
703414,2024-06-28,C100911,Multan,Online,T-Shirts,Oversized Tee,1,1810,830,10,Wallet,No,1629.0,799.0,2024,2024-06
704552,2025-01-30,C100638,Faisalabad,Store,Kurtas,Festive Kurta,1,4110,1860,0,COD,No,4110.0,2250.0,2025,2025-01
704099,2025-04-14,C101016,Rawalpindi,Online,T-Shirts,Polo Shirt,2,2180,1060,15,COD,No,3706.0,1586.0,2025,2025-04
702277,2025-01-20,C100732,Lahore,Online,Shoes,Sneakers,1,4400,2050,0,COD,No,4400.0,2350.0,2025,2025-01
701622,2023-10-07,C100011,Peshawar,Store,Jackets,Hooded Jacket,3,5080,3010,0,COD,No,15240.0,6210.0,2023,2023-10
700621,2023-08-08,C100311,Karachi,Store,T-Shirts,Oversized Tee,2,1760,980,0,Wallet,No,3520.0,1560.0,2023,2023-08
702135,2024-10-18,C100863,Islamabad,Store,Shoes,Loafers,1,5150,3310,0,COD,No,5150.0,1840.0,2024,2024-10
702626,2025-01-09,C100369,Peshawar,Online,Jackets,Puffer Jacket,2,6530,3160,0,Card,No,13060.0,6740.0,2025,2025-01
703237,2025-02-24,C101851,Unknown,Store,Dresses,Maxi Dress,1,4850,2420,0,COD,Yes,4850.0,2430.0,2025,2025-02
700669,2024-10-19,C100973,Peshawar,Store,Accessories,Baseball Cap,3,940,570,0,COD,No,2820.0,1110.0,2024,2024-10
701427,2025-01-04,C100616,Faisalabad,Online,Kurtas,Printed Kurta,1,2320,1060,0,Card,No,2320.0,1260.0,2025,2025-01
700690,2024-10-25,C101074,Multan,Store,Jackets,Puffer Jacket,2,6760,3750,15,COD,No,11492.0,3992.0,2024,2024-10
704036,2024-05-22,C102151,Lahore,Online,Kurtas,Embroidered Kurta,2,2970,1540,15,COD,No,5049.0,1969.0,2024,2024-05
702302,2024-02-11,C100269,Lahore,Store,Shoes,Sandals,1,2840,1830,10,COD,No,2556.0,726.0,2024,2024-02
702678,2025-02-24,C100924,Lahore,Online,T-Shirts,Oversized Tee,1,1910,890,0,Bank Transfer,No,1910.0,1020.0,2025,2025-02
704723,2025-06-13,C102056,Sialkot,Online,Shoes,Loafers,3,5200,3110,0,Bank Transfer,No,15600.0,6270.0,2025,2025-06
702308,2023-11-13,C100431,Faisalabad,Online,Accessories,Sunglasses,2,2360,1250,20,Card,No,3776.0,1276.0,2023,2023-11
701073,2024-10-29,C101311,Peshawar,Online,T-Shirts,Graphic Print Tee,1,1530,750,0,COD,No,1530.0,780.0,2024,2024-10
702258,2024-10-06,C101940,Lahore,Online,Jackets,Bomber Jacket,1,5340,2850,15,COD,No,4539.0,1689.0,2024,2024-10
704025,2024-12-01,C101489,Karachi,Store,Shoes,Boots,2,6540,3720,15,COD,No,11118.0,3678.0,2024,2024-12
703264,2024-08-31,C101997,Karachi,Online,Accessories,Leather Belt,2,1220,610,0,COD,No,2440.0,1220.0,2024,2024-08
703020,2023-11-24,C101652,Lahore,Online,Shoes,Boots,1,6460,4020,10,COD,No,5814.0,1794.0,2023,2023-11
703713,2025-06-22,C101628,Lahore,Store,Shoes,Sneakers,3,4350,1990,0,Card,No,13050.0,7080.0,2025,2025-06
703285,2023-08-31,C101689,Karachi,Store,Kurtas,Festive Kurta,1,4060,2100,0,COD,No,4060.0,1960.0,2023,2023-08
703486,2024-10-15,C100715,Lahore,Online,Shoes,Sneakers,1,4830,2810,15,Card,No,4105.5,1295.5,2024,2024-10
700049,2023-10-27,C101596,Lahore,Online,T-Shirts,Graphic Print Tee,1,1470,930,10,Card,No,1323.0,393.0,2023,2023-10
702336,2024-03-06,C102118,Lahore,Store,Shoes,Boots,1,6270,2980,10,COD,No,5643.0,2663.0,2024,2024-03
700536,2023-09-22,C101776,Rawalpindi,Online,Dresses,Maxi Dress,1,4770,3060,0,Card,No,4770.0,1710.0,2023,2023-09
703707,2024-05-11,C102078,Karachi,Online,Accessories,Tote Bag,3,1540,930,0,Wallet,No,4620.0,1830.0,2024,2024-05
704800,2025-04-13,C102025,Karachi,Store,Accessories,Tote Bag,1,1700,1050,20,COD,No,1360.0,310.0,2025,2025-04
704968,2024-09-06,C102042,Islamabad,Store,Dresses,Bodycon Dress,1,3700,1780,0,Card,No,3700.0,1920.0,2024,2024-09
703094,2024-12-10,C101260,Lahore,Online,Jackets,Bomber Jacket,1,5480,2850,15,Card,No,4658.0,1808.0,2024,2024-12
700187,2024-08-30,C100010,Karachi,Online,Kurtas,Embroidered Kurta,1,2960,1750,0,COD,No,2960.0,1210.0,2024,2024-08
702336,2024-03-06,C102118,Lahore,Store,Kurtas,Festive Kurta,2,4350,2030,15,COD,No,7395.0,3335.0,2024,2024-03
700129,2023-12-28,C101556,Peshawar,Store,Shoes,Boots,1,6980,3870,0,COD,No,6980.0,3110.0,2023,2023-12
704754,2024-03-25,C100792,Karachi,Online,Shoes,Boots,1,6760,4010,0,Bank Transfer,No,6760.0,2750.0,2024,2024-03
700503,2025-06-03,C101137,Karachi,Store,Jeans,High-Waist Jeans,1,4530,2860,0,COD,No,4530.0,1670.0,2025,2025-06
700817,2024-10-26,C102048,Lahore,Online,Jeans,Slim Fit Jeans,3,3330,1580,0,Wallet,Yes,9990.0,5250.0,2024,2024-10
705124,2023-08-11,C100992,Faisalabad,Store,Jeans,Straight Leg Jeans,2,3380,2040,0,Bank Transfer,No,6760.0,2680.0,2023,2023-08
702129,2024-01-01,C100745,Karachi,Store,Kurtas,Cotton Kurta,1,1870,1200,15,Bank Transfer,No,1589.5,389.5,2024,2024-01
701172,2024-04-14,C101742,Lahore,Store,T-Shirts,Oversized Tee,1,1800,930,10,Bank Transfer,No,1620.0,690.0,2024,2024-04
704343,2023-10-13,C100848,Lahore,Online,T-Shirts,Oversized Tee,2,1760,1060,0,Bank Transfer,No,3520.0,1400.0,2023,2023-10
703534,2024-09-23,C100005,Sialkot,Store,T-Shirts,Oversized Tee,1,1710,950,10,Bank Transfer,No,1539.0,589.0,2024,2024-09
700942,2024-08-03,C101647,Faisalabad,Online,Jeans,High-Waist Jeans,1,4430,2100,0,Card,No,4430.0,2330.0,2024,2024-08
700375,2023-07-14,C100087,Karachi,Store,Accessories,Leather Belt,1,1200,760,10,COD,No,1080.0,320.0,2023,2023-07
701256,2024-07-27,C100731,Lahore,Online,T-Shirts,Classic Cotton Tee,2,1150,670,0,Wallet,No,2300.0,960.0,2024,2024-07
704111,2024-01-01,C100673,Rawalpindi,Store,Accessories,Baseball Cap,3,890,510,10,COD,No,2403.0,873.0,2024,2024-01
704915,2025-02-16,C101968,Karachi,Online,Accessories,Tote Bag,1,1680,870,0,Card,No,1680.0,810.0,2025,2025-02
701565,2025-05-30,C101229,Lahore,Store,Dresses,Bodycon Dress,3,3660,2360,10,Card,No,9882.0,2802.0,2025,2025-05
700975,2024-02-04,C101759,Peshawar,Store,Kurtas,Embroidered Kurta,3,2910,1320,15,COD,No,7420.5,3460.5,2024,2024-02
700269,2024-12-29,C102119,Lahore,Store,Kurtas,Embroidered Kurta,1,2850,1830,30,Card,No,1995.0,165.0,2024,2024-12
700948,2023-09-01,C100186,Karachi,Online,Jackets,Puffer Jacket,2,7290,4630,0,Card,Yes,14580.0,5320.0,2023,2023-09
702382,2025-05-31,C101607,Karachi,Online,Kurtas,Cotton Kurta,3,1990,1220,20,COD,No,4776.0,1116.0,2025,2025-05
701449,2025-01-18,C101361,Karachi,Online,Dresses,Bodycon Dress,1,4050,2230,0,COD,No,4050.0,1820.0,2025,2025-01
700765,2025-04-04,C101724,Karachi,Online,Kurtas,Embroidered Kurta,2,2830,1520,15,Bank Transfer,No,4811.0,1771.0,2025,2025-04
702416,2023-09-04,C100386,Rawalpindi,Online,Jeans,High-Waist Jeans,1,4260,2750,0,COD,Yes,4260.0,1510.0,2023,2023-09
702755,2024-03-01,C100436,Lahore,Online,Dresses,Wrap Dress,1,4230,2590,0,COD,No,4230.0,1640.0,2024,2024-03
703689,2023-08-16,C101853,Faisalabad,Online,Dresses,Summer Floral Dress,2,3430,1780,0,Wallet,No,6860.0,3300.0,2023,2023-08
701251,2024-03-17,C100066,Islamabad,Store,Dresses,Summer Floral Dress,2,3450,1720,0,Wallet,Yes,6900.0,3460.0,2024,2024-03
702350,2023-11-18,C101847,Rawalpindi,Online,Kurtas,Printed Kurta,1,2420,1250,30,COD,No,1694.0,444.0,2023,2023-11
702052,2023-11-28,C101556,Peshawar,Online,Dresses,Bodycon Dress,1,3960,2170,0,Wallet,No,3960.0,1790.0,2023,2023-11
700137,2024-11-19,C100528,Faisalabad,Online,T-Shirts,Graphic Print Tee,1,1520,780,0,Wallet,Yes,1520.0,740.0,2024,2024-11
704019,2025-05-11,C100804,Lahore,Store,Shoes,Boots,1,6740,3370,0,COD,No,6740.0,3370.0,2025,2025-05
702230,2025-02-02,C100877,Karachi,Online,Shoes,Boots,1,6570,4220,0,Card,Yes,6570.0,2350.0,2025,2025-02
702123,2024-09-13,C101598,Faisalabad,Store,T-Shirts,Graphic Print Tee,1,1620,860,0,Card,No,1620.0,760.0,2024,2024-09
701700,2024-08-31,C101162,Multan,Online,Shoes,Sandals,2,2700,1670,0,Wallet,No,5400.0,2060.0,2024,2024-08
705128,2024-05-10,C100100,Peshawar,Store,Kurtas,Festive Kurta,1,4140,2020,15,COD,No,3519.0,1499.0,2024,2024-05
704640,2024-08-27,C101908,Faisalabad,Online,Kurtas,Cotton Kurta,2,1990,970,0,COD,No,3980.0,2040.0,2024,2024-08
703827,2023-10-17,C101400,Karachi,Online,T-Shirts,Polo Shirt,3,2280,1380,15,Card,No,5814.0,1674.0,2023,2023-10
703309,2024-09-26,C100624,Sialkot,Online,Kurtas,Festive Kurta,3,4180,2010,0,Card,No,12540.0,6510.0,2024,2024-09
702477,2023-07-27,C102068,Lahore,Online,T-Shirts,Oversized Tee,1,1760,910,0,COD,No,1760.0,850.0,2023,2023-07
700731,2024-10-13,C101891,Faisalabad,Store,Jeans,Straight Leg Jeans,3,3430,2120,15,COD,No,8746.5,2386.5,2024,2024-10
701905,2024-03-20,C101220,Lahore,Store,Shoes,Sneakers,1,4570,2200,0,Card,No,4570.0,2370.0,2024,2024-03
704975,2024-07-26,C102073,Multan,Online,Dresses,Summer Floral Dress,2,3410,1900,10,Card,No,6138.0,2338.0,2024,2024-07
704183,2025-02-22,C100234,Peshawar,Online,Kurtas,Festive Kurta,1,4030,2360,0,Card,No,4030.0,1670.0,2025,2025-02
704055,2024-07-18,C101051,Lahore,Online,Accessories,Tote Bag,2,1680,1080,0,Wallet,No,3360.0,1200.0,2024,2024-07
703911,2024-02-29,C101190,Karachi,Online,Jeans,High-Waist Jeans,1,4140,2160,0,Card,No,4140.0,1980.0,2024,2024-02
700281,2025-06-29,C101142,Multan,Online,Accessories,Baseball Cap,3,860,530,10,COD,No,2322.0,732.0,2025,2025-06
703406,2025-03-12,C101290,Karachi,Online,Jeans,Ripped Jeans,2,3830,2390,0,Wallet,No,7660.0,2880.0,2025,2025-03
704647,2024-12-14,C101891,Faisalabad,Store,Dresses,Summer Floral Dress,1,3130,1900,0,Card,No,3130.0,1230.0,2024,2024-12
700638,2024-12-08,C100888,Lahore,Online,Jeans,High-Waist Jeans,2,4420,2520,0,Card,No,8840.0,3800.0,2024,2024-12
702848,2024-05-21,C100544,Lahore,Online,Kurtas,Festive Kurta,2,4400,2100,0,COD,No,8800.0,4600.0,2024,2024-05
702556,2025-03-12,C101378,Unknown,Store,Accessories,Baseball Cap,1,900,450,0,Bank Transfer,No,900.0,450.0,2025,2025-03
703857,2023-07-24,C100703,Multan,Online,Dresses,Summer Floral Dress,1,3380,1860,0,Card,No,3380.0,1520.0,2023,2023-07
704093,2024-07-22,C100677,Karachi,Online,Accessories,Baseball Cap,3,960,590,0,COD,No,2880.0,1110.0,2024,2024-07
702326,2024-11-28,C100746,Karachi,Online,Accessories,Leather Belt,2,1280,820,15,COD,No,2176.0,536.0,2024,2024-11
704529,2024-01-03,C100902,Lahore,Online,Jeans,High-Waist Jeans,1,4110,2160,0,Card,Yes,4110.0,1950.0,2024,2024-01
700151,2024-11-29,C100329,Karachi,Online,T-Shirts,Graphic Print Tee,2,1560,940,0,Wallet,No,3120.0,1240.0,2024,2024-11
704211,2025-05-27,C101003,Lahore,Online,Kurtas,Cotton Kurta,1,1930,1010,10,Wallet,No,1737.0,727.0,2025,2025-05
703712,2024-07-18,C101294,Karachi,Store,Shoes,Loafers,1,5320,3240,15,Wallet,Yes,4522.0,1282.0,2024,2024-07
700871,2024-04-03,C100762,Lahore,Online,T-Shirts,Oversized Tee,2,1850,1110,15,Wallet,No,3145.0,925.0,2024,2024-04
703286,2023-11-06,C100652,Rawalpindi,Online,Jeans,Ripped Jeans,2,3810,2430,15,Card,No,6477.0,1617.0,2023,2023-11
701531,2024-03-01,C101561,Islamabad,Online,T-Shirts,Graphic Print Tee,2,1450,720,0,COD,No,2900.0,1460.0,2024,2024-03
701532,2023-11-26,C100706,Faisalabad,Online,Jeans,Slim Fit Jeans,2,3480,1700,0,Card,No,6960.0,3560.0,2023,2023-11
703853,2025-02-18,C100414,Lahore,Store,T-Shirts,Polo Shirt,1,2110,1080,0,COD,Yes,2110.0,1030.0,2025,2025-02
702172,2024-11-04,C101724,Karachi,Online,Dresses,Wrap Dress,1,4300,2480,0,Card,Yes,4300.0,1820.0,2024,2024-11
702886,2024-11-07,C100492,Rawalpindi,Online,Kurtas,Festive Kurta,1,4350,2680,15,Wallet,Yes,3697.5,1017.5,2024,2024-11
701415,2023-12-23,C101339,Karachi,Online,T-Shirts,Graphic Print Tee,1,1570,950,0,COD,No,1570.0,620.0,2023,2023-12
703049,2024-12-20,C100707,Faisalabad,Online,Kurtas,Festive Kurta,1,4490,2520,0,COD,No,4490.0,1970.0,2024,2024-12
701080,2023-12-16,C101176,Karachi,Online,Kurtas,Embroidered Kurta,2,2720,1670,20,Card,No,4352.0,1012.0,2023,2023-12
704050,2023-12-18,C100870,Faisalabad,Store,Shoes,Sneakers,3,4320,2600,10,Wallet,No,11664.0,3864.0,2023,2023-12
700806,2024-11-08,C100006,Faisalabad,Online,Kurtas,Printed Kurta,2,2400,1150,15,Wallet,No,4080.0,1780.0,2024,2024-11
703703,2024-06-25,C100666,Faisalabad,Store,Kurtas,Embroidered Kurta,1,2900,1730,10,Bank Transfer,No,2610.0,880.0,2024,2024-06
702635,2023-10-14,C101765,Lahore,Store,Dresses,Wrap Dress,2,4080,1960,0,Card,No,8160.0,4240.0,2023,2023-10
704971,2025-04-12,C101160,Lahore,Online,Jackets,Denim Jacket,1,5360,2760,15,COD,No,4556.0,1796.0,2025,2025-04
700581,2024-04-22,C102064,Karachi,Online,Shoes,Loafers,2,5250,3410,0,COD,No,10500.0,3680.0,2024,2024-04
701787,2025-04-24,C100821,Islamabad,Online,Kurtas,Embroidered Kurta,2,2800,1790,15,COD,No,4760.0,1180.0,2025,2025-04
701427,2025-01-04,C100616,Faisalabad,Online,Shoes,Loafers,1,5470,3390,15,Card,No,4649.5,1259.5,2025,2025-01
703122,2025-04-22,C101710,Faisalabad,Online,Dresses,Bodycon Dress,3,3720,2200,20,Bank Transfer,No,8928.0,2328.0,2025,2025-04
705084,2025-02-06,C101496,Multan,Online,Jackets,Puffer Jacket,1,6940,3910,0,Card,No,6940.0,3030.0,2025,2025-02
702143,2023-08-13,C100189,Karachi,Store,Kurtas,Embroidered Kurta,3,3010,1470,15,Card,No,7675.5,3265.5,2023,2023-08
700237,2024-05-23,C101867,Lahore,Online,Shoes,Loafers,3,5540,3030,15,COD,Yes,14127.0,5037.0,2024,2024-05
703220,2023-11-20,C100497,Islamabad,Store,Shoes,Boots,2,6940,3530,10,Card,No,12492.0,5432.0,2023,2023-11
702202,2024-01-24,C100071,Karachi,Store,Shoes,Sneakers,2,4700,2340,0,Card,No,9400.0,4720.0,2024,2024-01
701496,2023-10-28,C100194,Lahore,Online,Jeans,Ripped Jeans,2,3980,2330,0,Card,No,7960.0,3300.0,2023,2023-10
704556,2024-08-21,C101715,Faisalabad,Online,Kurtas,Printed Kurta,3,2520,1370,0,COD,No,7560.0,3450.0,2024,2024-08
702173,2023-10-01,C101730,Sialkot,Store,Kurtas,Cotton Kurta,3,1890,1010,0,Card,No,5670.0,2640.0,2023,2023-10
704989,2023-09-03,C101340,Lahore,Store,Kurtas,Cotton Kurta,1,1980,1040,15,COD,No,1683.0,643.0,2023,2023-09
702495,2024-06-05,C100489,Islamabad,Online,Kurtas,Cotton Kurta,2,1820,890,0,COD,No,3640.0,1860.0,2024,2024-06
703916,2024-08-28,C100658,Islamabad,Online,Kurtas,Festive Kurta,1,4450,2270,0,Bank Transfer,No,4450.0,2180.0,2024,2024-08
700275,2024-08-26,C101903,Lahore,Online,Kurtas,Cotton Kurta,1,1930,1180,0,Card,No,1930.0,750.0,2024,2024-08
702110,2023-09-23,C100386,Rawalpindi,Online,T-Shirts,Graphic Print Tee,1,1430,840,0,Card,No,1430.0,590.0,2023,2023-09
702599,2023-09-28,C101805,Rawalpindi,Online,Kurtas,Cotton Kurta,1,1850,1200,0,COD,No,1850.0,650.0,2023,2023-09
700391,2023-10-28,C101390,Peshawar,Store,T-Shirts,Graphic Print Tee,1,1450,700,0,Bank Transfer,No,1450.0,750.0,2023,2023-10
702663,2024-02-17,C101048,Multan,Online,Dresses,Wrap Dress,1,4100,2030,0,Card,No,4100.0,2070.0,2024,2024-02
704677,2025-02-03,C100270,Lahore,Store,Jeans,Straight Leg Jeans,1,3080,1820,10,COD,No,2772.0,952.0,2025,2025-02
704860,2023-07-04,C100647,Islamabad,Store,Dresses,Summer Floral Dress,3,3190,1860,0,COD,No,9570.0,3990.0,2023,2023-07
702605,2024-10-08,C101492,Rawalpindi,Online,Dresses,Wrap Dress,3,4180,2320,0,COD,No,12540.0,5580.0,2024,2024-10
703384,2023-11-01,C101062,Lahore,Online,Shoes,Loafers,1,5490,2820,10,Card,No,4941.0,2121.0,2023,2023-11
703233,2023-07-25,C100391,Lahore,Store,Kurtas,Cotton Kurta,3,1990,960,15,COD,No,5074.5,2194.5,2023,2023-07
704855,2024-07-02,C101821,Karachi,Store,Kurtas,Printed Kurta,1,2360,1240,0,COD,No,2360.0,1120.0,2024,2024-07
700164,2023-11-18,C102187,Islamabad,Store,Accessories,Baseball Cap,1,950,460,20,Wallet,No,760.0,300.0,2023,2023-11
703990,2024-02-28,C100809,Sialkot,Store,Kurtas,Printed Kurta,1,2450,1550,0,COD,No,2450.0,900.0,2024,2024-02
701039,2025-02-07,C100889,Rawalpindi,Online,Accessories,Sunglasses,3,2240,1340,0,Wallet,No,6720.0,2700.0,2025,2025-02
704775,2023-08-08,C100412,Lahore,Online,Shoes,Boots,1,6800,3840,15,Card,No,5780.0,1940.0,2023,2023-08
703372,2023-12-12,C100155,Rawalpindi,Online,Shoes,Sandals,3,2680,1710,25,COD,No,6030.0,900.0,2023,2023-12
701176,2024-01-22,C101203,Rawalpindi,Online,T-Shirts,Polo Shirt,1,2150,1180,0,Bank Transfer,No,2150.0,970.0,2024,2024-01
703835,2025-03-21,C100643,Lahore,Store,Dresses,Wrap Dress,1,3810,2200,10,Wallet,No,3429.0,1229.0,2025,2025-03
700785,2024-10-10,C101588,Karachi,Store,Shoes,Boots,1,6870,3340,15,Bank Transfer,No,5839.5,2499.5,2024,2024-10
702200,2023-11-23,C100100,Peshawar,Online,Jeans,Straight Leg Jeans,2,3110,1850,25,Card,No,4665.0,965.0,2023,2023-11
701083,2024-08-31,C100210,Rawalpindi,Online,Shoes,Sneakers,1,4820,2670,10,Card,No,4338.0,1668.0,2024,2024-08
703770,2024-07-14,C100085,Lahore,Store,Jeans,Ripped Jeans,1,3780,1810,0,COD,No,3780.0,1970.0,2024,2024-07
704492,2025-04-04,C101850,Lahore,Online,Accessories,Baseball Cap,1,910,470,0,Card,No,910.0,440.0,2025,2025-04
702607,2024-02-26,C100156,Unknown,Online,Dresses,Summer Floral Dress,1,3340,2010,0,COD,Yes,3340.0,1330.0,2024,2024-02
703002,2024-07-07,C100824,Multan,Online,Kurtas,Festive Kurta,2,4450,2670,0,Card,No,8900.0,3560.0,2024,2024-07
703838,2023-07-11,C101588,Karachi,Online,Jeans,High-Waist Jeans,2,4070,2100,0,Card,No,8140.0,3940.0,2023,2023-07
703923,2024-01-12,C101226,Karachi,Store,Shoes,Sandals,1,2980,1570,0,COD,Yes,2980.0,1410.0,2024,2024-01
703143,2024-09-06,C100162,Lahore,Online,Shoes,Loafers,1,4960,2900,0,Card,Yes,4960.0,2060.0,2024,2024-09
701669,2023-09-10,C101644,Lahore,Online,Jeans,Slim Fit Jeans,1,3450,1750,10,Card,No,3105.0,1355.0,2023,2023-09
701920,2023-10-21,C102018,Islamabad,Store,T-Shirts,Polo Shirt,1,2290,1390,0,Wallet,No,2290.0,900.0,2023,2023-10
703094,2024-12-10,C101260,Lahore,Online,Jackets,Puffer Jacket,1,6500,3290,10,Card,Yes,5850.0,2560.0,2024,2024-12
700142,2023-11-19,C100863,Islamabad,Online,Kurtas,Embroidered Kurta,1,2820,1720,25,Wallet,No,2115.0,395.0,2023,2023-11
704423,2025-05-15,C101561,Islamabad,Online,Dresses,Summer Floral Dress,1,3060,1880,15,Card,No,2601.0,721.0,2025,2025-05
704955,2024-04-04,C100701,Karachi,Store,Accessories,Tote Bag,1,1680,930,15,Card,No,1428.0,498.0,2024,2024-04
703902,2024-09-29,C101400,Karachi,Store,Shoes,Sneakers,1,4760,2740,0,Card,No,4760.0,2020.0,2024,2024-09
702244,2025-02-21,C100088,Lahore,Store,Shoes,Boots,1,6850,4380,0,Card,No,6850.0,2470.0,2025,2025-02
703940,2024-06-25,C100729,Islamabad,Online,Dresses,Bodycon Dress,1,3840,2380,0,COD,No,3840.0,1460.0,2024,2024-06
702933,2025-03-09,C100158,Rawalpindi,Online,T-Shirts,Polo Shirt,1,2190,1080,15,Wallet,No,1861.5,781.5,2025,2025-03
700278,2024-12-30,C101817,Karachi,Store,T-Shirts,Oversized Tee,2,1890,890,15,COD,No,3213.0,1433.0,2024,2024-12
703641,2025-03-20,C102132,Sialkot,Online,Shoes,Loafers,2,5000,2540,0,Card,Yes,10000.0,4920.0,2025,2025-03
703790,2023-08-08,C101088,Karachi,Online,Shoes,Sneakers,1,4740,2150,0,Card,No,4740.0,2590.0,2023,2023-08
701884,2025-03-28,C101502,Karachi,Online,Dresses,Wrap Dress,3,4020,2390,0,COD,No,12060.0,4890.0,2025,2025-03
701087,2024-08-08,C101667,Lahore,Online,Kurtas,Embroidered Kurta,1,2810,1350,0,COD,No,2810.0,1460.0,2024,2024-08
704609,2025-01-21,C100539,Multan,Online,Jackets,Bomber Jacket,2,5360,2440,0,COD,No,10720.0,5840.0,2025,2025-01
702568,2024-07-11,C101891,Faisalabad,Online,T-Shirts,Classic Cotton Tee,1,1180,540,0,COD,Yes,1180.0,640.0,2024,2024-07
701813,2023-11-09,C101073,Peshawar,Online,Jackets,Bomber Jacket,1,5500,2570,20,COD,No,4400.0,1830.0,2023,2023-11
702948,2024-12-20,C100091,Rawalpindi,Store,Accessories,Leather Belt,2,1180,730,20,Bank Transfer,No,1888.0,428.0,2024,2024-12
701221,2025-01-13,C101922,Karachi,Online,Kurtas,Embroidered Kurta,2,2730,1310,0,Wallet,No,5460.0,2840.0,2025,2025-01
702897,2025-05-19,C101073,Peshawar,Online,Shoes,Loafers,2,5550,2940,0,COD,Yes,11100.0,5220.0,2025,2025-05
702289,2024-08-31,C100840,Lahore,Online,Kurtas,Printed Kurta,3,2580,1160,0,Card,No,7740.0,4260.0,2024,2024-08
704849,2024-08-14,C100439,Islamabad,Online,Dresses,Maxi Dress,2,4740,2530,0,COD,No,9480.0,4420.0,2024,2024-08
702633,2025-01-21,C101126,Islamabad,Online,Dresses,Wrap Dress,2,4280,2310,0,Bank Transfer,Yes,8560.0,3940.0,2025,2025-01
700859,2024-03-12,C101979,Lahore,Online,Shoes,Loafers,2,5100,3190,0,COD,No,10200.0,3820.0,2024,2024-03
704874,2024-07-22,C101340,Lahore,Online,Dresses,Maxi Dress,1,4740,2940,0,COD,No,4740.0,1800.0,2024,2024-07
704038,2024-03-26,C101299,Unknown,Online,Shoes,Loafers,1,5520,3090,15,Bank Transfer,No,4692.0,1602.0,2024,2024-03
702235,2025-03-31,C101576,Faisalabad,Online,Jeans,Straight Leg Jeans,1,3110,1990,0,Card,No,3110.0,1120.0,2025,2025-03
702776,2024-04-07,C101167,Islamabad,Store,Shoes,Sneakers,1,4370,2200,10,Card,No,3933.0,1733.0,2024,2024-04
700119,2024-11-09,C100188,Faisalabad,Store,T-Shirts,Polo Shirt,1,2340,1350,20,Bank Transfer,No,1872.0,522.0,2024,2024-11
701106,2024-02-28,C102082,Rawalpindi,Store,T-Shirts,Oversized Tee,3,1890,1030,0,COD,Yes,5670.0,2580.0,2024,2024-02
701290,2023-12-15,C100576,Peshawar,Online,Dresses,Maxi Dress,1,4360,2210,20,COD,No,3488.0,1278.0,2023,2023-12
701012,2024-02-14,C101921,Karachi,Online,Kurtas,Printed Kurta,2,2540,1480,0,COD,No,5080.0,2120.0,2024,2024-02
704691,2024-09-06,C101567,Lahore,Online,Kurtas,Cotton Kurta,1,1940,950,0,Bank Transfer,No,1940.0,990.0,2024,2024-09
700458,2024-08-08,C101955,Sialkot,Store,Dresses,Summer Floral Dress,1,3330,1510,0,Card,No,3330.0,1820.0,2024,2024-08
700667,2024-01-24,C102187,Unknown,Store,Shoes,Sandals,1,2770,1530,0,COD,No,2770.0,1240.0,2024,2024-01
701340,2023-07-29,C101819,Islamabad,Store,Accessories,Leather Belt,1,1240,750,0,COD,No,1240.0,490.0,2023,2023-07
701309,2025-04-21,C100257,Lahore,Online,Dresses,Maxi Dress,1,4430,2130,20,Bank Transfer,No,3544.0,1414.0,2025,2025-04
703977,2024-05-27,C100809,Sialkot,Online,Accessories,Sunglasses,1,2270,1310,0,COD,No,2270.0,960.0,2024,2024-05
701002,2024-07-21,C102175,Islamabad,Online,Shoes,Boots,1,6200,3170,0,COD,Yes,6200.0,3030.0,2024,2024-07
702518,2024-10-26,C101233,Rawalpindi,Store,Kurtas,Cotton Kurta,1,1950,1010,0,COD,No,1950.0,940.0,2024,2024-10
703816,2025-05-01,C101229,Lahore,Store,Shoes,Boots,3,6600,3210,10,Card,No,17820.0,8190.0,2025,2025-05
701965,2024-06-09,C101269,Karachi,Online,Kurtas,Festive Kurta,2,4260,2260,0,Card,No,8520.0,4000.0,2024,2024-06
700665,2024-11-22,C100976,Karachi,Online,Kurtas,Printed Kurta,1,2420,1440,0,Card,No,2420.0,980.0,2024,2024-11
703386,2024-09-14,C101316,Islamabad,Online,Jeans,High-Waist Jeans,3,4310,2610,0,COD,No,12930.0,5100.0,2024,2024-09
704058,2024-10-19,C101220,Lahore,Store,Jeans,Ripped Jeans,1,3770,1920,0,COD,No,3770.0,1850.0,2024,2024-10
704658,2025-01-28,C101643,Lahore,Store,Shoes,Loafers,1,5150,3320,0,Wallet,No,5150.0,1830.0,2025,2025-01
700147,2023-07-14,C101556,Peshawar,Online,Kurtas,Cotton Kurta,2,1950,1190,0,Card,No,3900.0,1520.0,2023,2023-07
702448,2024-04-16,C101198,Karachi,Store,Kurtas,Cotton Kurta,1,1830,1110,0,Card,No,1830.0,720.0,2024,2024-04
702926,2023-07-11,C100641,Faisalabad,Online,Shoes,Boots,1,6470,3990,0,COD,No,6470.0,2480.0,2023,2023-07
702287,2023-09-20,C100468,Lahore,Online,Accessories,Tote Bag,1,1680,1000,0,COD,No,1680.0,680.0,2023,2023-09
701946,2023-11-10,C100246,Islamabad,Online,Jackets,Bomber Jacket,1,5350,3330,30,Wallet,No,3745.0,415.0,2023,2023-11
704012,2025-01-07,C100209,Islamabad,Online,Shoes,Loafers,2,5420,2670,0,COD,No,10840.0,5500.0,2025,2025-01
700719,2025-04-01,C101078,Islamabad,Online,Accessories,Tote Bag,3,1690,1010,10,Bank Transfer,No,4563.0,1533.0,2025,2025-04
704903,2023-07-07,C100482,Islamabad,Store,Accessories,Tote Bag,2,1640,900,0,Wallet,No,3280.0,1480.0,2023,2023-07
703813,2025-05-08,C100021,Karachi,Online,Kurtas,Cotton Kurta,2,1850,1160,15,COD,No,3145.0,825.0,2025,2025-05
703388,2024-09-12,C101058,Islamabad,Online,T-Shirts,Polo Shirt,1,2200,1340,0,COD,No,2200.0,860.0,2024,2024-09
704653,2024-02-01,C100410,Rawalpindi,Online,Accessories,Sunglasses,1,2340,1210,10,COD,No,2106.0,896.0,2024,2024-02
704692,2023-07-07,C101601,Lahore,Store,T-Shirts,Classic Cotton Tee,2,1140,690,0,Bank Transfer,No,2280.0,900.0,2023,2023-07
704547,2023-11-21,C100816,Peshawar,Online,Jeans,Ripped Jeans,1,3640,1910,0,COD,No,3640.0,1730.0,2023,2023-11
700133,2025-04-22,C100012,Rawalpindi,Store,Jeans,Straight Leg Jeans,2,3260,1480,0,Card,No,6520.0,3560.0,2025,2025-04
704715,2024-01-10,C100521,Karachi,Online,T-Shirts,Classic Cotton Tee,1,1210,670,0,Card,No,1210.0,540.0,2024,2024-01
702200,2023-11-23,C100100,Peshawar,Online,Kurtas,Embroidered Kurta,2,2980,1500,0,Card,No,5960.0,2960.0,2023,2023-11
700406,2024-07-04,C101216,Karachi,Online,Kurtas,Embroidered Kurta,1,2830,1450,15,COD,No,2405.5,955.5,2024,2024-07
702147,2023-11-20,C102052,Karachi,Store,T-Shirts,Classic Cotton Tee,1,1290,640,20,Card,No,1032.0,392.0,2023,2023-11
700392,2024-03-19,C100749,Multan,Online,Jeans,Slim Fit Jeans,2,3390,1680,0,Card,No,6780.0,3420.0,2024,2024-03
703184,2024-03-14,C101927,Rawalpindi,Store,Shoes,Sandals,1,2750,1600,0,COD,Yes,2750.0,1150.0,2024,2024-03
705118,2023-08-27,C100065,Islamabad,Online,Accessories,Sunglasses,1,2270,1420,0,COD,Yes,2270.0,850.0,2023,2023-08
703651,2025-06-04,C100157,Rawalpindi,Store,Accessories,Baseball Cap,2,930,500,0,COD,No,1860.0,860.0,2025,2025-06
702475,2024-08-07,C101838,Faisalabad,Online,Accessories,Tote Bag,1,1540,730,0,COD,No,1540.0,810.0,2024,2024-08
702011,2024-10-02,C100267,Lahore,Store,Jeans,Straight Leg Jeans,1,3440,1660,0,COD,No,3440.0,1780.0,2024,2024-10
704519,2025-03-07,C100804,Lahore,Store,Kurtas,Embroidered Kurta,1,2960,1780,0,Card,No,2960.0,1180.0,2025,2025-03
704441,2023-11-10,C100411,Rawalpindi,Store,T-Shirts,Classic Cotton Tee,2,1240,800,0,Card,No,2480.0,880.0,2023,2023-11
703379,2024-10-17,C101011,Islamabad,Online,Shoes,Sandals,2,2740,1240,0,Card,No,5480.0,3000.0,2024,2024-10
704914,2023-10-29,C100894,Faisalabad,Online,Shoes,Sneakers,1,4440,2400,0,Wallet,No,4440.0,2040.0,2023,2023-10
703565,2023-08-03,C101980,Multan,Online,Accessories,Sunglasses,1,2350,1430,15,Bank Transfer,No,1997.5,567.5,2023,2023-08
704360,2024-11-03,C100811,Lahore,Online,T-Shirts,Oversized Tee,2,1800,1160,20,COD,No,2880.0,560.0,2024,2024-11
702757,2023-12-24,C101855,Sialkot,Online,Jackets,Hooded Jacket,1,5020,2680,0,Card,No,5020.0,2340.0,2023,2023-12
703263,2023-08-13,C100860,Faisalabad,Store,Kurtas,Festive Kurta,1,4340,2380,10,COD,No,3906.0,1526.0,2023,2023-08
701712,2023-10-29,C101620,Lahore,Online,Jeans,Straight Leg Jeans,2,3420,2210,0,COD,No,6840.0,2420.0,2023,2023-10
701276,2024-08-13,C102001,Karachi,Online,Shoes,Boots,1,6560,3100,0,COD,No,6560.0,3460.0,2024,2024-08
705079,2023-11-27,C101842,Lahore,Online,Kurtas,Embroidered Kurta,1,2950,1530,15,Wallet,No,2507.5,977.5,2023,2023-11
702102,2024-07-02,C101466,Karachi,Online,T-Shirts,Classic Cotton Tee,1,1280,600,0,Card,No,1280.0,680.0,2024,2024-07
704560,2024-03-13,C101896,Rawalpindi,Store,Kurtas,Cotton Kurta,1,2010,1230,0,Bank Transfer,No,2010.0,780.0,2024,2024-03
701204,2024-05-16,C101969,Islamabad,Online,Dresses,Maxi Dress,2,4500,2580,20,Bank Transfer,No,7200.0,2040.0,2024,2024-05
702144,2024-01-06,C100570,Karachi,Online,Jeans,High-Waist Jeans,1,4490,2590,0,Card,No,4490.0,1900.0,2024,2024-01
701316,2025-03-29,C100098,Lahore,Online,T-Shirts,Classic Cotton Tee,1,1150,650,0,Unknown,No,1150.0,500.0,2025,2025-03
703119,2025-01-29,C100075,Karachi,Online,Kurtas,Printed Kurta,2,2330,1170,0,COD,No,4660.0,2320.0,2025,2025-01
702081,2025-04-18,C102072,Karachi,Store,T-Shirts,Oversized Tee,1,1790,1050,0,COD,No,1790.0,740.0,2025,2025-04
703558,2024-10-13,C101940,Lahore,Online,Jeans,High-Waist Jeans,1,4070,2520,10,Card,No,3663.0,1143.0,2024,2024-10
701396,2024-07-05,C101033,Peshawar,Online,Jackets,Bomber Jacket,1,5070,2630,10,COD,No,4563.0,1933.0,2024,2024-07
704168,2024-03-18,C101104,Lahore,Online,T-Shirts,Polo Shirt,1,2200,1090,0,Card,Yes,2200.0,1110.0,2024,2024-03
704311,2024-01-30,C101865,Multan,Online,Dresses,Summer Floral Dress,3,3430,1850,10,Bank Transfer,Yes,9261.0,3711.0,2024,2024-01
702059,2024-08-21,C101853,Faisalabad,Store,Jeans,Ripped Jeans,1,3900,2230,0,Bank Transfer,No,3900.0,1670.0,2024,2024-08
700682,2024-08-07,C100156,Karachi,Store,Shoes,Sandals,1,2690,1310,0,Card,No,2690.0,1380.0,2024,2024-08
702146,2023-10-05,C101561,Islamabad,Online,Kurtas,Embroidered Kurta,1,3000,1460,0,COD,No,3000.0,1540.0,2023,2023-10
702265,2024-10-11,C100417,Faisalabad,Online,Jeans,Slim Fit Jeans,1,3430,1800,0,Card,No,3430.0,1630.0,2024,2024-10
704512,2023-09-05,C102030,Lahore,Online,Jeans,High-Waist Jeans,1,4210,2460,0,Card,Yes,4210.0,1750.0,2023,2023-09
700909,2025-03-16,C100075,Karachi,Store,Jeans,Slim Fit Jeans,2,3440,1930,0,COD,No,6880.0,3020.0,2025,2025-03
702865,2025-02-15,C101125,Islamabad,Online,Shoes,Sneakers,1,4640,2800,0,Card,No,4640.0,1840.0,2025,2025-02
701991,2023-07-15,C100860,Faisalabad,Store,Accessories,Tote Bag,1,1520,720,15,COD,No,1292.0,572.0,2023,2023-07
703556,2024-03-30,C100068,Lahore,Store,Dresses,Maxi Dress,1,4320,2260,0,COD,No,4320.0,2060.0,2024,2024-03
702306,2024-11-08,C100936,Sialkot,Online,Jackets,Bomber Jacket,1,5330,2670,30,COD,No,3731.0,1061.0,2024,2024-11
704032,2024-06-20,C100622,Sialkot,Online,Dresses,Bodycon Dress,1,4060,2320,0,COD,No,4060.0,1740.0,2024,2024-06
702145,2024-05-17,C100050,Lahore,Online,Jeans,Slim Fit Jeans,1,3450,2010,15,Card,No,2932.5,922.5,2024,2024-05
703609,2024-07-24,C101421,Karachi,Store,Jeans,Slim Fit Jeans,2,3590,2260,0,Card,Yes,7180.0,2660.0,2024,2024-07
700349,2023-12-05,C100876,Karachi,Online,Jeans,High-Waist Jeans,1,4100,2060,10,Wallet,No,3690.0,1630.0,2023,2023-12
704011,2025-06-21,C101947,Peshawar,Store,T-Shirts,Graphic Print Tee,1,1580,800,0,COD,No,1580.0,780.0,2025,2025-06
700012,2024-07-15,C101332,Islamabad,Online,Accessories,Tote Bag,1,1680,960,0,COD,No,1680.0,720.0,2024,2024-07
704345,2025-02-20,C101009,Karachi,Store,Jackets,Bomber Jacket,1,5320,2700,15,Card,No,4522.0,1822.0,2025,2025-02
701200,2025-01-12,C101617,Islamabad,Online,Accessories,Leather Belt,1,1180,690,0,Wallet,No,1180.0,490.0,2025,2025-01
702828,2023-09-09,C100488,Islamabad,Online,Accessories,Leather Belt,1,1260,570,0,Card,No,1260.0,690.0,2023,2023-09
704270,2025-05-24,C100969,Lahore,Store,T-Shirts,Oversized Tee,1,1900,1180,20,Card,No,1520.0,340.0,2025,2025-05
701300,2024-12-19,C101964,Faisalabad,Store,T-Shirts,Classic Cotton Tee,1,1240,600,30,COD,No,868.0,268.0,2024,2024-12
700766,2024-01-18,C100915,Sialkot,Store,Shoes,Boots,1,6940,3800,15,Bank Transfer,No,5899.0,2099.0,2024,2024-01
705054,2024-11-17,C101992,Karachi,Store,Accessories,Baseball Cap,1,910,430,20,Card,No,728.0,298.0,2024,2024-11
704611,2025-01-01,C100597,Islamabad,Store,T-Shirts,Oversized Tee,1,1910,940,15,Card,No,1623.5,683.5,2025,2025-01
701353,2023-08-20,C101520,Karachi,Store,Accessories,Tote Bag,2,1670,810,15,Card,Yes,2839.0,1219.0,2023,2023-08
700921,2023-12-25,C100544,Lahore,Store,T-Shirts,Graphic Print Tee,1,1610,800,30,Wallet,No,1127.0,327.0,2023,2023-12
703322,2025-01-24,C100953,Lahore,Online,Shoes,Sandals,3,2980,1550,0,Wallet,No,8940.0,4290.0,2025,2025-01
705163,2024-01-23,C100098,Lahore,Online,Dresses,Summer Floral Dress,1,3220,1940,0,COD,Yes,3220.0,1280.0,2024,2024-01
701084,2023-12-25,C102014,Karachi,Online,Shoes,Sneakers,1,4820,2410,0,COD,No,4820.0,2410.0,2023,2023-12
703982,2025-01-28,C100196,Islamabad,Online,Accessories,Tote Bag,1,1560,920,0,Unknown,No,1560.0,640.0,2025,2025-01
704051,2023-07-23,C100805,Lahore,Online,Jeans,Slim Fit Jeans,2,3720,2400,0,COD,No,7440.0,2640.0,2023,2023-07
702893,2024-02-19,C102057,Karachi,Online,T-Shirts,Oversized Tee,1,1750,1100,0,COD,No,1750.0,650.0,2024,2024-02
702778,2025-03-13,C100624,Sialkot,Online,Kurtas,Embroidered Kurta,1,2970,1860,0,Card,No,2970.0,1110.0,2025,2025-03
701249,2024-02-07,C102140,Peshawar,Online,Kurtas,Embroidered Kurta,1,2950,1460,0,Bank Transfer,No,2950.0,1490.0,2024,2024-02
703305,2025-03-17,C101815,Islamabad,Store,Accessories,Sunglasses,1,2300,1040,15,COD,No,1955.0,915.0,2025,2025-03
700818,2024-08-07,C100956,Faisalabad,Store,T-Shirts,Oversized Tee,3,1800,1070,0,COD,No,5400.0,2190.0,2024,2024-08
702137,2025-05-03,C100170,Karachi,Store,Accessories,Tote Bag,1,1680,790,0,Card,No,1680.0,890.0,2025,2025-05
702992,2023-10-22,C101847,Rawalpindi,Store,Kurtas,Embroidered Kurta,2,2940,1740,0,COD,No,5880.0,2400.0,2023,2023-10
702682,2024-10-17,C102086,Karachi,Online,Jackets,Bomber Jacket,3,5380,3260,0,COD,No,16140.0,6360.0,2024,2024-10
703112,2023-08-28,C100388,Lahore,Online,Dresses,Bodycon Dress,1,3810,2000,10,Wallet,No,3429.0,1429.0,2023,2023-08
704771,2024-06-20,C101297,Lahore,Online,Kurtas,Embroidered Kurta,1,2730,1640,0,Card,No,2730.0,1090.0,2024,2024-06
705155,2023-07-10,C100813,Islamabad,Online,Jeans,Ripped Jeans,1,3880,1910,0,COD,No,3880.0,1970.0,2023,2023-07
700157,2024-06-13,C101098,Multan,Store,Dresses,Summer Floral Dress,2,3310,1490,0,COD,No,6620.0,3640.0,2024,2024-06
700741,2025-05-27,C101119,Peshawar,Store,Dresses,Summer Floral Dress,1,3380,2150,10,Card,No,3042.0,892.0,2025,2025-05
701524,2023-12-25,C101388,Peshawar,Online,Jackets,Hooded Jacket,3,5150,2720,0,Card,No,15450.0,7290.0,2023,2023-12
704719,2024-12-01,C101504,Faisalabad,Store,Shoes,Boots,3,6970,3420,25,Wallet,No,15682.5,5422.5,2024,2024-12
704899,2025-02-11,C102112,Lahore,Online,Jackets,Denim Jacket,1,5930,3300,10,Wallet,No,5337.0,2037.0,2025,2025-02
703633,2024-08-28,C101853,Faisalabad,Online,Shoes,Loafers,2,5200,3280,0,Card,No,10400.0,3840.0,2024,2024-08
702309,2024-10-31,C101446,Peshawar,Store,Accessories,Baseball Cap,1,940,450,0,Card,No,940.0,490.0,2024,2024-10
702418,2024-03-08,C100387,Unknown,Store,Dresses,Maxi Dress,1,4540,2830,0,Card,No,4540.0,1710.0,2024,2024-03
701523,2024-07-07,C101192,Multan,Store,Dresses,Wrap Dress,1,3830,1860,10,COD,No,3447.0,1587.0,2024,2024-07
701705,2023-11-30,C100860,Faisalabad,Online,Jackets,Hooded Jacket,1,5070,2660,20,Bank Transfer,No,4056.0,1396.0,2023,2023-11
701151,2024-04-09,C100573,Unknown,Online,Jeans,Straight Leg Jeans,1,3090,1920,0,COD,No,3090.0,1170.0,2024,2024-04
704594,2024-03-22,C101892,Islamabad,Store,Shoes,Sneakers,1,4510,2520,0,COD,Yes,4510.0,1990.0,2024,2024-03
703490,2025-03-10,C100786,Faisalabad,Store,Kurtas,Festive Kurta,1,4000,2040,0,Card,No,4000.0,1960.0,2025,2025-03
704238,2025-06-11,C100428,Lahore,Store,Dresses,Bodycon Dress,3,3670,2050,0,Wallet,No,11010.0,4860.0,2025,2025-06
703948,2025-05-23,C101916,Rawalpindi,Store,Dresses,Summer Floral Dress,1,3280,2000,15,Bank Transfer,No,2788.0,788.0,2025,2025-05
703256,2024-10-31,C100285,Karachi,Online,Kurtas,Embroidered Kurta,1,2900,1590,0,COD,No,2900.0,1310.0,2024,2024-10
700746,2024-07-24,C100139,Lahore,Online,Kurtas,Printed Kurta,3,2370,1520,0,Wallet,No,7110.0,2550.0,2024,2024-07
701960,2024-01-24,C100249,Karachi,Online,Kurtas,Festive Kurta,1,4000,2050,10,COD,No,3600.0,1550.0,2024,2024-01
704293,2024-01-30,C102144,Karachi,Online,Shoes,Loafers,3,5610,3440,0,COD,No,16830.0,6510.0,2024,2024-01
703969,2023-09-25,C101780,Lahore,Online,Jeans,High-Waist Jeans,1,4350,2530,0,Card,No,4350.0,1820.0,2023,2023-09
700556,2025-05-09,C101725,Lahore,Online,Kurtas,Festive Kurta,1,4040,2320,0,COD,No,4040.0,1720.0,2025,2025-05
703686,2024-12-04,C101347,Karachi,Store,Jackets,Bomber Jacket,2,5090,2300,20,Card,No,8144.0,3544.0,2024,2024-12
703490,2025-03-10,C100786,Faisalabad,Store,T-Shirts,Classic Cotton Tee,1,1180,690,0,Card,No,1180.0,490.0,2025,2025-03
702542,2024-11-30,C100229,Lahore,Store,Dresses,Maxi Dress,2,4290,2400,30,Bank Transfer,No,6006.0,1206.0,2024,2024-11
701049,2024-09-03,C102058,Lahore,Online,Kurtas,Cotton Kurta,2,1860,1130,10,COD,No,3348.0,1088.0,2024,2024-09
701860,2023-10-01,C100416,Lahore,Store,Shoes,Sneakers,1,4550,2590,10,Card,Yes,4095.0,1505.0,2023,2023-10
700396,2024-02-10,C101140,Karachi,Online,Jackets,Denim Jacket,1,5490,2570,0,Card,No,5490.0,2920.0,2024,2024-02
700111,2023-09-12,C100795,Karachi,Store,Accessories,Sunglasses,1,2290,1290,10,Card,No,2061.0,771.0,2023,2023-09
700879,2024-04-09,C100863,Islamabad,Online,Jeans,Slim Fit Jeans,1,3360,1740,20,Card,No,2688.0,948.0,2024,2024-04
700720,2023-11-22,C101092,Karachi,Online,Accessories,Leather Belt,1,1160,640,25,COD,No,870.0,230.0,2023,2023-11
704367,2024-02-02,C101246,Islamabad,Store,Shoes,Sneakers,1,4680,2540,15,COD,No,3978.0,1438.0,2024,2024-02
703670,2025-06-16,C100070,Lahore,Online,Shoes,Sneakers,1,4280,2150,10,Wallet,No,3852.0,1702.0,2025,2025-06
700661,2023-11-28,C100478,Islamabad,Store,Kurtas,Embroidered Kurta,1,2710,1630,15,COD,No,2303.5,673.5,2023,2023-11
704274,2024-04-29,C101322,Lahore,Online,Accessories,Sunglasses,2,2200,1080,10,Card,No,3960.0,1800.0,2024,2024-04
701928,2024-10-14,C101500,Rawalpindi,Store,Kurtas,Printed Kurta,3,2420,1460,0,Card,No,7260.0,2880.0,2024,2024-10
700367,2024-03-06,C100967,Lahore,Store,Kurtas,Printed Kurta,2,2320,1400,0,Wallet,No,4640.0,1840.0,2024,2024-03
704672,2024-01-02,C100398,Karachi,Store,T-Shirts,Oversized Tee,3,1940,1080,10,Bank Transfer,No,5238.0,1998.0,2024,2024-01
704595,2025-05-25,C100003,Rawalpindi,Online,Shoes,Sneakers,1,4320,2230,0,COD,No,4320.0,2090.0,2025,2025-05
700739,2024-12-06,C100258,Lahore,Store,Dresses,Bodycon Dress,2,3980,1830,15,Card,No,6766.0,3106.0,2024,2024-12
703542,2024-06-01,C101299,Karachi,Online,Shoes,Sandals,1,2810,1790,0,COD,No,2810.0,1020.0,2024,2024-06
702437,2025-04-02,C100879,Islamabad,Store,T-Shirts,Classic Cotton Tee,3,1180,750,0,Card,No,3540.0,1290.0,2025,2025-04
701270,2024-02-10,C100690,Karachi,Store,Dresses,Summer Floral Dress,1,3130,1600,0,Wallet,No,3130.0,1530.0,2024,2024-02
700464,2024-04-30,C102008,Lahore,Online,Jeans,High-Waist Jeans,1,4240,2180,10,COD,No,3816.0,1636.0,2024,2024-04
704776,2025-03-03,C101615,Lahore,Online,Jackets,Bomber Jacket,1,5110,2480,10,COD,No,4599.0,2119.0,2025,2025-03
704899,2025-02-11,C102112,Lahore,Online,Jeans,Straight Leg Jeans,3,3320,1590,15,Wallet,No,8466.0,3696.0,2025,2025-02
703176,2024-02-22,C102109,Lahore,Online,Jeans,Ripped Jeans,2,3940,1970,0,COD,No,7880.0,3940.0,2024,2024-02
704415,2025-06-04,C100178,Peshawar,Online,T-Shirts,Polo Shirt,1,2300,1320,0,COD,No,2300.0,980.0,2025,2025-06
703470,2023-07-19,C101223,Rawalpindi,Online,Jeans,Straight Leg Jeans,1,3320,1600,0,COD,No,3320.0,1720.0,2023,2023-07
705028,2025-06-20,C100578,Multan,Online,Accessories,Leather Belt,3,1230,770,0,COD,Yes,3690.0,1380.0,2025,2025-06
702991,2023-07-31,C100999,Karachi,Online,Dresses,Summer Floral Dress,1,3250,1820,0,Bank Transfer,No,3250.0,1430.0,2023,2023-07
704752,2024-11-13,C101669,Multan,Online,Jeans,Slim Fit Jeans,1,3470,1690,10,Unknown,No,3123.0,1433.0,2024,2024-11
704571,2024-10-22,C102102,Faisalabad,Online,Dresses,Wrap Dress,1,4000,2140,0,Card,No,4000.0,1860.0,2024,2024-10
702003,2024-02-04,C102091,Multan,Online,Accessories,Leather Belt,1,1150,610,0,COD,No,1150.0,540.0,2024,2024-02
702880,2024-11-21,C100296,Sialkot,Online,Kurtas,Festive Kurta,1,4090,2480,30,COD,No,2863.0,383.0,2024,2024-11
704340,2024-01-13,C100168,Karachi,Store,Jackets,Denim Jacket,2,5520,2640,0,COD,No,11040.0,5760.0,2024,2024-01
700834,2024-11-25,C100431,Faisalabad,Store,Accessories,Sunglasses,1,2090,1310,15,Card,No,1776.5,466.5,2024,2024-11
701362,2024-12-31,C100342,Faisalabad,Online,Dresses,Summer Floral Dress,2,3250,1560,0,Card,No,6500.0,3380.0,2024,2024-12
703845,2024-08-26,C101469,Unknown,Store,Kurtas,Cotton Kurta,2,1820,1100,0,Unknown,No,3640.0,1440.0,2024,2024-08
704162,2024-11-05,C102129,Lahore,Store,Jeans,High-Waist Jeans,1,4110,2060,15,Bank Transfer,No,3493.5,1433.5,2024,2024-11
704926,2023-09-04,C101829,Karachi,Store,T-Shirts,Polo Shirt,1,2220,1140,0,COD,No,2220.0,1080.0,2023,2023-09
702439,2024-11-04,C100659,Karachi,Store,T-Shirts,Polo Shirt,2,2330,1330,15,COD,No,3961.0,1301.0,2024,2024-11
702136,2024-10-19,C102180,Faisalabad,Online,Kurtas,Cotton Kurta,1,1960,1180,0,Card,No,1960.0,780.0,2024,2024-10
705072,2024-06-06,C101332,Islamabad,Online,Accessories,Baseball Cap,1,890,440,0,COD,No,890.0,450.0,2024,2024-06
704493,2024-03-02,C102134,Islamabad,Store,Shoes,Boots,1,6370,3640,10,Bank Transfer,No,5733.0,2093.0,2024,2024-03
704843,2024-03-06,C101508,Lahore,Online,T-Shirts,Oversized Tee,1,1760,1010,10,Bank Transfer,Yes,1584.0,574.0,2024,2024-03
702709,2025-06-02,C100368,Karachi,Online,Jeans,Ripped Jeans,2,3790,2150,0,Wallet,No,7580.0,3280.0,2025,2025-06
704277,2025-02-18,C100371,Karachi,Online,Shoes,Loafers,2,5200,3360,0,Card,No,10400.0,3680.0,2025,2025-02
704404,2023-10-22,C101593,Karachi,Online,Dresses,Wrap Dress,1,4170,2680,0,Wallet,No,4170.0,1490.0,2023,2023-10
701689,2023-07-14,C102058,Lahore,Online,Dresses,Maxi Dress,2,4600,2350,0,Wallet,No,9200.0,4500.0,2023,2023-07
703274,2024-03-10,C101946,Lahore,Store,Jackets,Hooded Jacket,1,4690,2320,0,Wallet,No,4690.0,2370.0,2024,2024-03
704683,2023-08-11,C100302,Islamabad,Online,Accessories,Leather Belt,1,1180,590,0,Card,No,1180.0,590.0,2023,2023-08
700274,2025-01-06,C100801,Karachi,Store,Jackets,Denim Jacket,1,5910,3580,0,Bank Transfer,No,5910.0,2330.0,2025,2025-01
700006,2025-06-18,C101469,Lahore,Online,Dresses,Bodycon Dress,2,3740,2410,0,Card,No,7480.0,2660.0,2025,2025-06
702139,2025-04-17,C101117,Unknown,Online,Kurtas,Festive Kurta,1,4220,2090,0,Card,No,4220.0,2130.0,2025,2025-04
701330,2024-10-09,C101090,Lahore,Store,Shoes,Boots,2,6860,3630,0,Card,No,13720.0,6460.0,2024,2024-10
705063,2025-03-03,C100229,Lahore,Store,Accessories,Baseball Cap,1,940,530,0,Wallet,No,940.0,410.0,2025,2025-03
704372,2024-10-08,C101013,Sialkot,Online,Kurtas,Embroidered Kurta,1,2670,1640,15,Card,No,2269.5,629.5,2024,2024-10
704400,2025-01-22,C100237,Faisalabad,Store,Jackets,Denim Jacket,1,5240,3300,0,Card,No,5240.0,1940.0,2025,2025-01
704040,2024-04-03,C100464,Islamabad,Online,Shoes,Boots,1,6860,3470,0,Card,No,6860.0,3390.0,2024,2024-04
702546,2023-12-25,C101045,Karachi,Online,Jackets,Puffer Jacket,1,6920,3270,10,COD,No,6228.0,2958.0,2023,2023-12
700949,2024-12-20,C101931,Islamabad,Store,Jackets,Denim Jacket,1,5940,3830,15,COD,No,5049.0,1219.0,2024,2024-12
701490,2025-04-28,C101578,Sialkot,Store,Dresses,Summer Floral Dress,2,3390,2120,10,Wallet,No,6102.0,1862.0,2025,2025-04
704901,2023-11-28,C100322,Karachi,Store,Shoes,Sneakers,2,4570,2910,0,COD,No,9140.0,3320.0,2023,2023-11
701583,2024-08-25,C101235,Lahore,Online,Dresses,Summer Floral Dress,1,3400,1890,15,COD,No,2890.0,1000.0,2024,2024-08
702930,2023-09-05,C100232,Sialkot,Online,Jeans,Slim Fit Jeans,1,3450,1670,0,COD,No,3450.0,1780.0,2023,2023-09
700267,2024-10-15,C102185,Lahore,Store,Kurtas,Cotton Kurta,2,1900,870,0,Unknown,No,3800.0,2060.0,2024,2024-10
701803,2024-10-13,C102151,Lahore,Online,Jackets,Denim Jacket,1,5930,3700,0,Card,No,5930.0,2230.0,2024,2024-10
704437,2025-05-31,C101047,Faisalabad,Online,Dresses,Maxi Dress,1,4420,2670,15,Card,No,3757.0,1087.0,2025,2025-05
702662,2025-02-07,C100942,Lahore,Online,Jackets,Bomber Jacket,1,5440,3100,0,Card,No,5440.0,2340.0,2025,2025-02
703769,2024-03-01,C100356,Faisalabad,Online,T-Shirts,Classic Cotton Tee,1,1270,690,0,Wallet,No,1270.0,580.0,2024,2024-03
701268,2024-08-04,C101658,Karachi,Store,Accessories,Baseball Cap,2,900,510,0,COD,No,1800.0,780.0,2024,2024-08
702608,2023-11-26,C100898,Lahore,Online,Jeans,Slim Fit Jeans,1,3480,1660,10,COD,No,3132.0,1472.0,2023,2023-11
701291,2023-08-23,C100251,Multan,Online,Kurtas,Cotton Kurta,1,1950,1210,0,Bank Transfer,Yes,1950.0,740.0,2023,2023-08
702754,2024-07-18,C100983,Karachi,Online,T-Shirts,Classic Cotton Tee,1,1270,620,0,Wallet,No,1270.0,650.0,2024,2024-07
700651,2025-01-18,C101046,Lahore,Online,Shoes,Sandals,1,2850,1630,0,Card,No,2850.0,1220.0,2025,2025-01
701013,2024-08-14,C101478,Karachi,Online,Kurtas,Festive Kurta,2,4030,2140,10,COD,No,7254.0,2974.0,2024,2024-08
704896,2024-12-22,C101107,Karachi,Store,Jackets,Hooded Jacket,1,5090,2470,30,COD,No,3563.0,1093.0,2024,2024-12
703350,2024-10-11,C100663,Lahore,Online,Kurtas,Embroidered Kurta,1,3020,1590,0,COD,No,3020.0,1430.0,2024,2024-10
700110,2024-04-10,C100869,Lahore,Online,Shoes,Boots,3,6560,2960,15,Card,No,16728.0,7848.0,2024,2024-04
703529,2023-09-11,C101685,Lahore,Online,Accessories,Tote Bag,3,1650,810,10,Card,No,4455.0,2025.0,2023,2023-09
703617,2023-10-19,C100849,Sialkot,Online,Kurtas,Printed Kurta,1,2290,1050,10,COD,No,2061.0,1011.0,2023,2023-10
704776,2025-03-03,C101615,Lahore,Online,Jackets,Denim Jacket,2,5820,3600,0,COD,No,11640.0,4440.0,2025,2025-03
700466,2024-04-20,C100910,Faisalabad,Online,Jackets,Puffer Jacket,3,6790,3380,10,Card,No,18333.0,8193.0,2024,2024-04
704110,2023-08-20,C100631,Multan,Store,Shoes,Loafers,3,5270,2750,0,COD,No,15810.0,7560.0,2023,2023-08
700825,2023-08-02,C101223,Rawalpindi,Store,T-Shirts,Polo Shirt,1,2200,1120,0,Bank Transfer,Yes,2200.0,1080.0,2023,2023-08
703413,2024-11-29,C102064,Karachi,Online,Kurtas,Cotton Kurta,1,1990,1190,15,COD,No,1691.5,501.5,2024,2024-11
705025,2023-10-27,C100624,Sialkot,Store,Accessories,Tote Bag,3,1650,760,0,Card,No,4950.0,2670.0,2023,2023-10
702173,2023-10-01,C101730,Sialkot,Store,Jackets,Puffer Jacket,1,6470,4170,0,Card,Yes,6470.0,2300.0,2023,2023-10
703015,2024-12-27,C101869,Multan,Store,T-Shirts,Polo Shirt,1,2190,1330,20,COD,No,1752.0,422.0,2024,2024-12
700983,2024-04-11,C101789,Lahore,Online,Dresses,Maxi Dress,1,4340,2500,10,Card,No,3906.0,1406.0,2024,2024-04
701319,2024-10-09,C101851,Peshawar,Store,Kurtas,Embroidered Kurta,1,2790,1600,0,COD,No,2790.0,1190.0,2024,2024-10
704200,2025-01-23,C101391,Multan,Online,Dresses,Bodycon Dress,2,4020,1990,0,COD,No,8040.0,4060.0,2025,2025-01
704577,2024-04-04,C100582,Lahore,Store,Dresses,Maxi Dress,1,4660,2570,0,Card,No,4660.0,2090.0,2024,2024-04
703991,2025-06-30,C100163,Lahore,Store,Accessories,Sunglasses,1,2340,1180,15,Card,No,1989.0,809.0,2025,2025-06
702526,2023-10-25,C100597,Islamabad,Online,Accessories,Sunglasses,1,2230,1070,10,Bank Transfer,No,2007.0,937.0,2023,2023-10
700313,2023-08-05,C100483,Karachi,Store,Accessories,Leather Belt,1,1170,590,0,Card,No,1170.0,580.0,2023,2023-08
701162,2024-02-29,C101693,Faisalabad,Online,Accessories,Sunglasses,1,2200,1190,0,Bank Transfer,No,2200.0,1010.0,2024,2024-02
704008,2025-04-07,C101368,Lahore,Store,Accessories,Leather Belt,2,1150,720,15,COD,No,1955.0,515.0,2025,2025-04
704449,2025-02-09,C101469,Lahore,Online,Accessories,Sunglasses,2,2290,1390,0,COD,No,4580.0,1800.0,2025,2025-02
703733,2024-09-30,C100894,Faisalabad,Online,Accessories,Leather Belt,1,1180,620,0,COD,No,1180.0,560.0,2024,2024-09
701395,2024-02-29,C102045,Lahore,Online,Shoes,Sneakers,3,4560,2330,0,COD,No,13680.0,6690.0,2024,2024-02
701593,2024-10-08,C100031,Sialkot,Online,Jackets,Puffer Jacket,1,6620,3160,0,COD,No,6620.0,3460.0,2024,2024-10
702566,2023-11-30,C100007,Faisalabad,Store,Accessories,Sunglasses,1,2250,1360,0,Card,No,2250.0,890.0,2023,2023-11
700607,2024-03-29,C101682,Faisalabad,Online,Kurtas,Cotton Kurta,1,1920,1030,10,COD,Yes,1728.0,698.0,2024,2024-03
700839,2024-06-22,C101194,Multan,Online,Jeans,Ripped Jeans,3,3760,2300,10,Bank Transfer,Yes,10152.0,3252.0,2024,2024-06
703057,2023-07-14,C101305,Peshawar,Online,Accessories,Baseball Cap,2,860,410,0,Wallet,No,1720.0,900.0,2023,2023-07
700495,2023-08-14,C100255,Faisalabad,Store,Kurtas,Embroidered Kurta,1,2890,1450,0,Card,No,2890.0,1440.0,2023,2023-08
702821,2024-03-02,C101891,Faisalabad,Store,Shoes,Sandals,2,2880,1360,0,Wallet,No,5760.0,3040.0,2024,2024-03
703987,2023-07-17,C100723,Sialkot,Store,Jeans,High-Waist Jeans,1,4270,2300,0,COD,No,4270.0,1970.0,2023,2023-07
701228,2023-10-29,C101183,Unknown,Online,Accessories,Leather Belt,1,1150,540,10,COD,No,1035.0,495.0,2023,2023-10
700951,2023-09-27,C100449,Islamabad,Online,Kurtas,Cotton Kurta,1,1960,930,0,COD,Yes,1960.0,1030.0,2023,2023-09
702180,2025-02-05,C101304,Multan,Online,Dresses,Bodycon Dress,1,3980,2170,0,COD,Yes,3980.0,1810.0,2025,2025-02
703788,2023-12-04,C101588,Karachi,Online,Accessories,Leather Belt,3,1230,670,10,Card,No,3321.0,1311.0,2023,2023-12
702378,2024-03-08,C100517,Faisalabad,Store,Shoes,Sandals,3,2770,1430,15,COD,Yes,7063.5,2773.5,2024,2024-03
700073,2024-04-30,C100643,Lahore,Online,Dresses,Wrap Dress,1,4010,2310,15,COD,No,3408.5,1098.5,2024,2024-04
704299,2023-08-27,C102183,Lahore,Online,Jeans,Straight Leg Jeans,1,3050,1720,0,COD,No,3050.0,1330.0,2023,2023-08
700168,2024-08-23,C101598,Faisalabad,Store,Dresses,Maxi Dress,2,4500,2910,0,Card,No,9000.0,3180.0,2024,2024-08
704209,2025-05-20,C100469,Islamabad,Online,Accessories,Sunglasses,1,2100,1120,20,COD,No,1680.0,560.0,2025,2025-05
700536,2023-09-22,C101776,Rawalpindi,Online,Jackets,Puffer Jacket,1,7240,4220,0,Card,Yes,7240.0,3020.0,2023,2023-09
700434,2024-01-28,C101865,Multan,Online,Shoes,Sneakers,1,4440,2290,0,COD,No,4440.0,2150.0,2024,2024-01
701795,2023-10-03,C101586,Karachi,Online,T-Shirts,Classic Cotton Tee,1,1160,650,0,Bank Transfer,No,1160.0,510.0,2023,2023-10
700361,2025-01-24,C101539,Karachi,Online,Shoes,Loafers,1,4970,2850,0,COD,No,4970.0,2120.0,2025,2025-01
700224,2023-10-31,C101139,Rawalpindi,Online,T-Shirts,Graphic Print Tee,3,1440,770,0,COD,No,4320.0,2010.0,2023,2023-10
700179,2025-06-04,C100542,Multan,Online,Dresses,Maxi Dress,2,4760,2370,0,COD,No,9520.0,4780.0,2025,2025-06
702811,2023-12-11,C101799,Islamabad,Store,Jeans,Straight Leg Jeans,1,3100,1840,0,Card,No,3100.0,1260.0,2023,2023-12
701021,2024-06-17,C101213,Karachi,Store,T-Shirts,Polo Shirt,1,2280,1210,0,COD,No,2280.0,1070.0,2024,2024-06
703808,2024-01-05,C100057,Islamabad,Online,Kurtas,Cotton Kurta,1,1900,1060,15,COD,No,1615.0,555.0,2024,2024-01
703552,2024-11-23,C101817,Karachi,Online,Kurtas,Cotton Kurta,1,1870,920,20,Card,No,1496.0,576.0,2024,2024-11
705055,2025-05-12,C102137,Faisalabad,Online,Kurtas,Printed Kurta,1,2520,1570,15,Bank Transfer,No,2142.0,572.0,2025,2025-05
703219,2023-07-19,C101257,Faisalabad,Online,T-Shirts,Classic Cotton Tee,1,1260,610,0,COD,No,1260.0,650.0,2023,2023-07
701961,2024-09-24,C101527,Karachi,Online,T-Shirts,Graphic Print Tee,2,1570,800,0,Bank Transfer,No,3140.0,1540.0,2024,2024-09
704390,2023-09-27,C100459,Islamabad,Online,Kurtas,Embroidered Kurta,1,2970,1440,0,Card,No,2970.0,1530.0,2023,2023-09
702836,2024-08-22,C101151,Multan,Online,Shoes,Boots,1,6840,3130,10,COD,No,6156.0,3026.0,2024,2024-08
704186,2025-06-26,C101991,Rawalpindi,Store,Kurtas,Cotton Kurta,2,1980,1250,0,Card,No,3960.0,1460.0,2025,2025-06
702493,2024-03-23,C101988,Sialkot,Online,Jackets,Hooded Jacket,1,5180,3320,0,Bank Transfer,No,5180.0,1860.0,2024,2024-03
700590,2024-08-15,C101802,Lahore,Online,Accessories,Tote Bag,1,1610,770,0,Card,No,1610.0,840.0,2024,2024-08
703194,2024-11-20,C102140,Peshawar,Online,Shoes,Loafers,2,5240,2830,15,Wallet,No,8908.0,3248.0,2024,2024-11
705168,2023-08-27,C100369,Peshawar,Store,T-Shirts,Classic Cotton Tee,1,1230,720,0,COD,No,1230.0,510.0,2023,2023-08
701146,2025-06-25,C101799,Islamabad,Online,Shoes,Boots,1,6860,3680,0,COD,No,6860.0,3180.0,2025,2025-06
703465,2025-05-04,C101218,Rawalpindi,Online,Dresses,Wrap Dress,1,3830,2210,10,Card,No,3447.0,1237.0,2025,2025-05
705099,2024-02-03,C100288,Islamabad,Online,Accessories,Baseball Cap,1,900,460,0,COD,No,900.0,440.0,2024,2024-02
704100,2025-02-16,C100706,Faisalabad,Online,Jackets,Hooded Jacket,1,4840,2390,10,COD,No,4356.0,1966.0,2025,2025-02
704725,2023-10-03,C100746,Karachi,Store,Jeans,Slim Fit Jeans,1,3750,2370,0,Card,No,3750.0,1380.0,2023,2023-10
703008,2023-12-03,C100106,Karachi,Online,Jackets,Bomber Jacket,2,5130,2370,15,COD,No,8721.0,3981.0,2023,2023-12
702150,2024-06-02,C101543,Lahore,Online,Jeans,High-Waist Jeans,1,4110,1980,0,COD,No,4110.0,2130.0,2024,2024-06
701850,2025-01-17,C102011,Karachi,Online,Jeans,Straight Leg Jeans,1,3120,1650,15,Wallet,No,2652.0,1002.0,2025,2025-01
702098,2024-11-18,C100779,Multan,Store,T-Shirts,Polo Shirt,1,2350,1370,15,COD,No,1997.5,627.5,2024,2024-11
700119,2024-11-09,C100188,Faisalabad,Store,Jackets,Denim Jacket,1,5790,2880,30,Bank Transfer,No,4053.0,1173.0,2024,2024-11
702873,2025-04-03,C100369,Peshawar,Online,Kurtas,Printed Kurta,2,2330,1380,20,Wallet,No,3728.0,968.0,2025,2025-04
704047,2025-05-08,C100739,Karachi,Online,Dresses,Maxi Dress,1,4470,2240,15,Wallet,No,3799.5,1559.5,2025,2025-05
704507,2024-08-27,C101464,Rawalpindi,Online,Kurtas,Cotton Kurta,3,1890,1130,0,COD,No,5670.0,2280.0,2024,2024-08
703606,2024-12-17,C100995,Karachi,Online,Jeans,Slim Fit Jeans,2,3760,1850,30,Card,No,5264.0,1564.0,2024,2024-12
700693,2023-07-17,C102157,Karachi,Online,Kurtas,Festive Kurta,1,4300,2710,0,COD,No,4300.0,1590.0,2023,2023-07
700618,2025-03-20,C100706,Faisalabad,Online,T-Shirts,Classic Cotton Tee,1,1280,650,0,Bank Transfer,No,1280.0,630.0,2025,2025-03
701515,2025-03-16,C101871,Karachi,Online,Accessories,Sunglasses,2,2260,1210,15,Card,No,3842.0,1422.0,2025,2025-03
704983,2025-06-28,C100509,Lahore,Online,Dresses,Bodycon Dress,1,3780,1990,0,Wallet,No,3780.0,1790.0,2025,2025-06
703996,2025-03-15,C102112,Lahore,Store,Shoes,Loafers,1,4960,2240,0,Card,No,4960.0,2720.0,2025,2025-03
701111,2024-02-22,C101506,Faisalabad,Online,Kurtas,Embroidered Kurta,1,2770,1600,15,COD,No,2354.5,754.5,2024,2024-02
704409,2023-10-29,C101465,Rawalpindi,Online,Jeans,Straight Leg Jeans,1,3300,2060,0,Card,No,3300.0,1240.0,2023,2023-10
701805,2024-08-26,C101123,Lahore,Online,Accessories,Baseball Cap,1,920,510,0,Card,No,920.0,410.0,2024,2024-08
704347,2023-09-17,C102032,Karachi,Online,Jeans,Ripped Jeans,1,3740,2040,0,COD,Yes,3740.0,1700.0,2023,2023-09
703905,2025-01-09,C102144,Karachi,Online,Jeans,Straight Leg Jeans,2,3160,1740,10,COD,Yes,5688.0,2208.0,2025,2025-01
704523,2024-08-15,C101262,Karachi,Online,Accessories,Sunglasses,1,2240,1420,0,Card,No,2240.0,820.0,2024,2024-08
701138,2024-06-29,C101720,Lahore,Online,Accessories,Tote Bag,2,1680,960,0,Wallet,No,3360.0,1440.0,2024,2024-06
702709,2025-06-02,C100368,Karachi,Online,Kurtas,Printed Kurta,1,2450,1280,15,Wallet,No,2082.5,802.5,2025,2025-06
703464,2023-09-29,C101058,Islamabad,Online,Jeans,Straight Leg Jeans,1,3110,1970,15,Wallet,No,2643.5,673.5,2023,2023-09
702528,2025-02-06,C100124,Lahore,Online,Kurtas,Festive Kurta,1,4440,2850,0,Bank Transfer,No,4440.0,1590.0,2025,2025-02
704334,2023-11-27,C100418,Lahore,Store,Accessories,Leather Belt,1,1220,750,10,COD,No,1098.0,348.0,2023,2023-11
700421,2024-04-23,C100260,Lahore,Store,Accessories,Tote Bag,1,1720,890,15,COD,No,1462.0,572.0,2024,2024-04
702952,2025-04-21,C101218,Rawalpindi,Online,T-Shirts,Classic Cotton Tee,1,1140,550,20,Card,No,912.0,362.0,2025,2025-04
703246,2025-02-13,C101324,Karachi,Online,Kurtas,Festive Kurta,1,4170,2570,0,COD,No,4170.0,1600.0,2025,2025-02
700586,2024-09-19,C100198,Lahore,Online,Jeans,Straight Leg Jeans,2,3220,1460,0,COD,No,6440.0,3520.0,2024,2024-09
702989,2024-03-17,C100156,Karachi,Store,Shoes,Boots,2,6990,4530,10,COD,No,12582.0,3522.0,2024,2024-03
701295,2023-12-16,C101271,Karachi,Online,Kurtas,Embroidered Kurta,3,2850,1760,10,COD,No,7695.0,2415.0,2023,2023-12
702285,2024-09-16,C100234,Peshawar,Online,Dresses,Bodycon Dress,1,3820,2270,0,COD,Yes,3820.0,1550.0,2024,2024-09
702386,2023-08-13,C100631,Multan,Store,Jeans,Slim Fit Jeans,3,3530,1640,0,Card,No,10590.0,5670.0,2023,2023-08
702299,2025-03-11,C101304,Multan,Online,Jackets,Hooded Jacket,3,5160,2500,0,Bank Transfer,No,15480.0,7980.0,2025,2025-03
703686,2024-12-04,C101347,Karachi,Store,Jeans,High-Waist Jeans,3,4170,2300,30,Card,No,8757.0,1857.0,2024,2024-12
700723,2024-05-10,C100953,Lahore,Online,T-Shirts,Classic Cotton Tee,1,1200,760,20,COD,No,960.0,200.0,2024,2024-05
703712,2024-07-18,C101294,Karachi,Store,Accessories,Tote Bag,2,1680,960,0,Wallet,No,3360.0,1440.0,2024,2024-07
705038,2024-01-16,C102099,Lahore,Store,Jeans,High-Waist Jeans,2,4240,1940,0,Bank Transfer,Yes,8480.0,4600.0,2024,2024-01
703518,2025-03-06,C100156,Karachi,Store,Accessories,Sunglasses,1,2170,1250,10,COD,No,1953.0,703.0,2025,2025-03
700887,2025-01-21,C100041,Multan,Online,Jeans,High-Waist Jeans,1,4460,2420,0,COD,No,4460.0,2040.0,2025,2025-01
705121,2024-09-21,C101978,Faisalabad,Online,T-Shirts,Classic Cotton Tee,3,1250,610,0,Card,No,3750.0,1920.0,2024,2024-09
700423,2024-07-16,C100647,Islamabad,Online,Kurtas,Festive Kurta,1,4380,2370,0,Wallet,No,4380.0,2010.0,2024,2024-07
703656,2024-01-22,C101746,Faisalabad,Online,Shoes,Sandals,1,2890,1850,0,COD,Yes,2890.0,1040.0,2024,2024-01
703293,2024-04-16,C101404,Lahore,Store,Jackets,Denim Jacket,1,5290,2640,0,Card,No,5290.0,2650.0,2024,2024-04
701031,2025-06-22,C101781,Faisalabad,Online,Shoes,Loafers,3,5440,3390,0,COD,No,16320.0,6150.0,2025,2025-06
700595,2025-05-09,C101971,Sialkot,Store,Kurtas,Embroidered Kurta,1,2920,1680,0,COD,No,2920.0,1240.0,2025,2025-05
704466,2023-07-26,C102001,Karachi,Online,Accessories,Baseball Cap,1,870,400,0,COD,No,870.0,470.0,2023,2023-07
702577,2023-12-27,C101898,Lahore,Online,Jeans,Straight Leg Jeans,2,3430,2020,20,Unknown,No,5488.0,1448.0,2023,2023-12
702056,2024-06-03,C100654,Multan,Online,Jeans,Slim Fit Jeans,1,3710,1760,0,Card,No,3710.0,1950.0,2024,2024-06
701178,2024-09-01,C100848,Lahore,Online,Jeans,High-Waist Jeans,1,4260,2140,0,Wallet,No,4260.0,2120.0,2024,2024-09
704666,2024-02-28,C100289,Lahore,Store,Jeans,High-Waist Jeans,1,4420,2580,0,Wallet,No,4420.0,1840.0,2024,2024-02
700675,2024-09-18,C100412,Lahore,Online,T-Shirts,Oversized Tee,1,1820,980,10,Card,No,1638.0,658.0,2024,2024-09
700230,2024-02-09,C101758,Peshawar,Online,Shoes,Boots,1,6750,3680,0,Card,Yes,6750.0,3070.0,2024,2024-02
703603,2025-05-22,C100873,Karachi,Online,T-Shirts,Oversized Tee,3,1780,1150,0,Wallet,No,5340.0,1890.0,2025,2025-05
704192,2025-05-30,C101535,Karachi,Store,Shoes,Sneakers,1,4670,2990,15,COD,No,3969.5,979.5,2025,2025-05
703502,2025-06-14,C100033,Karachi,Online,T-Shirts,Graphic Print Tee,1,1500,910,0,COD,No,1500.0,590.0,2025,2025-06
703170,2024-03-13,C100465,Rawalpindi,Store,Dresses,Maxi Dress,1,4580,2850,0,COD,No,4580.0,1730.0,2024,2024-03
702420,2023-10-03,C100156,Karachi,Online,Jeans,Straight Leg Jeans,1,3380,1780,0,Bank Transfer,No,3380.0,1600.0,2023,2023-10
704854,2025-02-07,C100328,Islamabad,Online,Accessories,Sunglasses,3,2200,1240,0,COD,No,6600.0,2880.0,2025,2025-02
700298,2023-12-01,C102040,Karachi,Store,Jackets,Bomber Jacket,1,5090,2480,30,Bank Transfer,No,3563.0,1083.0,2023,2023-12
703774,2023-12-12,C101162,Multan,Store,T-Shirts,Polo Shirt,3,2230,1020,30,COD,No,4683.0,1623.0,2023,2023-12
702323,2023-07-30,C100969,Lahore,Online,T-Shirts,Graphic Print Tee,3,1440,660,10,COD,No,3888.0,1908.0,2023,2023-07
704922,2024-07-24,C101496,Multan,Online,Jeans,Ripped Jeans,3,4050,2520,0,COD,No,12150.0,4590.0,2024,2024-07
700782,2024-03-02,C101253,Islamabad,Online,T-Shirts,Graphic Print Tee,2,1600,830,0,COD,No,3200.0,1540.0,2024,2024-03
700084,2024-12-21,C100539,Multan,Online,Jeans,Straight Leg Jeans,2,3340,1610,25,Card,No,5010.0,1790.0,2024,2024-12
702107,2024-12-12,C102064,Karachi,Online,Kurtas,Embroidered Kurta,1,2660,1440,30,Card,No,1862.0,422.0,2024,2024-12
705109,2023-08-31,C102125,Karachi,Store,T-Shirts,Oversized Tee,2,1840,850,0,Card,No,3680.0,1980.0,2023,2023-08
701885,2023-07-21,C102166,Peshawar,Online,Kurtas,Festive Kurta,1,4280,2050,0,Card,No,4280.0,2230.0,2023,2023-07
703936,2024-07-24,C101913,Islamabad,Store,Accessories,Leather Belt,1,1210,750,0,COD,No,1210.0,460.0,2024,2024-07
702715,2025-06-18,C101527,Karachi,Store,Kurtas,Embroidered Kurta,2,2810,1620,10,COD,No,5058.0,1818.0,2025,2025-06
704864,2023-08-12,C100787,Karachi,Store,Dresses,Summer Floral Dress,2,3210,1610,10,Card,No,5778.0,2558.0,2023,2023-08
700955,2024-10-04,C100285,Karachi,Store,T-Shirts,Graphic Print Tee,1,1500,970,0,Bank Transfer,No,1500.0,530.0,2024,2024-10
703526,2023-09-30,C100863,Islamabad,Online,Accessories,Leather Belt,1,1210,760,0,COD,No,1210.0,450.0,2023,2023-09
703990,2024-02-28,C100809,Sialkot,Store,Accessories,Sunglasses,1,2190,1380,10,COD,No,1971.0,591.0,2024,2024-02
700140,2024-06-16,C101755,Islamabad,Store,Shoes,Sandals,2,2920,1560,10,Card,No,5256.0,2136.0,2024,2024-06
703873,2023-09-14,C101446,Peshawar,Store,Kurtas,Printed Kurta,1,2340,1240,0,Wallet,No,2340.0,1100.0,2023,2023-09
702005,2024-01-02,C100191,Lahore,Store,Jackets,Hooded Jacket,3,4880,2610,0,Card,No,14640.0,6810.0,2024,2024-01
701590,2023-09-20,C101618,Sialkot,Online,T-Shirts,Graphic Print Tee,2,1510,750,0,Card,No,3020.0,1520.0,2023,2023-09
705176,2023-09-05,C101698,Sialkot,Online,Jeans,Ripped Jeans,2,4080,2520,0,Card,Yes,8160.0,3120.0,2023,2023-09
702635,2023-10-14,C101765,Lahore,Store,Jackets,Puffer Jacket,1,6780,3100,0,Card,No,6780.0,3680.0,2023,2023-10
705158,2023-12-07,C100525,Karachi,Online,Jackets,Hooded Jacket,1,5090,3170,10,Card,No,4581.0,1411.0,2023,2023-12
704358,2023-10-11,C100764,Peshawar,Store,Jeans,Slim Fit Jeans,3,3550,1830,0,COD,No,10650.0,5160.0,2023,2023-10
703121,2023-10-14,C101062,Lahore,Online,Dresses,Bodycon Dress,1,3790,2220,0,COD,No,3790.0,1570.0,2023,2023-10
703942,2025-02-16,C101162,Multan,Online,T-Shirts,Classic Cotton Tee,2,1260,740,0,Card,No,2520.0,1040.0,2025,2025-02
702830,2025-01-25,C101792,Lahore,Online,T-Shirts,Polo Shirt,1,2090,1040,0,COD,No,2090.0,1050.0,2025,2025-01
704790,2024-11-25,C102081,Lahore,Online,Jackets,Denim Jacket,1,5910,3390,15,Bank Transfer,No,5023.5,1633.5,2024,2024-11
700696,2024-02-01,C100048,Rawalpindi,Online,Jackets,Hooded Jacket,1,5120,2540,10,Wallet,No,4608.0,2068.0,2024,2024-02
704222,2023-10-08,C102093,Lahore,Online,Kurtas,Cotton Kurta,2,1860,1140,15,Card,No,3162.0,882.0,2023,2023-10
700377,2023-08-21,C101439,Sialkot,Online,Jeans,Slim Fit Jeans,1,3650,1690,0,Card,No,3650.0,1960.0,2023,2023-08
702681,2023-07-15,C101045,Karachi,Online,Accessories,Leather Belt,1,1140,520,0,Wallet,No,1140.0,620.0,2023,2023-07
702226,2025-06-24,C101525,Lahore,Store,Accessories,Baseball Cap,2,940,580,10,Card,No,1692.0,532.0,2025,2025-06
702195,2025-02-20,C101985,Peshawar,Store,Jeans,Straight Leg Jeans,2,3120,1570,0,Wallet,No,6240.0,3100.0,2025,2025-02
705130,2023-07-10,C101861,Sialkot,Online,Accessories,Tote Bag,1,1660,890,0,Bank Transfer,No,1660.0,770.0,2023,2023-07
702188,2023-12-29,C101872,Sialkot,Online,Jeans,High-Waist Jeans,2,4110,2370,15,COD,No,6987.0,2247.0,2023,2023-12
703329,2023-10-05,C100216,Lahore,Online,Shoes,Loafers,1,5390,3190,0,Card,No,5390.0,2200.0,2023,2023-10
701812,2024-10-19,C102085,Karachi,Store,Jeans,High-Waist Jeans,1,4410,2720,0,COD,No,4410.0,1690.0,2024,2024-10
704974,2025-03-02,C100556,Karachi,Store,Jeans,Slim Fit Jeans,3,3690,2250,0,Wallet,No,11070.0,4320.0,2025,2025-03
700893,2024-12-18,C101636,Karachi,Online,Dresses,Maxi Dress,1,4450,2390,25,Wallet,No,3337.5,947.5,2024,2024-12
705013,2023-09-11,C100040,Karachi,Store,Dresses,Bodycon Dress,1,3960,1980,0,Card,No,3960.0,1980.0,2023,2023-09
704544,2025-06-06,C100150,Multan,Store,Accessories,Leather Belt,1,1200,690,0,COD,No,1200.0,510.0,2025,2025-06
705174,2024-04-21,C100195,Lahore,Online,Jeans,Straight Leg Jeans,2,3250,1530,10,Wallet,No,5850.0,2790.0,2024,2024-04
703416,2024-01-28,C100075,Karachi,Online,Shoes,Boots,1,6660,3960,10,COD,No,5994.0,2034.0,2024,2024-01
702433,2025-01-29,C101842,Lahore,Online,Jackets,Denim Jacket,1,5580,2850,0,COD,No,5580.0,2730.0,2025,2025-01
700540,2023-08-26,C101397,Peshawar,Online,Accessories,Sunglasses,1,2210,1310,0,Bank Transfer,No,2210.0,900.0,2023,2023-08
702488,2023-09-13,C102153,Faisalabad,Online,Accessories,Sunglasses,1,2370,1120,0,Bank Transfer,No,2370.0,1250.0,2023,2023-09
701550,2024-09-18,C101565,Karachi,Online,T-Shirts,Classic Cotton Tee,1,1270,620,0,Bank Transfer,No,1270.0,650.0,2024,2024-09
700910,2024-01-21,C101606,Sialkot,Store,Jackets,Hooded Jacket,3,4940,2530,0,Wallet,No,14820.0,7230.0,2024,2024-01
702380,2025-03-05,C101731,Lahore,Store,Shoes,Sneakers,1,4390,2070,0,COD,No,4390.0,2320.0,2025,2025-03
700931,2024-02-25,C101898,Lahore,Online,Jackets,Hooded Jacket,1,5170,3360,0,Unknown,Yes,5170.0,1810.0,2024,2024-02
700387,2024-03-14,C101998,Multan,Online,Shoes,Loafers,2,5090,2810,10,Bank Transfer,No,9162.0,3542.0,2024,2024-03
703421,2025-03-18,C101598,Faisalabad,Online,Jeans,Ripped Jeans,2,3780,2050,0,Wallet,No,7560.0,3460.0,2025,2025-03
702092,2025-05-19,C101322,Lahore,Store,Shoes,Boots,3,6700,3620,10,Wallet,No,18090.0,7230.0,2025,2025-05
702068,2023-07-25,C101995,Faisalabad,Online,Dresses,Wrap Dress,1,4100,2310,0,COD,No,4100.0,1790.0,2023,2023-07
700372,2024-05-09,C101385,Lahore,Online,Shoes,Sandals,3,2680,1270,15,Card,No,6834.0,3024.0,2024,2024-05
703254,2023-08-03,C100431,Faisalabad,Online,T-Shirts,Classic Cotton Tee,1,1170,570,10,Card,No,1053.0,483.0,2023,2023-08
703959,2025-03-24,C100452,Rawalpindi,Online,Jeans,Ripped Jeans,1,3760,2020,0,Card,No,3760.0,1740.0,2025,2025-03
701792,2025-06-08,C100145,Karachi,Online,T-Shirts,Classic Cotton Tee,1,1180,630,0,Bank Transfer,No,1180.0,550.0,2025,2025-06
704532,2023-12-26,C100439,Islamabad,Online,Dresses,Maxi Dress,2,4500,2170,10,Card,No,8100.0,3760.0,2023,2023-12
704837,2024-10-04,C100787,Karachi,Store,Jackets,Hooded Jacket,1,5110,2730,0,Card,No,5110.0,2380.0,2024,2024-10
701102,2025-01-24,C100935,Lahore,Online,Accessories,Tote Bag,1,1710,900,0,COD,No,1710.0,810.0,2025,2025-01
704842,2024-06-03,C101752,Peshawar,Store,Dresses,Maxi Dress,2,4830,2430,0,COD,No,9660.0,4800.0,2024,2024-06
700465,2025-04-26,C100230,Lahore,Store,Shoes,Loafers,2,5360,3190,15,Card,No,9112.0,2732.0,2025,2025-04
704450,2024-11-27,C101038,Karachi,Store,T-Shirts,Polo Shirt,1,2300,1120,25,Card,No,1725.0,605.0,2024,2024-11
701872,2023-09-24,C100510,Unknown,Store,Shoes,Sandals,1,2800,1540,0,Card,No,2800.0,1260.0,2023,2023-09
702007,2024-01-03,C102091,Multan,Online,Accessories,Baseball Cap,2,920,590,0,Card,No,1840.0,660.0,2024,2024-01
700670,2023-10-04,C100694,Peshawar,Online,Accessories,Baseball Cap,2,920,470,0,Card,No,1840.0,900.0,2023,2023-10
702847,2024-04-19,C100016,Islamabad,Store,Dresses,Wrap Dress,1,4060,2610,10,Card,No,3654.0,1044.0,2024,2024-04
702151,2024-10-17,C100595,Karachi,Online,Dresses,Wrap Dress,1,4120,2190,15,COD,Yes,3502.0,1312.0,2024,2024-10
700710,2024-02-26,C100505,Faisalabad,Online,Jackets,Hooded Jacket,1,4970,2590,10,Card,No,4473.0,1883.0,2024,2024-02
704875,2023-12-02,C101188,Lahore,Online,Kurtas,Cotton Kurta,1,1970,1000,20,COD,No,1576.0,576.0,2023,2023-12
703983,2024-06-15,C101161,Rawalpindi,Store,Kurtas,Embroidered Kurta,1,2860,1530,0,Bank Transfer,No,2860.0,1330.0,2024,2024-06
704223,2023-08-12,C101608,Karachi,Store,Kurtas,Printed Kurta,1,2500,1290,0,Card,No,2500.0,1210.0,2023,2023-08
700990,2025-05-11,C101815,Islamabad,Store,Kurtas,Festive Kurta,1,4150,2600,10,Wallet,No,3735.0,1135.0,2025,2025-05
700556,2025-05-09,C101725,Lahore,Online,T-Shirts,Classic Cotton Tee,1,1290,740,20,COD,No,1032.0,292.0,2025,2025-05
702848,2024-05-21,C100544,Lahore,Online,Dresses,Maxi Dress,1,4340,2510,0,COD,No,4340.0,1830.0,2024,2024-05
701251,2024-03-17,C100066,Islamabad,Store,Accessories,Baseball Cap,1,890,450,0,Wallet,No,890.0,440.0,2024,2024-03
703463,2025-05-23,C100892,Lahore,Store,T-Shirts,Classic Cotton Tee,2,1280,750,0,COD,No,2560.0,1060.0,2025,2025-05
704103,2023-08-18,C100977,Karachi,Store,Shoes,Sneakers,3,4360,2440,0,Card,No,13080.0,5760.0,2023,2023-08
700495,2023-08-14,C100255,Faisalabad,Store,Accessories,Baseball Cap,1,880,500,15,Card,No,748.0,248.0,2023,2023-08
703205,2024-05-10,C100849,Sialkot,Store,Kurtas,Embroidered Kurta,2,2820,1760,10,COD,No,5076.0,1556.0,2024,2024-05
700057,2025-06-13,C100229,Lahore,Online,Accessories,Leather Belt,1,1280,650,0,Wallet,No,1280.0,630.0,2025,2025-06
700825,2023-08-02,C101223,Rawalpindi,Store,T-Shirts,Oversized Tee,2,1730,1060,0,Bank Transfer,No,3460.0,1340.0,2023,2023-08
702626,2025-01-09,C100369,Peshawar,Online,Jackets,Denim Jacket,1,5830,3320,15,Card,No,4955.5,1635.5,2025,2025-01
703601,2024-08-09,C101782,Karachi,Store,T-Shirts,Graphic Print Tee,1,1470,730,10,COD,No,1323.0,593.0,2024,2024-08
704148,2024-12-12,C101940,Lahore,Online,Shoes,Loafers,1,5590,3350,0,Card,No,5590.0,2240.0,2024,2024-12
700695,2024-06-28,C102091,Multan,Store,Kurtas,Printed Kurta,1,2320,1500,0,COD,No,2320.0,820.0,2024,2024-06
701990,2023-07-10,C101189,Rawalpindi,Store,Jeans,Straight Leg Jeans,1,3320,1890,15,Bank Transfer,No,2822.0,932.0,2023,2023-07
704015,2025-04-06,C101213,Karachi,Online,Shoes,Sandals,2,2890,1790,15,COD,Yes,4913.0,1333.0,2025,2025-04
701288,2023-11-19,C101845,Islamabad,Store,Shoes,Boots,1,6880,3760,20,COD,No,5504.0,1744.0,2023,2023-11
703326,2023-10-01,C100049,Lahore,Store,Shoes,Boots,2,6900,3310,15,Card,No,11730.0,5110.0,2023,2023-10
705194,2023-08-05,C101597,Lahore,Store,Dresses,Wrap Dress,1,3820,2190,0,Card,No,3820.0,1630.0,2023,2023-08
700545,2025-02-26,C100943,Karachi,Online,Dresses,Wrap Dress,3,4290,2600,0,COD,No,12870.0,5070.0,2025,2025-02
700148,2024-01-17,C102146,Lahore,Online,Kurtas,Cotton Kurta,1,1850,1160,15,Card,No,1572.5,412.5,2024,2024-01
702312,2023-09-20,C100211,Islamabad,Store,Jackets,Bomber Jacket,2,5350,2710,0,COD,No,10700.0,5280.0,2023,2023-09
703608,2023-12-13,C100196,Islamabad,Online,Dresses,Summer Floral Dress,3,3300,1880,15,COD,No,8415.0,2775.0,2023,2023-12
704285,2023-10-07,C100003,Rawalpindi,Online,Jeans,High-Waist Jeans,2,4480,2810,10,Wallet,No,8064.0,2444.0,2023,2023-10
704897,2025-03-23,C100687,Sialkot,Online,Accessories,Tote Bag,2,1560,720,0,Bank Transfer,No,3120.0,1680.0,2025,2025-03
704302,2025-03-17,C101475,Islamabad,Online,T-Shirts,Classic Cotton Tee,1,1160,650,0,COD,No,1160.0,510.0,2025,2025-03
702782,2023-07-03,C100397,Karachi,Online,T-Shirts,Oversized Tee,2,1940,1080,0,COD,No,3880.0,1720.0,2023,2023-07
701644,2025-01-07,C101944,Multan,Store,Shoes,Sneakers,1,4640,2490,0,COD,No,4640.0,2150.0,2025,2025-01
704999,2024-10-19,C101293,Karachi,Store,Jeans,Straight Leg Jeans,2,3250,1670,0,Wallet,No,6500.0,3160.0,2024,2024-10
703809,2024-01-05,C100822,Karachi,Store,Kurtas,Cotton Kurta,2,1990,1180,10,Wallet,No,3582.0,1222.0,2024,2024-01
701370,2024-01-30,C100827,Lahore,Store,Accessories,Baseball Cap,2,900,470,10,Wallet,No,1620.0,680.0,2024,2024-01
704591,2025-05-08,C100092,Karachi,Online,T-Shirts,Graphic Print Tee,2,1490,970,15,Card,No,2533.0,593.0,2025,2025-05
702404,2023-10-30,C100065,Islamabad,Online,Shoes,Sandals,3,2930,1510,10,Wallet,No,7911.0,3381.0,2023,2023-10
703708,2024-11-12,C100363,Lahore,Online,Kurtas,Festive Kurta,1,4160,2460,15,Wallet,No,3536.0,1076.0,2024,2024-11
703042,2024-07-14,C100005,Sialkot,Online,T-Shirts,Polo Shirt,1,2380,1450,0,Card,No,2380.0,930.0,2024,2024-07
702928,2023-07-22,C100809,Sialkot,Store,Jeans,Straight Leg Jeans,2,3120,1430,0,COD,Yes,6240.0,3380.0,2023,2023-07
704950,2024-01-28,C101482,Islamabad,Online,Accessories,Leather Belt,2,1150,610,0,COD,No,2300.0,1080.0,2024,2024-01
704458,2023-12-26,C100402,Faisalabad,Online,Kurtas,Festive Kurta,2,4250,2080,20,COD,No,6800.0,2640.0,2023,2023-12
701437,2024-07-02,C100339,Peshawar,Online,Accessories,Tote Bag,2,1650,870,15,Card,No,2805.0,1065.0,2024,2024-07
700294,2023-12-15,C100637,Rawalpindi,Online,Kurtas,Cotton Kurta,2,1880,1130,0,Wallet,No,3760.0,1500.0,2023,2023-12
701981,2023-10-31,C100869,Lahore,Online,Accessories,Sunglasses,1,2330,1180,0,COD,No,2330.0,1150.0,2023,2023-10
704149,2025-01-27,C100739,Karachi,Online,Accessories,Leather Belt,2,1200,580,10,COD,Yes,2160.0,1000.0,2025,2025-01
701702,2023-09-26,C100616,Faisalabad,Store,Accessories,Tote Bag,1,1630,820,10,COD,No,1467.0,647.0,2023,2023-09
701823,2024-05-01,C101207,Karachi,Store,T-Shirts,Polo Shirt,2,2320,1360,0,COD,No,4640.0,1920.0,2024,2024-05
702567,2025-04-21,C100051,Lahore,Online,Shoes,Boots,1,6310,3840,20,COD,Yes,5048.0,1208.0,2025,2025-04
701430,2025-04-24,C100980,Sialkot,Store,T-Shirts,Oversized Tee,1,1870,1060,0,COD,No,1870.0,810.0,2025,2025-04
704215,2025-01-10,C100872,Sialkot,Online,T-Shirts,Oversized Tee,2,1880,1200,0,Card,No,3760.0,1360.0,2025,2025-01
702876,2023-12-07,C101362,Islamabad,Store,T-Shirts,Polo Shirt,1,2230,1190,30,COD,No,1561.0,371.0,2023,2023-12
700961,2024-12-23,C100902,Lahore,Store,T-Shirts,Oversized Tee,1,1910,1000,15,COD,Yes,1623.5,623.5,2024,2024-12
703278,2025-06-17,C101757,Sialkot,Online,T-Shirts,Polo Shirt,2,2330,1340,10,Card,No,4194.0,1514.0,2025,2025-06
700699,2024-09-11,C101752,Peshawar,Store,Shoes,Loafers,2,5260,3150,0,COD,No,10520.0,4220.0,2024,2024-09
703714,2023-08-04,C100569,Islamabad,Store,Shoes,Boots,3,6290,4070,10,COD,No,16983.0,4773.0,2023,2023-08
704170,2024-04-23,C100590,Peshawar,Online,Jackets,Puffer Jacket,2,7330,3610,20,COD,No,11728.0,4508.0,2024,2024-04
702377,2025-01-04,C100717,Lahore,Online,Kurtas,Embroidered Kurta,2,2980,1660,10,COD,No,5364.0,2044.0,2025,2025-01
702844,2024-02-23,C100741,Lahore,Online,Jeans,Ripped Jeans,1,4050,2540,0,Bank Transfer,No,4050.0,1510.0,2024,2024-02
701047,2024-11-25,C100354,Karachi,Online,Jeans,Straight Leg Jeans,2,3050,1870,15,Bank Transfer,Yes,5185.0,1445.0,2024,2024-11
702959,2024-06-03,C102155,Multan,Store,Dresses,Wrap Dress,1,4020,2290,0,COD,No,4020.0,1730.0,2024,2024-06
701325,2024-03-08,C100580,Karachi,Online,Accessories,Tote Bag,1,1590,990,0,Card,No,1590.0,600.0,2024,2024-03
702158,2023-08-29,C101282,Karachi,Store,Shoes,Boots,1,6820,4100,0,Card,Yes,6820.0,2720.0,2023,2023-08
703274,2024-03-10,C101946,Lahore,Store,T-Shirts,Graphic Print Tee,2,1570,820,15,Wallet,No,2669.0,1029.0,2024,2024-03
701196,2024-01-18,C101700,Peshawar,Online,Accessories,Tote Bag,1,1720,860,0,COD,No,1720.0,860.0,2024,2024-01
704900,2023-11-05,C100564,Rawalpindi,Online,Accessories,Leather Belt,1,1180,640,20,Wallet,No,944.0,304.0,2023,2023-11
704154,2024-04-27,C101727,Multan,Online,Shoes,Loafers,1,5360,3400,15,Card,No,4556.0,1156.0,2024,2024-04
705132,2024-06-01,C100353,Islamabad,Store,T-Shirts,Graphic Print Tee,1,1530,920,0,COD,No,1530.0,610.0,2024,2024-06
701296,2024-05-22,C100539,Multan,Store,T-Shirts,Polo Shirt,1,2330,1350,20,Card,No,1864.0,514.0,2024,2024-05
701411,2024-02-15,C100275,Karachi,Online,Jeans,High-Waist Jeans,1,4000,2600,0,COD,No,4000.0,1400.0,2024,2024-02
701351,2023-10-16,C100708,Karachi,Online,Kurtas,Printed Kurta,2,2340,1330,0,Card,No,4680.0,2020.0,2023,2023-10
701241,2023-09-24,C100284,Islamabad,Online,Jeans,Straight Leg Jeans,1,3070,1500,0,Wallet,No,3070.0,1570.0,2023,2023-09
704897,2025-03-23,C100687,Sialkot,Online,Kurtas,Printed Kurta,1,2510,1300,10,Bank Transfer,No,2259.0,959.0,2025,2025-03
704369,2024-12-30,C100399,Karachi,Store,Jackets,Hooded Jacket,2,4780,2730,0,COD,No,9560.0,4100.0,2024,2024-12
704664,2024-09-01,C102156,Lahore,Store,T-Shirts,Graphic Print Tee,3,1510,950,10,Card,No,4077.0,1227.0,2024,2024-09
700219,2024-11-18,C100474,Karachi,Online,Jackets,Denim Jacket,1,5870,2920,0,COD,Yes,5870.0,2950.0,2024,2024-11
704231,2024-04-23,C102051,Lahore,Online,Accessories,Leather Belt,2,1160,550,15,Bank Transfer,No,1972.0,872.0,2024,2024-04
704535,2024-04-15,C100072,Multan,Online,T-Shirts,Oversized Tee,1,1730,930,10,Card,No,1557.0,627.0,2024,2024-04
704600,2024-07-14,C100036,Lahore,Online,Dresses,Summer Floral Dress,1,3090,1820,0,COD,No,3090.0,1270.0,2024,2024-07
704463,2023-10-01,C100369,Peshawar,Store,Jeans,Slim Fit Jeans,1,3760,1760,0,Bank Transfer,Yes,3760.0,2000.0,2023,2023-10
700959,2023-10-29,C100720,Islamabad,Online,Dresses,Bodycon Dress,1,3830,2320,0,COD,No,3830.0,1510.0,2023,2023-10
700189,2025-03-15,C100369,Peshawar,Online,Accessories,Leather Belt,1,1220,770,10,COD,No,1098.0,328.0,2025,2025-03
704985,2025-01-18,C101179,Lahore,Online,Accessories,Sunglasses,2,2270,1060,0,Card,No,4540.0,2420.0,2025,2025-01
700802,2024-02-18,C100320,Peshawar,Online,Jackets,Bomber Jacket,2,5300,3180,0,COD,No,10600.0,4240.0,2024,2024-02
702031,2024-01-03,C101460,Faisalabad,Online,Shoes,Loafers,1,5240,2770,0,Card,No,5240.0,2470.0,2024,2024-01
700075,2024-01-31,C100726,Lahore,Online,Jeans,Ripped Jeans,3,3710,2260,0,Card,No,11130.0,4350.0,2024,2024-01
704916,2023-12-24,C101361,Karachi,Online,Dresses,Bodycon Dress,2,3870,2030,15,COD,Yes,6579.0,2519.0,2023,2023-12
703624,2025-05-27,C100445,Rawalpindi,Online,Jeans,High-Waist Jeans,1,4540,2690,0,Card,No,4540.0,1850.0,2025,2025-05
700061,2023-08-17,C101492,Rawalpindi,Online,T-Shirts,Polo Shirt,2,2210,1020,15,COD,No,3757.0,1717.0,2023,2023-08
700390,2024-05-15,C101484,Islamabad,Store,Shoes,Sneakers,3,4470,2630,15,Card,No,11398.5,3508.5,2024,2024-05
702249,2024-03-27,C100241,Faisalabad,Online,Jeans,Ripped Jeans,2,3900,2330,0,COD,No,7800.0,3140.0,2024,2024-03
702181,2025-03-26,C100426,Lahore,Online,Jackets,Bomber Jacket,2,5240,3180,0,Card,No,10480.0,4120.0,2025,2025-03
703525,2024-08-05,C100560,Lahore,Online,T-Shirts,Classic Cotton Tee,1,1180,650,15,COD,No,1003.0,353.0,2024,2024-08
704828,2023-09-26,C100688,Faisalabad,Store,Kurtas,Embroidered Kurta,1,2760,1340,10,COD,No,2484.0,1144.0,2023,2023-09
702434,2023-09-23,C100882,Peshawar,Store,Kurtas,Festive Kurta,2,4530,2190,0,COD,No,9060.0,4680.0,2023,2023-09
704395,2025-04-25,C101708,Multan,Online,Dresses,Wrap Dress,1,4010,2600,10,COD,No,3609.0,1009.0,2025,2025-04
700943,2024-05-25,C101413,Sialkot,Online,Shoes,Loafers,1,5440,2680,20,Card,No,4352.0,1672.0,2024,2024-05
701664,2025-03-28,C100274,Rawalpindi,Store,T-Shirts,Graphic Print Tee,2,1440,830,0,Card,No,2880.0,1220.0,2025,2025-03
702572,2023-12-26,C100964,Sialkot,Store,Accessories,Tote Bag,2,1540,770,20,Bank Transfer,No,2464.0,924.0,2023,2023-12
702518,2024-10-26,C101233,Rawalpindi,Store,Jackets,Bomber Jacket,1,4990,3070,0,COD,No,4990.0,1920.0,2024,2024-10
704036,2024-05-22,C102151,Lahore,Online,Kurtas,Cotton Kurta,3,1930,1130,0,COD,No,5790.0,2400.0,2024,2024-05
702419,2024-02-10,C101978,Faisalabad,Store,Accessories,Tote Bag,1,1530,990,0,COD,No,1530.0,540.0,2024,2024-02
702439,2024-11-04,C100659,Karachi,Store,Jackets,Denim Jacket,2,5520,2550,20,COD,No,8832.0,3732.0,2024,2024-11
702624,2024-02-09,C101753,Faisalabad,Store,Dresses,Bodycon Dress,2,3700,1900,0,COD,No,7400.0,3600.0,2024,2024-02
701388,2024-05-16,C101583,Karachi,Store,Kurtas,Printed Kurta,1,2320,1360,0,COD,No,2320.0,960.0,2024,2024-05
703112,2023-08-28,C100388,Lahore,Online,Shoes,Sneakers,1,4420,2030,0,Wallet,No,4420.0,2390.0,2023,2023-08
703599,2025-04-03,C102048,Lahore,Online,Shoes,Sneakers,1,4780,2460,20,Wallet,Yes,3824.0,1364.0,2025,2025-04
705118,2023-08-27,C100065,Islamabad,Online,Kurtas,Printed Kurta,3,2410,1090,0,COD,No,7230.0,3960.0,2023,2023-08
701067,2023-10-01,C102119,Lahore,Store,Kurtas,Printed Kurta,1,2520,1520,0,Card,No,2520.0,1000.0,2023,2023-10
702087,2024-11-24,C100652,Rawalpindi,Online,Jackets,Puffer Jacket,1,7080,3490,20,Bank Transfer,No,5664.0,2174.0,2024,2024-11
704362,2023-08-02,C101400,Karachi,Store,T-Shirts,Polo Shirt,3,2280,1220,0,Card,No,6840.0,3180.0,2023,2023-08
703270,2023-12-09,C102083,Lahore,Online,T-Shirts,Classic Cotton Tee,1,1280,720,15,COD,Yes,1088.0,368.0,2023,2023-12
703889,2024-08-26,C100562,Multan,Online,Accessories,Tote Bag,3,1620,1030,10,COD,No,4374.0,1284.0,2024,2024-08
703369,2024-04-21,C100668,Karachi,Online,Accessories,Tote Bag,1,1560,760,0,Wallet,No,1560.0,800.0,2024,2024-04
702450,2024-09-03,C101997,Karachi,Online,Dresses,Wrap Dress,1,4260,2360,10,Card,No,3834.0,1474.0,2024,2024-09
702101,2023-12-04,C100252,Karachi,Store,Accessories,Baseball Cap,3,940,600,15,Wallet,No,2397.0,597.0,2023,2023-12
703450,2023-12-16,C101798,Islamabad,Store,Accessories,Sunglasses,1,2360,1430,30,COD,No,1652.0,222.0,2023,2023-12
704056,2024-04-08,C101321,Karachi,Online,Jeans,High-Waist Jeans,1,4430,2250,0,COD,No,4430.0,2180.0,2024,2024-04
703955,2025-06-01,C101362,Islamabad,Store,T-Shirts,Classic Cotton Tee,1,1150,580,0,Card,No,1150.0,570.0,2025,2025-06
704778,2025-03-17,C101818,Karachi,Store,Shoes,Sneakers,3,4800,2260,15,COD,No,12240.0,5460.0,2025,2025-03
700608,2024-11-16,C100684,Islamabad,Store,Shoes,Loafers,2,5540,2780,15,Card,Yes,9418.0,3858.0,2024,2024-11
700847,2025-01-22,C100241,Faisalabad,Store,Jackets,Hooded Jacket,1,5160,2910,0,COD,No,5160.0,2250.0,2025,2025-01
701527,2024-09-19,C101592,Sialkot,Online,Jackets,Hooded Jacket,1,5120,2680,0,COD,No,5120.0,2440.0,2024,2024-09
703631,2024-06-15,C100386,Rawalpindi,Store,Accessories,Leather Belt,2,1180,620,0,COD,No,2360.0,1120.0,2024,2024-06
703893,2023-10-10,C101714,Karachi,Online,Kurtas,Cotton Kurta,1,2000,950,0,Wallet,No,2000.0,1050.0,2023,2023-10
700619,2024-10-22,C100256,Faisalabad,Online,Kurtas,Cotton Kurta,1,2030,1250,0,Wallet,No,2030.0,780.0,2024,2024-10
704737,2024-02-07,C100858,Karachi,Online,Shoes,Sneakers,1,4300,2720,0,Wallet,No,4300.0,1580.0,2024,2024-02
701253,2023-12-08,C100013,Multan,Store,Jackets,Hooded Jacket,3,4930,3110,15,COD,Yes,12571.5,3241.5,2023,2023-12
700720,2023-11-22,C101092,Karachi,Online,Accessories,Sunglasses,1,2290,1230,0,COD,No,2290.0,1060.0,2023,2023-11
702714,2024-05-01,C100553,Peshawar,Online,Kurtas,Printed Kurta,1,2540,1460,0,COD,No,2540.0,1080.0,2024,2024-05
703682,2024-08-31,C100831,Islamabad,Store,Dresses,Wrap Dress,1,3860,1930,15,COD,No,3281.0,1351.0,2024,2024-08
701756,2025-06-07,C100327,Islamabad,Online,Shoes,Sneakers,1,4750,3020,0,COD,Yes,4750.0,1730.0,2025,2025-06
705163,2024-01-23,C100098,Lahore,Online,Kurtas,Cotton Kurta,3,1930,870,15,COD,No,4921.5,2311.5,2024,2024-01
703007,2024-09-21,C100482,Islamabad,Online,Accessories,Tote Bag,2,1600,770,0,Wallet,No,3200.0,1660.0,2024,2024-09
705069,2025-01-16,C100697,Islamabad,Online,Accessories,Leather Belt,2,1290,730,0,Card,No,2580.0,1120.0,2025,2025-01
704142,2025-01-11,C100803,Islamabad,Online,Kurtas,Festive Kurta,2,4220,2490,0,Card,No,8440.0,3460.0,2025,2025-01
703931,2024-10-08,C101729,Karachi,Online,Accessories,Leather Belt,3,1180,760,0,COD,No,3540.0,1260.0,2024,2024-10
704172,2024-09-03,C100371,Karachi,Store,Kurtas,Embroidered Kurta,2,2860,1690,0,Wallet,No,5720.0,2340.0,2024,2024-09
701123,2025-01-12,C101947,Peshawar,Store,Jackets,Bomber Jacket,1,5300,2960,0,COD,No,5300.0,2340.0,2025,2025-01
701174,2025-03-11,C100563,Islamabad,Online,Shoes,Boots,1,6760,4290,0,Card,Yes,6760.0,2470.0,2025,2025-03
704383,2024-02-01,C101381,Lahore,Store,T-Shirts,Classic Cotton Tee,2,1240,780,0,COD,Yes,2480.0,920.0,2024,2024-02
700920,2023-10-26,C101364,Karachi,Online,Jeans,High-Waist Jeans,1,4290,2040,0,Card,No,4290.0,2250.0,2023,2023-10
702344,2023-12-02,C100070,Lahore,Store,Shoes,Sneakers,2,4570,2290,10,COD,No,8226.0,3646.0,2023,2023-12
700700,2024-01-31,C101838,Faisalabad,Online,Accessories,Baseball Cap,2,970,530,0,Bank Transfer,No,1940.0,880.0,2024,2024-01
704561,2025-03-07,C100169,Sialkot,Online,Accessories,Leather Belt,3,1270,580,0,COD,No,3810.0,2070.0,2025,2025-03
704208,2023-10-01,C100924,Lahore,Online,Kurtas,Embroidered Kurta,1,2770,1480,0,COD,No,2770.0,1290.0,2023,2023-10
700786,2024-10-11,C101485,Lahore,Online,Accessories,Tote Bag,2,1720,950,10,Bank Transfer,No,3096.0,1196.0,2024,2024-10
704064,2024-12-31,C100033,Karachi,Online,Shoes,Boots,3,6460,3950,0,COD,No,19380.0,7530.0,2024,2024-12
700981,2025-04-04,C100652,Rawalpindi,Store,Dresses,Bodycon Dress,1,4070,2170,20,Card,No,3256.0,1086.0,2025,2025-04
704954,2024-05-12,C100080,Rawalpindi,Online,Shoes,Sneakers,1,4480,2420,0,Wallet,No,4480.0,2060.0,2024,2024-05
700807,2025-01-16,C100450,Lahore,Store,Jeans,Slim Fit Jeans,2,3520,1930,0,Bank Transfer,No,7040.0,3180.0,2025,2025-01
701680,2023-07-14,C100482,Islamabad,Store,Jackets,Denim Jacket,3,5550,2920,15,Wallet,No,14152.5,5392.5,2023,2023-07
704357,2025-04-17,C100945,Lahore,Online,T-Shirts,Graphic Print Tee,2,1610,910,20,Card,No,2576.0,756.0,2025,2025-04
701201,2023-08-21,C100024,Faisalabad,Store,T-Shirts,Polo Shirt,1,2230,1210,0,Card,No,2230.0,1020.0,2023,2023-08
701940,2025-06-17,C101870,Karachi,Store,Accessories,Leather Belt,2,1140,600,0,COD,No,2280.0,1080.0,2025,2025-06
702797,2024-08-31,C101581,Karachi,Store,Kurtas,Cotton Kurta,1,2010,1070,10,COD,No,1809.0,739.0,2024,2024-08
701588,2024-05-27,C100066,Islamabad,Online,T-Shirts,Polo Shirt,1,2210,1370,0,Card,No,2210.0,840.0,2024,2024-05
701309,2025-04-21,C100257,Lahore,Online,Accessories,Leather Belt,2,1180,710,0,Bank Transfer,No,2360.0,940.0,2025,2025-04
701439,2023-12-10,C100965,Karachi,Store,Jackets,Denim Jacket,2,5730,2750,20,Wallet,No,9168.0,3668.0,2023,2023-12
703908,2025-06-04,C100158,Rawalpindi,Online,T-Shirts,Graphic Print Tee,2,1520,970,0,Bank Transfer,No,3040.0,1100.0,2025,2025-06
704501,2024-12-19,C101591,Lahore,Store,Kurtas,Cotton Kurta,1,1820,840,15,Unknown,No,1547.0,707.0,2024,2024-12
704295,2024-05-07,C101160,Lahore,Online,Kurtas,Cotton Kurta,1,1910,1210,0,Card,No,1910.0,700.0,2024,2024-05
703683,2024-01-17,C101203,Rawalpindi,Online,Kurtas,Embroidered Kurta,1,2880,1500,0,Card,No,2880.0,1380.0,2024,2024-01
704324,2023-10-06,C101269,Karachi,Online,Shoes,Boots,1,6650,3650,0,Card,No,6650.0,3000.0,2023,2023-10
703703,2024-06-25,C100666,Faisalabad,Store,T-Shirts,Polo Shirt,1,2260,1110,10,Bank Transfer,No,2034.0,924.0,2024,2024-06
700547,2025-04-22,C100360,Peshawar,Online,Accessories,Tote Bag,1,1640,880,15,Card,No,1394.0,514.0,2025,2025-04
704451,2025-02-25,C100775,Multan,Online,T-Shirts,Graphic Print Tee,1,1520,880,0,COD,No,1520.0,640.0,2025,2025-02
704572,2024-11-17,C100249,Karachi,Online,Jackets,Bomber Jacket,3,5300,2770,15,COD,No,13515.0,5205.0,2024,2024-11
701088,2023-10-31,C100016,Islamabad,Store,Accessories,Leather Belt,2,1180,630,0,COD,No,2360.0,1100.0,2023,2023-10
701849,2024-01-20,C101379,Karachi,Store,Dresses,Summer Floral Dress,1,3130,2000,0,Card,No,3130.0,1130.0,2024,2024-01
703005,2023-08-11,C100237,Faisalabad,Online,Shoes,Sandals,1,2850,1630,0,Card,No,2850.0,1220.0,2023,2023-08
700833,2023-07-12,C100729,Islamabad,Online,T-Shirts,Graphic Print Tee,1,1520,910,0,COD,No,1520.0,610.0,2023,2023-07
701337,2024-11-13,C101563,Peshawar,Online,Jackets,Denim Jacket,1,5810,3520,30,Bank Transfer,Yes,4067.0,547.0,2024,2024-11
702443,2024-04-16,C101207,Karachi,Online,Kurtas,Cotton Kurta,2,1880,1000,0,COD,No,3760.0,1760.0,2024,2024-04
705097,2024-04-27,C102191,Islamabad,Online,T-Shirts,Graphic Print Tee,1,1560,970,15,COD,Yes,1326.0,356.0,2024,2024-04
700383,2024-08-11,C100310,Karachi,Online,Shoes,Sandals,2,2930,1690,15,COD,No,4981.0,1601.0,2024,2024-08
702693,2024-02-08,C101530,Karachi,Online,Shoes,Sneakers,1,4400,2720,0,COD,No,4400.0,1680.0,2024,2024-02
701394,2023-07-04,C100294,Unknown,Online,Jeans,Ripped Jeans,2,3920,2060,0,Card,No,7840.0,3720.0,2023,2023-07
703645,2025-06-01,C101167,Islamabad,Online,T-Shirts,Polo Shirt,1,2180,1220,0,Bank Transfer,No,2180.0,960.0,2025,2025-06
702342,2024-12-08,C101769,Multan,Store,Kurtas,Embroidered Kurta,2,2750,1770,0,Card,No,5500.0,1960.0,2024,2024-12
705188,2024-01-23,C101446,Peshawar,Online,Shoes,Sandals,1,2700,1410,0,Unknown,Yes,2700.0,1290.0,2024,2024-01
700683,2024-07-13,C100183,Karachi,Store,T-Shirts,Oversized Tee,2,1910,1230,15,Card,No,3247.0,787.0,2024,2024-07
704516,2024-10-02,C101835,Lahore,Online,Jeans,Slim Fit Jeans,3,3340,1910,15,COD,No,8517.0,2787.0,2024,2024-10
702455,2024-04-20,C100179,Faisalabad,Online,Jeans,High-Waist Jeans,1,4410,2570,10,COD,No,3969.0,1399.0,2024,2024-04
703427,2024-08-13,C100345,Faisalabad,Online,Jackets,Hooded Jacket,1,5030,3130,10,Card,No,4527.0,1397.0,2024,2024-08
701919,2025-01-26,C100345,Faisalabad,Store,Jackets,Hooded Jacket,3,4600,2530,0,COD,No,13800.0,6210.0,2025,2025-01
700182,2024-08-11,C102046,Karachi,Store,Dresses,Wrap Dress,1,4290,2490,0,COD,No,4290.0,1800.0,2024,2024-08
703139,2024-11-22,C100938,Peshawar,Online,Kurtas,Printed Kurta,2,2280,1470,15,Card,No,3876.0,936.0,2024,2024-11
702649,2023-12-28,C102153,Faisalabad,Online,Dresses,Wrap Dress,2,3890,1980,0,COD,No,7780.0,3820.0,2023,2023-12
701393,2025-05-14,C100693,Karachi,Store,T-Shirts,Graphic Print Tee,2,1510,700,10,Bank Transfer,No,2718.0,1318.0,2025,2025-05
701415,2023-12-23,C101339,Karachi,Online,Kurtas,Printed Kurta,1,2500,1310,0,COD,No,2500.0,1190.0,2023,2023-12
703675,2024-03-30,C101797,Karachi,Online,Kurtas,Printed Kurta,1,2470,1220,0,COD,No,2470.0,1250.0,2024,2024-03
700655,2024-03-15,C101461,Islamabad,Store,Shoes,Sneakers,1,4520,2290,10,COD,No,4068.0,1778.0,2024,2024-03
704582,2024-01-03,C101377,Multan,Store,Jackets,Hooded Jacket,1,5150,2760,0,Card,No,5150.0,2390.0,2024,2024-01
702059,2024-08-21,C101853,Faisalabad,Store,Accessories,Tote Bag,1,1670,770,0,Bank Transfer,No,1670.0,900.0,2024,2024-08
700360,2023-12-31,C100472,Unknown,Online,Accessories,Tote Bag,3,1690,1030,10,COD,No,4563.0,1473.0,2023,2023-12
700820,2024-07-26,C101452,Multan,Online,Kurtas,Cotton Kurta,1,1920,1090,10,Card,No,1728.0,638.0,2024,2024-07
703987,2023-07-17,C100723,Sialkot,Store,Kurtas,Printed Kurta,1,2430,1300,0,COD,No,2430.0,1130.0,2023,2023-07
701999,2024-04-15,C102044,Unknown,Store,Kurtas,Festive Kurta,2,4110,2060,10,Wallet,No,7398.0,3278.0,2024,2024-04
702212,2024-09-21,C100701,Karachi,Online,T-Shirts,Graphic Print Tee,1,1460,900,10,COD,No,1314.0,414.0,2024,2024-09
700307,2024-01-22,C100908,Lahore,Online,Accessories,Leather Belt,1,1290,660,0,Bank Transfer,No,1290.0,630.0,2024,2024-01
701821,2024-01-26,C101356,Islamabad,Online,Jeans,Straight Leg Jeans,2,3050,1790,0,Bank Transfer,No,6100.0,2520.0,2024,2024-01
703033,2024-11-22,C101151,Multan,Online,Kurtas,Printed Kurta,1,2500,1490,15,Bank Transfer,No,2125.0,635.0,2024,2024-11
704006,2023-08-27,C102070,Multan,Online,Shoes,Sandals,1,2940,1640,0,Card,No,2940.0,1300.0,2023,2023-08
701507,2025-05-21,C100963,Lahore,Online,Jeans,Ripped Jeans,1,3670,1680,0,Unknown,No,3670.0,1990.0,2025,2025-05
700880,2025-01-30,C102051,Lahore,Store,Jeans,Straight Leg Jeans,1,3430,1960,10,Card,No,3087.0,1127.0,2025,2025-01
704293,2024-01-30,C102144,Karachi,Online,Jackets,Hooded Jacket,1,4640,2130,0,COD,No,4640.0,2510.0,2024,2024-01
701161,2023-10-19,C101504,Faisalabad,Store,Dresses,Bodycon Dress,3,3820,2010,0,COD,No,11460.0,5430.0,2023,2023-10
700856,2024-07-09,C101535,Karachi,Store,Jackets,Puffer Jacket,1,6980,3870,10,COD,No,6282.0,2412.0,2024,2024-07
701418,2024-05-22,C100655,Karachi,Online,Dresses,Maxi Dress,2,4450,2640,15,Wallet,No,7565.0,2285.0,2024,2024-05
704082,2023-09-05,C101039,Lahore,Online,T-Shirts,Classic Cotton Tee,3,1250,770,0,COD,No,3750.0,1440.0,2023,2023-09
703147,2023-12-06,C100896,Karachi,Online,Dresses,Maxi Dress,1,4650,2820,0,Card,No,4650.0,1830.0,2023,2023-12
702374,2025-06-20,C101311,Peshawar,Store,Accessories,Baseball Cap,1,870,560,0,Card,No,870.0,310.0,2025,2025-06
702273,2025-01-07,C102172,Islamabad,Store,Accessories,Tote Bag,2,1590,880,10,COD,No,2862.0,1102.0,2025,2025-01
702593,2024-10-27,C100198,Lahore,Store,Dresses,Maxi Dress,2,4680,2270,0,COD,No,9360.0,4820.0,2024,2024-10
701770,2025-01-04,C100563,Islamabad,Store,Jeans,Straight Leg Jeans,1,3080,1910,10,Bank Transfer,No,2772.0,862.0,2025,2025-01
704553,2024-06-21,C101039,Lahore,Store,Shoes,Boots,2,6860,4140,0,Card,No,13720.0,5440.0,2024,2024-06
704198,2023-12-06,C100638,Faisalabad,Online,Accessories,Tote Bag,1,1680,910,15,Card,No,1428.0,518.0,2023,2023-12
702489,2025-01-24,C100623,Karachi,Online,Kurtas,Festive Kurta,3,4490,2280,15,COD,Yes,11449.5,4609.5,2025,2025-01
701868,2023-11-09,C102095,Karachi,Online,T-Shirts,Oversized Tee,1,1910,1080,10,Wallet,No,1719.0,639.0,2023,2023-11
703188,2025-06-13,C101344,Sialkot,Online,Accessories,Sunglasses,1,2170,1040,0,Card,No,2170.0,1130.0,2025,2025-06
702985,2024-09-12,C101339,Karachi,Store,Jackets,Bomber Jacket,1,5160,2620,10,Card,No,4644.0,2024.0,2024,2024-09
702111,2024-03-12,C101547,Faisalabad,Online,Shoes,Sneakers,2,4670,2700,0,Bank Transfer,No,9340.0,3940.0,2024,2024-03
704395,2025-04-25,C101708,Multan,Online,Dresses,Bodycon Dress,1,4010,2390,10,COD,No,3609.0,1219.0,2025,2025-04
701337,2024-11-13,C101563,Peshawar,Online,Dresses,Bodycon Dress,1,3880,1930,20,Bank Transfer,No,3104.0,1174.0,2024,2024-11
701108,2025-02-24,C100187,Lahore,Online,Jackets,Denim Jacket,1,5790,3660,0,Card,No,5790.0,2130.0,2025,2025-02
705105,2025-04-19,C101314,Lahore,Online,Jeans,Slim Fit Jeans,3,3640,2130,0,COD,No,10920.0,4530.0,2025,2025-04
701906,2024-05-19,C101001,Karachi,Online,T-Shirts,Polo Shirt,1,2230,1240,0,Card,No,2230.0,990.0,2024,2024-05
700304,2024-07-22,C101218,Rawalpindi,Store,Shoes,Loafers,1,5350,3270,10,Bank Transfer,No,4815.0,1545.0,2024,2024-07
704006,2023-08-27,C102070,Multan,Online,Jeans,Slim Fit Jeans,3,3570,2200,0,Card,No,10710.0,4110.0,2023,2023-08
705019,2025-04-25,C100926,Lahore,Online,Jeans,Slim Fit Jeans,2,3550,1730,20,Card,No,5680.0,2220.0,2025,2025-04
702935,2023-08-07,C101384,Sialkot,Online,T-Shirts,Classic Cotton Tee,3,1270,720,0,Card,No,3810.0,1650.0,2023,2023-08
701532,2023-11-26,C100706,Faisalabad,Online,Accessories,Leather Belt,2,1250,730,15,Card,No,2125.0,665.0,2023,2023-11
701132,2023-12-24,C100270,Lahore,Online,T-Shirts,Classic Cotton Tee,1,1200,580,20,Card,No,960.0,380.0,2023,2023-12
702815,2023-09-30,C101147,Faisalabad,Online,Accessories,Baseball Cap,3,890,580,0,Wallet,No,2670.0,930.0,2023,2023-09
703568,2023-07-24,C100781,Peshawar,Store,Jeans,Slim Fit Jeans,1,3570,1850,0,COD,No,3570.0,1720.0,2023,2023-07
700041,2024-01-21,C101935,Lahore,Store,T-Shirts,Graphic Print Tee,2,1500,950,0,COD,No,3000.0,1100.0,2024,2024-01
700449,2023-09-25,C101202,Multan,Online,Jackets,Hooded Jacket,1,4630,2950,0,COD,No,4630.0,1680.0,2023,2023-09
700852,2024-04-15,C101355,Lahore,Store,Dresses,Maxi Dress,2,4330,2740,0,COD,No,8660.0,3180.0,2024,2024-04
700998,2024-12-27,C100407,Multan,Online,Jeans,Ripped Jeans,1,3710,2020,20,COD,No,2968.0,948.0,2024,2024-12
702873,2025-04-03,C100369,Peshawar,Online,Accessories,Baseball Cap,1,910,540,0,Wallet,No,910.0,370.0,2025,2025-04
700399,2025-06-09,C102140,Peshawar,Online,T-Shirts,Oversized Tee,1,1810,1120,0,Card,No,1810.0,690.0,2025,2025-06
704205,2023-09-17,C100696,Faisalabad,Online,Accessories,Baseball Cap,2,870,490,10,COD,No,1566.0,586.0,2023,2023-09
702720,2024-03-16,C102032,Karachi,Online,Kurtas,Festive Kurta,2,4230,2300,10,Card,No,7614.0,3014.0,2024,2024-03
704410,2023-08-17,C102072,Karachi,Online,Shoes,Sandals,1,2790,1660,15,Bank Transfer,Yes,2371.5,711.5,2023,2023-08
701327,2025-01-06,C100408,Lahore,Online,Jeans,Straight Leg Jeans,3,3250,1670,0,Card,No,9750.0,4740.0,2025,2025-01
702607,2024-02-26,C100156,Karachi,Online,T-Shirts,Graphic Print Tee,1,1450,770,15,COD,No,1232.5,462.5,2024,2024-02
701307,2024-05-05,C100716,Islamabad,Store,Shoes,Sneakers,3,4640,2300,10,Unknown,No,12528.0,5628.0,2024,2024-05
704837,2024-10-04,C100787,Karachi,Store,Jeans,Straight Leg Jeans,1,3290,1730,0,Card,No,3290.0,1560.0,2024,2024-10
701304,2024-10-02,C100224,Karachi,Online,Shoes,Boots,1,6680,3680,0,Card,No,6680.0,3000.0,2024,2024-10
702383,2024-07-30,C100787,Karachi,Online,Dresses,Wrap Dress,1,4310,2330,10,Card,No,3879.0,1549.0,2024,2024-07
703945,2023-12-26,C100212,Lahore,Online,Jackets,Denim Jacket,3,5290,3100,0,COD,No,15870.0,6570.0,2023,2023-12
700701,2023-10-10,C101776,Rawalpindi,Online,Jeans,High-Waist Jeans,1,4390,2370,10,Wallet,No,3951.0,1581.0,2023,2023-10
701056,2023-07-04,C102011,Karachi,Store,Shoes,Loafers,1,5380,2620,0,Card,No,5380.0,2760.0,2023,2023-07
704203,2024-12-08,C100379,Rawalpindi,Store,Kurtas,Printed Kurta,1,2370,1350,20,COD,No,1896.0,546.0,2024,2024-12
700143,2024-08-21,C100335,Islamabad,Online,Accessories,Leather Belt,1,1260,710,0,COD,No,1260.0,550.0,2024,2024-08
704932,2025-06-09,C101391,Multan,Online,Shoes,Sandals,1,2990,1870,0,Bank Transfer,No,2990.0,1120.0,2025,2025-06
700128,2024-08-06,C101790,Faisalabad,Store,Accessories,Tote Bag,1,1610,840,10,Wallet,No,1449.0,609.0,2024,2024-08
703269,2024-08-11,C100234,Peshawar,Store,Shoes,Sneakers,1,4530,2460,0,COD,No,4530.0,2070.0,2024,2024-08
703865,2024-08-01,C100168,Karachi,Online,Accessories,Tote Bag,1,1620,1020,10,COD,No,1458.0,438.0,2024,2024-08
700271,2023-07-23,C101797,Unknown,Store,Jackets,Denim Jacket,1,5630,3110,0,Card,No,5630.0,2520.0,2023,2023-07
704871,2024-08-06,C100888,Lahore,Online,Accessories,Leather Belt,3,1200,640,0,COD,No,3600.0,1680.0,2024,2024-08
704488,2025-01-26,C101378,Islamabad,Store,Jeans,Straight Leg Jeans,2,3180,1990,0,Card,Yes,6360.0,2380.0,2025,2025-01
700843,2025-03-25,C101304,Multan,Online,Accessories,Leather Belt,1,1170,760,0,Card,No,1170.0,410.0,2025,2025-03
704135,2025-03-13,C102140,Peshawar,Online,Jeans,High-Waist Jeans,1,4130,2290,0,Wallet,Yes,4130.0,1840.0,2025,2025-03
700256,2023-11-15,C100795,Karachi,Online,Dresses,Bodycon Dress,1,3700,2350,20,Wallet,No,2960.0,610.0,2023,2023-11
703963,2024-05-07,C100528,Faisalabad,Online,Dresses,Bodycon Dress,2,3770,1850,0,Card,No,7540.0,3840.0,2024,2024-05
701322,2024-11-07,C100036,Lahore,Online,Dresses,Wrap Dress,1,4130,2650,30,COD,No,2891.0,241.0,2024,2024-11
703314,2024-07-31,C100697,Islamabad,Store,Shoes,Sneakers,3,4540,2120,0,Card,No,13620.0,7260.0,2024,2024-07
702468,2025-05-08,C100151,Peshawar,Store,Dresses,Maxi Dress,1,4660,2200,10,COD,No,4194.0,1994.0,2025,2025-05
704724,2024-06-12,C101375,Lahore,Online,Shoes,Loafers,2,5420,3500,0,COD,No,10840.0,3840.0,2024,2024-06
705126,2024-03-18,C100608,Faisalabad,Online,Kurtas,Embroidered Kurta,2,2690,1740,0,Card,No,5380.0,1900.0,2024,2024-03
703597,2024-01-21,C100191,Lahore,Online,Kurtas,Festive Kurta,1,4060,2300,0,Card,No,4060.0,1760.0,2024,2024-01
701641,2024-10-02,C101368,Lahore,Online,Kurtas,Festive Kurta,1,4230,2130,0,Card,No,4230.0,2100.0,2024,2024-10
701057,2024-12-16,C102151,Lahore,Store,Jackets,Puffer Jacket,1,6540,3710,20,Wallet,No,5232.0,1522.0,2024,2024-12
703680,2024-09-15,C100785,Karachi,Store,T-Shirts,Oversized Tee,2,1780,880,10,COD,No,3204.0,1444.0,2024,2024-09
703528,2023-09-18,C101580,Peshawar,Online,Jackets,Hooded Jacket,1,5050,3020,0,COD,No,5050.0,2030.0,2023,2023-09
702536,2024-12-22,C100418,Lahore,Online,Shoes,Loafers,3,5130,3180,25,Wallet,No,11542.5,2002.5,2024,2024-12
700402,2024-04-03,C101540,Multan,Online,Dresses,Maxi Dress,3,4650,2170,15,Bank Transfer,No,11857.5,5347.5,2024,2024-04
703595,2023-07-27,C100152,Lahore,Online,Dresses,Maxi Dress,1,4450,2070,0,COD,No,4450.0,2380.0,2023,2023-07
704582,2024-01-03,C101377,Multan,Store,Accessories,Baseball Cap,2,920,470,10,Card,No,1656.0,716.0,2024,2024-01
704780,2025-05-15,C100036,Lahore,Online,Shoes,Sandals,2,2830,1830,0,COD,No,5660.0,2000.0,2025,2025-05
703068,2024-08-10,C102011,Karachi,Online,Accessories,Baseball Cap,2,910,540,0,Card,No,1820.0,740.0,2024,2024-08
700927,2023-11-07,C101810,Lahore,Store,Shoes,Loafers,2,5140,2370,15,Bank Transfer,Yes,8738.0,3998.0,2023,2023-11
703624,2025-05-27,C100445,Rawalpindi,Online,Accessories,Baseball Cap,1,870,500,10,Card,No,783.0,283.0,2025,2025-05
701337,2024-11-13,C101563,Peshawar,Online,Jeans,High-Waist Jeans,1,4510,2820,20,Bank Transfer,No,3608.0,788.0,2024,2024-11
703784,2025-01-26,C100735,Rawalpindi,Online,Kurtas,Cotton Kurta,2,1920,1150,15,Bank Transfer,No,3264.0,964.0,2025,2025-01
701224,2024-09-18,C101347,Karachi,Online,Shoes,Sneakers,3,4580,2680,0,Card,No,13740.0,5700.0,2024,2024-09
704115,2023-12-19,C101138,Lahore,Store,Shoes,Sandals,1,2910,1870,15,Wallet,No,2473.5,603.5,2023,2023-12
700393,2024-03-14,C101422,Karachi,Online,Dresses,Summer Floral Dress,1,3250,1930,0,Card,No,3250.0,1320.0,2024,2024-03
705173,2024-07-05,C100473,Lahore,Online,Accessories,Sunglasses,1,2150,1140,0,COD,No,2150.0,1010.0,2024,2024-07
703810,2024-06-14,C101452,Multan,Store,Accessories,Baseball Cap,1,880,430,0,COD,No,880.0,450.0,2024,2024-06
700887,2025-01-21,C100041,Unknown,Online,Dresses,Maxi Dress,2,4390,2410,0,COD,No,8780.0,3960.0,2025,2025-01
703465,2025-05-04,C101218,Rawalpindi,Online,Jeans,Straight Leg Jeans,2,3150,1690,10,Card,No,5670.0,2290.0,2025,2025-05
703841,2023-08-31,C101019,Karachi,Online,Jackets,Puffer Jacket,2,6700,3430,0,Bank Transfer,No,13400.0,6540.0,2023,2023-08
701061,2023-11-18,C101174,Islamabad,Online,Dresses,Bodycon Dress,3,3810,2070,30,Card,No,8001.0,1791.0,2023,2023-11
703614,2023-09-04,C100128,Lahore,Store,T-Shirts,Oversized Tee,1,1760,790,10,Wallet,No,1584.0,794.0,2023,2023-09
700750,2023-10-21,C102132,Sialkot,Store,Shoes,Sandals,1,2910,1730,0,COD,No,2910.0,1180.0,2023,2023-10
702240,2023-11-20,C100553,Peshawar,Online,Shoes,Sandals,1,2700,1620,15,Wallet,No,2295.0,675.0,2023,2023-11
701563,2024-02-08,C100592,Karachi,Store,Shoes,Sneakers,2,4580,2160,0,Bank Transfer,No,9160.0,4840.0,2024,2024-02
703076,2024-05-22,C100880,Karachi,Online,Accessories,Baseball Cap,2,930,500,10,Card,No,1674.0,674.0,2024,2024-05
704412,2023-07-08,C100970,Lahore,Online,Jeans,Slim Fit Jeans,1,3420,1560,0,Card,No,3420.0,1860.0,2023,2023-07
704545,2025-03-14,C100252,Karachi,Online,Jeans,Straight Leg Jeans,1,3310,1720,0,COD,No,3310.0,1590.0,2025,2025-03
701361,2023-07-07,C100540,Sialkot,Online,T-Shirts,Graphic Print Tee,1,1550,990,10,Wallet,No,1395.0,405.0,2023,2023-07
700217,2024-02-20,C101160,Lahore,Online,Kurtas,Printed Kurta,1,2310,1210,0,Card,No,2310.0,1100.0,2024,2024-02
703536,2023-11-10,C101763,Lahore,Store,Shoes,Sneakers,3,4790,2660,20,Wallet,No,11496.0,3516.0,2023,2023-11
700811,2025-05-11,C101717,Islamabad,Online,Accessories,Tote Bag,3,1680,790,10,Card,No,4536.0,2166.0,2025,2025-05
701215,2025-01-27,C101525,Lahore,Online,Accessories,Leather Belt,2,1210,700,15,Card,No,2057.0,657.0,2025,2025-01
704173,2025-01-14,C100342,Faisalabad,Online,Accessories,Tote Bag,3,1600,960,15,Bank Transfer,No,4080.0,1200.0,2025,2025-01
700269,2024-12-29,C102119,Lahore,Store,Kurtas,Printed Kurta,3,2390,1420,0,Card,No,7170.0,2910.0,2024,2024-12
701233,2024-04-23,C100436,Lahore,Online,Kurtas,Printed Kurta,1,2390,1390,10,COD,No,2151.0,761.0,2024,2024-04
702262,2024-11-30,C100573,Faisalabad,Store,Accessories,Sunglasses,3,2340,1400,15,COD,No,5967.0,1767.0,2024,2024-11
700486,2025-06-06,C100085,Lahore,Store,T-Shirts,Classic Cotton Tee,2,1200,610,15,COD,No,2040.0,820.0,2025,2025-06
701646,2024-06-18,C101009,Karachi,Online,Dresses,Wrap Dress,2,4260,2190,0,Card,No,8520.0,4140.0,2024,2024-06
703978,2023-10-13,C101462,Lahore,Online,Dresses,Wrap Dress,3,3960,1900,0,Card,No,11880.0,6180.0,2023,2023-10
702525,2024-10-04,C100391,Lahore,Store,Kurtas,Printed Kurta,1,2580,1610,0,Card,Yes,2580.0,970.0,2024,2024-10
701819,2025-04-27,C100481,Lahore,Online,Shoes,Loafers,1,5160,2800,15,COD,No,4386.0,1586.0,2025,2025-04
703022,2023-10-15,C101378,Islamabad,Store,Dresses,Summer Floral Dress,2,3270,1580,10,COD,No,5886.0,2726.0,2023,2023-10
700563,2024-07-23,C100731,Lahore,Online,Dresses,Summer Floral Dress,2,3210,1540,0,Wallet,No,6420.0,3340.0,2024,2024-07
701454,2024-03-16,C101853,Faisalabad,Online,Accessories,Baseball Cap,1,880,430,0,COD,No,880.0,450.0,2024,2024-03
705131,2024-11-26,C100802,Peshawar,Store,T-Shirts,Classic Cotton Tee,1,1170,580,15,Wallet,No,994.5,414.5,2024,2024-11
704834,2024-10-24,C100793,Lahore,Online,Jeans,Ripped Jeans,1,3860,2440,10,COD,No,3474.0,1034.0,2024,2024-10
703406,2025-03-12,C101290,Karachi,Online,Dresses,Wrap Dress,1,4170,2100,0,Wallet,No,4170.0,2070.0,2025,2025-03
704079,2024-02-09,C101358,Rawalpindi,Online,Dresses,Summer Floral Dress,2,3160,1600,0,COD,No,6320.0,3120.0,2024,2024-02
705127,2023-11-17,C101210,Faisalabad,Store,Kurtas,Embroidered Kurta,1,3020,1650,20,COD,No,2416.0,766.0,2023,2023-11
702426,2025-05-04,C100165,Karachi,Online,Shoes,Boots,1,6580,3860,10,Card,No,5922.0,2062.0,2025,2025-05
701280,2023-08-16,C101415,Faisalabad,Online,Shoes,Sandals,2,3010,1530,0,Wallet,No,6020.0,2960.0,2023,2023-08
700984,2024-09-12,C101915,Lahore,Online,Jeans,Slim Fit Jeans,1,3710,2030,0,Bank Transfer,Yes,3710.0,1680.0,2024,2024-09
701332,2024-07-21,C101817,Karachi,Store,T-Shirts,Classic Cotton Tee,3,1210,730,0,Wallet,No,3630.0,1440.0,2024,2024-07
700438,2023-08-15,C100151,Peshawar,Store,Shoes,Sneakers,1,4320,2590,0,COD,No,4320.0,1730.0,2023,2023-08
704644,2023-07-10,C100654,Multan,Online,Dresses,Summer Floral Dress,1,3350,1510,10,Card,No,3015.0,1505.0,2023,2023-07
701771,2024-04-24,C101220,Lahore,Online,Dresses,Wrap Dress,1,4120,2220,20,COD,No,3296.0,1076.0,2024,2024-04
700483,2023-09-25,C100050,Lahore,Online,Kurtas,Cotton Kurta,3,1910,910,0,Wallet,No,5730.0,3000.0,2023,2023-09
700353,2024-12-03,C100897,Lahore,Store,Jackets,Denim Jacket,2,5840,2760,20,Card,No,9344.0,3824.0,2024,2024-12
700929,2023-10-14,C101019,Karachi,Online,Jeans,Slim Fit Jeans,3,3720,2410,10,Bank Transfer,No,10044.0,2814.0,2023,2023-10
703036,2024-06-26,C100040,Karachi,Online,Jeans,Straight Leg Jeans,1,3210,1890,0,Card,No,3210.0,1320.0,2024,2024-06
700232,2023-11-18,C100380,Islamabad,Store,Jeans,High-Waist Jeans,1,4140,1870,30,Card,No,2898.0,1028.0,2023,2023-11
704110,2023-08-20,C100631,Multan,Store,Jeans,Straight Leg Jeans,1,3340,1670,0,COD,No,3340.0,1670.0,2023,2023-08
703177,2024-02-29,C101504,Faisalabad,Store,Jackets,Bomber Jacket,1,5340,2920,0,COD,No,5340.0,2420.0,2024,2024-02
705069,2025-01-16,C100697,Islamabad,Online,Accessories,Baseball Cap,1,900,470,0,Card,No,900.0,430.0,2025,2025-01
704179,2024-06-03,C100999,Karachi,Store,Dresses,Bodycon Dress,2,3940,1880,0,Unknown,No,7880.0,4120.0,2024,2024-06
704084,2023-07-08,C101890,Lahore,Online,Kurtas,Printed Kurta,3,2310,1050,0,Wallet,No,6930.0,3780.0,2023,2023-07
701150,2024-10-05,C100155,Rawalpindi,Online,T-Shirts,Oversized Tee,1,1870,1060,0,COD,No,1870.0,810.0,2024,2024-10
701548,2023-12-24,C102129,Lahore,Store,Jackets,Denim Jacket,1,5770,3280,10,Card,No,5193.0,1913.0,2023,2023-12
701115,2023-11-13,C100833,Rawalpindi,Online,Kurtas,Embroidered Kurta,1,3000,1800,15,COD,No,2550.0,750.0,2023,2023-11
703003,2024-12-18,C101934,Rawalpindi,Online,Jackets,Puffer Jacket,1,7030,4070,30,COD,No,4921.0,851.0,2024,2024-12
700743,2025-01-26,C102187,Islamabad,Online,Jackets,Bomber Jacket,1,4990,3030,10,Unknown,No,4491.0,1461.0,2025,2025-01
704867,2024-05-27,C101322,Lahore,Online,Shoes,Sneakers,1,4710,2240,0,Bank Transfer,No,4710.0,2470.0,2024,2024-05
703098,2024-08-26,C100403,Lahore,Online,Accessories,Sunglasses,3,2130,1200,0,Card,No,6390.0,2790.0,2024,2024-08
700187,2024-08-30,C100010,Karachi,Online,Dresses,Bodycon Dress,1,3970,2330,0,COD,No,3970.0,1640.0,2024,2024-08
705001,2024-09-12,C102101,Unknown,Online,Accessories,Sunglasses,2,2160,1280,0,Wallet,No,4320.0,1760.0,2024,2024-09
701294,2024-01-13,C100363,Lahore,Store,Accessories,Baseball Cap,1,930,540,0,Card,No,930.0,390.0,2024,2024-01
702812,2023-10-19,C101686,Islamabad,Online,Jackets,Puffer Jacket,1,7010,3620,0,COD,Yes,7010.0,3390.0,2023,2023-10
704906,2025-05-04,C101473,Karachi,Store,Kurtas,Festive Kurta,1,4430,2880,0,COD,No,4430.0,1550.0,2025,2025-05
702795,2023-11-16,C100544,Lahore,Online,Shoes,Boots,3,6910,3360,30,COD,No,14511.0,4431.0,2023,2023-11
702872,2025-06-28,C100793,Lahore,Store,Shoes,Sandals,1,2870,1780,15,Card,No,2439.5,659.5,2025,2025-06
704278,2025-06-28,C100966,Sialkot,Online,Kurtas,Cotton Kurta,1,2030,1020,0,Card,No,2030.0,1010.0,2025,2025-06
703365,2025-03-04,C100870,Faisalabad,Store,T-Shirts,Polo Shirt,1,2300,1080,10,COD,No,2070.0,990.0,2025,2025-03
700783,2024-08-11,C100302,Islamabad,Online,Shoes,Sneakers,2,4300,2400,0,COD,No,8600.0,3800.0,2024,2024-08
700757,2024-10-22,C100769,Islamabad,Store,Accessories,Sunglasses,2,2290,1240,0,COD,No,4580.0,2100.0,2024,2024-10
700500,2024-04-01,C101341,Faisalabad,Online,Shoes,Boots,1,6880,4060,10,Wallet,No,6192.0,2132.0,2024,2024-04
704321,2025-04-25,C100140,Karachi,Store,Dresses,Maxi Dress,1,4560,2370,20,COD,No,3648.0,1278.0,2025,2025-04
702691,2025-02-10,C101072,Karachi,Online,Dresses,Summer Floral Dress,2,3370,1840,15,COD,No,5729.0,2049.0,2025,2025-02
702780,2023-12-07,C100914,Sialkot,Store,Jeans,High-Waist Jeans,1,4220,2730,15,COD,No,3587.0,857.0,2023,2023-12
701443,2024-10-04,C101194,Multan,Online,Jeans,Slim Fit Jeans,1,3490,2050,15,Wallet,No,2966.5,916.5,2024,2024-10
704786,2024-03-05,C100061,Karachi,Store,T-Shirts,Polo Shirt,1,2190,1090,0,COD,No,2190.0,1100.0,2024,2024-03
702514,2024-05-16,C100722,Lahore,Online,Dresses,Maxi Dress,3,4320,2630,15,COD,No,11016.0,3126.0,2024,2024-05
703024,2023-07-18,C101853,Faisalabad,Online,T-Shirts,Graphic Print Tee,1,1560,860,0,Card,No,1560.0,700.0,2023,2023-07
701097,2023-12-25,C100421,Lahore,Store,Jeans,Straight Leg Jeans,2,3100,1600,0,Card,No,6200.0,3000.0,2023,2023-12
701098,2024-05-09,C101632,Rawalpindi,Online,T-Shirts,Classic Cotton Tee,1,1140,730,0,Card,No,1140.0,410.0,2024,2024-05
700271,2023-07-23,C101797,Karachi,Store,Shoes,Boots,1,6830,3650,0,Card,Yes,6830.0,3180.0,2023,2023-07
700995,2023-08-08,C101843,Sialkot,Store,Dresses,Bodycon Dress,1,3810,1960,0,Bank Transfer,No,3810.0,1850.0,2023,2023-08
704740,2025-01-22,C101304,Multan,Store,Shoes,Sneakers,1,4450,2300,0,COD,No,4450.0,2150.0,2025,2025-01
704079,2024-02-09,C101358,Rawalpindi,Online,Jeans,High-Waist Jeans,1,4240,2280,0,COD,No,4240.0,1960.0,2024,2024-02
704968,2024-09-06,C102042,Islamabad,Store,Accessories,Leather Belt,1,1180,730,15,Card,No,1003.0,273.0,2024,2024-09
703814,2024-06-13,C100218,Peshawar,Online,T-Shirts,Polo Shirt,2,2110,1060,0,COD,No,4220.0,2100.0,2024,2024-06
701823,2024-05-01,C101207,Karachi,Store,Shoes,Boots,2,7010,3790,0,COD,No,14020.0,6440.0,2024,2024-05
702859,2024-10-09,C100498,Karachi,Store,Kurtas,Embroidered Kurta,1,2680,1350,0,Card,No,2680.0,1330.0,2024,2024-10
704078,2025-04-07,C101389,Lahore,Store,Accessories,Baseball Cap,3,930,420,10,COD,No,2511.0,1251.0,2025,2025-04
701052,2024-01-17,C100144,Karachi,Online,Jeans,High-Waist Jeans,1,4450,2360,0,COD,No,4450.0,2090.0,2024,2024-01
705086,2023-07-07,C102146,Lahore,Online,Shoes,Boots,2,6730,3290,0,COD,No,13460.0,6880.0,2023,2023-07
702539,2025-06-01,C100098,Lahore,Online,Dresses,Bodycon Dress,1,3980,2530,0,Bank Transfer,Yes,3980.0,1450.0,2025,2025-06
704002,2024-09-14,C100757,Peshawar,Store,Jeans,High-Waist Jeans,2,4090,2260,0,Card,No,8180.0,3660.0,2024,2024-09
704121,2024-06-09,C100416,Lahore,Online,T-Shirts,Oversized Tee,1,1760,820,0,COD,No,1760.0,940.0,2024,2024-06
704027,2025-01-13,C100776,Islamabad,Online,Shoes,Loafers,3,5110,2760,0,Card,No,15330.0,7050.0,2025,2025-01
700040,2024-10-25,C100157,Rawalpindi,Store,Jackets,Puffer Jacket,1,6820,3910,0,Card,No,6820.0,2910.0,2024,2024-10
704596,2023-09-09,C101448,Islamabad,Online,Shoes,Loafers,1,5560,2940,0,Card,Yes,5560.0,2620.0,2023,2023-09
702215,2023-10-03,C100847,Rawalpindi,Online,Jeans,Ripped Jeans,1,3930,2380,0,COD,No,3930.0,1550.0,2023,2023-10
703136,2024-04-04,C100241,Faisalabad,Online,Dresses,Bodycon Dress,1,4070,2100,0,Card,No,4070.0,1970.0,2024,2024-04
702392,2024-04-07,C100105,Rawalpindi,Online,Dresses,Summer Floral Dress,1,3130,1580,0,Card,Yes,3130.0,1550.0,2024,2024-04
701832,2023-08-31,C101575,Lahore,Online,Kurtas,Cotton Kurta,2,1870,900,15,Card,No,3179.0,1379.0,2023,2023-08
701295,2023-12-16,C101271,Unknown,Online,Jackets,Hooded Jacket,2,5100,2640,10,COD,No,9180.0,3900.0,2023,2023-12
701254,2024-07-15,C100738,Karachi,Store,T-Shirts,Oversized Tee,2,1760,1100,0,Card,No,3520.0,1320.0,2024,2024-07
701382,2025-06-08,C101799,Islamabad,Online,Kurtas,Cotton Kurta,2,1840,920,15,Card,No,3128.0,1288.0,2025,2025-06
700270,2025-01-17,C100341,Sialkot,Store,Accessories,Baseball Cap,1,940,600,0,Card,No,940.0,340.0,2025,2025-01
704443,2025-04-06,C101710,Faisalabad,Online,Kurtas,Cotton Kurta,1,2010,1060,0,Card,No,2010.0,950.0,2025,2025-04
701598,2024-12-03,C101407,Unknown,Online,Accessories,Leather Belt,2,1220,660,20,Card,No,1952.0,632.0,2024,2024-12
700525,2024-03-16,C100726,Lahore,Online,T-Shirts,Graphic Print Tee,1,1520,740,0,COD,No,1520.0,780.0,2024,2024-03
703313,2023-07-25,C100097,Lahore,Store,Dresses,Summer Floral Dress,1,3250,2110,0,COD,No,3250.0,1140.0,2023,2023-07
700152,2024-08-18,C100247,Karachi,Online,T-Shirts,Classic Cotton Tee,1,1280,780,0,Card,No,1280.0,500.0,2024,2024-08
704433,2024-05-27,C101759,Peshawar,Online,Dresses,Wrap Dress,3,4250,2150,0,COD,No,12750.0,6300.0,2024,2024-05
701395,2024-02-29,C102045,Lahore,Online,T-Shirts,Polo Shirt,1,2100,1270,0,COD,No,2100.0,830.0,2024,2024-02
701889,2024-11-23,C101567,Lahore,Store,Accessories,Sunglasses,1,2160,1150,20,Card,No,1728.0,578.0,2024,2024-11
702376,2024-06-26,C100543,Sialkot,Online,T-Shirts,Graphic Print Tee,2,1560,880,0,Card,No,3120.0,1360.0,2024,2024-06
703765,2024-10-12,C100520,Multan,Online,T-Shirts,Polo Shirt,1,2250,1380,0,COD,Yes,2250.0,870.0,2024,2024-10
704264,2025-05-27,C101649,Faisalabad,Online,Accessories,Leather Belt,1,1230,630,0,Card,No,1230.0,600.0,2025,2025-05
703740,2025-04-12,C101320,Karachi,Online,Jeans,Slim Fit Jeans,1,3520,2150,20,COD,No,2816.0,666.0,2025,2025-04
704552,2025-01-30,C100638,Faisalabad,Store,Kurtas,Printed Kurta,1,2580,1640,0,COD,No,2580.0,940.0,2025,2025-01
703749,2025-02-06,C101529,Karachi,Store,Accessories,Sunglasses,1,2300,1300,0,Card,No,2300.0,1000.0,2025,2025-02
701962,2024-01-03,C100342,Faisalabad,Store,Jackets,Puffer Jacket,2,6900,4080,10,Wallet,No,12420.0,4260.0,2024,2024-01
700059,2025-06-17,C100555,Lahore,Store,Dresses,Maxi Dress,2,4760,2910,0,Card,No,9520.0,3700.0,2025,2025-06
702102,2024-07-02,C101466,Karachi,Online,Kurtas,Printed Kurta,1,2520,1590,0,Card,No,2520.0,930.0,2024,2024-07
703981,2023-09-30,C101832,Karachi,Online,Jackets,Denim Jacket,1,5370,3180,15,COD,No,4564.5,1384.5,2023,2023-09
701261,2023-09-18,C102189,Peshawar,Store,Jeans,Ripped Jeans,3,3640,1710,15,Bank Transfer,No,9282.0,4152.0,2023,2023-09
702619,2025-04-18,C101114,Sialkot,Store,T-Shirts,Graphic Print Tee,2,1480,940,10,Card,No,2664.0,784.0,2025,2025-04
701283,2023-12-16,C101833,Lahore,Store,Shoes,Boots,2,6880,4070,20,Wallet,Yes,11008.0,2868.0,2023,2023-12
703823,2024-12-24,C100596,Rawalpindi,Store,Kurtas,Embroidered Kurta,2,3000,1530,20,Unknown,No,4800.0,1740.0,2024,2024-12
701938,2023-08-04,C100424,Islamabad,Store,Accessories,Sunglasses,1,2170,1320,0,COD,No,2170.0,850.0,2023,2023-08
701472,2024-05-15,C101834,Lahore,Online,Kurtas,Festive Kurta,2,4160,2470,15,COD,No,7072.0,2132.0,2024,2024-05
705159,2023-07-29,C101661,Islamabad,Online,T-Shirts,Oversized Tee,3,1890,890,10,COD,No,5103.0,2433.0,2023,2023-07
703204,2023-07-10,C100270,Lahore,Store,Shoes,Loafers,3,5010,2310,0,Card,No,15030.0,8100.0,2023,2023-07
701590,2023-09-20,C101618,Sialkot,Online,Accessories,Sunglasses,1,2220,1120,0,Card,No,2220.0,1100.0,2023,2023-09
704093,2024-07-22,C100677,Karachi,Online,T-Shirts,Graphic Print Tee,1,1520,730,0,COD,No,1520.0,790.0,2024,2024-07
703659,2024-06-21,C100197,Multan,Online,Dresses,Bodycon Dress,1,4020,1890,15,Wallet,No,3417.0,1527.0,2024,2024-06
700799,2024-09-26,C101846,Karachi,Store,Accessories,Leather Belt,1,1270,630,10,Card,No,1143.0,513.0,2024,2024-09
701181,2023-08-11,C100299,Rawalpindi,Store,Shoes,Sneakers,1,4460,2380,0,Wallet,No,4460.0,2080.0,2023,2023-08
702637,2024-09-30,C100645,Multan,Online,Shoes,Boots,3,6490,3730,0,Card,No,19470.0,8280.0,2024,2024-09
703355,2024-02-22,C101380,Karachi,Store,T-Shirts,Classic Cotton Tee,1,1170,720,0,COD,No,1170.0,450.0,2024,2024-02
701177,2024-05-20,C101612,Faisalabad,Store,Dresses,Maxi Dress,1,4540,2450,0,Card,No,4540.0,2090.0,2024,2024-05
701776,2024-02-29,C100768,Lahore,Online,Shoes,Sandals,1,2830,1350,0,Card,No,2830.0,1480.0,2024,2024-02
704955,2024-04-04,C100701,Karachi,Store,Dresses,Maxi Dress,3,4590,2280,15,Card,No,11704.5,4864.5,2024,2024-04
705122,2024-11-13,C101193,Sialkot,Online,Shoes,Sandals,1,2810,1610,0,Card,No,2810.0,1200.0,2024,2024-11
703052,2023-11-20,C101191,Karachi,Online,Jackets,Puffer Jacket,1,6930,4410,0,COD,No,6930.0,2520.0,2023,2023-11
705054,2024-11-17,C101992,Karachi,Store,Shoes,Boots,3,6190,3580,0,Card,No,18570.0,7830.0,2024,2024-11
704570,2025-06-02,C101817,Karachi,Online,Jeans,Slim Fit Jeans,1,3540,2200,10,COD,No,3186.0,986.0,2025,2025-06
703940,2024-06-25,C100729,Unknown,Online,Accessories,Leather Belt,1,1150,650,0,COD,No,1150.0,500.0,2024,2024-06
704361,2024-05-24,C101101,Karachi,Store,T-Shirts,Graphic Print Tee,3,1490,710,0,Wallet,No,4470.0,2340.0,2024,2024-05
703090,2024-09-26,C101162,Multan,Store,Shoes,Loafers,1,5260,2540,0,Card,No,5260.0,2720.0,2024,2024-09
702058,2024-12-24,C100061,Karachi,Online,Shoes,Sneakers,1,4470,2820,15,Card,No,3799.5,979.5,2024,2024-12
702018,2025-01-16,C101435,Sialkot,Store,T-Shirts,Polo Shirt,3,2370,1080,0,Card,No,7110.0,3870.0,2025,2025-01
703413,2024-11-29,C102064,Karachi,Online,T-Shirts,Polo Shirt,3,2130,1140,20,COD,No,5112.0,1692.0,2024,2024-11
700238,2024-10-12,C101269,Karachi,Online,Dresses,Wrap Dress,1,3870,2480,0,Bank Transfer,No,3870.0,1390.0,2024,2024-10
704619,2024-04-17,C100347,Lahore,Store,Accessories,Tote Bag,1,1610,870,10,Wallet,Yes,1449.0,579.0,2024,2024-04
702737,2023-11-24,C101712,Sialkot,Store,Jackets,Denim Jacket,2,5590,2860,20,COD,No,8944.0,3224.0,2023,2023-11
700416,2023-09-26,C101572,Islamabad,Online,Shoes,Sneakers,1,4800,2420,15,Card,Yes,4080.0,1660.0,2023,2023-09
705025,2023-10-27,C100624,Sialkot,Store,Dresses,Summer Floral Dress,1,3270,2090,0,Card,No,3270.0,1180.0,2023,2023-10
702225,2023-07-16,C100067,Karachi,Online,Dresses,Wrap Dress,2,4290,2030,15,Card,No,7293.0,3233.0,2023,2023-07
702867,2025-05-12,C100239,Lahore,Store,Dresses,Maxi Dress,2,4440,2510,20,COD,No,7104.0,2084.0,2025,2025-05
700946,2025-03-05,C102001,Karachi,Online,Jeans,Straight Leg Jeans,2,3140,1750,0,Card,No,6280.0,2780.0,2025,2025-03
701633,2023-09-27,C101496,Multan,Store,Jeans,Straight Leg Jeans,2,3190,1540,0,COD,No,6380.0,3300.0,2023,2023-09
700364,2024-02-23,C101344,Sialkot,Store,Jackets,Bomber Jacket,2,5410,3230,10,Bank Transfer,No,9738.0,3278.0,2024,2024-02
702718,2024-06-21,C101049,Lahore,Online,Jeans,High-Waist Jeans,1,4390,2820,0,COD,No,4390.0,1570.0,2024,2024-06
700399,2025-06-09,C102140,Peshawar,Online,Jeans,Slim Fit Jeans,1,3400,1980,0,Card,No,3400.0,1420.0,2025,2025-06
702970,2024-06-07,C101512,Islamabad,Online,Kurtas,Cotton Kurta,1,1890,1070,0,Card,No,1890.0,820.0,2024,2024-06
700333,2023-12-22,C100574,Multan,Online,Shoes,Sneakers,2,4680,2610,25,Card,No,7020.0,1800.0,2023,2023-12
704539,2025-05-16,C101117,Faisalabad,Online,Accessories,Sunglasses,3,2190,1190,10,COD,No,5913.0,2343.0,2025,2025-05
701895,2023-11-14,C100983,Karachi,Online,T-Shirts,Oversized Tee,1,1870,1000,30,Card,Yes,1309.0,309.0,2023,2023-11
703878,2024-05-27,C100230,Lahore,Online,Shoes,Loafers,1,5270,3210,10,Bank Transfer,No,4743.0,1533.0,2024,2024-05
701379,2024-09-23,C101718,Rawalpindi,Online,Dresses,Bodycon Dress,1,4050,1990,0,COD,Yes,4050.0,2060.0,2024,2024-09
703312,2025-04-21,C102004,Lahore,Online,T-Shirts,Oversized Tee,2,1740,1010,0,Bank Transfer,No,3480.0,1460.0,2025,2025-04
704538,2024-05-14,C100087,Karachi,Online,Jackets,Bomber Jacket,2,5510,3100,20,Wallet,No,8816.0,2616.0,2024,2024-05
704642,2025-01-02,C100844,Lahore,Online,Jeans,Slim Fit Jeans,3,3740,2240,0,Card,No,11220.0,4500.0,2025,2025-01
703179,2024-10-21,C100322,Karachi,Online,Kurtas,Embroidered Kurta,1,2740,1480,0,COD,No,2740.0,1260.0,2024,2024-10
703508,2025-03-06,C101010,Rawalpindi,Store,Jeans,Ripped Jeans,2,3920,2180,0,COD,No,7840.0,3480.0,2025,2025-03
702786,2025-04-04,C101389,Lahore,Online,Kurtas,Embroidered Kurta,1,3020,1860,15,Card,No,2567.0,707.0,2025,2025-04
701658,2024-12-04,C101931,Islamabad,Store,Jackets,Bomber Jacket,2,5230,2510,0,Wallet,No,10460.0,5440.0,2024,2024-12
701810,2025-04-13,C101867,Lahore,Store,Kurtas,Cotton Kurta,1,1860,970,15,COD,No,1581.0,611.0,2025,2025-04
701229,2025-04-06,C101031,Rawalpindi,Online,Jackets,Denim Jacket,1,5460,3210,20,COD,No,4368.0,1158.0,2025,2025-04
700857,2023-12-03,C101819,Islamabad,Online,Jackets,Puffer Jacket,1,6660,3240,25,COD,No,4995.0,1755.0,2023,2023-12
703655,2024-11-05,C101805,Rawalpindi,Store,Shoes,Sandals,1,2890,1740,0,Card,No,2890.0,1150.0,2024,2024-11
704903,2023-07-07,C100482,Islamabad,Store,Shoes,Sandals,2,2770,1570,10,Wallet,No,4986.0,1846.0,2023,2023-07
703628,2023-11-28,C101025,Karachi,Online,Jackets,Denim Jacket,2,5390,3420,20,Card,No,8624.0,1784.0,2023,2023-11
702690,2023-11-23,C100294,Multan,Online,Kurtas,Printed Kurta,2,2550,1530,15,COD,No,4335.0,1275.0,2023,2023-11
701502,2023-12-04,C101422,Karachi,Online,Jackets,Bomber Jacket,1,5500,2770,20,COD,No,4400.0,1630.0,2023,2023-12
703651,2025-06-04,C100157,Rawalpindi,Store,Dresses,Maxi Dress,1,4520,2370,0,COD,No,4520.0,2150.0,2025,2025-06
700134,2024-04-12,C100112,Karachi,Online,Accessories,Leather Belt,1,1190,580,0,Card,No,1190.0,610.0,2024,2024-04
700320,2024-06-23,C100512,Lahore,Online,Jeans,Slim Fit Jeans,3,3550,1790,0,COD,No,10650.0,5280.0,2024,2024-06
701737,2024-07-15,C100408,Lahore,Store,Shoes,Boots,1,6670,3240,10,Card,No,6003.0,2763.0,2024,2024-07
701992,2025-05-16,C100828,Multan,Store,Jeans,Slim Fit Jeans,1,3350,2170,0,Card,No,3350.0,1180.0,2025,2025-05
702874,2023-07-09,C100824,Multan,Store,Jeans,High-Waist Jeans,1,4360,2520,0,Wallet,No,4360.0,1840.0,2023,2023-07
701012,2024-02-14,C101921,Karachi,Online,Jackets,Hooded Jacket,3,4980,3170,15,COD,No,12699.0,3189.0,2024,2024-02
704234,2025-02-27,C100998,Sialkot,Online,Jeans,High-Waist Jeans,2,4440,2340,0,Card,No,8880.0,4200.0,2025,2025-02
701311,2024-07-15,C100150,Unknown,Online,Dresses,Summer Floral Dress,2,3140,1820,0,Wallet,No,6280.0,2640.0,2024,2024-07
704512,2023-09-05,C102030,Lahore,Online,Shoes,Sneakers,2,4820,2240,0,Card,No,9640.0,5160.0,2023,2023-09
701720,2024-06-13,C101387,Karachi,Online,Accessories,Baseball Cap,1,940,480,15,COD,No,799.0,319.0,2024,2024-06
700651,2025-01-18,C101046,Lahore,Online,Jackets,Puffer Jacket,3,7100,3350,10,Card,No,19170.0,9120.0,2025,2025-01
700863,2023-09-28,C100934,Faisalabad,Online,Accessories,Baseball Cap,1,870,420,0,Wallet,No,870.0,450.0,2023,2023-09
703496,2024-11-29,C101868,Islamabad,Store,Jeans,Straight Leg Jeans,3,3230,1640,15,Card,No,8236.5,3316.5,2024,2024-11
701757,2023-07-13,C101043,Rawalpindi,Store,Accessories,Tote Bag,1,1690,1000,0,Card,No,1690.0,690.0,2023,2023-07
703405,2023-09-11,C101258,Islamabad,Online,Shoes,Sneakers,1,4830,2830,15,Card,No,4105.5,1275.5,2023,2023-09
705197,2025-03-30,C101832,Karachi,Online,Jeans,Straight Leg Jeans,1,3230,2030,0,Card,No,3230.0,1200.0,2025,2025-03
701874,2024-06-19,C100637,Rawalpindi,Online,Shoes,Loafers,1,5260,2400,0,COD,No,5260.0,2860.0,2024,2024-06
703093,2025-02-13,C101815,Islamabad,Online,Kurtas,Cotton Kurta,1,1940,1220,0,Wallet,No,1940.0,720.0,2025,2025-02
703970,2025-06-06,C101705,Sialkot,Online,Shoes,Boots,1,6560,4190,0,Bank Transfer,No,6560.0,2370.0,2025,2025-06
700925,2025-02-28,C101161,Rawalpindi,Online,Jeans,High-Waist Jeans,1,4070,2630,0,Card,No,4070.0,1440.0,2025,2025-02
704980,2023-07-30,C100486,Karachi,Online,Jackets,Bomber Jacket,3,4990,2820,0,Card,No,14970.0,6510.0,2023,2023-07
702407,2025-05-10,C100073,Lahore,Store,T-Shirts,Oversized Tee,1,1940,1130,10,COD,No,1746.0,616.0,2025,2025-05
704249,2024-09-29,C101940,Lahore,Online,Dresses,Summer Floral Dress,1,3220,1580,15,Card,No,2737.0,1157.0,2024,2024-09
703296,2025-03-13,C100069,Karachi,Store,Kurtas,Festive Kurta,1,4270,2570,10,Bank Transfer,No,3843.0,1273.0,2025,2025-03
700128,2024-08-06,C101790,Faisalabad,Store,Kurtas,Embroidered Kurta,3,2770,1730,0,Wallet,No,8310.0,3120.0,2024,2024-08
700624,2023-12-01,C101019,Karachi,Store,T-Shirts,Oversized Tee,1,1720,1080,0,COD,No,1720.0,640.0,2023,2023-12
702985,2024-09-12,C101339,Karachi,Store,Jeans,Ripped Jeans,1,3650,1860,0,Card,No,3650.0,1790.0,2024,2024-09
702109,2023-08-04,C100161,Peshawar,Store,Jeans,Ripped Jeans,2,3680,2110,0,Card,No,7360.0,3140.0,2023,2023-08
701320,2025-03-23,C100834,Rawalpindi,Online,Jackets,Bomber Jacket,3,5200,2750,15,COD,No,13260.0,5010.0,2025,2025-03
700932,2024-10-22,C101258,Islamabad,Store,Shoes,Sandals,2,2700,1220,0,Card,No,5400.0,2960.0,2024,2024-10
702842,2024-09-10,C101839,Faisalabad,Store,Kurtas,Printed Kurta,3,2420,1380,0,Bank Transfer,No,7260.0,3120.0,2024,2024-09
701010,2023-07-13,C100703,Multan,Online,Accessories,Sunglasses,3,2370,1220,0,Bank Transfer,No,7110.0,3450.0,2023,2023-07
704353,2024-11-04,C101739,Faisalabad,Online,Jeans,High-Waist Jeans,2,4180,2200,15,Bank Transfer,No,7106.0,2706.0,2024,2024-11
704721,2024-04-10,C101661,Islamabad,Store,Shoes,Boots,3,6990,4020,10,Bank Transfer,No,18873.0,6813.0,2024,2024-04
701255,2023-10-13,C100653,Lahore,Store,Shoes,Boots,1,6350,3310,0,Wallet,Yes,6350.0,3040.0,2023,2023-10
703457,2025-05-12,C100564,Rawalpindi,Store,Dresses,Wrap Dress,3,3910,2130,0,Bank Transfer,No,11730.0,5340.0,2025,2025-05
702921,2024-01-30,C100863,Islamabad,Online,T-Shirts,Graphic Print Tee,1,1520,970,0,Card,Yes,1520.0,550.0,2024,2024-01
701624,2023-08-30,C101732,Faisalabad,Online,Kurtas,Cotton Kurta,1,1870,1090,0,COD,No,1870.0,780.0,2023,2023-08
702142,2023-09-20,C101384,Sialkot,Online,Kurtas,Printed Kurta,1,2300,1190,0,Card,No,2300.0,1110.0,2023,2023-09
703711,2024-09-08,C100480,Karachi,Store,Shoes,Loafers,2,5450,3340,0,Bank Transfer,No,10900.0,4220.0,2024,2024-09
705090,2024-12-06,C100016,Islamabad,Online,Shoes,Loafers,3,4960,2560,0,COD,No,14880.0,7200.0,2024,2024-12
702635,2023-10-14,C101765,Lahore,Store,Jeans,High-Waist Jeans,1,4410,2250,0,Card,No,4410.0,2160.0,2023,2023-10
700941,2025-06-16,C100658,Unknown,Store,Dresses,Maxi Dress,1,4610,2680,0,Card,Yes,4610.0,1930.0,2025,2025-06
703070,2024-02-25,C102099,Lahore,Store,Jeans,High-Waist Jeans,2,4250,2360,0,Wallet,No,8500.0,3780.0,2024,2024-02
701056,2023-07-04,C102011,Karachi,Store,Accessories,Baseball Cap,2,890,490,0,Card,No,1780.0,800.0,2023,2023-07
704790,2024-11-25,C102081,Lahore,Online,Shoes,Boots,3,6570,3580,25,Bank Transfer,No,14782.5,4042.5,2024,2024-11
704944,2024-10-20,C100665,Rawalpindi,Online,Jeans,High-Waist Jeans,2,4400,2540,0,COD,No,8800.0,3720.0,2024,2024-10
701053,2024-05-01,C100110,Karachi,Online,Dresses,Maxi Dress,1,4330,2120,10,Card,No,3897.0,1777.0,2024,2024-05
704809,2025-04-19,C101445,Islamabad,Store,Shoes,Sandals,1,2690,1490,0,COD,No,2690.0,1200.0,2025,2025-04
700246,2025-06-22,C101286,Karachi,Online,Accessories,Tote Bag,1,1580,860,0,Card,No,1580.0,720.0,2025,2025-06
704758,2024-06-16,C100327,Islamabad,Online,Jeans,Ripped Jeans,1,3920,2390,0,COD,No,3920.0,1530.0,2024,2024-06
702602,2023-08-18,C101505,Islamabad,Online,T-Shirts,Graphic Print Tee,3,1450,790,0,Wallet,No,4350.0,1980.0,2023,2023-08
700344,2024-01-17,C101889,Karachi,Online,Jackets,Bomber Jacket,1,5130,2550,10,Card,No,4617.0,2067.0,2024,2024-01
703188,2025-06-13,C101344,Sialkot,Online,Shoes,Loafers,1,5130,3030,0,Card,Yes,5130.0,2100.0,2025,2025-06
703577,2023-07-20,C101651,Karachi,Online,T-Shirts,Polo Shirt,2,2340,1230,0,COD,No,4680.0,2220.0,2023,2023-07
702996,2025-04-21,C101125,Islamabad,Online,Kurtas,Cotton Kurta,1,1950,1000,0,COD,No,1950.0,950.0,2025,2025-04
705160,2025-01-05,C101332,Islamabad,Store,Accessories,Tote Bag,1,1710,1050,0,COD,No,1710.0,660.0,2025,2025-01
704261,2024-08-27,C101715,Faisalabad,Online,T-Shirts,Oversized Tee,1,1740,1090,0,COD,No,1740.0,650.0,2024,2024-08
704998,2024-07-14,C101327,Islamabad,Online,Accessories,Leather Belt,1,1270,660,0,COD,No,1270.0,610.0,2024,2024-07
700224,2023-10-31,C101139,Rawalpindi,Online,Jeans,Slim Fit Jeans,3,3350,2060,0,COD,No,10050.0,3870.0,2023,2023-10
704447,2025-01-30,C100339,Peshawar,Online,Shoes,Boots,2,6810,4350,0,Card,Yes,13620.0,4920.0,2025,2025-01
704664,2024-09-01,C102156,Lahore,Store,Accessories,Baseball Cap,1,900,570,0,Card,Yes,900.0,330.0,2024,2024-09
703943,2024-04-19,C101473,Karachi,Online,T-Shirts,Classic Cotton Tee,1,1150,710,10,COD,No,1035.0,325.0,2024,2024-04
701834,2023-07-01,C101002,Lahore,Online,T-Shirts,Polo Shirt,1,2280,1310,0,Card,No,2280.0,970.0,2023,2023-07
704417,2023-09-14,C100691,Unknown,Online,Accessories,Leather Belt,2,1290,740,0,Card,No,2580.0,1100.0,2023,2023-09
700321,2024-01-26,C100096,Karachi,Online,Accessories,Baseball Cap,1,860,450,0,Card,No,860.0,410.0,2024,2024-01
700086,2024-04-30,C102112,Lahore,Online,Accessories,Sunglasses,2,2340,1320,20,COD,No,3744.0,1104.0,2024,2024-04
702893,2024-02-19,C102057,Karachi,Online,T-Shirts,Classic Cotton Tee,2,1230,730,0,COD,No,2460.0,1000.0,2024,2024-02
704207,2024-09-21,C100917,Lahore,Online,Jeans,Slim Fit Jeans,2,3740,2300,0,COD,No,7480.0,2880.0,2024,2024-09
704565,2024-07-30,C100605,Faisalabad,Online,Accessories,Baseball Cap,2,900,430,0,COD,No,1800.0,940.0,2024,2024-07
702167,2023-07-08,C100398,Karachi,Store,Accessories,Tote Bag,2,1690,990,0,Card,No,3380.0,1400.0,2023,2023-07
702946,2024-12-14,C100625,Karachi,Store,Dresses,Bodycon Dress,2,3710,1780,15,Card,No,6307.0,2747.0,2024,2024-12
701228,2023-10-29,C101183,Lahore,Online,Jackets,Puffer Jacket,1,7170,3890,0,COD,No,7170.0,3280.0,2023,2023-10
701487,2023-11-11,C101871,Karachi,Store,Kurtas,Festive Kurta,2,4220,2390,15,Card,No,7174.0,2394.0,2023,2023-11
700384,2023-07-27,C101402,Sialkot,Online,T-Shirts,Polo Shirt,2,2110,1230,10,Card,No,3798.0,1338.0,2023,2023-07
703510,2025-05-09,C101018,Lahore,Store,Dresses,Wrap Dress,2,4300,2070,0,Card,No,8600.0,4460.0,2025,2025-05
700116,2025-03-05,C100219,Karachi,Online,Accessories,Baseball Cap,2,910,510,0,COD,No,1820.0,800.0,2025,2025-03
701191,2024-02-03,C102095,Karachi,Online,Shoes,Sneakers,1,4800,2770,15,Wallet,No,4080.0,1310.0,2024,2024-02
700567,2023-12-31,C100033,Karachi,Online,Accessories,Leather Belt,1,1230,730,0,Card,No,1230.0,500.0,2023,2023-12
700098,2025-04-15,C101843,Sialkot,Online,Kurtas,Printed Kurta,3,2470,1590,20,COD,No,5928.0,1158.0,2025,2025-04
700324,2024-09-01,C100746,Karachi,Online,Jackets,Denim Jacket,1,5590,3480,0,COD,No,5590.0,2110.0,2024,2024-09
702194,2024-07-01,C101575,Lahore,Store,Kurtas,Cotton Kurta,1,1880,960,0,Card,No,1880.0,920.0,2024,2024-07
702894,2025-03-24,C100342,Faisalabad,Online,Shoes,Sneakers,3,4650,2890,15,Card,No,11857.5,3187.5,2025,2025-03
702317,2023-08-31,C100241,Faisalabad,Store,Dresses,Summer Floral Dress,2,3210,1890,0,Card,No,6420.0,2640.0,2023,2023-08
704222,2023-10-08,C102093,Lahore,Online,Jackets,Hooded Jacket,1,4600,2800,0,Card,No,4600.0,1800.0,2023,2023-10
703049,2024-12-20,C100707,Faisalabad,Online,Jeans,High-Waist Jeans,2,4110,1930,15,COD,No,6987.0,3127.0,2024,2024-12
700371,2024-10-31,C100999,Karachi,Online,Jeans,High-Waist Jeans,1,4240,2180,0,Wallet,No,4240.0,2060.0,2024,2024-10
703709,2024-12-11,C101485,Lahore,Store,Jeans,Ripped Jeans,1,4080,2020,30,Card,No,2856.0,836.0,2024,2024-12
701587,2025-01-23,C100897,Lahore,Online,Accessories,Baseball Cap,1,920,420,0,Card,No,920.0,500.0,2025,2025-01
703709,2024-12-11,C101485,Lahore,Store,Accessories,Baseball Cap,3,950,470,0,Card,No,2850.0,1440.0,2024,2024-12
704671,2024-05-23,C100784,Sialkot,Online,Dresses,Bodycon Dress,1,3650,2230,15,COD,No,3102.5,872.5,2024,2024-05
704011,2025-06-21,C101947,Peshawar,Store,T-Shirts,Oversized Tee,1,1800,1080,10,COD,No,1620.0,540.0,2025,2025-06
702765,2024-05-29,C100094,Karachi,Online,Shoes,Loafers,2,5230,2930,15,COD,No,8891.0,3031.0,2024,2024-05
700669,2024-10-19,C100973,Peshawar,Store,Shoes,Loafers,1,4960,2270,0,COD,No,4960.0,2690.0,2024,2024-10
700468,2024-01-10,C101472,Lahore,Online,Jackets,Puffer Jacket,3,7160,4470,10,Wallet,No,19332.0,5922.0,2024,2024-01
703965,2023-08-19,C101105,Faisalabad,Online,Accessories,Tote Bag,2,1710,1070,0,Wallet,No,3420.0,1280.0,2023,2023-08
702680,2025-04-27,C100531,Rawalpindi,Online,Jeans,High-Waist Jeans,1,4030,2470,10,Wallet,No,3627.0,1157.0,2025,2025-04
704136,2024-06-01,C100277,Islamabad,Online,Accessories,Tote Bag,1,1660,940,0,Bank Transfer,No,1660.0,720.0,2024,2024-06
704444,2023-10-26,C100313,Karachi,Online,Jeans,Ripped Jeans,3,3850,2210,0,COD,Yes,11550.0,4920.0,2023,2023-10
700348,2025-06-26,C101612,Faisalabad,Store,T-Shirts,Polo Shirt,1,2170,1390,0,COD,No,2170.0,780.0,2025,2025-06
704281,2024-05-24,C100253,Lahore,Online,Kurtas,Festive Kurta,1,4520,2920,20,COD,No,3616.0,696.0,2024,2024-05
703283,2025-02-13,C101854,Multan,Online,Jeans,High-Waist Jeans,1,4430,2490,0,Card,No,4430.0,1940.0,2025,2025-02
700226,2024-09-11,C100477,Islamabad,Store,Jeans,Straight Leg Jeans,1,3340,1840,0,Wallet,No,3340.0,1500.0,2024,2024-09
704836,2025-04-30,C101235,Lahore,Store,Shoes,Sandals,2,2690,1550,0,COD,No,5380.0,2280.0,2025,2025-04
702214,2024-09-26,C100626,Faisalabad,Store,Jeans,Slim Fit Jeans,1,3680,1980,15,Card,No,3128.0,1148.0,2024,2024-09
700954,2023-12-23,C102051,Lahore,Online,Dresses,Wrap Dress,3,4300,2790,15,Bank Transfer,Yes,10965.0,2595.0,2023,2023-12
704831,2023-08-15,C100342,Faisalabad,Store,Kurtas,Festive Kurta,1,4070,1870,0,COD,No,4070.0,2200.0,2023,2023-08
703574,2024-05-28,C101032,Islamabad,Store,Shoes,Sneakers,1,4490,2550,15,COD,No,3816.5,1266.5,2024,2024-05
700776,2024-10-15,C101827,Karachi,Online,Dresses,Maxi Dress,1,4640,2490,10,COD,No,4176.0,1686.0,2024,2024-10
703208,2024-07-31,C101993,Lahore,Store,T-Shirts,Classic Cotton Tee,1,1160,720,0,COD,No,1160.0,440.0,2024,2024-07
704741,2024-12-03,C101063,Islamabad,Online,Shoes,Sneakers,1,4720,2270,0,Card,No,4720.0,2450.0,2024,2024-12
702668,2024-11-24,C101924,Lahore,Online,Dresses,Bodycon Dress,1,3690,1800,20,COD,No,2952.0,1152.0,2024,2024-11
701943,2023-10-25,C100309,Lahore,Store,Kurtas,Printed Kurta,3,2300,1460,0,COD,No,6900.0,2520.0,2023,2023-10
704041,2025-05-21,C100042,Rawalpindi,Online,Dresses,Maxi Dress,2,4740,3000,20,Card,No,7584.0,1584.0,2025,2025-05
704730,2025-03-28,C101980,Multan,Online,T-Shirts,Graphic Print Tee,3,1550,960,0,Wallet,No,4650.0,1770.0,2025,2025-03
701630,2023-10-18,C101071,Islamabad,Online,Jackets,Denim Jacket,2,5930,2760,0,Wallet,No,11860.0,6340.0,2023,2023-10
701356,2025-06-22,C102141,Karachi,Online,Accessories,Baseball Cap,1,900,560,0,Wallet,No,900.0,340.0,2025,2025-06
701950,2025-03-31,C100272,Lahore,Online,Shoes,Loafers,2,5050,2890,0,COD,Yes,10100.0,4320.0,2025,2025-03
704048,2024-10-22,C100302,Islamabad,Store,Accessories,Baseball Cap,1,910,430,0,Card,No,910.0,480.0,2024,2024-10
704709,2025-04-01,C100567,Lahore,Store,Dresses,Summer Floral Dress,1,3150,1580,0,Card,No,3150.0,1570.0,2025,2025-04
701696,2023-10-04,C101372,Karachi,Store,Accessories,Sunglasses,2,2300,1320,0,COD,No,4600.0,1960.0,2023,2023-10
700548,2024-06-23,C100093,Karachi,Store,Jackets,Puffer Jacket,2,7060,3770,0,COD,No,14120.0,6580.0,2024,2024-06
702692,2024-01-20,C100179,Faisalabad,Store,Jackets,Bomber Jacket,1,5490,3400,0,Card,No,5490.0,2090.0,2024,2024-01
703852,2024-10-29,C101282,Unknown,Online,Jackets,Bomber Jacket,1,5540,3520,15,Wallet,No,4709.0,1189.0,2024,2024-10
701008,2023-10-11,C101555,Faisalabad,Online,Dresses,Summer Floral Dress,2,3460,1990,0,Card,No,6920.0,2940.0,2023,2023-10
700332,2024-12-29,C101615,Lahore,Online,Jeans,Ripped Jeans,1,3970,2460,15,COD,No,3374.5,914.5,2024,2024-12
702204,2025-05-08,C101279,Islamabad,Store,Kurtas,Printed Kurta,1,2550,1150,15,Wallet,No,2167.5,1017.5,2025,2025-05
704937,2024-10-25,C100571,Multan,Store,Accessories,Leather Belt,1,1220,580,0,COD,No,1220.0,640.0,2024,2024-10
700680,2024-10-14,C101140,Karachi,Store,Accessories,Tote Bag,1,1610,1040,0,COD,No,1610.0,570.0,2024,2024-10
702159,2024-03-03,C100571,Multan,Store,Shoes,Loafers,1,5160,2340,10,COD,No,4644.0,2304.0,2024,2024-03
704242,2024-04-29,C100161,Peshawar,Online,Kurtas,Printed Kurta,3,2310,1260,15,COD,No,5890.5,2110.5,2024,2024-04
701516,2024-03-16,C100225,Peshawar,Store,Jackets,Denim Jacket,3,5640,3450,0,Card,No,16920.0,6570.0,2024,2024-03
703637,2024-11-25,C101074,Multan,Online,Kurtas,Cotton Kurta,2,1980,1080,30,COD,No,2772.0,612.0,2024,2024-11
704966,2025-02-17,C100187,Lahore,Online,Jackets,Denim Jacket,1,5530,3300,0,COD,No,5530.0,2230.0,2025,2025-02
704679,2025-06-12,C101092,Karachi,Online,Jackets,Puffer Jacket,1,6920,3190,0,Bank Transfer,No,6920.0,3730.0,2025,2025-06
704884,2024-01-02,C101656,Lahore,Store,Accessories,Tote Bag,3,1690,940,0,COD,Yes,5070.0,2250.0,2024,2024-01
701015,2023-07-18,C100399,Karachi,Store,Kurtas,Cotton Kurta,1,1830,860,10,COD,No,1647.0,787.0,2023,2023-07
702099,2024-03-10,C101347,Karachi,Online,Dresses,Bodycon Dress,2,3980,2270,0,Card,No,7960.0,3420.0,2024,2024-03
700171,2024-06-03,C101601,Lahore,Online,T-Shirts,Classic Cotton Tee,1,1190,660,15,COD,No,1011.5,351.5,2024,2024-06
702494,2024-01-01,C100441,Lahore,Online,Jeans,Ripped Jeans,1,3740,1720,10,COD,No,3366.0,1646.0,2024,2024-01
703962,2024-07-25,C101279,Islamabad,Online,Dresses,Bodycon Dress,1,3700,2260,0,Wallet,No,3700.0,1440.0,2024,2024-07
700886,2025-01-13,C101334,Sialkot,Online,Accessories,Sunglasses,1,2250,1360,15,Wallet,No,1912.5,552.5,2025,2025-01
704126,2025-03-22,C101569,Karachi,Store,Jackets,Bomber Jacket,2,5040,2880,0,Card,Yes,10080.0,4320.0,2025,2025-03
705161,2023-11-12,C101680,Faisalabad,Store,Jackets,Puffer Jacket,2,7320,3910,0,COD,No,14640.0,6820.0,2023,2023-11
701240,2024-11-10,C101150,Lahore,Store,Jackets,Puffer Jacket,3,7200,4420,20,Card,No,17280.0,4020.0,2024,2024-11
702089,2023-10-12,C101974,Lahore,Online,T-Shirts,Polo Shirt,1,2330,1470,15,COD,No,1980.5,510.5,2023,2023-10
703353,2023-07-22,C101592,Sialkot,Online,T-Shirts,Polo Shirt,2,2100,1040,0,COD,No,4200.0,2120.0,2023,2023-07
700397,2025-05-28,C100429,Faisalabad,Online,Shoes,Sandals,3,3010,1730,20,COD,No,7224.0,2034.0,2025,2025-05
704930,2024-05-07,C100237,Faisalabad,Online,Dresses,Maxi Dress,3,4830,2330,15,Card,No,12316.5,5326.5,2024,2024-05
704554,2024-02-04,C101606,Sialkot,Store,Jackets,Denim Jacket,2,5290,3070,0,COD,No,10580.0,4440.0,2024,2024-02
703826,2024-09-10,C100217,Lahore,Online,Shoes,Sneakers,2,4550,2140,0,Card,No,9100.0,4820.0,2024,2024-09
702051,2025-03-05,C101324,Karachi,Online,Dresses,Summer Floral Dress,1,3370,1520,0,COD,No,3370.0,1850.0,2025,2025-03
703290,2024-05-05,C101566,Lahore,Store,Jeans,Ripped Jeans,3,3710,1790,15,COD,No,9460.5,4090.5,2024,2024-05
701748,2023-07-29,C101873,Sialkot,Online,Accessories,Tote Bag,1,1530,990,0,Bank Transfer,No,1530.0,540.0,2023,2023-07
700842,2024-09-26,C101382,Islamabad,Online,T-Shirts,Graphic Print Tee,2,1500,880,0,Card,No,3000.0,1240.0,2024,2024-09
703699,2025-05-30,C100408,Lahore,Online,Shoes,Loafers,2,5280,2610,10,Card,No,9504.0,4284.0,2025,2025-05
700824,2024-08-28,C100032,Karachi,Store,Jeans,High-Waist Jeans,1,4440,2560,0,Wallet,No,4440.0,1880.0,2024,2024-08
702806,2023-11-14,C100774,Lahore,Online,Jackets,Hooded Jacket,2,4810,2850,15,Card,No,8177.0,2477.0,2023,2023-11
700506,2023-09-25,C101074,Multan,Online,Jeans,Straight Leg Jeans,1,3420,1760,0,Card,No,3420.0,1660.0,2023,2023-09
701207,2023-10-09,C101335,Multan,Store,Shoes,Sneakers,1,4460,2410,0,Card,No,4460.0,2050.0,2023,2023-10
700042,2024-05-09,C100774,Lahore,Store,Jeans,Slim Fit Jeans,1,3340,1610,20,COD,No,2672.0,1062.0,2024,2024-05
702785,2023-07-31,C101372,Karachi,Online,Dresses,Maxi Dress,3,4580,2960,0,Card,Yes,13740.0,4860.0,2023,2023-07
701023,2024-09-21,C102189,Peshawar,Online,Jeans,Slim Fit Jeans,1,3510,2210,15,COD,No,2983.5,773.5,2024,2024-09
700029,2023-09-08,C101631,Multan,Online,Accessories,Tote Bag,2,1690,1010,10,COD,No,3042.0,1022.0,2023,2023-09
704651,2024-02-28,C101381,Lahore,Store,Jeans,Straight Leg Jeans,2,3390,1590,0,Bank Transfer,No,6780.0,3600.0,2024,2024-02
700710,2024-02-26,C100505,Faisalabad,Online,T-Shirts,Polo Shirt,1,2170,990,10,Card,No,1953.0,963.0,2024,2024-02
702735,2023-09-05,C100569,Islamabad,Store,Jeans,Straight Leg Jeans,2,3450,2060,0,Card,No,6900.0,2780.0,2023,2023-09
701762,2024-06-15,C101364,Karachi,Online,T-Shirts,Polo Shirt,1,2120,980,0,Bank Transfer,No,2120.0,1140.0,2024,2024-06
704418,2023-07-07,C102044,Sialkot,Online,Jeans,Straight Leg Jeans,2,3140,1910,10,COD,No,5652.0,1832.0,2023,2023-07
704641,2024-06-02,C100560,Lahore,Store,Kurtas,Printed Kurta,2,2440,1290,0,COD,No,4880.0,2300.0,2024,2024-06
704568,2025-02-02,C101808,Karachi,Online,Kurtas,Cotton Kurta,1,1870,1130,0,COD,No,1870.0,740.0,2025,2025-02
703522,2024-09-11,C100731,Lahore,Online,T-Shirts,Classic Cotton Tee,1,1240,740,0,COD,No,1240.0,500.0,2024,2024-09
701798,2024-04-21,C100369,Peshawar,Store,Jeans,Slim Fit Jeans,1,3640,2140,20,Card,No,2912.0,772.0,2024,2024-04
700465,2025-04-26,C100230,Lahore,Store,T-Shirts,Graphic Print Tee,1,1440,670,0,Card,No,1440.0,770.0,2025,2025-04
703459,2024-04-13,C102126,Karachi,Online,Jeans,Slim Fit Jeans,1,3460,1770,0,Card,Yes,3460.0,1690.0,2024,2024-04
704391,2024-10-04,C100237,Faisalabad,Store,Kurtas,Cotton Kurta,1,2000,1040,0,Card,Yes,2000.0,960.0,2024,2024-10
702924,2024-03-03,C101717,Islamabad,Store,Jackets,Denim Jacket,2,5650,3540,0,COD,No,11300.0,4220.0,2024,2024-03
704703,2025-03-03,C100564,Rawalpindi,Store,T-Shirts,Oversized Tee,1,1920,1120,0,COD,No,1920.0,800.0,2025,2025-03
700255,2023-11-08,C102140,Peshawar,Store,Jeans,High-Waist Jeans,2,4110,1850,0,COD,No,8220.0,4520.0,2023,2023-11
703216,2024-12-21,C101573,Multan,Online,Accessories,Baseball Cap,2,960,570,20,Wallet,No,1536.0,396.0,2024,2024-12
700559,2025-04-04,C100182,Islamabad,Online,T-Shirts,Oversized Tee,2,1830,1160,20,Card,No,2928.0,608.0,2025,2025-04
700560,2024-02-07,C101632,Rawalpindi,Online,Jeans,Slim Fit Jeans,3,3770,1940,0,COD,No,11310.0,5490.0,2024,2024-02
701044,2024-12-05,C102019,Karachi,Store,T-Shirts,Oversized Tee,1,1850,840,15,Card,No,1572.5,732.5,2024,2024-12
700488,2025-06-26,C101757,Sialkot,Store,Shoes,Sandals,2,2990,1620,0,Card,No,5980.0,2740.0,2025,2025-06
702816,2025-02-09,C100801,Karachi,Online,Jackets,Puffer Jacket,1,6720,3480,0,Bank Transfer,No,6720.0,3240.0,2025,2025-02
700521,2024-02-08,C101617,Islamabad,Store,Accessories,Baseball Cap,2,910,420,0,Wallet,No,1820.0,980.0,2024,2024-02
702205,2023-11-28,C101380,Karachi,Online,Accessories,Tote Bag,1,1520,840,20,COD,No,1216.0,376.0,2023,2023-11
703800,2025-06-17,C101390,Unknown,Store,Dresses,Maxi Dress,1,4800,2580,0,Card,No,4800.0,2220.0,2025,2025-06
704785,2025-06-20,C101907,Lahore,Store,Shoes,Sandals,2,2720,1670,0,Card,No,5440.0,2100.0,2025,2025-06
705009,2023-09-12,C101636,Karachi,Online,Jeans,Slim Fit Jeans,1,3680,2310,0,COD,Yes,3680.0,1370.0,2023,2023-09
704176,2024-09-13,C100544,Lahore,Online,Jackets,Bomber Jacket,1,5540,3350,0,COD,No,5540.0,2190.0,2024,2024-09
701305,2025-05-24,C100417,Faisalabad,Store,Accessories,Sunglasses,1,2330,1220,0,Card,No,2330.0,1110.0,2025,2025-05
701875,2024-07-09,C101740,Lahore,Online,Dresses,Wrap Dress,1,4240,2620,0,Bank Transfer,No,4240.0,1620.0,2024,2024-07
704047,2025-05-08,C100739,Karachi,Online,Jeans,Ripped Jeans,1,3850,2400,0,Wallet,No,3850.0,1450.0,2025,2025-05
703481,2025-02-08,C100556,Karachi,Online,T-Shirts,Polo Shirt,2,2230,1090,0,Card,No,4460.0,2280.0,2025,2025-02
703170,2024-03-13,C100465,Rawalpindi,Store,T-Shirts,Graphic Print Tee,1,1580,840,10,COD,No,1422.0,582.0,2024,2024-03
701283,2023-12-16,C101833,Lahore,Store,Accessories,Sunglasses,1,2170,1050,20,Wallet,No,1736.0,686.0,2023,2023-12
701475,2025-01-12,C101637,Peshawar,Store,T-Shirts,Classic Cotton Tee,1,1150,670,0,COD,No,1150.0,480.0,2025,2025-01
704887,2023-10-28,C100669,Karachi,Online,Shoes,Boots,2,7010,4390,0,Card,No,14020.0,5240.0,2023,2023-10
700896,2024-06-20,C101495,Islamabad,Online,Jeans,Slim Fit Jeans,2,3510,2170,0,Card,No,7020.0,2680.0,2024,2024-06
701056,2023-07-04,C102011,Karachi,Store,Kurtas,Festive Kurta,2,4270,2250,0,Unknown,No,8540.0,4040.0,2023,2023-07
702412,2024-11-07,C100970,Lahore,Store,Accessories,Baseball Cap,1,950,440,25,Card,No,712.5,272.5,2024,2024-11
702384,2024-08-20,C101686,Islamabad,Store,Kurtas,Printed Kurta,2,2480,1570,0,COD,No,4960.0,1820.0,2024,2024-08
700842,2024-09-26,C101382,Islamabad,Online,Accessories,Baseball Cap,1,910,530,0,Card,No,910.0,380.0,2024,2024-09
704687,2024-11-02,C100169,Sialkot,Online,Jackets,Hooded Jacket,1,4710,2850,30,Card,Yes,3297.0,447.0,2024,2024-11
704711,2024-07-24,C100784,Sialkot,Online,Jeans,Slim Fit Jeans,1,3500,1700,0,COD,No,3500.0,1800.0,2024,2024-07
704862,2025-06-21,C101537,Faisalabad,Online,Shoes,Boots,1,6510,3520,0,COD,No,6510.0,2990.0,2025,2025-06
700597,2025-02-10,C101417,Islamabad,Store,Accessories,Sunglasses,2,2260,1390,0,COD,No,4520.0,1740.0,2025,2025-02
703180,2025-01-04,C101855,Sialkot,Store,Jackets,Denim Jacket,2,5290,2610,0,COD,No,10580.0,5360.0,2025,2025-01
702447,2024-12-25,C100644,Islamabad,Online,Jeans,High-Waist Jeans,1,4170,2530,0,Card,No,4170.0,1640.0,2024,2024-12
701279,2023-09-23,C100998,Sialkot,Online,Shoes,Sneakers,1,4840,2200,0,Card,No,4840.0,2640.0,2023,2023-09
700162,2023-12-06,C100652,Rawalpindi,Store,Jackets,Hooded Jacket,2,4890,2940,25,COD,Yes,7335.0,1455.0,2023,2023-12
703561,2025-06-07,C100410,Rawalpindi,Store,Kurtas,Embroidered Kurta,1,2900,1630,0,Card,No,2900.0,1270.0,2025,2025-06
704536,2025-06-25,C100410,Rawalpindi,Online,Dresses,Bodycon Dress,1,4060,2070,0,Bank Transfer,No,4060.0,1990.0,2025,2025-06
704650,2024-09-19,C101003,Lahore,Online,Kurtas,Printed Kurta,1,2450,1320,10,Wallet,No,2205.0,885.0,2024,2024-09
704045,2023-07-06,C101007,Karachi,Store,Dresses,Bodycon Dress,1,4030,1820,0,Bank Transfer,No,4030.0,2210.0,2023,2023-07
700912,2023-07-01,C101623,Lahore,Online,Dresses,Wrap Dress,1,4140,2220,10,Wallet,Yes,3726.0,1506.0,2023,2023-07
701582,2024-07-18,C101525,Lahore,Online,T-Shirts,Oversized Tee,1,1830,1160,10,Unknown,No,1647.0,487.0,2024,2024-07
703867,2024-05-20,C100383,Karachi,Store,Dresses,Maxi Dress,1,4820,3130,0,Card,No,4820.0,1690.0,2024,2024-05
700112,2023-09-04,C100406,Karachi,Online,Jeans,Slim Fit Jeans,1,3630,1890,10,COD,No,3267.0,1377.0,2023,2023-09
704539,2025-05-16,C101117,Faisalabad,Online,Kurtas,Printed Kurta,1,2480,1380,0,COD,No,2480.0,1100.0,2025,2025-05
704676,2024-03-17,C101462,Lahore,Online,Kurtas,Printed Kurta,1,2350,1150,15,Wallet,No,1997.5,847.5,2024,2024-03
703929,2023-10-28,C101781,Faisalabad,Online,Kurtas,Festive Kurta,3,4230,2590,10,Card,No,11421.0,3651.0,2023,2023-10
700172,2024-12-26,C102018,Islamabad,Online,Jackets,Denim Jacket,1,5840,3420,15,Card,No,4964.0,1544.0,2024,2024-12
700594,2024-05-14,C102155,Multan,Store,T-Shirts,Graphic Print Tee,1,1620,910,0,COD,No,1620.0,710.0,2024,2024-05
702703,2023-07-04,C101506,Faisalabad,Store,T-Shirts,Oversized Tee,2,1920,890,0,Bank Transfer,No,3840.0,2060.0,2023,2023-07
702496,2024-12-10,C100224,Karachi,Store,Jackets,Denim Jacket,3,5890,2940,20,Bank Transfer,No,14136.0,5316.0,2024,2024-12
700449,2023-09-25,C101202,Multan,Online,Kurtas,Festive Kurta,2,4300,2040,0,COD,No,8600.0,4520.0,2023,2023-09
701267,2024-10-08,C101187,Sialkot,Store,Dresses,Maxi Dress,2,4460,2770,0,COD,Yes,8920.0,3380.0,2024,2024-10
702398,2025-03-07,C100469,Islamabad,Online,Kurtas,Printed Kurta,1,2320,1360,15,Card,No,1972.0,612.0,2025,2025-03
705050,2023-11-19,C100860,Faisalabad,Store,Kurtas,Embroidered Kurta,1,2890,1390,15,COD,No,2456.5,1066.5,2023,2023-11
701327,2025-01-06,C100408,Lahore,Online,Jackets,Puffer Jacket,1,6930,3590,0,Card,No,6930.0,3340.0,2025,2025-01
704520,2025-06-05,C101038,Karachi,Online,Shoes,Loafers,1,4940,2900,10,Card,No,4446.0,1546.0,2025,2025-06
703387,2024-01-21,C101382,Islamabad,Online,Kurtas,Printed Kurta,3,2450,1200,10,COD,No,6615.0,3015.0,2024,2024-01
703168,2023-11-20,C100521,Karachi,Online,Dresses,Wrap Dress,2,4250,2150,25,COD,No,6375.0,2075.0,2023,2023-11
700034,2025-01-26,C101546,Lahore,Store,Jeans,Slim Fit Jeans,1,3560,1700,0,Card,No,3560.0,1860.0,2025,2025-01
704810,2024-07-12,C100689,Islamabad,Online,Kurtas,Festive Kurta,2,4010,2400,10,Card,No,7218.0,2418.0,2024,2024-07
704838,2024-04-01,C102076,Sialkot,Online,Jeans,Straight Leg Jeans,2,3160,1430,10,COD,No,5688.0,2828.0,2024,2024-04
705169,2025-01-03,C101946,Lahore,Store,Jackets,Denim Jacket,2,5730,3170,0,COD,No,11460.0,5120.0,2025,2025-01
703697,2024-09-30,C100974,Karachi,Store,Accessories,Leather Belt,2,1190,610,0,Card,No,2380.0,1160.0,2024,2024-09
703573,2024-01-22,C100910,Faisalabad,Online,Kurtas,Embroidered Kurta,1,2750,1370,0,COD,No,2750.0,1380.0,2024,2024-01
703141,2024-01-11,C101615,Lahore,Online,Accessories,Sunglasses,2,2340,1220,0,Card,No,4680.0,2240.0,2024,2024-01
704876,2024-07-17,C100396,Multan,Store,T-Shirts,Oversized Tee,1,1880,1210,0,COD,No,1880.0,670.0,2024,2024-07
701397,2024-03-20,C101833,Lahore,Store,T-Shirts,Oversized Tee,1,1860,1010,0,COD,No,1860.0,850.0,2024,2024-03
704124,2024-06-28,C100917,Lahore,Store,T-Shirts,Polo Shirt,1,2190,1030,10,Card,No,1971.0,941.0,2024,2024-06
701562,2024-05-12,C101294,Karachi,Store,Dresses,Wrap Dress,2,3940,2380,10,COD,No,7092.0,2332.0,2024,2024-05
704009,2024-10-25,C100347,Lahore,Online,Jeans,Straight Leg Jeans,2,3280,1840,0,COD,No,6560.0,2880.0,2024,2024-10
701914,2025-01-05,C102045,Lahore,Store,Jackets,Bomber Jacket,1,5140,2760,15,COD,No,4369.0,1609.0,2025,2025-01
704057,2025-06-05,C100058,Lahore,Online,Dresses,Bodycon Dress,2,3770,2060,0,COD,No,7540.0,3420.0,2025,2025-06
704676,2024-03-17,C101462,Lahore,Online,Dresses,Wrap Dress,2,3860,2180,0,Wallet,No,7720.0,3360.0,2024,2024-03
704246,2023-08-03,C100463,Unknown,Online,Kurtas,Festive Kurta,3,4120,2180,10,COD,No,11124.0,4584.0,2023,2023-08
705041,2024-01-25,C102120,Karachi,Online,Jeans,Ripped Jeans,2,4040,2570,0,Wallet,No,8080.0,2940.0,2024,2024-01
703509,2025-06-15,C102004,Lahore,Online,Kurtas,Printed Kurta,1,2550,1540,0,Bank Transfer,No,2550.0,1010.0,2025,2025-06
703038,2024-06-22,C101049,Lahore,Online,T-Shirts,Oversized Tee,2,1830,940,0,Card,No,3660.0,1780.0,2024,2024-06
701089,2024-10-29,C101909,Peshawar,Online,Accessories,Tote Bag,1,1660,990,10,Bank Transfer,Yes,1494.0,504.0,2024,2024-10
700989,2024-04-12,C100533,Rawalpindi,Store,Jackets,Hooded Jacket,1,4940,2730,15,Wallet,No,4199.0,1469.0,2024,2024-04
704269,2025-06-20,C101725,Lahore,Online,Kurtas,Cotton Kurta,1,1870,1050,0,Card,No,1870.0,820.0,2025,2025-06
701236,2023-12-04,C102017,Lahore,Store,Jackets,Hooded Jacket,1,4670,2500,0,COD,Yes,4670.0,2170.0,2023,2023-12
704239,2024-03-15,C100577,Islamabad,Store,Accessories,Leather Belt,1,1250,600,15,COD,No,1062.5,462.5,2024,2024-03
700229,2023-08-24,C101092,Karachi,Store,Jeans,Slim Fit Jeans,1,3670,2170,15,Card,No,3119.5,949.5,2023,2023-08
702456,2024-04-19,C102129,Lahore,Store,Jeans,Straight Leg Jeans,3,3160,2020,0,COD,No,9480.0,3420.0,2024,2024-04
700974,2024-02-06,C101993,Lahore,Online,Jackets,Denim Jacket,2,5570,2890,0,Wallet,No,11140.0,5360.0,2024,2024-02
701377,2025-01-20,C101387,Karachi,Store,Shoes,Boots,1,7010,3590,0,Card,No,7010.0,3420.0,2025,2025-01
703605,2025-06-05,C102015,Islamabad,Online,Kurtas,Embroidered Kurta,1,2830,1520,0,Wallet,No,2830.0,1310.0,2025,2025-06
705031,2025-01-30,C100566,Faisalabad,Store,Jackets,Bomber Jacket,1,5160,3200,0,Unknown,No,5160.0,1960.0,2025,2025-01
703317,2023-09-01,C100342,Faisalabad,Store,Dresses,Wrap Dress,3,4080,2120,0,Bank Transfer,Yes,12240.0,5880.0,2023,2023-09
703753,2025-06-19,C100316,Karachi,Store,Shoes,Boots,1,6560,3560,0,Card,No,6560.0,3000.0,2025,2025-06
701022,2025-05-06,C100135,Lahore,Store,T-Shirts,Graphic Print Tee,1,1480,730,0,Card,No,1480.0,750.0,2025,2025-05
705141,2024-09-24,C100190,Peshawar,Online,Kurtas,Cotton Kurta,2,1940,890,0,Bank Transfer,Yes,3880.0,2100.0,2024,2024-09
703611,2025-03-20,C100371,Karachi,Online,Accessories,Baseball Cap,2,900,580,0,COD,No,1800.0,640.0,2025,2025-03
702529,2023-09-11,C101631,Multan,Online,Accessories,Baseball Cap,2,880,560,0,Bank Transfer,No,1760.0,640.0,2023,2023-09
703238,2024-03-13,C101472,Lahore,Online,Accessories,Baseball Cap,2,970,570,10,Card,No,1746.0,606.0,2024,2024-03
703166,2023-11-16,C101843,Sialkot,Online,Accessories,Sunglasses,3,2270,1170,15,Bank Transfer,No,5788.5,2278.5,2023,2023-11
702240,2023-11-20,C100553,Peshawar,Online,Accessories,Baseball Cap,3,860,540,0,Wallet,No,2580.0,960.0,2023,2023-11
701938,2023-08-04,C100424,Islamabad,Store,Kurtas,Printed Kurta,1,2290,1370,0,COD,No,2290.0,920.0,2023,2023-08
703963,2024-05-07,C100528,Faisalabad,Online,Shoes,Loafers,2,5440,3360,0,Card,No,10880.0,4160.0,2024,2024-05
700509,2025-04-18,C101968,Karachi,Online,Dresses,Wrap Dress,1,4000,2250,0,Card,No,4000.0,1750.0,2025,2025-04
703989,2025-06-09,C102116,Karachi,Store,T-Shirts,Graphic Print Tee,1,1530,820,0,COD,No,1530.0,710.0,2025,2025-06
702046,2024-11-05,C102122,Karachi,Online,Kurtas,Printed Kurta,1,2420,1150,15,COD,No,2057.0,907.0,2024,2024-11
700507,2025-02-27,C101356,Islamabad,Store,Jeans,Straight Leg Jeans,3,3360,1730,0,Card,No,10080.0,4890.0,2025,2025-02
704351,2023-11-21,C101124,Karachi,Online,Jackets,Bomber Jacket,2,5020,2850,0,Card,No,10040.0,4340.0,2023,2023-11
703411,2023-07-03,C100293,Lahore,Store,Kurtas,Embroidered Kurta,1,2890,1320,0,COD,No,2890.0,1570.0,2023,2023-07
702913,2025-02-20,C100482,Islamabad,Store,Kurtas,Printed Kurta,1,2390,1170,0,Card,No,2390.0,1220.0,2025,2025-02
702839,2024-02-19,C100701,Karachi,Online,Dresses,Wrap Dress,1,4260,2720,0,COD,Yes,4260.0,1540.0,2024,2024-02
702575,2024-05-02,C100468,Lahore,Online,Dresses,Bodycon Dress,3,3960,1990,0,Card,No,11880.0,5910.0,2024,2024-05
704738,2025-05-19,C100229,Lahore,Store,Dresses,Wrap Dress,2,3950,2430,0,Card,No,7900.0,3040.0,2025,2025-05
704520,2025-06-05,C101038,Karachi,Online,Dresses,Wrap Dress,1,4020,1830,0,Card,No,4020.0,2190.0,2025,2025-06
703395,2024-11-28,C100050,Lahore,Online,Kurtas,Printed Kurta,2,2300,1210,0,COD,Yes,4600.0,2180.0,2024,2024-11
703978,2023-10-13,C101462,Lahore,Online,Accessories,Sunglasses,1,2100,1250,10,Card,No,1890.0,640.0,2023,2023-10
700287,2025-05-14,C100209,Islamabad,Online,Jeans,Ripped Jeans,2,4080,1920,0,COD,No,8160.0,4320.0,2025,2025-05
704513,2024-01-28,C101632,Rawalpindi,Online,Jackets,Hooded Jacket,1,4580,2660,0,Card,No,4580.0,1920.0,2024,2024-01
700139,2023-10-04,C100409,Sialkot,Online,Jackets,Puffer Jacket,2,7130,3600,0,COD,No,14260.0,7060.0,2023,2023-10
703866,2025-02-06,C101669,Multan,Store,Dresses,Bodycon Dress,1,3760,1820,0,COD,No,3760.0,1940.0,2025,2025-02
703612,2025-02-08,C101093,Lahore,Online,Shoes,Sandals,1,2710,1390,0,Card,No,2710.0,1320.0,2025,2025-02
704533,2025-03-06,C101535,Karachi,Online,Jeans,High-Waist Jeans,1,4250,2120,0,COD,No,4250.0,2130.0,2025,2025-03
702217,2023-07-02,C100511,Multan,Online,Dresses,Maxi Dress,2,4830,2920,0,Wallet,No,9660.0,3820.0,2023,2023-07
702260,2025-06-06,C100298,Faisalabad,Store,Jeans,Slim Fit Jeans,1,3770,2000,0,COD,No,3770.0,1770.0,2025,2025-06
702121,2023-10-14,C100603,Rawalpindi,Online,T-Shirts,Polo Shirt,1,2370,1540,0,COD,No,2370.0,830.0,2023,2023-10
704230,2025-02-01,C100184,Faisalabad,Online,Kurtas,Cotton Kurta,1,2030,1270,0,Card,No,2030.0,760.0,2025,2025-02
703736,2024-01-29,C101884,Karachi,Online,Kurtas,Cotton Kurta,1,1820,840,0,Card,No,1820.0,980.0,2024,2024-01
704521,2024-12-17,C100329,Karachi,Store,Dresses,Maxi Dress,1,4330,2390,10,COD,No,3897.0,1507.0,2024,2024-12
703586,2023-08-19,C101600,Peshawar,Online,Shoes,Sneakers,2,4760,2760,0,Card,No,9520.0,4000.0,2023,2023-08
703974,2025-05-11,C100476,Karachi,Store,Dresses,Summer Floral Dress,1,3180,1440,0,Unknown,No,3180.0,1740.0,2025,2025-05
705011,2024-08-26,C101063,Islamabad,Online,T-Shirts,Classic Cotton Tee,1,1170,680,10,COD,No,1053.0,373.0,2024,2024-08
701492,2024-03-14,C100485,Karachi,Store,Shoes,Boots,1,6990,3780,15,Wallet,No,5941.5,2161.5,2024,2024-03
704183,2025-02-22,C100234,Peshawar,Online,T-Shirts,Classic Cotton Tee,1,1280,600,10,Card,No,1152.0,552.0,2025,2025-02
700683,2024-07-13,C100183,Karachi,Store,Accessories,Sunglasses,3,2100,1340,0,Card,No,6300.0,2280.0,2024,2024-07
701613,2024-08-28,C100001,Karachi,Online,Accessories,Baseball Cap,2,960,600,0,Bank Transfer,No,1920.0,720.0,2024,2024-08
702920,2023-07-06,C100852,Multan,Online,T-Shirts,Polo Shirt,2,2330,1110,10,Card,No,4194.0,1974.0,2023,2023-07
703074,2023-09-16,C101214,Karachi,Store,Accessories,Tote Bag,1,1590,1020,15,Card,Yes,1351.5,331.5,2023,2023-09
700828,2024-05-25,C101555,Faisalabad,Store,T-Shirts,Graphic Print Tee,1,1430,780,10,COD,No,1287.0,507.0,2024,2024-05
701364,2025-01-14,C102167,Karachi,Store,Accessories,Sunglasses,2,2160,970,0,COD,No,4320.0,2380.0,2025,2025-01
703498,2023-08-02,C100409,Sialkot,Store,T-Shirts,Oversized Tee,2,1850,950,0,Card,No,3700.0,1800.0,2023,2023-08
703397,2023-12-22,C102127,Karachi,Online,Shoes,Boots,1,7010,3270,30,Bank Transfer,No,4907.0,1637.0,2023,2023-12
701518,2025-06-04,C100484,Lahore,Online,Jeans,Straight Leg Jeans,3,3390,1610,0,COD,No,10170.0,5340.0,2025,2025-06
700493,2023-11-21,C101188,Lahore,Online,T-Shirts,Classic Cotton Tee,1,1190,580,15,Card,No,1011.5,431.5,2023,2023-11
700332,2024-12-29,C101615,Lahore,Online,Jackets,Denim Jacket,1,5760,3570,10,COD,No,5184.0,1614.0,2024,2024-12
700784,2024-04-27,C100748,Faisalabad,Store,Accessories,Leather Belt,1,1150,560,15,Bank Transfer,No,977.5,417.5,2024,2024-04
702269,2024-10-16,C102144,Karachi,Online,Jeans,Ripped Jeans,1,3610,2190,0,Card,No,3610.0,1420.0,2024,2024-10
702720,2024-03-16,C102032,Karachi,Online,Kurtas,Embroidered Kurta,2,2870,1800,0,Card,No,5740.0,2140.0,2024,2024-03
700494,2024-12-09,C100851,Lahore,Online,Jeans,Ripped Jeans,1,3700,1910,0,Card,No,3700.0,1790.0,2024,2024-12
705180,2023-07-14,C102018,Islamabad,Store,T-Shirts,Graphic Print Tee,2,1470,920,0,Card,No,2940.0,1100.0,2023,2023-07
701749,2024-10-09,C100594,Lahore,Online,Kurtas,Embroidered Kurta,1,2760,1540,0,COD,No,2760.0,1220.0,2024,2024-10
703554,2023-11-02,C100102,Karachi,Online,Jackets,Puffer Jacket,1,6490,3060,15,COD,No,5516.5,2456.5,2023,2023-11
702541,2023-10-18,C100881,Islamabad,Online,Jackets,Hooded Jacket,1,4880,3000,0,Bank Transfer,No,4880.0,1880.0,2023,2023-10
702000,2024-08-25,C101451,Islamabad,Online,Shoes,Loafers,1,5370,2710,0,COD,No,5370.0,2660.0,2024,2024-08
703162,2023-07-27,C100513,Karachi,Online,Dresses,Summer Floral Dress,1,3090,1490,0,Wallet,No,3090.0,1600.0,2023,2023-07
702764,2024-11-04,C101213,Karachi,Online,Kurtas,Embroidered Kurta,1,2970,1430,15,COD,No,2524.5,1094.5,2024,2024-11
704095,2023-09-04,C100913,Sialkot,Online,Kurtas,Cotton Kurta,3,1940,1160,0,COD,No,5820.0,2340.0,2023,2023-09
702833,2024-05-29,C101647,Faisalabad,Store,Kurtas,Cotton Kurta,1,1860,840,0,Wallet,No,1860.0,1020.0,2024,2024-05
704243,2025-01-22,C101092,Karachi,Store,Kurtas,Festive Kurta,1,4030,2100,0,COD,No,4030.0,1930.0,2025,2025-01
704432,2025-04-29,C101064,Karachi,Online,Kurtas,Cotton Kurta,1,1930,1080,0,COD,No,1930.0,850.0,2025,2025-04
701744,2023-09-16,C101531,Lahore,Online,Jackets,Hooded Jacket,2,4970,2990,0,COD,No,9940.0,3960.0,2023,2023-09
704922,2024-07-24,C101496,Multan,Online,Dresses,Summer Floral Dress,1,3100,2000,0,COD,No,3100.0,1100.0,2024,2024-07
703175,2025-01-04,C101237,Karachi,Store,Jackets,Denim Jacket,1,5440,3180,10,Wallet,No,4896.0,1716.0,2025,2025-01
703463,2025-05-23,C100892,Lahore,Store,Dresses,Maxi Dress,1,4350,2260,10,COD,No,3915.0,1655.0,2025,2025-05
701127,2025-06-04,C100600,Karachi,Online,Accessories,Leather Belt,1,1220,700,0,Wallet,No,1220.0,520.0,2025,2025-06
703354,2025-05-02,C100423,Lahore,Store,Jeans,High-Waist Jeans,1,4100,2460,0,COD,No,4100.0,1640.0,2025,2025-05
700764,2024-10-03,C100482,Islamabad,Online,Dresses,Maxi Dress,1,4630,3010,0,Card,No,4630.0,1620.0,2024,2024-10
700127,2025-03-01,C101432,Lahore,Online,Shoes,Boots,2,6270,4010,0,Card,No,12540.0,4520.0,2025,2025-03
700943,2024-05-25,C101413,Sialkot,Online,Kurtas,Cotton Kurta,1,1870,1100,10,Card,No,1683.0,583.0,2024,2024-05
700994,2025-03-22,C100155,Rawalpindi,Store,Accessories,Leather Belt,2,1250,800,0,COD,No,2500.0,900.0,2025,2025-03
702300,2025-01-19,C101235,Lahore,Online,Jackets,Bomber Jacket,1,5200,2440,0,Card,No,5200.0,2760.0,2025,2025-01
702587,2024-06-17,C100693,Karachi,Online,Kurtas,Printed Kurta,3,2400,1280,10,Bank Transfer,No,6480.0,2640.0,2024,2024-06
700081,2024-06-30,C101481,Lahore,Online,Dresses,Bodycon Dress,2,3800,2330,0,COD,No,7600.0,2940.0,2024,2024-06
702606,2023-12-08,C100886,Karachi,Online,Shoes,Sneakers,3,4570,2330,0,COD,No,13710.0,6720.0,2023,2023-12
702470,2024-05-23,C100133,Karachi,Online,T-Shirts,Classic Cotton Tee,1,1270,650,10,Wallet,Yes,1143.0,493.0,2024,2024-05
701481,2023-10-12,C100737,Karachi,Online,Jackets,Puffer Jacket,2,6660,3550,0,Card,No,13320.0,6220.0,2023,2023-10
701529,2025-01-08,C100266,Karachi,Online,Kurtas,Printed Kurta,2,2340,1130,10,COD,No,4212.0,1952.0,2025,2025-01
701426,2023-11-10,C101100,Lahore,Online,Shoes,Sneakers,1,4810,2620,15,COD,No,4088.5,1468.5,2023,2023-11
702067,2025-03-08,C100359,Islamabad,Store,Kurtas,Embroidered Kurta,3,2930,1400,0,COD,No,8790.0,4590.0,2025,2025-03
700639,2024-07-01,C101695,Islamabad,Store,Kurtas,Embroidered Kurta,1,2940,1720,10,Card,No,2646.0,926.0,2024,2024-07
702232,2023-08-01,C100559,Karachi,Store,T-Shirts,Oversized Tee,3,1820,930,0,Unknown,No,5460.0,2670.0,2023,2023-08
701601,2024-07-30,C100869,Lahore,Online,Shoes,Sneakers,2,4530,2240,0,Card,Yes,9060.0,4580.0,2024,2024-07
704163,2025-01-28,C100967,Lahore,Online,Shoes,Boots,2,6750,3600,0,Bank Transfer,No,13500.0,6300.0,2025,2025-01
700071,2024-12-29,C102080,Karachi,Online,T-Shirts,Oversized Tee,2,1800,1160,20,COD,Yes,2880.0,560.0,2024,2024-12
702573,2025-02-28,C101795,Karachi,Online,Jeans,Ripped Jeans,1,4060,2380,10,COD,No,3654.0,1274.0,2025,2025-02
703033,2024-11-22,C101151,Multan,Online,Shoes,Sandals,2,2940,1770,10,Bank Transfer,No,5292.0,1752.0,2024,2024-11
703565,2023-08-03,C101980,Multan,Online,Dresses,Wrap Dress,1,4190,2370,10,Bank Transfer,No,3771.0,1401.0,2023,2023-08
701238,2025-02-16,C100003,Rawalpindi,Online,T-Shirts,Graphic Print Tee,1,1520,830,0,COD,No,1520.0,690.0,2025,2025-02
702929,2025-02-11,C101769,Multan,Store,Jackets,Bomber Jacket,2,4970,3040,0,Card,No,9940.0,3860.0,2025,2025-02
703203,2024-02-15,C101320,Karachi,Store,Accessories,Baseball Cap,1,900,470,0,Unknown,No,900.0,430.0,2024,2024-02
703578,2024-09-27,C101047,Faisalabad,Online,T-Shirts,Classic Cotton Tee,1,1280,740,0,Card,Yes,1280.0,540.0,2024,2024-09
704445,2023-10-16,C101691,Peshawar,Store,Shoes,Boots,2,6970,4100,0,Bank Transfer,No,13940.0,5740.0,2023,2023-10
703739,2023-07-01,C101597,Lahore,Store,T-Shirts,Polo Shirt,1,2320,1420,0,Bank Transfer,No,2320.0,900.0,2023,2023-07
703743,2025-01-08,C101693,Faisalabad,Online,Accessories,Leather Belt,1,1270,770,0,Wallet,No,1270.0,500.0,2025,2025-01
701302,2025-01-17,C101311,Peshawar,Online,Jackets,Bomber Jacket,2,5050,2520,0,COD,No,10100.0,5060.0,2025,2025-01
700352,2024-02-10,C101567,Lahore,Online,Jackets,Denim Jacket,1,5640,3020,15,Wallet,No,4794.0,1774.0,2024,2024-02
701769,2024-12-26,C100213,Faisalabad,Online,Accessories,Tote Bag,2,1690,950,20,Card,No,2704.0,804.0,2024,2024-12
704135,2025-03-13,C102140,Peshawar,Online,Shoes,Boots,1,6770,3140,0,Wallet,No,6770.0,3630.0,2025,2025-03
704018,2024-10-23,C100379,Rawalpindi,Store,Kurtas,Festive Kurta,2,4180,2410,0,COD,No,8360.0,3540.0,2024,2024-10
700533,2025-01-19,C100481,Lahore,Online,Accessories,Leather Belt,1,1190,640,0,COD,No,1190.0,550.0,2025,2025-01
702222,2023-12-14,C100519,Unknown,Store,Shoes,Boots,2,6310,3110,0,Card,No,12620.0,6400.0,2023,2023-12
700624,2023-12-01,C101019,Karachi,Store,Jeans,High-Waist Jeans,2,4210,2450,25,COD,No,6315.0,1415.0,2023,2023-12
704194,2024-02-14,C101404,Lahore,Online,Dresses,Summer Floral Dress,3,3380,1960,0,Wallet,Yes,10140.0,4260.0,2024,2024-02
700212,2025-05-09,C101569,Karachi,Online,T-Shirts,Polo Shirt,3,2170,1040,0,COD,No,6510.0,3390.0,2025,2025-05
700505,2025-01-27,C100230,Lahore,Online,Shoes,Sandals,1,2940,1450,10,COD,No,2646.0,1196.0,2025,2025-01
704509,2024-02-21,C100543,Sialkot,Store,Jeans,Straight Leg Jeans,3,3390,1830,0,COD,No,10170.0,4680.0,2024,2024-02
704962,2023-11-29,C101283,Islamabad,Store,Jackets,Hooded Jacket,2,4680,2200,20,Wallet,No,7488.0,3088.0,2023,2023-11
704519,2025-03-07,C100804,Lahore,Store,Dresses,Summer Floral Dress,2,3340,1940,10,Card,No,6012.0,2132.0,2025,2025-03
701514,2024-06-17,C100560,Lahore,Store,T-Shirts,Oversized Tee,2,1890,1080,0,COD,No,3780.0,1620.0,2024,2024-06
703161,2024-12-11,C101538,Unknown,Online,Accessories,Sunglasses,3,2140,1170,20,Bank Transfer,No,5136.0,1626.0,2024,2024-12
702523,2024-09-10,C101122,Multan,Online,Shoes,Loafers,3,5130,2860,0,Card,No,15390.0,6810.0,2024,2024-09
701994,2024-07-17,C101774,Islamabad,Store,Kurtas,Cotton Kurta,2,2000,940,0,COD,No,4000.0,2120.0,2024,2024-07
701138,2024-06-29,C101720,Lahore,Online,Kurtas,Cotton Kurta,1,1880,1120,0,Wallet,Yes,1880.0,760.0,2024,2024-06
704998,2024-07-14,C101327,Islamabad,Online,Shoes,Boots,1,6520,2980,0,COD,No,6520.0,3540.0,2024,2024-07
703732,2023-08-12,C101619,Lahore,Store,Dresses,Bodycon Dress,1,3680,1930,15,COD,No,3128.0,1198.0,2023,2023-08
702445,2024-12-28,C101757,Sialkot,Online,Dresses,Bodycon Dress,1,4080,2560,25,Bank Transfer,No,3060.0,500.0,2024,2024-12
702084,2024-09-21,C100312,Lahore,Online,Jeans,High-Waist Jeans,1,4140,2620,15,Wallet,No,3519.0,899.0,2024,2024-09
703091,2024-07-30,C101801,Islamabad,Store,Kurtas,Cotton Kurta,2,1900,860,10,COD,No,3420.0,1700.0,2024,2024-07
702267,2025-02-01,C100212,Lahore,Online,T-Shirts,Classic Cotton Tee,3,1220,570,0,Card,No,3660.0,1950.0,2025,2025-02
704257,2024-02-29,C100916,Lahore,Store,Jackets,Bomber Jacket,1,4950,2810,0,COD,No,4950.0,2140.0,2024,2024-02
701945,2025-04-21,C101721,Lahore,Online,Dresses,Maxi Dress,3,4660,2100,0,COD,No,13980.0,7680.0,2025,2025-04
702307,2024-12-18,C102095,Karachi,Store,Accessories,Tote Bag,1,1590,830,15,COD,No,1351.5,521.5,2024,2024-12
702817,2024-05-29,C101280,Karachi,Online,Kurtas,Cotton Kurta,1,1920,1160,20,Bank Transfer,No,1536.0,376.0,2024,2024-05
704875,2023-12-02,C101188,Lahore,Online,T-Shirts,Classic Cotton Tee,2,1180,620,10,COD,No,2124.0,884.0,2023,2023-12
704447,2025-01-30,C100339,Peshawar,Online,Jackets,Puffer Jacket,2,6650,3800,0,Card,No,13300.0,5700.0,2025,2025-01
703037,2024-06-30,C101875,Faisalabad,Online,T-Shirts,Graphic Print Tee,1,1600,850,0,Wallet,No,1600.0,750.0,2024,2024-06
703511,2024-02-28,C101555,Faisalabad,Store,T-Shirts,Classic Cotton Tee,1,1280,710,0,Card,No,1280.0,570.0,2024,2024-02
703898,2024-08-30,C101653,Lahore,Online,Jackets,Bomber Jacket,1,5040,2640,0,Card,No,5040.0,2400.0,2024,2024-08
703942,2025-02-16,C101162,Multan,Online,Jackets,Puffer Jacket,1,6860,4350,0,Card,Yes,6860.0,2510.0,2025,2025-02
702117,2024-12-17,C100181,Peshawar,Online,Jackets,Puffer Jacket,1,6920,3190,15,Wallet,No,5882.0,2692.0,2024,2024-12
703079,2024-11-05,C101016,Rawalpindi,Store,Jeans,High-Waist Jeans,1,4220,2390,30,Card,No,2954.0,564.0,2024,2024-11
701243,2025-03-29,C100481,Lahore,Store,Jackets,Puffer Jacket,1,7150,4510,10,Card,No,6435.0,1925.0,2025,2025-03
701964,2023-07-14,C101650,Karachi,Store,Accessories,Sunglasses,2,2120,1270,0,Bank Transfer,No,4240.0,1700.0,2023,2023-07
701898,2023-08-07,C101830,Unknown,Store,T-Shirts,Oversized Tee,1,1890,1160,0,Bank Transfer,No,1890.0,730.0,2023,2023-08
701105,2024-04-26,C101019,Karachi,Store,Dresses,Bodycon Dress,2,3660,1790,15,COD,No,6222.0,2642.0,2024,2024-04
702456,2024-04-19,C102129,Lahore,Store,Jeans,High-Waist Jeans,3,4190,2360,0,COD,No,12570.0,5490.0,2024,2024-04
701785,2024-12-20,C100928,Islamabad,Store,Shoes,Loafers,1,5300,3390,0,Card,No,5300.0,1910.0,2024,2024-12
702058,2024-12-24,C100061,Karachi,Online,T-Shirts,Classic Cotton Tee,2,1240,800,10,Card,Yes,2232.0,632.0,2024,2024-12
700723,2024-05-10,C100953,Lahore,Online,Kurtas,Printed Kurta,1,2480,1550,0,COD,No,2480.0,930.0,2024,2024-05
701372,2023-07-21,C100241,Faisalabad,Online,Jeans,Ripped Jeans,1,3900,1780,10,COD,No,3510.0,1730.0,2023,2023-07
703142,2023-12-29,C100849,Sialkot,Online,Jeans,Ripped Jeans,1,3820,2140,20,Wallet,No,3056.0,916.0,2023,2023-12
702534,2023-07-08,C101631,Multan,Online,Dresses,Wrap Dress,1,4200,2370,0,COD,No,4200.0,1830.0,2023,2023-07
703973,2025-04-07,C100687,Sialkot,Store,Kurtas,Embroidered Kurta,1,2910,1590,10,COD,No,2619.0,1029.0,2025,2025-04
704811,2024-06-05,C101850,Lahore,Store,Dresses,Maxi Dress,1,4320,2080,0,COD,No,4320.0,2240.0,2024,2024-06
703105,2025-03-04,C100379,Rawalpindi,Store,Jeans,High-Waist Jeans,3,4330,2630,15,Bank Transfer,No,11041.5,3151.5,2025,2025-03
704852,2025-03-07,C100795,Karachi,Store,Kurtas,Embroidered Kurta,3,2670,1280,0,Card,No,8010.0,4170.0,2025,2025-03
703266,2025-02-06,C101575,Lahore,Store,T-Shirts,Graphic Print Tee,1,1570,1010,0,Card,No,1570.0,560.0,2025,2025-02
700829,2023-10-28,C100387,Sialkot,Online,Jackets,Bomber Jacket,1,5300,2710,0,Wallet,No,5300.0,2590.0,2023,2023-10
700916,2024-04-24,C100276,Karachi,Online,Kurtas,Printed Kurta,1,2310,1430,10,COD,No,2079.0,649.0,2024,2024-04
702223,2024-10-18,C101540,Multan,Online,Accessories,Leather Belt,2,1240,590,0,Card,No,2480.0,1300.0,2024,2024-10
700963,2025-04-04,C100708,Karachi,Online,Dresses,Summer Floral Dress,1,3190,1530,0,Card,No,3190.0,1660.0,2025,2025-04
704177,2023-12-07,C100179,Faisalabad,Store,Shoes,Loafers,1,4960,2240,0,COD,No,4960.0,2720.0,2023,2023-12
702346,2024-10-07,C101059,Rawalpindi,Store,T-Shirts,Classic Cotton Tee,3,1270,580,10,Card,No,3429.0,1689.0,2024,2024-10
705039,2024-02-25,C102154,Islamabad,Online,Shoes,Boots,2,6560,4030,0,COD,Yes,13120.0,5060.0,2024,2024-02
702162,2024-09-02,C100647,Islamabad,Online,Jackets,Denim Jacket,1,5550,3010,15,Bank Transfer,No,4717.5,1707.5,2024,2024-09
702668,2024-11-24,C101924,Lahore,Online,Jeans,Slim Fit Jeans,2,3470,1740,15,COD,No,5899.0,2419.0,2024,2024-11
705058,2024-01-27,C101817,Karachi,Online,Jackets,Denim Jacket,1,5270,2500,0,Wallet,No,5270.0,2770.0,2024,2024-01
703122,2025-04-22,C101710,Faisalabad,Online,Jeans,High-Waist Jeans,1,4470,2280,15,Bank Transfer,No,3799.5,1519.5,2025,2025-04
701540,2024-02-15,C101369,Karachi,Online,Jackets,Puffer Jacket,1,6750,4140,15,COD,No,5737.5,1597.5,2024,2024-02
703750,2023-08-28,C101930,Rawalpindi,Online,T-Shirts,Graphic Print Tee,1,1580,820,0,Card,No,1580.0,760.0,2023,2023-08
700075,2024-01-31,C100726,Lahore,Online,Dresses,Bodycon Dress,2,3730,2090,0,Card,No,7460.0,3280.0,2024,2024-01
700222,2025-02-19,C100089,Islamabad,Store,Jeans,Slim Fit Jeans,3,3620,1780,0,COD,No,10860.0,5520.0,2025,2025-02
704562,2023-10-20,C101496,Multan,Online,Accessories,Tote Bag,2,1580,1000,0,Card,No,3160.0,1160.0,2023,2023-10
700069,2023-10-20,C101836,Lahore,Online,T-Shirts,Graphic Print Tee,1,1520,820,10,COD,No,1368.0,548.0,2023,2023-10
702243,2024-04-22,C101197,Rawalpindi,Online,Shoes,Sneakers,1,4460,2380,10,Bank Transfer,Yes,4014.0,1634.0,2024,2024-04
703097,2025-05-26,C101715,Faisalabad,Online,T-Shirts,Graphic Print Tee,1,1600,960,15,COD,No,1360.0,400.0,2025,2025-05
703171,2024-07-07,C100494,Faisalabad,Online,Accessories,Sunglasses,2,2270,1020,0,Card,No,4540.0,2500.0,2024,2024-07
700372,2024-05-09,C101385,Lahore,Online,Accessories,Baseball Cap,1,920,550,10,Card,No,828.0,278.0,2024,2024-05
703438,2025-02-16,C100792,Karachi,Online,Accessories,Tote Bag,1,1710,780,10,Card,No,1539.0,759.0,2025,2025-02
703946,2024-03-17,C100110,Karachi,Store,Shoes,Loafers,1,5370,2870,10,COD,No,4833.0,1963.0,2024,2024-03
703942,2025-02-16,C101162,Multan,Online,Shoes,Boots,1,6660,3870,0,Card,No,6660.0,2790.0,2025,2025-02
701577,2024-04-04,C101305,Peshawar,Online,Jeans,Slim Fit Jeans,3,3720,2070,10,COD,No,10044.0,3834.0,2024,2024-04
703146,2024-04-17,C101162,Multan,Online,Jackets,Puffer Jacket,1,6750,3410,20,Bank Transfer,No,5400.0,1990.0,2024,2024-04
700471,2023-10-14,C102140,Peshawar,Online,Accessories,Sunglasses,1,2190,1280,10,Bank Transfer,No,1971.0,691.0,2023,2023-10
702860,2023-07-27,C102093,Lahore,Store,Dresses,Bodycon Dress,2,3630,1710,10,Bank Transfer,No,6534.0,3114.0,2023,2023-07
701037,2023-08-11,C100196,Islamabad,Store,Kurtas,Cotton Kurta,3,1980,900,0,COD,No,5940.0,3240.0,2023,2023-08
704060,2024-07-22,C101629,Karachi,Online,T-Shirts,Oversized Tee,1,1900,950,0,Card,No,1900.0,950.0,2024,2024-07
701236,2023-12-04,C102017,Lahore,Store,Dresses,Summer Floral Dress,1,3220,1950,15,COD,Yes,2737.0,787.0,2023,2023-12
701222,2024-05-02,C100880,Karachi,Store,Jeans,High-Waist Jeans,2,4140,2450,10,Card,No,7452.0,2552.0,2024,2024-05
703297,2023-09-30,C100906,Karachi,Store,Shoes,Boots,2,6410,3350,0,COD,No,12820.0,6120.0,2023,2023-09
700934,2023-11-26,C101923,Karachi,Store,Jackets,Denim Jacket,1,5340,2440,20,Card,No,4272.0,1832.0,2023,2023-11
704879,2025-06-27,C100503,Islamabad,Online,Dresses,Summer Floral Dress,1,3290,1640,0,COD,No,3290.0,1650.0,2025,2025-06
703619,2023-08-18,C101816,Faisalabad,Store,Kurtas,Embroidered Kurta,1,3020,1700,0,COD,No,3020.0,1320.0,2023,2023-08
704409,2023-10-29,C101465,Rawalpindi,Online,Jeans,Ripped Jeans,1,3790,1800,10,Card,No,3411.0,1611.0,2023,2023-10
704185,2023-09-15,C101817,Karachi,Online,Kurtas,Embroidered Kurta,1,2760,1760,0,Wallet,No,2760.0,1000.0,2023,2023-09
704664,2024-09-01,C102156,Lahore,Store,Jeans,High-Waist Jeans,1,4170,2340,0,Card,No,4170.0,1830.0,2024,2024-09
701844,2025-05-23,C101074,Multan,Online,T-Shirts,Oversized Tee,1,1820,900,0,COD,Yes,1820.0,920.0,2025,2025-05
700930,2025-06-20,C101316,Islamabad,Online,Dresses,Maxi Dress,1,4860,2480,0,COD,No,4860.0,2380.0,2025,2025-06
704496,2023-07-20,C100253,Lahore,Online,Accessories,Sunglasses,3,2310,1340,0,Card,No,6930.0,2910.0,2023,2023-07
704774,2023-10-21,C100298,Faisalabad,Online,Kurtas,Cotton Kurta,1,1980,1270,10,COD,No,1782.0,512.0,2023,2023-10
704145,2025-06-29,C101939,Lahore,Store,Shoes,Boots,2,6520,3030,10,Card,No,11736.0,5676.0,2025,2025-06
701945,2025-04-21,C101721,Lahore,Online,Jeans,Ripped Jeans,2,3730,2140,15,COD,No,6341.0,2061.0,2025,2025-04
704549,2025-02-16,C101294,Karachi,Online,Shoes,Loafers,1,5470,3210,0,Wallet,No,5470.0,2260.0,2025,2025-02
704202,2025-04-18,C100264,Peshawar,Store,Jeans,High-Waist Jeans,2,4270,1970,0,Card,No,8540.0,4600.0,2025,2025-04
702799,2023-07-26,C100725,Lahore,Online,Shoes,Sandals,1,2930,1830,15,COD,Yes,2490.5,660.5,2023,2023-07
703198,2023-11-07,C100718,Rawalpindi,Store,Jackets,Bomber Jacket,1,5010,2910,0,Bank Transfer,No,5010.0,2100.0,2023,2023-11
703468,2024-04-25,C100820,Lahore,Online,Kurtas,Printed Kurta,1,2480,1300,10,Card,No,2232.0,932.0,2024,2024-04
700589,2024-02-25,C101617,Islamabad,Store,Shoes,Sandals,3,2790,1520,10,Wallet,No,7533.0,2973.0,2024,2024-02
704425,2024-12-09,C101747,Islamabad,Store,Dresses,Summer Floral Dress,1,3430,2010,20,COD,No,2744.0,734.0,2024,2024-12
705030,2025-03-07,C101474,Islamabad,Store,Kurtas,Printed Kurta,2,2410,1240,0,COD,No,4820.0,2340.0,2025,2025-03
702285,2024-09-16,C100234,Peshawar,Online,Accessories,Baseball Cap,1,870,570,15,COD,No,739.5,169.5,2024,2024-09
702727,2023-09-13,C100200,Faisalabad,Online,Jeans,Ripped Jeans,2,3920,2050,15,COD,No,6664.0,2564.0,2023,2023-09
704754,2024-03-25,C100792,Karachi,Online,Accessories,Tote Bag,1,1560,890,0,Bank Transfer,No,1560.0,670.0,2024,2024-03
702591,2023-11-17,C101828,Peshawar,Store,Jackets,Denim Jacket,1,5240,3190,15,Card,Yes,4454.0,1264.0,2023,2023-11
704281,2024-05-24,C100253,Lahore,Online,Dresses,Summer Floral Dress,2,3210,1880,10,COD,No,5778.0,2018.0,2024,2024-05
705095,2024-01-08,C101038,Karachi,Online,Jeans,Straight Leg Jeans,2,3270,1860,0,Wallet,No,6540.0,2820.0,2024,2024-01
701872,2023-09-24,C100510,Lahore,Store,Jeans,Ripped Jeans,2,3980,2330,0,Card,No,7960.0,3300.0,2023,2023-09
701064,2023-12-28,C101618,Sialkot,Store,Accessories,Tote Bag,1,1640,790,20,Card,No,1312.0,522.0,2023,2023-12
700282,2025-03-02,C101525,Lahore,Online,Jeans,Straight Leg Jeans,3,3300,1680,0,COD,No,9900.0,4860.0,2025,2025-03
701098,2024-05-09,C101632,Rawalpindi,Online,T-Shirts,Graphic Print Tee,3,1450,810,0,Card,Yes,4350.0,1920.0,2024,2024-05
700609,2024-09-22,C102016,Karachi,Store,Accessories,Leather Belt,2,1190,670,0,COD,No,2380.0,1040.0,2024,2024-09
703355,2024-02-22,C101380,Karachi,Store,Jackets,Hooded Jacket,2,4590,2450,0,COD,No,9180.0,4280.0,2024,2024-02
704025,2024-12-01,C101489,Karachi,Store,Jackets,Hooded Jacket,3,4930,2940,20,COD,No,11832.0,3012.0,2024,2024-12
700373,2024-09-19,C100824,Multan,Store,Jeans,Slim Fit Jeans,1,3520,2230,0,COD,No,3520.0,1290.0,2024,2024-09
703749,2025-02-06,C101529,Karachi,Store,Accessories,Tote Bag,1,1610,800,10,Card,No,1449.0,649.0,2025,2025-02
704958,2025-04-07,C100292,Peshawar,Online,Dresses,Wrap Dress,2,4020,2340,0,COD,No,8040.0,3360.0,2025,2025-04
701613,2024-08-28,C100001,Karachi,Online,Dresses,Wrap Dress,2,4060,2550,10,Bank Transfer,No,7308.0,2208.0,2024,2024-08
702889,2024-11-09,C101999,Islamabad,Online,T-Shirts,Polo Shirt,2,2140,1060,15,COD,No,3638.0,1518.0,2024,2024-11
700936,2024-02-10,C100328,Islamabad,Online,Accessories,Sunglasses,1,2220,1090,0,COD,No,2220.0,1130.0,2024,2024-02
700524,2025-01-03,C101083,Multan,Online,Jackets,Puffer Jacket,1,6840,3870,0,COD,No,6840.0,2970.0,2025,2025-01
704515,2024-01-18,C101506,Faisalabad,Online,Jeans,High-Waist Jeans,1,4530,2810,10,COD,No,4077.0,1267.0,2024,2024-01
700854,2025-05-16,C100677,Karachi,Online,T-Shirts,Classic Cotton Tee,1,1190,570,0,Card,No,1190.0,620.0,2025,2025-05
704197,2024-04-27,C101358,Rawalpindi,Online,Accessories,Leather Belt,1,1210,710,0,Wallet,No,1210.0,500.0,2024,2024-04
703119,2025-01-29,C100075,Karachi,Online,T-Shirts,Oversized Tee,3,1800,960,0,COD,Yes,5400.0,2520.0,2025,2025-01
702805,2024-05-17,C101567,Lahore,Online,Dresses,Summer Floral Dress,1,3310,1850,15,Card,No,2813.5,963.5,2024,2024-05
704008,2025-04-07,C101368,Lahore,Store,Accessories,Sunglasses,1,2130,1030,0,COD,No,2130.0,1100.0,2025,2025-04
703564,2024-05-04,C101871,Karachi,Online,T-Shirts,Polo Shirt,2,2190,1410,10,COD,No,3942.0,1122.0,2024,2024-05
702564,2025-01-05,C102151,Lahore,Store,Accessories,Leather Belt,1,1220,610,0,Wallet,No,1220.0,610.0,2025,2025-01
701428,2025-05-25,C101258,Islamabad,Store,T-Shirts,Graphic Print Tee,3,1600,940,10,COD,No,4320.0,1500.0,2025,2025-05
704951,2023-11-23,C100981,Faisalabad,Online,Jackets,Bomber Jacket,3,5550,2880,0,Bank Transfer,No,16650.0,8010.0,2023,2023-11
702882,2024-06-25,C101846,Karachi,Online,Kurtas,Embroidered Kurta,1,2680,1370,0,Bank Transfer,No,2680.0,1310.0,2024,2024-06
703164,2024-10-26,C100731,Lahore,Online,Jackets,Hooded Jacket,2,4930,2830,15,Card,No,8381.0,2721.0,2024,2024-10
701802,2024-03-06,C101607,Karachi,Online,Jackets,Bomber Jacket,2,4970,2950,0,Card,No,9940.0,4040.0,2024,2024-03
705014,2023-08-07,C101460,Faisalabad,Online,Shoes,Boots,3,6460,3070,0,Bank Transfer,No,19380.0,10170.0,2023,2023-08
701509,2024-10-23,C101299,Karachi,Online,Kurtas,Festive Kurta,3,4160,2660,0,COD,No,12480.0,4500.0,2024,2024-10
703903,2024-02-02,C100164,Islamabad,Online,Jeans,Ripped Jeans,3,3690,2260,10,Card,No,9963.0,3183.0,2024,2024-02
703404,2025-01-20,C100614,Karachi,Online,Dresses,Summer Floral Dress,2,3220,1840,0,COD,No,6440.0,2760.0,2025,2025-01
702965,2023-12-14,C100425,Faisalabad,Store,Jeans,Ripped Jeans,2,3920,2440,20,Bank Transfer,No,6272.0,1392.0,2023,2023-12
704242,2024-04-29,C100161,Peshawar,Online,Shoes,Loafers,3,5270,3210,10,COD,No,14229.0,4599.0,2024,2024-04
702344,2023-12-02,C100070,Lahore,Store,Jeans,Straight Leg Jeans,1,3130,1690,15,COD,No,2660.5,970.5,2023,2023-12
703199,2024-10-29,C100922,Islamabad,Online,Jackets,Hooded Jacket,1,5140,2920,0,Wallet,No,5140.0,2220.0,2024,2024-10
704762,2024-03-22,C100852,Multan,Online,Jackets,Puffer Jacket,1,7290,4040,10,COD,No,6561.0,2521.0,2024,2024-03
701837,2025-02-26,C101087,Faisalabad,Online,Jackets,Puffer Jacket,1,6800,3510,0,COD,No,6800.0,3290.0,2025,2025-02
701789,2024-03-07,C102127,Karachi,Online,Dresses,Wrap Dress,2,3890,2380,0,COD,No,7780.0,3020.0,2024,2024-03
702035,2025-03-14,C101755,Islamabad,Store,Shoes,Boots,3,6410,3460,0,Card,No,19230.0,8850.0,2025,2025-03
701602,2024-05-06,C101916,Rawalpindi,Online,Jeans,Ripped Jeans,2,3940,2410,15,Card,No,6698.0,1878.0,2024,2024-05
702614,2025-01-25,C101801,Islamabad,Online,Shoes,Loafers,1,5230,2890,0,COD,No,5230.0,2340.0,2025,2025-01
703107,2023-08-08,C100254,Lahore,Online,Jeans,Straight Leg Jeans,1,3440,2150,0,COD,No,3440.0,1290.0,2023,2023-08
701911,2025-02-12,C100157,Rawalpindi,Online,Accessories,Leather Belt,2,1180,640,0,COD,No,2360.0,1080.0,2025,2025-02
704920,2025-06-20,C100362,Lahore,Store,T-Shirts,Classic Cotton Tee,3,1220,730,0,Wallet,No,3660.0,1470.0,2025,2025-06
704879,2025-06-27,C100503,Islamabad,Online,Accessories,Baseball Cap,2,930,440,0,COD,Yes,1860.0,980.0,2025,2025-06
704161,2023-11-11,C100878,Islamabad,Store,Accessories,Sunglasses,1,2150,1020,0,Bank Transfer,No,2150.0,1130.0,2023,2023-11
701104,2025-05-06,C101728,Lahore,Online,T-Shirts,Graphic Print Tee,3,1520,950,20,Card,No,3648.0,798.0,2025,2025-05
702737,2023-11-24,C101712,Sialkot,Store,Jeans,Straight Leg Jeans,2,3240,1780,0,COD,No,6480.0,2920.0,2023,2023-11
701222,2024-05-02,C100880,Karachi,Store,T-Shirts,Graphic Print Tee,3,1610,730,10,Card,No,4347.0,2157.0,2024,2024-05
700970,2025-03-17,C102088,Rawalpindi,Online,T-Shirts,Classic Cotton Tee,1,1250,770,0,COD,No,1250.0,480.0,2025,2025-03
701591,2024-09-14,C100682,Lahore,Online,Jackets,Denim Jacket,1,5810,3550,0,COD,No,5810.0,2260.0,2024,2024-09
702400,2024-01-15,C101288,Karachi,Store,T-Shirts,Polo Shirt,1,2340,1120,0,COD,No,2340.0,1220.0,2024,2024-01
700727,2023-08-12,C102116,Unknown,Store,Jeans,Straight Leg Jeans,1,3150,1850,10,Card,Yes,2835.0,985.0,2023,2023-08
701454,2024-03-16,C101853,Faisalabad,Online,Accessories,Leather Belt,1,1190,640,0,COD,No,1190.0,550.0,2024,2024-03
702199,2023-12-10,C101915,Lahore,Online,Jeans,Straight Leg Jeans,3,3320,1780,0,Card,No,9960.0,4620.0,2023,2023-12
700279,2023-12-12,C101952,Faisalabad,Store,Jeans,Straight Leg Jeans,1,3120,1750,30,Wallet,No,2184.0,434.0,2023,2023-12
700824,2024-08-28,C100032,Karachi,Store,T-Shirts,Classic Cotton Tee,1,1210,750,10,Wallet,No,1089.0,339.0,2024,2024-08
703026,2024-11-01,C100929,Faisalabad,Online,Jackets,Denim Jacket,2,5900,3000,20,Card,Yes,9440.0,3440.0,2024,2024-11
700523,2024-04-01,C101689,Karachi,Online,Accessories,Tote Bag,1,1650,990,15,COD,No,1402.5,412.5,2024,2024-04
704090,2024-02-24,C101993,Lahore,Store,Jeans,Straight Leg Jeans,1,3150,1950,10,COD,No,2835.0,885.0,2024,2024-02
700048,2025-04-02,C100616,Faisalabad,Online,Accessories,Leather Belt,1,1230,780,15,COD,No,1045.5,265.5,2025,2025-04
700319,2025-06-26,C100957,Islamabad,Store,Jeans,Slim Fit Jeans,2,3440,1910,0,Unknown,No,6880.0,3060.0,2025,2025-06
700674,2025-03-26,C101774,Islamabad,Online,Shoes,Sneakers,3,4400,2130,15,COD,No,11220.0,4830.0,2025,2025-03
704036,2024-05-22,C102151,Lahore,Online,Kurtas,Festive Kurta,1,4420,2430,20,COD,No,3536.0,1106.0,2024,2024-05
701434,2023-07-27,C101649,Faisalabad,Store,T-Shirts,Classic Cotton Tee,1,1280,710,0,Wallet,No,1280.0,570.0,2023,2023-07
705101,2023-09-29,C100314,Karachi,Store,Shoes,Loafers,1,5020,2550,0,COD,No,5020.0,2470.0,2023,2023-09
702719,2025-05-06,C102083,Lahore,Store,T-Shirts,Graphic Print Tee,2,1470,790,20,Wallet,No,2352.0,772.0,2025,2025-05
702653,2024-09-03,C100570,Karachi,Online,Shoes,Boots,2,6590,3400,0,Bank Transfer,No,13180.0,6380.0,2024,2024-09
703488,2024-01-15,C100228,Islamabad,Online,Jackets,Puffer Jacket,1,6940,3500,0,COD,No,6940.0,3440.0,2024,2024-01
703421,2025-03-18,C101598,Faisalabad,Online,Jeans,High-Waist Jeans,1,4490,2250,0,Wallet,No,4490.0,2240.0,2025,2025-03
705184,2024-12-15,C102068,Lahore,Online,Kurtas,Festive Kurta,1,4450,2880,15,Card,Yes,3782.5,902.5,2024,2024-12
700096,2025-06-12,C101347,Karachi,Store,Shoes,Sneakers,2,4430,2370,0,Unknown,Yes,8860.0,4120.0,2025,2025-06
702442,2025-04-27,C100251,Multan,Store,Kurtas,Printed Kurta,1,2320,1210,0,Unknown,No,2320.0,1110.0,2025,2025-04
701824,2024-12-03,C101679,Islamabad,Store,Jeans,High-Waist Jeans,2,4280,2110,15,Card,No,7276.0,3056.0,2024,2024-12
704650,2024-09-19,C101003,Lahore,Online,Kurtas,Cotton Kurta,2,1920,1170,0,Wallet,No,3840.0,1500.0,2024,2024-09
704446,2024-05-02,C101504,Faisalabad,Store,Accessories,Leather Belt,1,1190,680,15,COD,No,1011.5,331.5,2024,2024-05
702791,2025-04-23,C101161,Rawalpindi,Online,Jeans,Slim Fit Jeans,1,3450,2050,20,Card,No,2760.0,710.0,2025,2025-04
700531,2025-01-30,C101447,Islamabad,Store,Accessories,Baseball Cap,3,900,550,0,Card,No,2700.0,1050.0,2025,2025-01
703886,2024-06-03,C101333,Sialkot,Online,T-Shirts,Classic Cotton Tee,2,1200,680,15,COD,No,2040.0,680.0,2024,2024-06
700111,2023-09-12,C100795,Karachi,Store,Jeans,High-Waist Jeans,1,4010,2240,0,Card,No,4010.0,1770.0,2023,2023-09
701330,2024-10-09,C101090,Lahore,Store,Accessories,Sunglasses,1,2260,1410,0,Card,No,2260.0,850.0,2024,2024-10
701512,2024-03-12,C100848,Lahore,Online,Shoes,Loafers,1,5550,3010,0,COD,No,5550.0,2540.0,2024,2024-03
700908,2023-07-22,C100388,Lahore,Online,Dresses,Maxi Dress,1,4540,2460,10,Card,No,4086.0,1626.0,2023,2023-07
703920,2025-06-12,C101922,Karachi,Online,Kurtas,Cotton Kurta,2,1920,1210,0,Wallet,No,3840.0,1420.0,2025,2025-06
700079,2023-09-02,C101585,Peshawar,Online,Jeans,Straight Leg Jeans,2,3310,1840,15,Card,No,5627.0,1947.0,2023,2023-09
701483,2024-12-13,C100482,Islamabad,Store,Jackets,Bomber Jacket,1,5270,2580,20,Card,No,4216.0,1636.0,2024,2024-12
702390,2025-05-27,C101319,Multan,Store,Dresses,Summer Floral Dress,3,3300,1810,15,Card,No,8415.0,2985.0,2025,2025-05
705011,2024-08-26,C101063,Islamabad,Online,Dresses,Bodycon Dress,1,3890,2440,0,COD,Yes,3890.0,1450.0,2024,2024-08
704294,2025-05-02,C100094,Karachi,Online,T-Shirts,Graphic Print Tee,2,1510,930,10,COD,No,2718.0,858.0,2025,2025-05
704419,2023-07-07,C100073,Lahore,Store,Shoes,Loafers,3,5000,2740,0,COD,No,15000.0,6780.0,2023,2023-07
703637,2024-11-25,C101074,Multan,Online,Shoes,Sneakers,1,4470,2480,15,COD,No,3799.5,1319.5,2024,2024-11
702693,2024-02-08,C101530,Karachi,Online,Jeans,Straight Leg Jeans,1,3180,1940,0,COD,No,3180.0,1240.0,2024,2024-02
702233,2025-01-11,C100212,Lahore,Store,Accessories,Tote Bag,3,1640,850,0,COD,No,4920.0,2370.0,2025,2025-01
704287,2025-03-26,C100665,Rawalpindi,Store,Shoes,Boots,2,6970,3760,10,Wallet,No,12546.0,5026.0,2025,2025-03
702688,2023-10-02,C101836,Lahore,Online,Accessories,Leather Belt,1,1190,750,0,COD,No,1190.0,440.0,2023,2023-10
703930,2025-01-01,C101127,Rawalpindi,Online,Dresses,Maxi Dress,1,4600,2920,0,Wallet,No,4600.0,1680.0,2025,2025-01
704396,2023-08-24,C101635,Karachi,Online,Dresses,Wrap Dress,3,3960,2090,0,Unknown,No,11880.0,5610.0,2023,2023-08
701774,2023-09-27,C101710,Faisalabad,Online,Accessories,Leather Belt,2,1180,600,0,Card,No,2360.0,1160.0,2023,2023-09
701291,2023-08-23,C100251,Multan,Online,Kurtas,Embroidered Kurta,2,2730,1640,0,Bank Transfer,Yes,5460.0,2180.0,2023,2023-08
702097,2023-10-18,C102008,Lahore,Online,Shoes,Boots,1,6840,4070,0,Card,No,6840.0,2770.0,2023,2023-10
702351,2023-08-07,C100804,Lahore,Store,Dresses,Bodycon Dress,2,3800,2180,0,Card,No,7600.0,3240.0,2023,2023-08
704505,2025-06-13,C101947,Peshawar,Online,Jeans,High-Waist Jeans,1,4100,2640,0,Bank Transfer,No,4100.0,1460.0,2025,2025-06
701577,2024-04-04,C101305,Peshawar,Online,Dresses,Wrap Dress,1,4020,2400,10,COD,No,3618.0,1218.0,2024,2024-04
701531,2024-03-01,C101561,Islamabad,Online,Jackets,Puffer Jacket,1,7190,4300,0,COD,No,7190.0,2890.0,2024,2024-03
705083,2024-07-26,C101607,Karachi,Online,Accessories,Leather Belt,1,1280,700,0,COD,No,1280.0,580.0,2024,2024-07
701675,2025-04-27,C101245,Karachi,Online,Dresses,Bodycon Dress,2,3720,2080,10,Card,Yes,6696.0,2536.0,2025,2025-04
702782,2023-07-03,C100397,Karachi,Online,Dresses,Wrap Dress,1,4100,2620,0,COD,No,4100.0,1480.0,2023,2023-07
700749,2024-12-07,C100503,Islamabad,Store,Kurtas,Cotton Kurta,1,2050,1130,15,Card,No,1742.5,612.5,2024,2024-12
704328,2024-04-16,C101927,Rawalpindi,Online,T-Shirts,Polo Shirt,3,2310,1290,0,Card,No,6930.0,3060.0,2024,2024-04
702838,2024-09-28,C100703,Multan,Store,Kurtas,Festive Kurta,3,4440,2050,0,Card,No,13320.0,7170.0,2024,2024-09
703338,2024-01-06,C100134,Islamabad,Store,Jeans,Straight Leg Jeans,2,3440,2190,0,COD,No,6880.0,2500.0,2024,2024-01
703414,2024-06-28,C100911,Multan,Online,Dresses,Summer Floral Dress,1,3040,1830,0,Wallet,Yes,3040.0,1210.0,2024,2024-06
700382,2023-11-13,C101222,Peshawar,Online,Kurtas,Printed Kurta,2,2400,1090,0,COD,No,4800.0,2620.0,2023,2023-11
705110,2023-11-22,C100857,Multan,Store,Accessories,Baseball Cap,2,960,600,15,Bank Transfer,No,1632.0,432.0,2023,2023-11
704959,2024-09-15,C101203,Rawalpindi,Store,T-Shirts,Classic Cotton Tee,2,1190,570,0,Card,No,2380.0,1240.0,2024,2024-09
701902,2023-09-18,C102166,Peshawar,Store,Kurtas,Embroidered Kurta,2,2670,1430,10,Wallet,Yes,4806.0,1946.0,2023,2023-09
704646,2023-09-15,C101972,Faisalabad,Online,Jeans,Ripped Jeans,3,3830,2440,0,Card,No,11490.0,4170.0,2023,2023-09
703625,2024-02-05,C100894,Faisalabad,Online,Jackets,Puffer Jacket,3,6900,4350,15,Wallet,No,17595.0,4545.0,2024,2024-02
703025,2023-12-01,C101530,Karachi,Online,Accessories,Leather Belt,1,1180,670,15,Bank Transfer,No,1003.0,333.0,2023,2023-12
701408,2024-05-05,C100169,Sialkot,Online,T-Shirts,Polo Shirt,2,2150,990,15,Card,No,3655.0,1675.0,2024,2024-05
701862,2025-04-30,C101871,Karachi,Store,T-Shirts,Classic Cotton Tee,1,1150,570,0,COD,No,1150.0,580.0,2025,2025-04
704482,2024-04-27,C101208,Karachi,Online,Dresses,Bodycon Dress,2,4040,2300,10,Card,No,7272.0,2672.0,2024,2024-04
701867,2024-10-20,C100718,Rawalpindi,Online,Kurtas,Embroidered Kurta,2,2690,1350,0,Card,No,5380.0,2680.0,2024,2024-10
700407,2024-02-27,C101207,Karachi,Store,Jeans,Straight Leg Jeans,1,3200,1780,0,Wallet,No,3200.0,1420.0,2024,2024-02
700899,2025-04-15,C101175,Faisalabad,Store,Shoes,Loafers,1,5120,2620,20,Card,No,4096.0,1476.0,2025,2025-04
703471,2024-12-07,C101814,Multan,Store,Accessories,Sunglasses,1,2150,990,20,Card,No,1720.0,730.0,2024,2024-12
701246,2025-02-16,C101410,Multan,Online,Kurtas,Cotton Kurta,1,2020,950,10,Bank Transfer,No,1818.0,868.0,2025,2025-02
702621,2023-10-08,C100835,Islamabad,Store,Shoes,Sandals,1,2800,1510,0,Wallet,No,2800.0,1290.0,2023,2023-10
700781,2025-02-12,C100535,Lahore,Online,Jackets,Bomber Jacket,1,5340,3250,0,Card,No,5340.0,2090.0,2025,2025-02
700324,2024-09-01,C100746,Karachi,Online,Shoes,Loafers,1,5500,3530,0,COD,No,5500.0,1970.0,2024,2024-09
701691,2023-09-24,C101884,Karachi,Store,Kurtas,Embroidered Kurta,1,2730,1350,0,COD,No,2730.0,1380.0,2023,2023-09
704813,2024-02-06,C100553,Peshawar,Online,Jackets,Denim Jacket,2,5240,3090,0,COD,No,10480.0,4300.0,2024,2024-02
704937,2024-10-25,C100571,Multan,Store,Kurtas,Embroidered Kurta,1,3000,1930,10,COD,No,2700.0,770.0,2024,2024-10
704689,2024-05-08,C100298,Faisalabad,Online,Jeans,Ripped Jeans,2,4060,2300,0,Bank Transfer,No,8120.0,3520.0,2024,2024-05
703760,2024-01-19,C101915,Lahore,Store,T-Shirts,Oversized Tee,2,1840,1170,15,Card,No,3128.0,788.0,2024,2024-01
704757,2025-01-27,C100302,Unknown,Online,T-Shirts,Oversized Tee,3,1810,1070,0,COD,No,5430.0,2220.0,2025,2025-01
703412,2024-10-06,C100296,Sialkot,Store,Jackets,Hooded Jacket,3,4670,2600,10,Bank Transfer,No,12609.0,4809.0,2024,2024-10
704632,2023-08-10,C101002,Lahore,Online,Kurtas,Printed Kurta,2,2470,1350,0,Card,No,4940.0,2240.0,2023,2023-08
703531,2024-03-05,C100045,Faisalabad,Online,T-Shirts,Graphic Print Tee,1,1480,730,0,COD,No,1480.0,750.0,2024,2024-03
702471,2023-10-14,C100169,Sialkot,Online,Shoes,Boots,1,6840,3240,0,Wallet,No,6840.0,3600.0,2023,2023-10
701520,2025-03-20,C101119,Peshawar,Online,Kurtas,Festive Kurta,3,4460,2880,15,COD,No,11373.0,2733.0,2025,2025-03
705085,2024-05-10,C100813,Islamabad,Online,Dresses,Summer Floral Dress,1,3240,2090,20,COD,No,2592.0,502.0,2024,2024-05
704743,2024-08-05,C100027,Lahore,Online,Dresses,Maxi Dress,1,4350,2060,0,Wallet,No,4350.0,2290.0,2024,2024-08
701220,2023-12-06,C101321,Karachi,Online,Kurtas,Festive Kurta,2,4500,2220,25,Unknown,No,6750.0,2310.0,2023,2023-12
703275,2024-05-20,C100321,Karachi,Online,Accessories,Leather Belt,1,1180,750,0,Bank Transfer,No,1180.0,430.0,2024,2024-05
701784,2024-01-26,C101685,Lahore,Online,Accessories,Baseball Cap,2,890,500,15,Bank Transfer,Yes,1513.0,513.0,2024,2024-01
701838,2024-04-22,C101701,Sialkot,Online,Accessories,Tote Bag,1,1660,820,0,Card,No,1660.0,840.0,2024,2024-04
701456,2025-01-04,C100563,Islamabad,Store,T-Shirts,Graphic Print Tee,2,1560,990,0,Wallet,No,3120.0,1140.0,2025,2025-01
700134,2024-04-12,C100112,Karachi,Online,Kurtas,Embroidered Kurta,2,2760,1400,20,Card,No,4416.0,1616.0,2024,2024-04
705172,2025-02-03,C101652,Lahore,Store,Jackets,Denim Jacket,1,5460,2700,15,Wallet,No,4641.0,1941.0,2025,2025-02
700331,2024-04-30,C100330,Faisalabad,Online,Accessories,Tote Bag,1,1680,930,15,Wallet,No,1428.0,498.0,2024,2024-04
702527,2024-12-18,C100377,Karachi,Store,Shoes,Sandals,1,2670,1470,0,Card,No,2670.0,1200.0,2024,2024-12
701799,2024-05-16,C100122,Lahore,Store,T-Shirts,Classic Cotton Tee,1,1190,680,0,COD,No,1190.0,510.0,2024,2024-05
703383,2024-05-05,C100545,Karachi,Online,T-Shirts,Graphic Print Tee,1,1620,840,10,Wallet,No,1458.0,618.0,2024,2024-05
703783,2024-04-06,C100217,Lahore,Online,Kurtas,Printed Kurta,1,2450,1410,15,Wallet,No,2082.5,672.5,2024,2024-04
701063,2023-09-08,C100078,Islamabad,Online,T-Shirts,Graphic Print Tee,1,1540,850,15,Wallet,No,1309.0,459.0,2023,2023-09
701265,2024-10-09,C101502,Karachi,Online,Jackets,Bomber Jacket,1,5340,3390,0,Card,No,5340.0,1950.0,2024,2024-10
704718,2024-02-09,C101034,Karachi,Online,Jackets,Puffer Jacket,1,7310,3500,0,Card,No,7310.0,3810.0,2024,2024-02
701242,2023-09-27,C102044,Sialkot,Online,Jackets,Hooded Jacket,2,5180,3330,0,COD,No,10360.0,3700.0,2023,2023-09
702435,2024-03-06,C101918,Islamabad,Online,Dresses,Bodycon Dress,1,3730,1920,0,COD,No,3730.0,1810.0,2024,2024-03
703858,2024-11-29,C100078,Unknown,Store,Jackets,Hooded Jacket,1,5050,2960,15,COD,No,4292.5,1332.5,2024,2024-11
702351,2023-08-07,C100804,Lahore,Store,Kurtas,Cotton Kurta,2,1820,910,0,Card,Yes,3640.0,1820.0,2023,2023-08
705158,2023-12-07,C100525,Karachi,Online,T-Shirts,Polo Shirt,2,2370,1490,15,Card,No,4029.0,1049.0,2023,2023-12
701627,2025-04-25,C100956,Faisalabad,Online,Jackets,Puffer Jacket,2,6970,4130,15,Card,No,11849.0,3589.0,2025,2025-04
701124,2024-08-08,C100710,Sialkot,Online,Accessories,Leather Belt,2,1270,630,10,COD,No,2286.0,1026.0,2024,2024-08
703099,2024-04-15,C101286,Karachi,Online,Kurtas,Embroidered Kurta,2,2680,1410,0,Card,No,5360.0,2540.0,2024,2024-04
705164,2023-11-13,C100585,Islamabad,Store,Jeans,High-Waist Jeans,1,4530,2720,10,Card,No,4077.0,1357.0,2023,2023-11
701296,2024-05-22,C100539,Multan,Store,T-Shirts,Oversized Tee,1,1840,1190,20,Card,No,1472.0,282.0,2024,2024-05
702394,2025-02-05,C100093,Karachi,Online,Dresses,Summer Floral Dress,2,3310,1890,0,Card,No,6620.0,2840.0,2025,2025-02
704615,2025-06-19,C100381,Peshawar,Store,Kurtas,Printed Kurta,2,2350,1230,0,Wallet,No,4700.0,2240.0,2025,2025-06
704837,2024-10-04,C100787,Karachi,Store,Accessories,Baseball Cap,2,890,530,0,Card,No,1780.0,720.0,2024,2024-10
702387,2024-01-07,C102074,Karachi,Online,Jeans,Ripped Jeans,1,3930,2460,0,COD,Yes,3930.0,1470.0,2024,2024-01
700391,2023-10-28,C101390,Peshawar,Store,Dresses,Bodycon Dress,2,3800,1950,10,Bank Transfer,No,6840.0,2940.0,2023,2023-10
701009,2024-01-24,C100135,Lahore,Store,T-Shirts,Polo Shirt,1,2200,1400,0,Unknown,No,2200.0,800.0,2024,2024-01
705010,2025-04-06,C101220,Lahore,Store,Accessories,Leather Belt,2,1260,810,0,COD,Yes,2520.0,900.0,2025,2025-04
700213,2023-09-08,C100117,Rawalpindi,Online,Kurtas,Cotton Kurta,2,1900,1180,10,COD,Yes,3420.0,1060.0,2023,2023-09
702214,2024-09-26,C100626,Faisalabad,Store,Jeans,High-Waist Jeans,1,4230,2340,0,Card,No,4230.0,1890.0,2024,2024-09
702614,2025-01-25,C101801,Islamabad,Online,Jeans,High-Waist Jeans,1,4340,2250,0,COD,No,4340.0,2090.0,2025,2025-01
704722,2023-08-21,C101128,Rawalpindi,Store,Kurtas,Cotton Kurta,2,1920,1060,0,COD,No,3840.0,1720.0,2023,2023-08
703051,2024-12-03,C100775,Multan,Store,Shoes,Boots,1,6700,4300,10,COD,No,6030.0,1730.0,2024,2024-12
704226,2024-09-18,C100048,Rawalpindi,Online,Jeans,High-Waist Jeans,1,4170,2370,0,Wallet,No,4170.0,1800.0,2024,2024-09
704119,2024-06-12,C101663,Lahore,Store,Accessories,Tote Bag,2,1680,900,0,Wallet,No,3360.0,1560.0,2024,2024-06
700625,2023-12-11,C101178,Lahore,Online,Jackets,Denim Jacket,1,5380,3050,0,Wallet,No,5380.0,2330.0,2023,2023-12
702862,2024-10-22,C100584,Peshawar,Store,Shoes,Boots,2,6500,3350,0,Wallet,No,13000.0,6300.0,2024,2024-10
703296,2025-03-13,C100069,Karachi,Store,Jackets,Puffer Jacket,2,6570,3080,10,Bank Transfer,No,11826.0,5666.0,2025,2025-03
702258,2024-10-06,C101940,Lahore,Online,T-Shirts,Graphic Print Tee,1,1600,850,10,COD,No,1440.0,590.0,2024,2024-10
702324,2023-07-13,C101107,Karachi,Online,Accessories,Leather Belt,2,1150,540,0,Wallet,No,2300.0,1220.0,2023,2023-07
703938,2025-02-20,C100863,Islamabad,Store,Accessories,Baseball Cap,2,950,570,0,COD,No,1900.0,760.0,2025,2025-02
702315,2025-02-26,C100215,Faisalabad,Online,T-Shirts,Polo Shirt,3,2360,1180,0,Card,No,7080.0,3540.0,2025,2025-02
701193,2024-09-25,C101943,Lahore,Online,Dresses,Bodycon Dress,2,3710,1720,0,Wallet,No,7420.0,3980.0,2024,2024-09
703819,2023-08-13,C101299,Karachi,Store,Shoes,Sneakers,1,4320,2780,0,Card,No,4320.0,1540.0,2023,2023-08
700979,2024-03-31,C100412,Lahore,Store,Jeans,Straight Leg Jeans,2,3330,2130,0,Card,No,6660.0,2400.0,2024,2024-03
703599,2025-04-03,C102048,Lahore,Online,Dresses,Bodycon Dress,1,3670,2270,10,Wallet,No,3303.0,1033.0,2025,2025-04
701349,2024-09-21,C102091,Multan,Online,Shoes,Boots,1,6790,3750,0,Bank Transfer,No,6790.0,3040.0,2024,2024-09
701775,2023-08-31,C100298,Faisalabad,Online,T-Shirts,Classic Cotton Tee,1,1180,610,15,Card,No,1003.0,393.0,2023,2023-08
701949,2024-08-02,C101364,Karachi,Store,Shoes,Sneakers,2,4720,2700,0,Bank Transfer,No,9440.0,4040.0,2024,2024-08
704900,2023-11-05,C100564,Rawalpindi,Online,Jackets,Bomber Jacket,2,5280,3050,0,Wallet,No,10560.0,4460.0,2023,2023-11
703800,2025-06-17,C101390,Peshawar,Store,T-Shirts,Oversized Tee,3,1780,1150,0,Card,No,5340.0,1890.0,2025,2025-06
701159,2024-06-10,C100983,Karachi,Store,Kurtas,Printed Kurta,1,2430,1110,10,COD,No,2187.0,1077.0,2024,2024-06
703693,2024-02-14,C101765,Lahore,Online,Dresses,Wrap Dress,1,3970,2140,0,Bank Transfer,No,3970.0,1830.0,2024,2024-02
702570,2024-09-10,C100168,Karachi,Online,Shoes,Boots,1,6700,4230,15,Bank Transfer,No,5695.0,1465.0,2024,2024-09
701059,2024-03-18,C101426,Lahore,Online,Jackets,Puffer Jacket,2,7330,3520,0,Card,No,14660.0,7620.0,2024,2024-03
702492,2024-05-03,C101401,Lahore,Online,Shoes,Sandals,1,2700,1690,0,Bank Transfer,No,2700.0,1010.0,2024,2024-05
702643,2024-05-06,C100198,Lahore,Store,Jackets,Bomber Jacket,1,5340,3060,15,Card,No,4539.0,1479.0,2024,2024-05
702922,2024-04-29,C101099,Lahore,Online,Dresses,Wrap Dress,2,4140,2220,10,Wallet,No,7452.0,3012.0,2024,2024-04
701985,2024-04-08,C100801,Karachi,Online,Accessories,Leather Belt,2,1290,690,10,Wallet,No,2322.0,942.0,2024,2024-04
700344,2024-01-17,C101889,Karachi,Online,T-Shirts,Classic Cotton Tee,1,1180,710,10,Card,No,1062.0,352.0,2024,2024-01
701926,2024-01-21,C102028,Islamabad,Online,Jackets,Puffer Jacket,3,6940,4230,0,COD,No,20820.0,8130.0,2024,2024-01
701454,2024-03-16,C101853,Faisalabad,Online,Shoes,Sneakers,2,4780,2750,0,COD,No,9560.0,4060.0,2024,2024-03
703763,2024-09-11,C100809,Sialkot,Online,Shoes,Boots,2,6930,4090,0,COD,Yes,13860.0,5680.0,2024,2024-09
701948,2025-01-25,C101923,Karachi,Online,Jackets,Bomber Jacket,2,5570,2890,0,COD,No,11140.0,5360.0,2025,2025-01
700578,2023-12-24,C102011,Karachi,Store,T-Shirts,Graphic Print Tee,1,1600,860,15,Wallet,No,1360.0,500.0,2023,2023-12
703148,2024-10-09,C101553,Karachi,Online,Dresses,Wrap Dress,2,4140,1870,0,Bank Transfer,Yes,8280.0,4540.0,2024,2024-10
703877,2024-03-23,C100323,Islamabad,Store,Jackets,Hooded Jacket,1,4920,2640,15,COD,No,4182.0,1542.0,2024,2024-03
701199,2023-07-29,C100227,Islamabad,Online,Accessories,Leather Belt,1,1220,620,0,Wallet,No,1220.0,600.0,2023,2023-07
703672,2025-04-03,C100860,Faisalabad,Store,Dresses,Bodycon Dress,2,4010,2280,0,Card,Yes,8020.0,3460.0,2025,2025-04
704649,2025-01-05,C100739,Karachi,Online,Kurtas,Printed Kurta,1,2350,1230,10,COD,No,2115.0,885.0,2025,2025-01
701147,2024-08-05,C101162,Multan,Store,Jackets,Bomber Jacket,1,5040,3020,0,COD,No,5040.0,2020.0,2024,2024-08
702399,2024-06-08,C100679,Karachi,Online,Dresses,Summer Floral Dress,1,3370,1660,10,COD,No,3033.0,1373.0,2024,2024-06
700328,2025-02-14,C100130,Lahore,Online,Dresses,Maxi Dress,1,4650,2270,0,Wallet,No,4650.0,2380.0,2025,2025-02
703318,2025-03-19,C101580,Peshawar,Online,Jeans,Slim Fit Jeans,1,3740,2390,10,Bank Transfer,No,3366.0,976.0,2025,2025-03
703089,2024-06-10,C101261,Karachi,Store,T-Shirts,Graphic Print Tee,1,1530,880,0,Wallet,No,1530.0,650.0,2024,2024-06
703555,2025-05-22,C100665,Rawalpindi,Online,Shoes,Loafers,2,4950,2350,0,Wallet,No,9900.0,5200.0,2025,2025-05
702559,2023-07-14,C100330,Faisalabad,Online,Dresses,Summer Floral Dress,1,3370,1650,10,COD,No,3033.0,1383.0,2023,2023-07
701801,2023-08-10,C100036,Lahore,Store,Jeans,Straight Leg Jeans,1,3160,1980,10,Card,No,2844.0,864.0,2023,2023-08
700177,2023-07-12,C102183,Lahore,Online,Jackets,Denim Jacket,1,5720,2630,10,Bank Transfer,No,5148.0,2518.0,2023,2023-07
701824,2024-12-03,C101679,Islamabad,Store,Jeans,Slim Fit Jeans,1,3460,2010,10,Card,No,3114.0,1104.0,2024,2024-12
703504,2024-11-18,C100888,Lahore,Store,Kurtas,Embroidered Kurta,2,2670,1580,25,COD,No,4005.0,845.0,2024,2024-11
700459,2024-11-03,C100091,Rawalpindi,Online,Jeans,Ripped Jeans,1,3710,2050,20,Card,No,2968.0,918.0,2024,2024-11
701684,2023-10-01,C100196,Islamabad,Online,Jeans,Ripped Jeans,3,3890,2400,0,Bank Transfer,No,11670.0,4470.0,2023,2023-10
702854,2023-08-29,C101360,Rawalpindi,Online,Jeans,High-Waist Jeans,1,4140,2320,10,COD,No,3726.0,1406.0,2023,2023-08
701983,2024-11-01,C100457,Karachi,Store,Kurtas,Embroidered Kurta,1,2720,1620,10,Card,No,2448.0,828.0,2024,2024-11
702679,2023-08-01,C101717,Islamabad,Store,T-Shirts,Oversized Tee,1,1910,1110,0,COD,No,1910.0,800.0,2023,2023-08
701085,2024-04-28,C100443,Lahore,Online,Dresses,Summer Floral Dress,1,3220,1780,10,Card,No,2898.0,1118.0,2024,2024-04
702483,2025-05-30,C101866,Peshawar,Online,Kurtas,Festive Kurta,2,4460,2140,0,Card,No,8920.0,4640.0,2025,2025-05
700727,2023-08-12,C102116,Karachi,Store,Shoes,Sandals,2,2780,1450,0,Card,Yes,5560.0,2660.0,2023,2023-08
702584,2025-06-25,C101078,Islamabad,Store,Kurtas,Cotton Kurta,1,1880,1210,0,COD,No,1880.0,670.0,2025,2025-06
700930,2025-06-20,C101316,Islamabad,Online,Jeans,Straight Leg Jeans,1,3290,1570,0,COD,No,3290.0,1720.0,2025,2025-06
704354,2025-02-14,C102064,Karachi,Store,Accessories,Sunglasses,3,2290,1290,0,COD,No,6870.0,3000.0,2025,2025-02
700734,2023-11-13,C100026,Karachi,Store,Accessories,Baseball Cap,1,970,470,0,Bank Transfer,No,970.0,500.0,2023,2023-11
700274,2025-01-06,C100801,Karachi,Store,Accessories,Tote Bag,1,1620,950,0,Bank Transfer,No,1620.0,670.0,2025,2025-01
702629,2024-04-23,C100727,Lahore,Online,Dresses,Wrap Dress,2,4300,2100,10,COD,No,7740.0,3540.0,2024,2024-04
702947,2024-10-25,C100957,Islamabad,Online,Jeans,Straight Leg Jeans,1,3200,1720,0,Card,No,3200.0,1480.0,2024,2024-10
704112,2024-01-19,C101420,Rawalpindi,Online,Dresses,Bodycon Dress,1,4040,2460,0,Wallet,No,4040.0,1580.0,2024,2024-01
702490,2024-01-20,C100948,Multan,Online,Jackets,Puffer Jacket,3,7020,3450,15,COD,No,17901.0,7551.0,2024,2024-01
701421,2025-02-02,C101740,Lahore,Online,Accessories,Baseball Cap,3,870,520,0,COD,No,2610.0,1050.0,2025,2025-02
704118,2025-02-16,C100165,Karachi,Store,Accessories,Sunglasses,1,2210,1100,0,Card,No,2210.0,1110.0,2025,2025-02
702974,2025-06-07,C101460,Faisalabad,Store,Dresses,Maxi Dress,2,4460,2890,0,Wallet,No,8920.0,3140.0,2025,2025-06
704525,2024-07-06,C100290,Multan,Store,Kurtas,Printed Kurta,3,2560,1560,0,Card,No,7680.0,3000.0,2024,2024-07
703436,2024-02-27,C100652,Rawalpindi,Online,Accessories,Leather Belt,2,1290,640,10,Card,No,2322.0,1042.0,2024,2024-02
704980,2023-07-30,C100486,Karachi,Online,Accessories,Baseball Cap,1,870,520,0,Card,No,870.0,350.0,2023,2023-07
700132,2024-05-02,C100329,Karachi,Store,T-Shirts,Classic Cotton Tee,3,1230,720,0,COD,No,3690.0,1530.0,2024,2024-05
702739,2025-06-01,C100329,Karachi,Online,Shoes,Loafers,2,5190,2980,0,Card,No,10380.0,4420.0,2025,2025-06
704506,2024-03-08,C101941,Karachi,Store,Kurtas,Embroidered Kurta,1,2710,1290,0,COD,No,2710.0,1420.0,2024,2024-03
703332,2024-04-08,C101500,Rawalpindi,Store,Kurtas,Printed Kurta,1,2480,1520,0,Wallet,No,2480.0,960.0,2024,2024-04
705120,2025-04-07,C102137,Faisalabad,Store,Dresses,Bodycon Dress,3,4090,2260,10,COD,No,11043.0,4263.0,2025,2025-04
703315,2024-03-30,C100880,Karachi,Store,Kurtas,Printed Kurta,2,2580,1540,0,Card,No,5160.0,2080.0,2024,2024-03
701173,2023-11-16,C101785,Multan,Online,T-Shirts,Graphic Print Tee,2,1510,900,25,Unknown,Yes,2265.0,465.0,2023,2023-11
700190,2024-03-15,C100027,Lahore,Store,Kurtas,Embroidered Kurta,2,2900,1610,0,COD,No,5800.0,2580.0,2024,2024-03
701496,2023-10-28,C100194,Lahore,Online,Shoes,Loafers,3,5200,3210,0,Card,No,15600.0,5970.0,2023,2023-10
702123,2024-09-13,C101598,Faisalabad,Store,Kurtas,Printed Kurta,2,2340,1310,0,Card,No,4680.0,2060.0,2024,2024-09
704006,2023-08-27,C102070,Multan,Online,Jeans,High-Waist Jeans,2,4030,2370,0,Card,No,8060.0,3320.0,2023,2023-08
700398,2025-06-16,C100023,Peshawar,Online,Accessories,Baseball Cap,3,910,460,10,COD,No,2457.0,1077.0,2025,2025-06
704341,2024-09-06,C100858,Karachi,Online,Jeans,Ripped Jeans,1,4060,1960,10,COD,No,3654.0,1694.0,2024,2024-09
700433,2024-01-14,C101620,Lahore,Store,Jackets,Hooded Jacket,3,5140,2470,15,Bank Transfer,No,13107.0,5697.0,2024,2024-01
703234,2025-04-09,C101326,Karachi,Store,Accessories,Tote Bag,1,1540,880,0,Bank Transfer,No,1540.0,660.0,2025,2025-04
702807,2024-09-11,C100902,Lahore,Store,T-Shirts,Oversized Tee,2,1900,1000,0,Card,No,3800.0,1800.0,2024,2024-09
703320,2023-08-01,C100353,Islamabad,Online,Kurtas,Printed Kurta,2,2300,1240,0,Wallet,No,4600.0,2120.0,2023,2023-08
703209,2024-05-20,C100723,Sialkot,Store,Accessories,Leather Belt,2,1150,740,0,Card,No,2300.0,820.0,2024,2024-05
704261,2024-08-27,C101715,Faisalabad,Online,Jeans,Slim Fit Jeans,1,3380,1990,0,COD,No,3380.0,1390.0,2024,2024-08
702704,2025-05-26,C100626,Faisalabad,Store,T-Shirts,Classic Cotton Tee,1,1190,590,15,Bank Transfer,No,1011.5,421.5,2025,2025-05
702432,2024-03-20,C101758,Peshawar,Store,Kurtas,Printed Kurta,1,2590,1590,10,Wallet,Yes,2331.0,741.0,2024,2024-03
701385,2024-02-23,C100254,Lahore,Store,Dresses,Summer Floral Dress,1,3310,1660,0,COD,No,3310.0,1650.0,2024,2024-02
701600,2024-03-08,C101835,Lahore,Online,Dresses,Maxi Dress,3,4490,2320,0,Card,No,13470.0,6510.0,2024,2024-03
700308,2024-02-25,C100481,Lahore,Store,Accessories,Tote Bag,1,1630,810,0,COD,No,1630.0,820.0,2024,2024-02
704612,2025-01-09,C101720,Lahore,Online,Shoes,Loafers,2,5360,2460,0,Card,No,10720.0,5800.0,2025,2025-01
703126,2023-10-16,C100281,Lahore,Store,Jeans,Straight Leg Jeans,1,3080,1480,0,Card,No,3080.0,1600.0,2023,2023-10
703029,2024-02-21,C101142,Multan,Store,Dresses,Wrap Dress,2,3820,2350,10,Card,No,6876.0,2176.0,2024,2024-02
704302,2025-03-17,C101475,Islamabad,Online,Shoes,Loafers,2,5550,2880,0,COD,No,11100.0,5340.0,2025,2025-03
700540,2023-08-26,C101397,Peshawar,Online,Kurtas,Festive Kurta,2,4240,2060,0,Bank Transfer,No,8480.0,4360.0,2023,2023-08
701710,2024-04-10,C100111,Lahore,Store,Shoes,Boots,1,6240,3090,20,Card,No,4992.0,1902.0,2024,2024-04
703270,2023-12-09,C102083,Lahore,Online,Jackets,Hooded Jacket,2,4600,2670,15,COD,No,7820.0,2480.0,2023,2023-12
702126,2024-01-20,C100712,Faisalabad,Online,Kurtas,Cotton Kurta,2,1920,930,0,Card,No,3840.0,1980.0,2024,2024-01
702886,2024-11-07,C100492,Rawalpindi,Online,Accessories,Tote Bag,1,1710,1070,10,Wallet,No,1539.0,469.0,2024,2024-11
702411,2023-09-21,C100160,Unknown,Store,Jeans,Slim Fit Jeans,2,3690,1920,0,Wallet,No,7380.0,3540.0,2023,2023-09
700895,2024-06-20,C101377,Multan,Store,Kurtas,Embroidered Kurta,3,2960,1450,0,Card,No,8880.0,4530.0,2024,2024-06
704801,2023-10-17,C100349,Lahore,Online,Shoes,Boots,1,6430,2900,10,Card,Yes,5787.0,2887.0,2023,2023-10
704700,2025-04-10,C100394,Lahore,Store,T-Shirts,Polo Shirt,2,2100,1080,0,COD,No,4200.0,2040.0,2025,2025-04
702617,2025-02-05,C101577,Multan,Online,Kurtas,Cotton Kurta,2,1880,1180,0,COD,No,3760.0,1400.0,2025,2025-02
702460,2023-07-20,C101597,Lahore,Store,T-Shirts,Oversized Tee,3,1790,830,10,Card,No,4833.0,2343.0,2023,2023-07
705120,2025-04-07,C102137,Faisalabad,Store,Shoes,Loafers,2,5220,2550,15,Unknown,No,8874.0,3774.0,2025,2025-04
703182,2024-09-27,C100921,Multan,Store,T-Shirts,Classic Cotton Tee,1,1260,620,10,Card,No,1134.0,514.0,2024,2024-09
700053,2025-01-28,C102086,Karachi,Store,Accessories,Leather Belt,2,1190,660,0,Wallet,Yes,2380.0,1060.0,2025,2025-01
702789,2024-01-01,C100127,Lahore,Online,Jackets,Denim Jacket,2,5770,3010,15,Card,No,9809.0,3789.0,2024,2024-01
703716,2024-07-13,C102110,Islamabad,Online,Accessories,Baseball Cap,3,950,470,0,Card,No,2850.0,1440.0,2024,2024-07
700114,2025-02-28,C101505,Islamabad,Store,Jeans,Ripped Jeans,3,3850,2020,0,Card,No,11550.0,5490.0,2025,2025-02
700109,2024-08-28,C101489,Karachi,Store,Shoes,Boots,1,6590,3170,15,Card,No,5601.5,2431.5,2024,2024-08
704098,2023-09-30,C100017,Lahore,Online,T-Shirts,Oversized Tee,3,1830,1140,0,Card,No,5490.0,2070.0,2023,2023-09
703748,2024-09-11,C100218,Unknown,Online,Dresses,Bodycon Dress,1,3700,2280,0,Card,No,3700.0,1420.0,2024,2024-09
703798,2025-06-28,C101930,Rawalpindi,Online,T-Shirts,Classic Cotton Tee,2,1140,610,10,Wallet,No,2052.0,832.0,2025,2025-06
701039,2025-02-07,C100889,Rawalpindi,Online,Kurtas,Embroidered Kurta,1,2860,1440,15,Wallet,No,2431.0,991.0,2025,2025-02
704938,2023-08-25,C101828,Peshawar,Online,T-Shirts,Oversized Tee,1,1910,1070,0,Card,No,1910.0,840.0,2023,2023-08
704208,2023-10-01,C100924,Lahore,Online,Jeans,Straight Leg Jeans,1,3200,1620,15,COD,No,2720.0,1100.0,2023,2023-10
702033,2024-03-24,C100493,Karachi,Store,Jackets,Denim Jacket,1,5500,3120,0,Card,Yes,5500.0,2380.0,2024,2024-03
701927,2025-04-04,C100824,Multan,Online,Jackets,Denim Jacket,1,5480,2760,10,Bank Transfer,No,4932.0,2172.0,2025,2025-04
701566,2025-03-06,C102009,Rawalpindi,Online,Jeans,Slim Fit Jeans,2,3600,1880,0,COD,No,7200.0,3440.0,2025,2025-03
704656,2025-02-05,C101710,Faisalabad,Online,Accessories,Leather Belt,1,1190,550,0,Bank Transfer,No,1190.0,640.0,2025,2025-02
702790,2025-01-13,C101902,Multan,Store,Accessories,Leather Belt,1,1170,740,0,COD,No,1170.0,430.0,2025,2025-01
700241,2024-05-19,C100983,Karachi,Online,T-Shirts,Classic Cotton Tee,1,1170,600,0,Card,No,1170.0,570.0,2024,2024-05
704651,2024-02-28,C101381,Lahore,Store,Kurtas,Embroidered Kurta,1,2800,1500,0,Bank Transfer,No,2800.0,1300.0,2024,2024-02
700022,2024-12-21,C100179,Faisalabad,Online,Dresses,Maxi Dress,1,4370,1980,10,Bank Transfer,Yes,3933.0,1953.0,2024,2024-12
701626,2024-10-16,C101884,Karachi,Store,T-Shirts,Oversized Tee,2,1770,920,0,Wallet,No,3540.0,1700.0,2024,2024-10
700150,2025-01-09,C101447,Islamabad,Store,Jackets,Denim Jacket,2,5900,3400,0,Card,No,11800.0,5000.0,2025,2025-01
704125,2023-11-21,C100010,Karachi,Online,Accessories,Leather Belt,2,1230,560,10,Bank Transfer,No,2214.0,1094.0,2023,2023-11
703150,2025-01-06,C100961,Karachi,Online,Dresses,Summer Floral Dress,1,3370,1620,0,Card,No,3370.0,1750.0,2025,2025-01
703285,2023-08-31,C101689,Karachi,Store,Accessories,Sunglasses,1,2280,1080,0,COD,No,2280.0,1200.0,2023,2023-08
704019,2025-05-11,C100804,Lahore,Store,Accessories,Tote Bag,1,1710,830,20,COD,No,1368.0,538.0,2025,2025-05
701804,2025-05-09,C100331,Lahore,Store,Jeans,Slim Fit Jeans,2,3460,1590,0,Card,No,6920.0,3740.0,2025,2025-05
701145,2023-07-10,C100953,Lahore,Online,Dresses,Wrap Dress,1,4200,2110,0,COD,No,4200.0,2090.0,2023,2023-07
700136,2025-04-11,C100266,Karachi,Store,Shoes,Sandals,2,2710,1550,15,Wallet,No,4607.0,1507.0,2025,2025-04
704392,2023-10-04,C102124,Karachi,Online,Shoes,Sandals,1,2840,1390,0,Card,No,2840.0,1450.0,2023,2023-10
702967,2024-02-01,C101763,Lahore,Online,Accessories,Tote Bag,2,1530,800,0,COD,No,3060.0,1460.0,2024,2024-02
701013,2024-08-14,C101478,Karachi,Online,T-Shirts,Polo Shirt,1,2220,1100,0,COD,No,2220.0,1120.0,2024,2024-08
702526,2023-10-25,C100597,Islamabad,Online,Shoes,Boots,1,6380,3240,10,Bank Transfer,No,5742.0,2502.0,2023,2023-10
703272,2025-03-13,C101618,Sialkot,Store,Jackets,Hooded Jacket,1,4780,2480,15,COD,No,4063.0,1583.0,2025,2025-03
703063,2025-05-17,C102032,Karachi,Store,Dresses,Wrap Dress,1,3840,2050,15,Card,No,3264.0,1214.0,2025,2025-05
704303,2023-08-09,C100272,Lahore,Online,T-Shirts,Classic Cotton Tee,1,1230,600,10,COD,No,1107.0,507.0,2023,2023-08
700617,2025-06-20,C100670,Lahore,Online,Dresses,Wrap Dress,2,4260,2500,10,Wallet,No,7668.0,2668.0,2025,2025-06
701307,2024-05-05,C100716,Islamabad,Store,T-Shirts,Classic Cotton Tee,1,1260,770,15,COD,No,1071.0,301.0,2024,2024-05
701363,2024-05-23,C101955,Sialkot,Store,T-Shirts,Oversized Tee,3,1890,980,10,Wallet,No,5103.0,2163.0,2024,2024-05
704725,2023-10-03,C100746,Karachi,Store,T-Shirts,Polo Shirt,1,2370,1240,15,Card,No,2014.5,774.5,2023,2023-10
701809,2025-04-08,C102008,Lahore,Store,Jeans,Straight Leg Jeans,2,3130,1850,15,COD,No,5321.0,1621.0,2025,2025-04
702347,2025-06-05,C101798,Islamabad,Store,Kurtas,Festive Kurta,2,4240,2150,0,COD,No,8480.0,4180.0,2025,2025-06
701533,2025-05-08,C101062,Lahore,Store,Kurtas,Festive Kurta,1,4150,2080,0,COD,No,4150.0,2070.0,2025,2025-05
702371,2023-12-05,C101387,Karachi,Online,Jeans,High-Waist Jeans,3,4290,2230,15,Wallet,No,10939.5,4249.5,2023,2023-12
701129,2023-08-12,C101805,Rawalpindi,Online,Jeans,Slim Fit Jeans,1,3680,2290,10,COD,No,3312.0,1022.0,2023,2023-08
701822,2024-02-13,C101710,Faisalabad,Store,Jeans,Straight Leg Jeans,3,3060,1510,0,Card,No,9180.0,4650.0,2024,2024-02
702928,2023-07-22,C100809,Sialkot,Store,T-Shirts,Polo Shirt,3,2210,1180,0,COD,No,6630.0,3090.0,2023,2023-07
703195,2024-05-05,C101189,Rawalpindi,Store,Dresses,Wrap Dress,3,4200,2600,20,Wallet,No,10080.0,2280.0,2024,2024-05
700359,2023-09-04,C100573,Faisalabad,Store,T-Shirts,Graphic Print Tee,1,1500,940,0,COD,No,1500.0,560.0,2023,2023-09
702729,2025-03-04,C101572,Islamabad,Online,Accessories,Sunglasses,1,2130,1120,0,Bank Transfer,No,2130.0,1010.0,2025,2025-03
702952,2025-04-21,C101218,Rawalpindi,Online,Accessories,Baseball Cap,1,900,530,20,Card,No,720.0,190.0,2025,2025-04
702174,2023-08-21,C101973,Karachi,Store,Kurtas,Embroidered Kurta,3,2940,1390,0,Wallet,No,8820.0,4650.0,2023,2023-08
700778,2025-01-03,C101593,Karachi,Online,Accessories,Sunglasses,1,2180,1130,0,COD,No,2180.0,1050.0,2025,2025-01
704780,2025-05-15,C100036,Lahore,Online,Dresses,Wrap Dress,1,4080,2030,0,COD,No,4080.0,2050.0,2025,2025-05
704202,2025-04-18,C100264,Peshawar,Store,Dresses,Maxi Dress,2,4790,2460,20,Card,No,7664.0,2744.0,2025,2025-04
703081,2024-01-30,C101446,Peshawar,Online,Jackets,Bomber Jacket,1,5490,3550,0,COD,No,5490.0,1940.0,2024,2024-01
700169,2024-09-12,C101891,Faisalabad,Store,Jackets,Denim Jacket,3,5910,2960,0,Wallet,No,17730.0,8850.0,2024,2024-09
701507,2025-05-21,C100963,Lahore,Online,Jeans,Straight Leg Jeans,2,3290,1710,15,Bank Transfer,Yes,5593.0,2173.0,2025,2025-05
702295,2023-07-31,C102091,Multan,Online,Accessories,Leather Belt,3,1180,760,0,Wallet,No,3540.0,1260.0,2023,2023-07
700405,2024-06-17,C100427,Multan,Store,Shoes,Boots,1,6450,3040,0,COD,No,6450.0,3410.0,2024,2024-06
700205,2025-04-12,C101167,Islamabad,Online,Jackets,Bomber Jacket,2,5310,2950,0,COD,No,10620.0,4720.0,2025,2025-04
701245,2024-12-29,C100847,Rawalpindi,Store,Kurtas,Printed Kurta,1,2460,1450,15,COD,No,2091.0,641.0,2024,2024-12
705135,2025-06-05,C100033,Karachi,Online,T-Shirts,Classic Cotton Tee,2,1210,760,0,COD,No,2420.0,900.0,2025,2025-06
702527,2024-12-18,C100377,Karachi,Store,Dresses,Bodycon Dress,3,4100,2070,30,Card,No,8610.0,2400.0,2024,2024-12
702188,2023-12-29,C101872,Sialkot,Online,T-Shirts,Polo Shirt,1,2110,1230,15,COD,Yes,1793.5,563.5,2023,2023-12
701255,2023-10-13,C100653,Unknown,Store,Shoes,Loafers,1,5150,2660,0,Wallet,No,5150.0,2490.0,2023,2023-10
703389,2023-10-25,C101496,Multan,Online,Jeans,Ripped Jeans,1,3670,1980,0,Card,No,3670.0,1690.0,2023,2023-10
703016,2024-02-19,C100707,Faisalabad,Store,Jackets,Hooded Jacket,1,4920,2400,0,Wallet,No,4920.0,2520.0,2024,2024-02
702452,2025-01-13,C102193,Lahore,Store,Jackets,Hooded Jacket,2,4680,3010,0,COD,Yes,9360.0,3340.0,2025,2025-01
700574,2025-01-22,C101797,Karachi,Online,Jackets,Bomber Jacket,1,5420,2930,0,Card,No,5420.0,2490.0,2025,2025-01
701078,2023-09-13,C101058,Islamabad,Store,Shoes,Boots,1,6970,3790,0,Card,No,6970.0,3180.0,2023,2023-09
700207,2024-01-27,C100494,Faisalabad,Online,T-Shirts,Classic Cotton Tee,2,1250,600,0,Card,No,2500.0,1300.0,2024,2024-01
703904,2025-04-26,C101019,Karachi,Online,Dresses,Bodycon Dress,1,3770,1800,0,COD,No,3770.0,1970.0,2025,2025-04
701263,2023-10-24,C100055,Faisalabad,Store,Jeans,High-Waist Jeans,2,4300,2690,0,COD,No,8600.0,3220.0,2023,2023-10
703175,2025-01-04,C101237,Karachi,Store,Shoes,Sneakers,2,4760,2800,10,Wallet,No,8568.0,2968.0,2025,2025-01
702476,2024-05-17,C101311,Peshawar,Online,T-Shirts,Graphic Print Tee,3,1580,770,10,COD,No,4266.0,1956.0,2024,2024-05
700178,2025-01-10,C102011,Karachi,Online,Kurtas,Embroidered Kurta,2,3010,1530,0,COD,Yes,6020.0,2960.0,2025,2025-01
701353,2023-08-20,C101520,Karachi,Store,Jeans,Straight Leg Jeans,1,3320,1630,10,Card,No,2988.0,1358.0,2023,2023-08
704448,2023-10-18,C100633,Karachi,Store,Jackets,Hooded Jacket,2,4660,2660,0,Card,No,9320.0,4000.0,2023,2023-10
701587,2025-01-23,C100897,Lahore,Online,Jeans,Slim Fit Jeans,2,3550,2200,0,Card,No,7100.0,2700.0,2025,2025-01
701275,2025-05-28,C100252,Karachi,Online,Kurtas,Festive Kurta,2,4520,2160,20,Wallet,No,7232.0,2912.0,2025,2025-05
704137,2024-02-04,C100800,Faisalabad,Online,Accessories,Sunglasses,2,2100,1290,0,COD,No,4200.0,1620.0,2024,2024-02
704833,2025-04-11,C101853,Faisalabad,Online,Kurtas,Embroidered Kurta,1,2770,1770,0,Card,No,2770.0,1000.0,2025,2025-04
704223,2023-08-12,C101608,Karachi,Store,Shoes,Loafers,2,5080,2920,0,Card,No,10160.0,4320.0,2023,2023-08
701984,2023-09-07,C100331,Lahore,Online,Dresses,Maxi Dress,2,4470,2030,0,COD,No,8940.0,4880.0,2023,2023-09
705080,2024-08-10,C100241,Faisalabad,Store,Jeans,Straight Leg Jeans,3,3070,1900,0,COD,No,9210.0,3510.0,2024,2024-08
700549,2023-08-07,C101650,Karachi,Online,Accessories,Tote Bag,1,1590,920,0,COD,No,1590.0,670.0,2023,2023-08
702295,2023-07-31,C102091,Multan,Online,Dresses,Summer Floral Dress,3,3430,1910,0,Wallet,Yes,10290.0,4560.0,2023,2023-07
703349,2025-06-15,C101839,Faisalabad,Online,Dresses,Bodycon Dress,2,3970,2120,0,Bank Transfer,No,7940.0,3700.0,2025,2025-06
703875,2025-01-06,C101590,Lahore,Online,Jackets,Denim Jacket,1,5530,2760,0,Bank Transfer,No,5530.0,2770.0,2025,2025-01
702359,2024-11-11,C101871,Karachi,Online,Jeans,Straight Leg Jeans,1,3410,1800,30,Bank Transfer,No,2387.0,587.0,2024,2024-11
702455,2024-04-20,C100179,Faisalabad,Online,T-Shirts,Oversized Tee,1,1920,1180,0,COD,No,1920.0,740.0,2024,2024-04
704708,2024-10-31,C100905,Rawalpindi,Store,Accessories,Leather Belt,3,1170,710,0,Card,No,3510.0,1380.0,2024,2024-10
703457,2025-05-12,C100564,Rawalpindi,Store,Accessories,Baseball Cap,1,910,490,10,Bank Transfer,No,819.0,329.0,2025,2025-05
704485,2023-11-16,C100118,Karachi,Online,Shoes,Sneakers,1,4640,2430,25,COD,No,3480.0,1050.0,2023,2023-11
700487,2025-06-08,C101364,Karachi,Store,T-Shirts,Classic Cotton Tee,1,1140,670,0,Wallet,No,1140.0,470.0,2025,2025-06
703028,2025-04-24,C100594,Lahore,Online,Kurtas,Festive Kurta,3,4460,2680,20,COD,No,10704.0,2664.0,2025,2025-04
700656,2023-08-26,C100384,Karachi,Online,Jackets,Hooded Jacket,2,5150,3160,0,Card,No,10300.0,3980.0,2023,2023-08
704749,2023-09-28,C100374,Lahore,Store,Accessories,Sunglasses,1,2320,1210,0,COD,No,2320.0,1110.0,2023,2023-09
700790,2025-03-18,C100916,Lahore,Store,Dresses,Maxi Dress,1,4420,2700,0,COD,Yes,4420.0,1720.0,2025,2025-03
703640,2025-01-31,C100198,Lahore,Store,Dresses,Summer Floral Dress,1,3410,1760,0,COD,No,3410.0,1650.0,2025,2025-01
702550,2023-10-22,C100996,Islamabad,Store,Dresses,Bodycon Dress,1,4000,2530,0,Card,No,4000.0,1470.0,2023,2023-10
704540,2023-11-06,C100513,Karachi,Online,Jeans,Straight Leg Jeans,1,3140,1640,0,Card,No,3140.0,1500.0,2023,2023-11
700358,2024-07-13,C102060,Sialkot,Store,Jeans,Ripped Jeans,2,3670,1810,0,COD,No,7340.0,3720.0,2024,2024-07
701301,2025-01-13,C100079,Faisalabad,Online,T-Shirts,Polo Shirt,2,2360,1250,10,COD,No,4248.0,1748.0,2025,2025-01
705136,2025-03-08,C100593,Islamabad,Store,Jeans,Slim Fit Jeans,1,3710,2230,10,COD,No,3339.0,1109.0,2025,2025-03
702151,2024-10-17,C100595,Karachi,Online,Shoes,Loafers,2,5300,2810,0,COD,No,10600.0,4980.0,2024,2024-10
705183,2024-08-11,C101543,Lahore,Online,Jeans,High-Waist Jeans,1,4160,2240,10,Card,No,3744.0,1504.0,2024,2024-08
701244,2024-08-27,C101859,Karachi,Online,Kurtas,Cotton Kurta,2,1810,900,0,COD,No,3620.0,1820.0,2024,2024-08
703964,2024-01-07,C101578,Sialkot,Online,Shoes,Boots,1,6690,4150,0,Card,No,6690.0,2540.0,2024,2024-01
702812,2023-10-19,C101686,Islamabad,Online,T-Shirts,Polo Shirt,3,2140,1040,0,COD,No,6420.0,3300.0,2023,2023-10
704054,2024-02-12,C100469,Islamabad,Online,Shoes,Sneakers,2,4720,2180,15,Card,No,8024.0,3664.0,2024,2024-02
704708,2024-10-31,C100905,Rawalpindi,Store,T-Shirts,Classic Cotton Tee,3,1230,660,0,Card,No,3690.0,1710.0,2024,2024-10
700598,2024-06-25,C100847,Rawalpindi,Online,Kurtas,Cotton Kurta,1,1860,1010,10,COD,No,1674.0,664.0,2024,2024-06
702176,2024-08-26,C100986,Karachi,Store,Jeans,Straight Leg Jeans,1,3250,2040,10,COD,No,2925.0,885.0,2024,2024-08
702734,2025-04-08,C100347,Lahore,Online,Shoes,Boots,1,6680,3600,0,Bank Transfer,Yes,6680.0,3080.0,2025,2025-04
704331,2024-11-19,C100483,Karachi,Store,Kurtas,Festive Kurta,2,4410,2750,0,Wallet,No,8820.0,3320.0,2024,2024-11
701226,2025-06-07,C102046,Karachi,Online,Kurtas,Printed Kurta,1,2380,1190,0,COD,No,2380.0,1190.0,2025,2025-06
700199,2025-05-11,C100429,Unknown,Store,T-Shirts,Graphic Print Tee,2,1440,820,10,COD,No,2592.0,952.0,2025,2025-05
702130,2025-03-07,C101711,Karachi,Online,T-Shirts,Graphic Print Tee,2,1530,870,0,COD,No,3060.0,1320.0,2025,2025-03
704326,2023-08-12,C101408,Unknown,Store,Dresses,Wrap Dress,2,4180,2290,0,COD,No,8360.0,3780.0,2023,2023-08
700087,2025-06-28,C102095,Karachi,Store,Kurtas,Cotton Kurta,3,1980,1160,0,Card,Yes,5940.0,2460.0,2025,2025-06
704407,2024-08-24,C101496,Multan,Online,Dresses,Summer Floral Dress,3,3100,1410,0,Wallet,No,9300.0,5070.0,2024,2024-08
702477,2023-07-27,C102068,Lahore,Online,Dresses,Bodycon Dress,2,3640,2250,0,COD,No,7280.0,2780.0,2023,2023-07
701716,2024-06-11,C101646,Karachi,Online,Jeans,High-Waist Jeans,1,4070,2490,0,COD,No,4070.0,1580.0,2024,2024-06
700635,2024-10-13,C101489,Karachi,Online,Kurtas,Printed Kurta,1,2410,1330,0,Card,No,2410.0,1080.0,2024,2024-10
700485,2025-02-26,C100795,Karachi,Online,Dresses,Bodycon Dress,3,3840,2330,0,COD,No,11520.0,4530.0,2025,2025-02
702374,2025-06-20,C101311,Peshawar,Store,Jeans,High-Waist Jeans,2,4070,2270,0,Card,No,8140.0,3600.0,2025,2025-06
700958,2023-12-12,C100468,Lahore,Store,Shoes,Boots,1,6480,3830,10,Wallet,No,5832.0,2002.0,2023,2023-12
700645,2024-01-02,C100906,Karachi,Online,Dresses,Wrap Dress,1,4190,2400,0,COD,No,4190.0,1790.0,2024,2024-01
701932,2023-08-16,C100513,Karachi,Online,Jackets,Hooded Jacket,1,4860,2910,0,COD,No,4860.0,1950.0,2023,2023-08
701414,2024-10-07,C100063,Faisalabad,Store,Jackets,Denim Jacket,2,5240,2880,0,COD,Yes,10480.0,4720.0,2024,2024-10
701792,2025-06-08,C100145,Karachi,Online,T-Shirts,Graphic Print Tee,1,1550,870,0,Bank Transfer,No,1550.0,680.0,2025,2025-06
703359,2024-09-25,C101214,Karachi,Online,Kurtas,Embroidered Kurta,2,2960,1630,0,COD,No,5920.0,2660.0,2024,2024-09
700669,2024-10-19,C100973,Peshawar,Store,Jeans,Ripped Jeans,2,3790,1970,15,COD,No,6443.0,2503.0,2024,2024-10
701493,2024-04-03,C101547,Faisalabad,Online,Accessories,Leather Belt,1,1290,810,10,COD,No,1161.0,351.0,2024,2024-04
704005,2023-11-15,C100088,Lahore,Online,Jeans,Straight Leg Jeans,3,3360,2110,0,COD,No,10080.0,3750.0,2023,2023-11
700808,2024-10-06,C100389,Multan,Online,Accessories,Leather Belt,1,1210,670,0,COD,No,1210.0,540.0,2024,2024-10
704190,2023-11-07,C100999,Karachi,Store,Jeans,Slim Fit Jeans,1,3510,1960,15,COD,No,2983.5,1023.5,2023,2023-11
703189,2023-09-13,C100769,Islamabad,Store,Shoes,Sneakers,2,4810,2500,0,COD,Yes,9620.0,4620.0,2023,2023-09
701015,2023-07-18,C100399,Karachi,Store,Accessories,Tote Bag,1,1650,940,0,COD,No,1650.0,710.0,2023,2023-07
703123,2023-08-28,C101662,Faisalabad,Store,Kurtas,Festive Kurta,1,4180,2460,0,COD,No,4180.0,1720.0,2023,2023-08
701656,2024-12-19,C102136,Karachi,Online,Kurtas,Printed Kurta,2,2390,1460,0,Bank Transfer,No,4780.0,1860.0,2024,2024-12
702640,2024-11-13,C102088,Rawalpindi,Online,Jeans,Ripped Jeans,1,3870,1940,0,COD,No,3870.0,1930.0,2024,2024-11
704463,2023-10-01,C100369,Peshawar,Store,Kurtas,Embroidered Kurta,1,2830,1540,15,Bank Transfer,No,2405.5,865.5,2023,2023-10
700350,2024-07-22,C100428,Lahore,Online,Dresses,Maxi Dress,2,4550,2640,0,Card,Yes,9100.0,3820.0,2024,2024-07
705051,2024-12-14,C101924,Lahore,Online,T-Shirts,Classic Cotton Tee,2,1150,530,15,COD,No,1955.0,895.0,2024,2024-12
702771,2025-05-29,C100225,Peshawar,Online,Dresses,Bodycon Dress,1,4020,2140,10,Card,Yes,3618.0,1478.0,2025,2025-05
701316,2025-03-29,C100098,Lahore,Online,Kurtas,Embroidered Kurta,1,2870,1670,0,COD,No,2870.0,1200.0,2025,2025-03
700295,2025-06-03,C100343,Islamabad,Online,Jeans,Straight Leg Jeans,1,3320,1510,10,COD,No,2988.0,1478.0,2025,2025-06
702253,2024-10-01,C101094,Islamabad,Online,T-Shirts,Oversized Tee,1,1940,940,0,Wallet,No,1940.0,1000.0,2024,2024-10
702100,2023-10-24,C101128,Rawalpindi,Online,T-Shirts,Oversized Tee,1,1850,1060,0,Wallet,No,1850.0,790.0,2023,2023-10
700058,2025-04-14,C100644,Islamabad,Store,T-Shirts,Oversized Tee,3,1920,870,0,Card,No,5760.0,3150.0,2025,2025-04
702085,2024-09-27,C101525,Unknown,Store,Accessories,Leather Belt,2,1250,640,15,Card,Yes,2125.0,845.0,2024,2024-09
701071,2023-10-10,C100975,Islamabad,Store,T-Shirts,Graphic Print Tee,1,1520,710,10,COD,No,1368.0,658.0,2023,2023-10
700910,2024-01-21,C101606,Sialkot,Store,Accessories,Sunglasses,2,2150,1040,0,Wallet,No,4300.0,2220.0,2024,2024-01
702552,2025-04-01,C100063,Faisalabad,Online,Jeans,High-Waist Jeans,1,4410,2690,15,COD,Yes,3748.5,1058.5,2025,2025-04
701924,2025-03-04,C100250,Rawalpindi,Online,Accessories,Sunglasses,2,2350,1200,0,Card,No,4700.0,2300.0,2025,2025-03
704204,2024-09-11,C101817,Karachi,Store,Kurtas,Embroidered Kurta,2,2850,1410,0,COD,No,5700.0,2880.0,2024,2024-09
702705,2024-10-15,C102116,Karachi,Online,Jeans,High-Waist Jeans,1,4230,2400,0,COD,No,4230.0,1830.0,2024,2024-10
701810,2025-04-13,C101867,Unknown,Store,Accessories,Tote Bag,2,1660,800,10,COD,No,2988.0,1388.0,2025,2025-04
700357,2023-07-06,C101598,Unknown,Store,Kurtas,Cotton Kurta,1,1850,1140,15,Unknown,No,1572.5,432.5,2023,2023-07
704370,2025-01-21,C101469,Lahore,Store,Kurtas,Festive Kurta,2,4320,2040,0,Card,No,8640.0,4560.0,2025,2025-01
702395,2025-01-05,C100969,Lahore,Online,Jeans,Slim Fit Jeans,2,3550,1900,0,Bank Transfer,Yes,7100.0,3300.0,2025,2025-01
700239,2025-04-14,C101561,Islamabad,Online,T-Shirts,Oversized Tee,3,1740,860,20,COD,No,4176.0,1596.0,2025,2025-04
700257,2024-03-30,C100567,Lahore,Online,Dresses,Bodycon Dress,2,3850,2240,0,COD,No,7700.0,3220.0,2024,2024-03
705028,2025-06-20,C100578,Multan,Online,Dresses,Summer Floral Dress,1,3140,1480,10,COD,Yes,2826.0,1346.0,2025,2025-06
701413,2025-03-21,C100983,Karachi,Online,Accessories,Sunglasses,1,2200,1320,0,Bank Transfer,No,2200.0,880.0,2025,2025-03
703909,2023-12-28,C101653,Lahore,Online,T-Shirts,Classic Cotton Tee,2,1200,620,15,COD,No,2040.0,800.0,2023,2023-12
700507,2025-02-27,C101356,Islamabad,Store,Jackets,Hooded Jacket,1,5120,3220,0,Card,No,5120.0,1900.0,2025,2025-02
702100,2023-10-24,C101128,Rawalpindi,Online,Jackets,Hooded Jacket,1,4730,2260,0,Wallet,No,4730.0,2470.0,2023,2023-10
704091,2024-10-11,C101207,Karachi,Online,Accessories,Tote Bag,1,1680,850,0,COD,No,1680.0,830.0,2024,2024-10
702944,2025-06-12,C100094,Karachi,Store,Kurtas,Embroidered Kurta,1,2700,1650,0,COD,No,2700.0,1050.0,2025,2025-06
703086,2024-06-29,C101753,Faisalabad,Online,Dresses,Wrap Dress,2,4100,2050,0,COD,No,8200.0,4100.0,2024,2024-06
701027,2025-06-06,C100012,Rawalpindi,Online,Accessories,Tote Bag,1,1640,890,0,COD,No,1640.0,750.0,2025,2025-06
702137,2025-05-03,C100170,Karachi,Store,Shoes,Loafers,3,5180,2840,0,Card,No,15540.0,7020.0,2025,2025-05
704305,2024-11-09,C101896,Rawalpindi,Store,Dresses,Bodycon Dress,3,3980,2280,25,Card,No,8955.0,2115.0,2024,2024-11
704466,2023-07-26,C102001,Karachi,Online,T-Shirts,Polo Shirt,3,2340,1260,0,COD,No,7020.0,3240.0,2023,2023-07
701128,2025-01-12,C100597,Islamabad,Online,Jackets,Bomber Jacket,1,5390,3110,0,Card,No,5390.0,2280.0,2025,2025-01
700143,2024-08-21,C100335,Islamabad,Online,Kurtas,Cotton Kurta,1,1910,930,0,COD,No,1910.0,980.0,2024,2024-08
700565,2024-08-07,C101865,Multan,Store,Shoes,Sandals,2,2780,1740,0,Card,No,5560.0,2080.0,2024,2024-08
703513,2025-06-03,C101623,Lahore,Online,Jeans,High-Waist Jeans,2,4070,2640,0,Card,No,8140.0,2860.0,2025,2025-06
704740,2025-01-22,C101304,Multan,Store,Accessories,Tote Bag,2,1540,960,0,COD,No,3080.0,1160.0,2025,2025-01
702951,2023-11-16,C100843,Karachi,Online,Shoes,Boots,1,6960,3390,25,Card,No,5220.0,1830.0,2023,2023-11
703323,2025-03-09,C100708,Karachi,Online,T-Shirts,Oversized Tee,3,1860,1070,0,Card,Yes,5580.0,2370.0,2025,2025-03
703377,2024-02-11,C100156,Karachi,Online,Jackets,Hooded Jacket,1,4970,2880,15,COD,No,4224.5,1344.5,2024,2024-02
701852,2023-09-17,C102155,Multan,Online,Jackets,Hooded Jacket,1,4790,2690,10,COD,No,4311.0,1621.0,2023,2023-09
704156,2024-02-10,C100538,Lahore,Store,Shoes,Sneakers,1,4520,2720,10,COD,No,4068.0,1348.0,2024,2024-02
702712,2024-04-22,C101178,Lahore,Store,Accessories,Tote Bag,2,1610,1040,0,COD,No,3220.0,1140.0,2024,2024-04
702797,2024-08-31,C101581,Karachi,Store,Dresses,Maxi Dress,2,4500,2380,0,COD,No,9000.0,4240.0,2024,2024-08
702086,2024-06-13,C101562,Peshawar,Store,Accessories,Baseball Cap,2,950,530,0,Wallet,No,1900.0,840.0,2024,2024-06
701450,2024-01-11,C100611,Rawalpindi,Online,Jeans,Ripped Jeans,2,3670,1910,0,Card,No,7340.0,3520.0,2024,2024-01
704794,2025-04-17,C101895,Lahore,Store,Kurtas,Printed Kurta,1,2410,1360,10,COD,No,2169.0,809.0,2025,2025-04
701105,2024-04-26,C101019,Karachi,Store,Shoes,Boots,1,6280,3870,0,COD,No,6280.0,2410.0,2024,2024-04
701773,2023-12-15,C101064,Karachi,Online,Jackets,Hooded Jacket,2,4930,2990,20,Bank Transfer,Yes,7888.0,1908.0,2023,2023-12
701508,2024-09-22,C100080,Rawalpindi,Online,Shoes,Sandals,1,2730,1680,0,COD,No,2730.0,1050.0,2024,2024-09
701465,2024-04-01,C101996,Karachi,Store,T-Shirts,Polo Shirt,2,2230,1300,15,COD,No,3791.0,1191.0,2024,2024-04
702667,2024-01-07,C100010,Karachi,Online,Kurtas,Festive Kurta,1,4400,2200,10,Card,No,3960.0,1760.0,2024,2024-01
703484,2024-03-26,C100371,Karachi,Online,T-Shirts,Classic Cotton Tee,1,1200,550,0,Card,No,1200.0,650.0,2024,2024-03
701077,2024-12-08,C100469,Islamabad,Online,Shoes,Boots,2,6250,3430,10,Card,No,11250.0,4390.0,2024,2024-12
702009,2025-03-31,C100100,Peshawar,Store,Jackets,Hooded Jacket,1,4710,2640,0,Wallet,Yes,4710.0,2070.0,2025,2025-03
704772,2024-12-23,C100135,Lahore,Store,Accessories,Baseball Cap,1,870,540,20,COD,No,696.0,156.0,2024,2024-12
701809,2025-04-08,C102008,Lahore,Store,Dresses,Maxi Dress,2,4310,1960,10,COD,No,7758.0,3838.0,2025,2025-04
703519,2024-09-22,C101312,Islamabad,Store,Jeans,Straight Leg Jeans,2,3130,2020,0,Card,No,6260.0,2220.0,2024,2024-09
700268,2025-01-14,C101731,Lahore,Store,T-Shirts,Classic Cotton Tee,1,1230,750,0,COD,No,1230.0,480.0,2025,2025-01
701286,2024-12-26,C100587,Karachi,Online,Shoes,Loafers,3,5590,2610,20,COD,Yes,13416.0,5586.0,2024,2024-12
700773,2023-07-13,C101646,Karachi,Online,T-Shirts,Graphic Print Tee,2,1580,780,15,COD,No,2686.0,1126.0,2023,2023-07
701570,2024-07-08,C100655,Karachi,Store,Kurtas,Embroidered Kurta,2,2940,1750,0,Wallet,No,5880.0,2380.0,2024,2024-07
703215,2023-07-10,C101048,Multan,Store,T-Shirts,Graphic Print Tee,1,1570,830,15,Card,No,1334.5,504.5,2023,2023-07
704930,2024-05-07,C100237,Unknown,Online,T-Shirts,Polo Shirt,1,2370,1260,20,Unknown,No,1896.0,636.0,2024,2024-05
703694,2024-09-22,C102099,Lahore,Online,Dresses,Wrap Dress,2,4150,2090,0,Card,No,8300.0,4120.0,2024,2024-09
703838,2023-07-11,C101588,Karachi,Online,Dresses,Bodycon Dress,1,3910,2530,0,Card,No,3910.0,1380.0,2023,2023-07
703164,2024-10-26,C100731,Lahore,Online,Shoes,Sneakers,2,4310,2560,10,Card,No,7758.0,2638.0,2024,2024-10
704523,2024-08-15,C101262,Karachi,Online,Kurtas,Embroidered Kurta,2,2840,1510,0,Card,No,5680.0,2660.0,2024,2024-08
700700,2024-01-31,C101838,Faisalabad,Online,T-Shirts,Polo Shirt,1,2280,1080,0,Bank Transfer,No,2280.0,1200.0,2024,2024-01
703643,2024-10-20,C100770,Lahore,Store,Jackets,Puffer Jacket,1,6850,3520,15,COD,Yes,5822.5,2302.5,2024,2024-10
700252,2023-12-21,C101561,Islamabad,Online,Kurtas,Embroidered Kurta,2,2820,1810,0,COD,No,5640.0,2020.0,2023,2023-12
700759,2024-12-24,C100261,Multan,Store,Jackets,Puffer Jacket,1,6510,4140,30,Bank Transfer,Yes,4557.0,417.0,2024,2024-12
701139,2024-06-04,C101691,Peshawar,Online,Kurtas,Festive Kurta,1,4220,2100,15,Card,No,3587.0,1487.0,2024,2024-06
704543,2024-09-01,C101445,Islamabad,Store,Accessories,Baseball Cap,2,940,560,0,COD,No,1880.0,760.0,2024,2024-09
703580,2025-03-09,C101049,Lahore,Online,Jeans,High-Waist Jeans,1,4470,2270,0,Card,No,4470.0,2200.0,2025,2025-03
704411,2024-06-25,C101321,Karachi,Online,Jeans,Ripped Jeans,1,3640,1660,0,COD,No,3640.0,1980.0,2024,2024-06
700781,2025-02-12,C100535,Lahore,Online,Jackets,Denim Jacket,1,5350,3480,10,Card,Yes,4815.0,1335.0,2025,2025-02
703881,2025-03-22,C100616,Faisalabad,Store,Jackets,Denim Jacket,1,5660,3270,0,Card,No,5660.0,2390.0,2025,2025-03
704839,2024-12-08,C100053,Rawalpindi,Online,Jackets,Bomber Jacket,3,5410,3420,20,COD,No,12984.0,2724.0,2024,2024-12
703373,2023-11-03,C102051,Lahore,Store,Accessories,Leather Belt,1,1260,620,20,Card,No,1008.0,388.0,2023,2023-11
702956,2025-04-26,C101778,Karachi,Store,Jeans,Slim Fit Jeans,1,3470,2150,10,Wallet,No,3123.0,973.0,2025,2025-04
702638,2025-06-04,C101274,Lahore,Online,T-Shirts,Classic Cotton Tee,3,1210,740,0,COD,No,3630.0,1410.0,2025,2025-06
700536,2023-09-22,C101776,Rawalpindi,Online,T-Shirts,Graphic Print Tee,2,1580,820,15,Unknown,No,2686.0,1046.0,2023,2023-09
700368,2023-07-18,C100377,Karachi,Online,T-Shirts,Oversized Tee,2,1780,990,0,Card,No,3560.0,1580.0,2023,2023-07
704147,2024-01-13,C102085,Karachi,Online,Accessories,Tote Bag,1,1710,870,0,COD,No,1710.0,840.0,2024,2024-01
701560,2024-07-12,C100381,Peshawar,Store,Kurtas,Festive Kurta,1,4170,2440,0,COD,No,4170.0,1730.0,2024,2024-07
701354,2023-10-23,C100309,Lahore,Online,T-Shirts,Graphic Print Tee,1,1430,650,0,COD,No,1430.0,780.0,2023,2023-10
700321,2024-01-26,C100096,Karachi,Online,Jackets,Denim Jacket,3,5290,3020,0,Card,Yes,15870.0,6810.0,2024,2024-01
701404,2023-07-26,C101979,Lahore,Store,Dresses,Wrap Dress,1,4180,2180,0,Bank Transfer,No,4180.0,2000.0,2023,2023-07
700010,2023-09-29,C100955,Peshawar,Online,T-Shirts,Oversized Tee,1,1870,880,0,COD,No,1870.0,990.0,2023,2023-09
700436,2024-07-10,C101874,Peshawar,Online,Accessories,Sunglasses,1,2270,1380,10,Card,No,2043.0,663.0,2024,2024-07
701825,2024-11-22,C102083,Lahore,Online,Jackets,Bomber Jacket,1,5570,3210,0,Card,No,5570.0,2360.0,2024,2024-11
700845,2024-01-24,C101709,Karachi,Online,Jackets,Bomber Jacket,1,5400,3290,0,COD,No,5400.0,2110.0,2024,2024-01
704586,2025-04-24,C100340,Lahore,Online,Jackets,Puffer Jacket,3,7120,3580,0,COD,No,21360.0,10620.0,2025,2025-04
703583,2024-03-23,C100828,Multan,Online,Shoes,Boots,2,6500,3460,15,COD,No,11050.0,4130.0,2024,2024-03
703540,2023-09-25,C101368,Lahore,Store,Accessories,Sunglasses,1,2090,1350,0,COD,No,2090.0,740.0,2023,2023-09
704731,2023-09-11,C101161,Rawalpindi,Store,Shoes,Sneakers,3,4680,2170,0,Card,No,14040.0,7530.0,2023,2023-09
701678,2025-03-10,C100017,Lahore,Online,Jackets,Bomber Jacket,2,5280,3080,0,Card,No,10560.0,4400.0,2025,2025-03
704621,2025-03-26,C100985,Peshawar,Online,Accessories,Sunglasses,1,2180,1050,0,COD,No,2180.0,1130.0,2025,2025-03
702142,2023-09-20,C101384,Sialkot,Online,Shoes,Boots,1,6600,3630,0,Card,No,6600.0,2970.0,2023,2023-09
701372,2023-07-21,C100241,Faisalabad,Online,Shoes,Loafers,3,5380,3250,0,COD,No,16140.0,6390.0,2023,2023-07
702666,2023-10-26,C100972,Lahore,Store,Jeans,Slim Fit Jeans,1,3650,1920,0,Wallet,Yes,3650.0,1730.0,2023,2023-10
702594,2023-10-02,C101702,Karachi,Online,Jackets,Denim Jacket,1,5560,3560,10,COD,No,5004.0,1444.0,2023,2023-10
703974,2025-05-11,C100476,Karachi,Store,Jeans,Straight Leg Jeans,1,3340,1610,15,COD,No,2839.0,1229.0,2025,2025-05
704084,2023-07-08,C101890,Lahore,Online,Accessories,Tote Bag,2,1710,1050,0,Wallet,No,3420.0,1320.0,2023,2023-07
701397,2024-03-20,C101833,Lahore,Store,Kurtas,Embroidered Kurta,1,2790,1410,0,COD,No,2790.0,1380.0,2024,2024-03
702386,2023-08-13,C100631,Multan,Store,Accessories,Tote Bag,2,1620,780,0,Card,No,3240.0,1680.0,2023,2023-08
701130,2024-02-08,C100938,Peshawar,Online,T-Shirts,Oversized Tee,1,1720,1080,0,Card,No,1720.0,640.0,2024,2024-02
701713,2024-12-03,C101692,Lahore,Online,Jackets,Puffer Jacket,2,7040,4340,10,COD,No,12672.0,3992.0,2024,2024-12
702235,2025-03-31,C101576,Faisalabad,Online,Accessories,Tote Bag,1,1670,1020,0,Card,Yes,1670.0,650.0,2025,2025-03
701470,2023-07-05,C102129,Lahore,Store,Accessories,Sunglasses,1,2090,1190,0,Card,No,2090.0,900.0,2023,2023-07
701289,2025-01-07,C101727,Multan,Store,Kurtas,Festive Kurta,3,4260,2310,0,Card,No,12780.0,5850.0,2025,2025-01
704325,2025-02-17,C100398,Karachi,Online,Shoes,Sandals,3,2810,1440,0,Card,Yes,8430.0,4110.0,2025,2025-02
701326,2024-04-23,C101814,Multan,Online,Accessories,Tote Bag,1,1550,920,10,Wallet,No,1395.0,475.0,2024,2024-04
700020,2024-05-28,C100160,Lahore,Store,Jeans,Ripped Jeans,2,3800,1730,0,Card,No,7600.0,4140.0,2024,2024-05
701636,2025-05-05,C100955,Peshawar,Online,Kurtas,Embroidered Kurta,2,3010,1720,20,COD,No,4816.0,1376.0,2025,2025-05
702140,2023-11-21,C100779,Multan,Store,Kurtas,Embroidered Kurta,1,2960,1780,0,Bank Transfer,No,2960.0,1180.0,2023,2023-11
704877,2024-11-21,C100263,Lahore,Store,Dresses,Bodycon Dress,1,4030,2070,15,Card,No,3425.5,1355.5,2024,2024-11
702556,2025-03-12,C101378,Islamabad,Store,T-Shirts,Classic Cotton Tee,2,1270,800,0,Bank Transfer,No,2540.0,940.0,2025,2025-03
700673,2023-07-26,C100894,Faisalabad,Store,Shoes,Sandals,1,3010,1370,0,Bank Transfer,No,3010.0,1640.0,2023,2023-07
700193,2024-08-04,C101749,Karachi,Online,Shoes,Loafers,1,5080,2880,0,COD,No,5080.0,2200.0,2024,2024-08
700907,2024-07-22,C101258,Islamabad,Online,Kurtas,Cotton Kurta,2,1820,850,0,Card,No,3640.0,1940.0,2024,2024-07
700233,2025-01-02,C101347,Karachi,Store,Jackets,Bomber Jacket,1,5140,2670,0,Wallet,No,5140.0,2470.0,2025,2025-01
702563,2024-02-23,C100723,Sialkot,Store,Shoes,Loafers,3,5590,3110,10,COD,No,15093.0,5763.0,2024,2024-02
702199,2023-12-10,C101915,Lahore,Online,Accessories,Tote Bag,3,1560,710,20,Card,No,3744.0,1614.0,2023,2023-12
703124,2025-02-12,C101757,Sialkot,Store,Jeans,High-Waist Jeans,2,4030,2220,10,Bank Transfer,No,7254.0,2814.0,2025,2025-02
704697,2024-11-29,C100266,Karachi,Online,Kurtas,Cotton Kurta,1,1990,1230,0,Card,No,1990.0,760.0,2024,2024-11
700371,2024-10-31,C100999,Karachi,Online,T-Shirts,Polo Shirt,1,2110,1370,15,Wallet,No,1793.5,423.5,2024,2024-10
703407,2024-04-13,C100934,Faisalabad,Online,Kurtas,Embroidered Kurta,2,2790,1760,0,COD,No,5580.0,2060.0,2024,2024-04
700676,2024-02-29,C101969,Islamabad,Store,Jeans,Straight Leg Jeans,2,3100,1450,0,Card,No,6200.0,3300.0,2024,2024-02
703426,2024-05-13,C100048,Rawalpindi,Store,Shoes,Loafers,3,5330,2660,15,Card,No,13591.5,5611.5,2024,2024-05
702655,2024-03-15,C100189,Karachi,Online,Shoes,Sneakers,1,4500,2150,0,Wallet,No,4500.0,2350.0,2024,2024-03
701826,2024-09-29,C101556,Peshawar,Store,Dresses,Wrap Dress,1,3940,1900,10,Unknown,No,3546.0,1646.0,2024,2024-09
701957,2024-04-08,C100302,Islamabad,Store,T-Shirts,Polo Shirt,1,2300,1090,0,COD,No,2300.0,1210.0,2024,2024-04
703673,2023-09-27,C101077,Karachi,Online,Shoes,Loafers,2,5220,2950,0,COD,No,10440.0,4540.0,2023,2023-09
703181,2025-01-05,C101053,Lahore,Online,Jackets,Puffer Jacket,2,7180,3740,0,Card,No,14360.0,6880.0,2025,2025-01
700008,2024-06-04,C101587,Islamabad,Online,Jeans,Slim Fit Jeans,1,3420,1620,0,Unknown,No,3420.0,1800.0,2024,2024-06
703576,2025-06-30,C101347,Karachi,Store,Dresses,Wrap Dress,3,3950,2270,0,Card,No,11850.0,5040.0,2025,2025-06
700457,2024-05-29,C101500,Rawalpindi,Store,Accessories,Leather Belt,1,1190,750,20,Card,No,952.0,202.0,2024,2024-05
702917,2024-10-04,C101096,Lahore,Store,Shoes,Loafers,1,5320,3310,0,COD,No,5320.0,2010.0,2024,2024-10
701788,2025-02-17,C100228,Islamabad,Store,Jackets,Puffer Jacket,1,7060,4500,0,Card,No,7060.0,2560.0,2025,2025-02
703910,2025-01-19,C101460,Faisalabad,Online,Accessories,Tote Bag,1,1640,830,0,COD,No,1640.0,810.0,2025,2025-01
701306,2023-08-28,C102139,Multan,Online,T-Shirts,Classic Cotton Tee,1,1150,710,0,Bank Transfer,No,1150.0,440.0,2023,2023-08
701919,2025-01-26,C100345,Faisalabad,Store,Kurtas,Festive Kurta,1,4360,2710,0,COD,No,4360.0,1650.0,2025,2025-01
704217,2025-02-14,C100647,Islamabad,Online,Shoes,Boots,2,6200,3990,0,Bank Transfer,No,12400.0,4420.0,2025,2025-02
704206,2024-09-23,C102058,Lahore,Online,Shoes,Sandals,2,2980,1660,0,COD,No,5960.0,2640.0,2024,2024-09
701112,2024-01-25,C100767,Lahore,Store,T-Shirts,Oversized Tee,2,1730,1060,0,COD,No,3460.0,1340.0,2024,2024-01
703792,2024-06-22,C101724,Karachi,Online,Kurtas,Cotton Kurta,1,1910,990,0,Card,No,1910.0,920.0,2024,2024-06
701721,2025-05-12,C100257,Lahore,Online,Jeans,Straight Leg Jeans,2,3460,1680,10,Card,No,6228.0,2868.0,2025,2025-05
700351,2024-03-13,C101279,Islamabad,Store,Kurtas,Printed Kurta,1,2290,1050,0,Card,No,2290.0,1240.0,2024,2024-03
700633,2024-09-20,C101161,Rawalpindi,Online,T-Shirts,Graphic Print Tee,1,1510,700,0,Card,No,1510.0,810.0,2024,2024-09
702457,2023-12-03,C101325,Multan,Online,Kurtas,Printed Kurta,1,2340,1440,20,Wallet,No,1872.0,432.0,2023,2023-12
703882,2023-08-20,C100100,Peshawar,Store,Shoes,Loafers,2,5420,2720,10,Card,Yes,9756.0,4316.0,2023,2023-08
703521,2023-09-06,C101610,Lahore,Store,Kurtas,Festive Kurta,1,4000,2590,0,Wallet,No,4000.0,1410.0,2023,2023-09
705158,2023-12-07,C100525,Karachi,Online,Dresses,Bodycon Dress,1,3940,2330,20,Card,No,3152.0,822.0,2023,2023-12
700037,2024-09-19,C101591,Lahore,Online,Kurtas,Festive Kurta,1,4300,1980,0,Wallet,No,4300.0,2320.0,2024,2024-09
703260,2023-07-30,C101250,Lahore,Online,Accessories,Leather Belt,1,1230,700,0,COD,No,1230.0,530.0,2023,2023-07
705115,2025-06-26,C100902,Lahore,Store,T-Shirts,Polo Shirt,1,2340,1510,10,Card,No,2106.0,596.0,2025,2025-06
700270,2025-01-17,C100341,Sialkot,Store,Dresses,Wrap Dress,1,4090,2280,15,Card,No,3476.5,1196.5,2025,2025-01
700035,2023-11-22,C100060,Rawalpindi,Online,Jackets,Hooded Jacket,1,4680,2460,20,Card,No,3744.0,1284.0,2023,2023-11
704883,2024-08-21,C102049,Karachi,Store,Dresses,Summer Floral Dress,1,3070,1390,0,Card,No,3070.0,1680.0,2024,2024-08
702124,2024-10-07,C101134,Sialkot,Store,Jackets,Bomber Jacket,1,5310,2660,0,COD,No,5310.0,2650.0,2024,2024-10
704508,2024-09-08,C102058,Lahore,Online,Kurtas,Cotton Kurta,1,2010,1220,0,Card,No,2010.0,790.0,2024,2024-09
703165,2024-12-18,C100226,Lahore,Online,Kurtas,Printed Kurta,1,2440,1300,20,COD,No,1952.0,652.0,2024,2024-12
704832,2024-07-16,C102193,Lahore,Online,Jackets,Hooded Jacket,1,5110,3280,0,Card,No,5110.0,1830.0,2024,2024-07
701987,2024-03-02,C101335,Multan,Store,T-Shirts,Oversized Tee,1,1820,940,0,Wallet,No,1820.0,880.0,2024,2024-03
704408,2023-08-20,C100141,Karachi,Store,Shoes,Boots,1,6720,4290,0,Bank Transfer,No,6720.0,2430.0,2023,2023-08
