order_id,order_date,customer_id,customer_city,channel,category,product_name,quantity,unit_price,unit_cost,discount_pct,payment_method,returned
703339,2024-10-28,C102125,Karachi,Online,Jeans,Straight Leg Jeans,1,3310,1860,10,COD,No
702995,2023-12-24,C101797,Karachi,Online,Accessories,Sunglasses,1,2130,1160,0,Card,No
704797,2024-08-12,C101615,Lahore,Online,T-Shirts,Polo Shirt,1,2300,1330,15,Wallet,No
704872,2025-06-23,C101730,Sialkot,Online,Shoes,Sneakers,2,4580,2890,10,COD,No
702330,2025-05-21,C101466,,Store,Accessories,Sunglasses,1,2240,1320,10,Wallet,No
704720,2025-03-30,C100948,Multan,Online,Accessories,Sunglasses,2,2170,1200,15,COD,No
700434,2024-01-28,C101865,Multan,Online,T-Shirts,Classic Cotton Tee,3,1230,690,0,COD,No
704224,2025-06-26,C101235,Lahore,Online,Accessories,Leather Belt,3,1220,570,0,COD,No
703956,2024-09-05,C100537,Lahore,Online,Jeans,High-Waist Jeans,1,4310,2600,0,COD,No
703969,2023-09-25,C101780,Lahore,Online,Shoes,Sneakers  ,1,4380,2540,10,Card,No
701468,2023-12-29,C101016,Rawalpindi,Store,Kurtas,Cotton Kurta,1,1880,1070,20,COD,No
703765,2024-10-12,C100520,Multan,Online,Accessories,Tote Bag,1,1560,870,0,COD,No
701951,2024-02-18,C100475,Karachi,Store,T-Shirts,Classic Cotton Tee,1,1150,700,0,COD,No
702254,2023-09-18,C102138,Faisalabad,Store,Dresses,Bodycon Dress,1,4030,2100,0,COD,No
704417,2023-09-14,C100691,Peshawar,Online,Kurtas,Cotton Kurta,1,1960,1220,0,Card,No
704894,2024-05-14,C100875,Peshawar,Store,Dresses,Bodycon Dress,1,3830,1750,0,Card,No
701879,2024-07-12,C101732,Faisalabad,Store,Dresses,Bodycon Dress,2,4000,2500,0,COD,Yes
705026,2025-04-14,C101493,Faisalabad,Store,Jeans,Slim Fit Jeans,3,3660,2310,20,COD,Yes
701861,2023-07-07,C101838,Faisalabad,Store,Accessories,Tote Bag,2,1640,1000,15,Bank Transfer,No
701223,2024-09-14,C100544,Lahore,Online,Shoes,Boots,1,6200,3460,0,Card,No
702968,2023-11-18,C101366,Lahore,Online,Kurtas,Embroidered Kurta,1,2860,1330,0,Bank Transfer,No
701042,2024-05-14,C101009,,Online,T-Shirts,Classic Cotton Tee,1,1220,670,20,Wallet,No
701904,2025-04-17,C101690,faisalabad,Online,T-Shirts,Classic Cotton Tee,3,1280,740,10,COD,No
702354,2025-05-22,C100715,Lahore,Store,T-Shirts,Graphic Print Tee,3,1600,820,0,Wallet,No
704489,2023-12-27,C100061,Karachi,Store,Accessories,Sunglasses,3,2180,1220,10,Bank Transfer,No
700447,2024-08-07,C101749,Karachi,Store,T-Shirts,Graphic Print Tee,2,1590,830,0,Bank Transfer,No
702744,2025-01-19,C100306,Karachi,Store,Kurtas,Cotton Kurta,2,1870,1210,0,Wallet,No
701966,2024-10-12,C102000,Multan,Store,Shoes,Boots,1,6850,3400,0,COD,No
701886,2024-04-25,C100183,Karachi,Store,T-Shirts,Oversized Tee,1,1840,900,0,Card,No
702128,2024-02-07,C102197,Islamabad,Store,Jeans,Straight Leg Jeans,3,3190,1460,0,Bank Transfer,No
700340,2025-01-29,C101279,Islamabad,Online,Jeans,Ripped Jeans,1,3860,1860,10,Card,No
704742,2024-04-25,C102157,Karachi,Store,Kurtas,Embroidered Kurta,1,2870,1570,10,Card,No
704133,2025-06-12,C102128,Lahore,Online,T-Shirts,Oversized Tee,1,1790,1160,0,Bank Transfer,No
703449,2023-07-22,C100171,Islamabad,Online,Dresses,Wrap Dress,1,4170,2670,0,COD,No
700337,2025-03-18,C100256,Faisalabad,Store,T-Shirts,Oversized Tee,3,1870,980,0,Card,No
701183,2024-03-13,C101639,Rawalpindi,Online,Jeans,Slim Fit Jeans,2,3510,2200,10,COD,No
703749,2025-02-06,C101529,Karachi,Store,Jackets,Hooded Jacket,1,4680,2990,0,Card,No
701709,2023-12-10,C102042,Islamabad,Store,Jackets,Hooded Jacket,1,4690,2720,0,COD,No
703043,2024-01-09,C102054,karachi,Store,shoes,Sneakers,1,4660,2760,0,Wallet,No
703832,2023-07-09,C100200,Faisalabad,Online,Shoes,Sneakers,1,4650,2900,0,Bank Transfer,Yes
700199,2025-05-11,C100429,Faisalabad,Store,Shoes,Loafers,1,5570,3490,0,COD,No
701534,2024-08-25,C101947,Peshawar,Online,kurtas,Cotton Kurta,2,1890,1200,10,Bank Transfer,No
704678,2024-10-19,C101840,Lahore,Store,Kurtas,Cotton Kurta,2,1830,890,0,COD,No
701113,2023-07-25,C101297,Lahore,Store,Accessories,Tote Bag,1,1550,730,10,COD,No
702156,2024-01-25,C100212,Lahore,Online,Accessories,Sunglasses,3,2240,1100,0,Card,No
704729,2025-05-25,C100575,Islamabad,Online,Jackets,Bomber Jacket,2,5150,3250,0,Card,No
704961,2024-11-25,C100772,Islamabad,Store,T-Shirts,Oversized Tee,2,1900,970,20,Bank Transfer,No
703047,2024-04-10,C100291,Lahore,Online,Accessories,Tote Bag,3,1710,810,15,Card,No
701140,2025-05-06,C101066,Karachi,Online,Shoes,Sneakers,2,4530,2780,0,COD,No
700017,2024-04-15,C101321,Karachi,Online,Shoes,Boots,1,6990,4500,0,Wallet,No
703049,2024-12-20,C100707,Faisalabad,Online,Jackets,Denim Jacket,2,5660,3670,20,COD,No
700012,2024-07-15,C101332,Islamabad,Online,Shoes,Boots,1,6580,4040,0,COD,No
701030,2023-08-25,C100229,Lahore,Online,Dresses,Bodycon Dress,1,3640,2330,0,COD,No
703248,2024-01-14,C100549,Karachi,Store,Jackets,Bomber Jacket,2,5120,3190,15,Bank Transfer,No
704884,2024-01-02,C101656,Lahore,Store,T-Shirts,Oversized Tee,1,1900,960,0,COD,No
701537,2023-10-27,C101075,Karachi,Store,T-Shirts,Classic Cotton Tee,1,1290,680,0,Wallet,No
704092,2024-12-10,C101940,Lahore,Online,T-Shirts,Oversized Tee,1,1820,1170,0,Card,No
702592,2024-08-13,C101921,Karachi,Online,Dresses,Maxi Dress,1,4810,2930,0,Bank Transfer,No
703301,2024-12-27,C100937,Lahore,Online,Jeans,High-Waist Jeans,1,4450,2030,0,Card,No
704451,2025-02-25,C100775,Multan,Online,Accessories,Baseball Cap,2,870,520,0,COD,No
703730,2025-03-15,C101673,Lahore,Online,Jeans,Slim Fit Jeans,2,3440,1910,0,Card,No
700962,2024-05-18,C100474,Karachi,Online,Kurtas,Printed Kurta,3,2550,1270,0,COD,No
704710,2024-01-05,C100388,Lahore,Online,Jackets,Puffer Jacket,3,6950,3660,10,Wallet,No
702998,2023-10-27,C101356,Islamabad,Store,Accessories,Baseball Cap,2,910,490,10,COD,No
703704,2024-11-06,C100916,Lahore,Store,Shoes,Boots,1,6360,3400,20,COD,No
702857,2023-07-12,C100723,Sialkot,Store,Jackets,Bomber Jacket,3,5060,2490,0,Wallet,No
702842,2024-09-10,C101839,Faisalabad,Store,Jeans,Slim Fit Jeans,1,3510,1820,0,Bank Transfer,No
703229,2024-07-29,C101962,Islamabad,Store,T-Shirts,Classic Cotton Tee,1,1250,710,10,Card,No
700355,2024-08-28,C102064,Karachi,Online,T-Shirts,Oversized Tee,2,1800,990,0,COD,No
701851,2024-05-17,C100218,Peshawar,Store,T-Shirts,Classic Cotton Tee  ,1,1180,610,10,COD,No
702372,2024-05-04,C102006,Karachi,Online,T-Shirts,Oversized Tee,1,1920,900,0,Bank Transfer,No
702422,2025-04-07,C100568,Karachi,Store,Dresses,Wrap Dress,1,4100,2120,20,Card,No
701359,2024-01-09,C101927,Rawalpindi,Online,Kurtas,Embroidered Kurta,1,2750,1570,0,Wallet,No
704443,2025-04-06,C101710,Faisalabad,Online,Shoes,Boots,2,6370,3880,0,Card,No
704225,2023-12-09,C100347,Lahore,Online,Shoes,Loafers,2,5480,2720,15,Card,No
700692,2023-09-08,C100181,Peshawar,Online,Jackets,Denim Jacket,2,5580,3450,15,Card,No
704024,2024-03-02,C101808,Karachi,Online,Jeans,Straight Leg Jeans,1,3440,1720,0,Bank Transfer,No
703265,2024-01-27,C101742,lahore,Store,Jeans,High-Waist Jeans,1,4440,2160,0,COD,No
704870,2024-05-06,C100312,Lahore,Online,Dresses,Wrap Dress,2,3870,1930,15,Wallet,No
700115,2024-02-10,C100246,Islamabad,Online,Jackets,Puffer Jacket,1,6640,3530,0,Card,No
702690,2023-11-23,C100294,Multan,Online,Dresses,Maxi Dress,2,4470,2310,20,COD,Yes
702123,2024-09-13,C101598,Faisalabad,Store,T-Shirts,Polo Shirt,1,2250,1110,0,Card,No
701881,2024-10-08,C100410,Rawalpindi,Store,Jeans,Straight Leg Jeans,1,3210,1800,0,Card,Yes
701382,2025-06-08,C101799,Islamabad,Online,Dresses,Maxi Dress,1,4810,2700,10,Card,No
703327,2025-03-26,C100659,Karachi,Online,Jackets,Bomber Jacket,2,5150,2770,0,COD,No
701726,2023-09-29,C101390,Peshawar,Online,T-Shirts,Polo Shirt,1,2100,1210,0,COD,No
704909,2024-04-25,C100606,Multan,Store,Kurtas,Printed Kurta,1,2380,1300,15,Card,No
701622,2023-10-07,C100011,Peshawar,Store,Shoes,Loafers,1,5020,2440,0,COD,No
704046,2024-11-21,C102046,Karachi,Online,SHOES,Boots,1,6930,3770,20,Bank Transfer,No
703331,2023-08-16,C101521,ISLAMABAD,Online,Jeans,Ripped Jeans,3,3930,1870,0,COD,No
702093,2023-11-13,C100057,Islamabad,Online,Jeans,Ripped Jeans,1,3780,2070,20,COD,No
704787,2023-08-30,C101460,Faisalabad,Online,Dresses,Wrap Dress,1,3890,2110,0,Bank Transfer,No
702549,2025-05-07,C101647,Faisalabad,Store,Kurtas,Festive Kurta,1,4230,2280,10,Card,No
702534,2023-07-08,C101631,Multan,Online,Accessories,Tote Bag,1,1530,900,0,COD,No
705010,2025-04-06,C101220,Lahore,Store,T-Shirts,Polo Shirt,1,2340,1080,10,COD,No
701026,2023-11-07,C100105,Rawalpindi,Store,Jackets,Bomber Jacket,2,4970,2420,15,,No
703225,2024-01-20,C101438,Peshawar,Online,T-Shirts,Polo Shirt,1,2210,1390,0,COD,No
703821,2024-07-08,C101695,Islamabad,Store,Kurtas,Cotton Kurta,2,1920,910,0,COD,No
701505,2024-12-20,C100837,Sialkot,Online,Accessories,Tote Bag,2,1620,770,30,COD,No
705095,2024-01-08,C101038,Karachi,Online,Jackets,Bomber Jacket,2,5600,3370,0,Wallet,No
704166,2024-06-17,C101715,,Online,Jeans,Ripped Jeans,1,3930,2410,0,Bank Transfer,No
701014,2024-06-06,C100627,Lahore,Store,Kurtas,Cotton Kurta,2,1910,1160,0,Card,No
702434,2023-09-23,C100882,Peshawar,Store,Dresses,Summer Floral Dress,3,3420,2000,0,COD,No
703286,2023-11-06,C100652,Rawalpindi,Online,Accessories,Leather Belt,2,1190,630,15,Card,No
704638,2023-07-23,C101496,Multan,Store,Accessories,Leather Belt,1,1250,800,0,COD,No
705081,2023-08-20,C100688,Faisalabad,Online,Jackets,Hooded Jacket,1,4610,2620,0,Card,No
700026,2024-08-19,C101518,Lahore,Online,Dresses,Wrap Dress,1,3920,2280,0,Wallet,Yes
702990,2023-08-28,C102132,Sialkot,Store,Kurtas,Printed Kurta,3,2580,1390,10,Wallet,No
700205,2025-04-12,C101167,Islamabad,Online,T-Shirts,Classic Cotton Tee,3,1240,680,10,COD,No
700589,2024-02-25,C101617,Islamabad,Store,Jeans,High-Waist Jeans,1,4460,2320,0,Wallet,No
703467,2024-11-12,C101282,Karachi,Online,Kurtas,Embroidered Kurta,1,2750,1260,20,Card,Yes
700636,2023-10-17,C101683,Karachi,Store,Jackets,Denim Jacket,1,5520,2820,0,Card,Yes
700460,2023-07-18,C100677,Karachi,Store,Accessories,Tote Bag,2,1710,1100,0,Card,No
704909,2024-04-25,C100606,Multan,Store,Jeans,Ripped Jeans,1,3940,1830,0,Card,No
704823,2024-03-13,C101268,Karachi,Online,Jeans,Ripped Jeans,1,3630,2140,10,Card,No
701033,2023-12-06,C101483,Lahore,Store,Jeans,Straight Leg Jeans,1,3430,1920,20,Wallet,No
702157,2024-06-22,C101769,Multan,Store,T-Shirts,Oversized Tee,1,1850,1140,15,Card,No
704578,2023-08-08,C100710,Sialkot,Online,T-Shirts,Classic Cotton Tee,1,1260,590,0,Card,No
705185,2024-10-05,C102148,Faisalabad,Online,Shoes,Sneakers,1,4300,2470,0,COD,No
705128,2024-05-10,C100100,Peshawar,Store,Jeans,Straight Leg Jeans,2,3130,1750,0,COD,No
701501,2024-09-19,C102057,Karachi,Online,T-Shirts,Classic Cotton Tee,3,1250,570,0,COD,No
700593,2025-02-04,C101790,Faisalabad,Store,Dresses,Summer Floral Dress,2,3410,1600,0,Card,No
703327,2025-03-26,C100659,Karachi,Online,Shoes,Loafers,1,5130,2350,15,COD,Yes
705135,2025-06-05,C100033,Karachi,Online,Accessories,Baseball Cap,2,950,580,0,COD,No
700195,2023-10-14,C100616,Faisalabad,Online,Jeans,Ripped Jeans,1,3700,2100,15,Card,No
704658,2025-01-28,C101643,Lahore,Store,Jeans,Ripped Jeans,2,4040,1890,10,Wallet,No
701358,2023-08-03,C100431,Faisalabad,Online,Shoes,Sneakers  ,1,4500,2510,0,Card,No
704291,2025-05-22,C100073,Lahore,Online,Jeans,Ripped Jeans,2,4070,1950,0,Card,No
704478,2023-12-11,C101710,Faisalabad,Online,Kurtas,Embroidered Kurta,1,2940,1330,20,Card,No
702389,2023-12-19,C101865,Multan,Online,Jackets,Denim Jacket,1,5590,3420,15,COD,No
703190,2023-10-08,C100072,Multan,Online,T-Shirts,Polo Shirt,2,2200,1330,15,Card,No
703484,2024-03-26,C100371,Karachi,Online,T-Shirts,Oversized Tee  ,1,1940,1120,0,Card,No
702237,2024-10-15,C100881,Islamabad,Online,T-Shirts,Classic Cotton Tee,2,1150,590,0,Card,No
700616,2025-01-13,C102153,Faisalabad,Online,Accessories,Leather Belt,1,1210,660,0,COD,No
703995,2023-12-27,C100975,Islamabad,Online,Accessories,Tote Bag,2,1580,770,0,Card,No
701468,2023-12-29,C101016,Rawalpindi,Store,Shoes,Boots,3,6270,2850,0,COD,No
705006,2024-02-29,C100078,Islamabad,Online,Shoes,Boots,1,6350,3380,10,Wallet,No
703155,2024-12-23,C100203,,Online,Shoes,Sneakers,2,4470,2470,20,COD,No
703776,2023-08-19,C102058,Lahore,Online,Accessories,Tote Bag,2,1700,1050,15,COD,No
703095,2024-03-10,C101836,Lahore,Online,Dresses,Wrap Dress,1,3810,2220,0,COD,No
704473,2024-05-10,C100348,Islamabad,Online,Shoes,Sneakers,2,4340,2760,0,Card,No
700874,2024-04-30,C101990,Lahore,Store,Dresses,Maxi Dress,1,4690,2850,10,Card,No
703970,2025-06-06,C101705,Sialkot,Online,Dresses,Maxi Dress,1,4740,2150,0,Bank Transfer,No
702094,2025-04-17,C100814,Lahore,Online,Accessories,Tote Bag,2,1640,830,10,Card,No
703932,2023-09-22,C101567,Lahore,Online,Shoes,Loafers,1,4940,2610,0,Card,No
702612,2023-07-07,C100708,Karachi,Online,Jackets,Bomber Jacket,2,5120,2660,0,COD,No
702319,2023-11-29,C102066,Islamabad,Online,Jackets,Bomber Jacket,1,5270,3000,20,Card,No
700672,2025-04-14,C102138,Faisalabad,Online,Accessories,Tote Bag,2,1630,990,20,Card,Yes
700928,2024-12-02,C101133,Rawalpindi,Online,Accessories,Baseball Cap,2,860,400,20,COD,Yes
702528,2025-02-06,C100124,Lahore,Online,Accessories,Baseball Cap,3,940,530,0,Bank Transfer,No
702250,2025-05-01,C101220,Lahore,Online,Accessories,Sunglasses,1,2370,1150,20,COD,No
703837,2024-03-14,C101201,Islamabad,Online,Accessories,Baseball Cap,1,940,570,10,COD,No
704639,2025-05-17,C100089,Islamabad,Store,Shoes,Sneakers,1,4590,2980,15,COD,Yes
704112,2024-01-19,C101420,Rawalpindi,Online,T-Shirts,Graphic Print Tee,2,1580,950,10,Wallet,No
703876,2025-03-13,C100541,Islamabad,Online,Jackets,Hooded Jacket,2,5150,2590,0,Wallet,No
701350,2025-03-02,C101484,Islamabad,Online,Jackets,Bomber Jacket,2,5110,2950,0,COD,Yes
701338,2024-08-28,C102124,Karachi,Store,Shoes,Loafers,3,5420,3220,0,Wallet,No
703455,2023-09-24,C101618,Sialkot,Online,Jeans,Ripped Jeans,1,3870,1760,0,Card,No
700753,2025-03-26,C101262,Karachi,Online,Accessories,Sunglasses,1,2280,1100,0,COD,No
705060,2023-07-31,C100704,Karachi,Online,Kurtas,Printed Kurta,1,2350,1220,0,Card,No
702443,2024-04-16,C101207,Karachi,Online,Kurtas,Embroidered Kurta,2,2950,1510,20,COD,No
702132,2025-03-09,C102062,Islamabad,Online,Jeans,Slim Fit Jeans,1,3600,1780,0,COD,No
704206,2024-09-23,C102058,Lahore,Online,Accessories,Tote Bag,1,1550,830,10,COD,No
703490,2025-03-10,C100786,Faisalabad,Store,Kurtas,Printed Kurta,2,2380,1120,0,Card,No
704923,2024-04-22,C100124,Lahore,Store,Shoes,Loafers,2,5200,3360,20,Card,No
703745,2024-10-04,C101606,Sialkot,Store,T-Shirts,Polo Shirt,3,2370,1080,0,COD,No
704008,2025-04-07,C101368,Lahore,Store,Kurtas,Printed Kurta,2,2460,1340,10,COD,No
704361,2024-05-24,C101101,Karachi,Store,Kurtas,Embroidered Kurta,3,2870,1630,0,Wallet,No
705151,2025-05-28,C101652,Lahore,Store,TSHIRTS,Graphic Print Tee,1,1490,810,15,Bank Transfer,No
702002,2024-03-13,C101490,Lahore,Online,Jeans,Slim Fit Jeans,1,3560,1610,0,COD,No
700774,2024-03-22,C101386,Rawalpindi,Online,Shoes,Sandals,1,2860,1630,0,COD,Yes
700175,2025-05-16,C100638,Faisalabad,Online,T-Shirts,Graphic Print Tee,1,1470,750,10,COD,No
705031,2025-01-30,C100566,Faisalabad,Store,Dresses,Summer Floral Dress,1,3410,2050,0,Card,No
703691,2023-07-30,C100412,Lahore,Online,Accessories,Tote Bag,3,1530,770,0,Bank Transfer,No
704053,2024-05-06,C100726,Lahore,Online,Shoes,Sneakers,1,4710,2230,10,Bank Transfer,No
701670,2023-11-02,C101830,Karachi,Store,Jackets,Bomber Jacket,2,5420,3100,15,COD,No
703554,2023-11-02,C100102,Karachi,Online,Jackets,Bomber Jacket  ,2,5510,3060,20,COD,No
703520,2023-11-07,C101347,Karachi,Online,Kurtas,Printed Kurta,2,2470,1440,25,COD,No
700814,2025-05-08,C101212,Islamabad,Store,Jackets,Puffer Jacket,1,6700,3930,20,COD,Yes
705177,2023-09-20,C100926,Lahore,Online,Accessories,Sunglasses,1,2310,1260,0,Card,No
700544,2023-11-08,C100166,Multan,Online,Jackets,Denim Jacket,1,5470,2930,20,Card,No
702403,2024-08-17,C102193,Lahore,Store,Kurtas,Embroidered Kurta,1,2970,1550,0,Card,No
703715,2023-11-24,C101902,Multan,Online,Accessories,Tote Bag,1,1680,1070,20,COD,No
701507,2025-05-21,C100963,Lahore,Online,T-Shirts,Graphic Print Tee,1,1590,750,15,Bank Transfer,Yes
704074,2024-02-04,C100296,Sialkot,Store,Accessories,Tote Bag,1,1580,920,0,COD,No
702274,2024-05-10,C101415,Faisalabad,Store,Accessories,Tote Bag,2,1530,980,0,Bank Transfer,No
700226,2024-09-11,C100477,Islamabad,Store,T-Shirts,Classic Cotton Tee,3,1230,680,0,Wallet,No
704273,2025-06-24,C100241,Faisalabad,Online,Kurtas,Embroidered Kurta,1,2990,1900,10,COD,No
704138,2023-11-26,C101185,Multan,Store,Kurtas,Printed Kurta,1,2460,1480,0,Bank Transfer,No
702725,2025-04-19,C100637,Rawalpindi,Store,Shoes,Loafers,1,5610,2620,15,Card,No
703111,2024-04-19,C100166,Multan,Store,Accessories,Leather Belt,1,1280,630,0,Wallet,No
701897,2024-04-28,C102021,Lahore,Store,Kurtas,Printed Kurta,2,2400,1400,15,COD,No
703361,2024-05-19,C101020,Peshawar,Online,Kurtas,Festive Kurta,2,4030,2540,0,COD,No
704864,2023-08-12,C100787,Karachi,Store,Accessories,Baseball Cap,3,890,480,0,Card,Yes
705047,2025-03-27,C101118,Karachi,Online,Kurtas,Printed Kurta,2,2330,1510,15,Card,No
700663,2024-06-26,C100997,LAHORE,Store,Accessories,Baseball Cap,1,970,440,0,COD,No
701081,2025-03-14,C101289,Islamabad,Online,Jeans,Straight Leg Jeans,1,3230,1780,10,Wallet,No
704963,2024-04-17,C100549,Karachi,Online,Dresses,Bodycon Dress,1,3630,1910,0,Card,No
700621,2023-08-08,C100311,Karachi,Store,Shoes,Loafers,1,5040,2700,10,Wallet,No
704328,2024-04-16,C101927,Rawalpindi,Online,Shoes,Loafers,2,5470,3230,15,Card,No
702306,2024-11-08,C100936,Sialkot,Online,T-Shirts,Classic Cotton Tee,2,1290,800,20,COD,No
700881,2023-08-30,C101944,Multan,Online,Shoes,Loafers,2,5020,3130,0,COD,No
700748,2025-06-30,C101311,Peshawar,Store,Dresses,Summer Floral Dress,1,3330,2120,10,Card,No
700202,2023-10-29,C100234,Peshawar,Online,T-Shirts,Polo Shirt,1,2270,1260,0,Card,No
702703,2023-07-04,C101506,Faisalabad,Store,Kurtas,Printed Kurta,1,2430,1370,0,Bank Transfer,No
702149,2024-06-24,C102192,Rawalpindi,Online,Accessories,Baseball Cap,2,890,500,0,Card,No
704500,2024-10-03,C100406,Karachi,Store,Dresses,Bodycon Dress,1,3970,2110,0,COD,No
705073,2024-04-01,C100707,Faisalabad,Store,Dresses,Summer Floral Dress,1,3260,1530,15,COD,No
701660,2023-07-03,C101137,Karachi,Online,Accessories,Sunglasses,2,2370,1440,0,Wallet,No
702221,2025-05-08,C101125,Islamabad,Store,JEANS,High-Waist Jeans,2,4330,2780,10,Card,No
703803,2025-06-07,C101653,Lahore,Store,Dresses,Maxi Dress,3,4660,2910,0,Bank Transfer,No
702094,2025-04-17,C100814,Lahore,Online,Jeans,Slim Fit Jeans,1,3570,1730,15,Card,Yes
700740,2024-05-27,C100748,Faisalabad,Store,Kurtas,Cotton Kurta,3,1830,1140,0,Card,Yes
701706,2024-11-13,C100863,Islamabad,Online,Kurtas,Printed Kurta,1,2430,1350,10,COD,Yes
704912,2024-12-20,C100913,Sialkot,Store,Shoes,Loafers,-2,4960,2580,10,Card,No
703515,2024-08-17,C101913,Islamabad,Online,Shoes,Sneakers,3,4370,2690,0,Card,No
701510,2025-03-23,C101176,Karachi,Online,Dresses,Bodycon Dress,2,4010,2350,0,Wallet,No
704958,2025-04-07,C100292,Peshawar,Online,Kurtas,Festive Kurta,1,4320,2160,0,COD,No
702201,2023-12-18,C100329,Karachi,Online,Jeans,Ripped Jeans,1,4030,2030,0,Card,No
704717,2025-06-16,C101827,Karachi,Store,Jeans,Straight Leg Jeans,1,3390,1640,0,Card,No
701053,2024-05-01,C100110,Karachi,Online,Shoes,Loafers,1,5210,3220,0,Card,No
702447,2024-12-25,C100644,Islamabad,Online,Jeans,Straight Leg Jeans,2,3270,1510,15,Card,No
700135,2024-05-07,C100163,Lahore,Store,Kurtas,Printed Kurta,1,2300,1200,20,COD,No
701116,2023-07-18,C101371,Sialkot,Online,T-Shirts,Polo Shirt,1,2120,1140,0,Card,No
701941,2023-11-15,C100863,Islamabad,Store,Jackets,Denim Jacket,2,5530,3060,20,Card,No
701710,2024-04-10,C100111,Lahore,Store,Kurtas,Festive Kurta,1,4020,1990,15,Card,No
700132,2024-05-02,C100329,Karachi,Store,Jeans,Ripped Jeans,2,3810,2370,10,COD,No
705057,2024-06-14,C100206,Lahore,Store,Dresses,Summer Floral Dress,1,3160,1990,15,Bank Transfer,No
701353,2023-08-20,C101520,Karachi,Store,Dresses,Wrap Dress,3,3930,2510,0,Card,No
702008,2025-05-21,C100033,Karachi,Online,T-Shirts,Oversized Tee,1,1940,1180,15,Wallet,No
700296,2023-08-18,C101590,Lahore,Online,Accessories,Tote Bag,1,1610,920,10,COD,Yes
701280,2023-08-16,C101415,Faisalabad,Online,Accessories,Tote Bag,2,1600,940,0,Wallet,No
703335,2023-10-17,C101685,Lahore,Online,Dresses,Bodycon Dress,1,3620,1910,0,COD,Yes
701567,2024-08-07,C100512,Lahore,Online,Jeans,High-Waist Jeans,2,4120,2260,0,Card,Yes
700763,2024-07-05,C100465,Rawalpindi,Store,Accessories,Sunglasses,1,2270,1090,0,Card,No
702601,2023-11-14,C100230,Lahore,Online,T-Shirts,Oversized Tee,1,1850,1020,0,Bank Transfer,No
700571,2024-03-16,C101074,Multan,Online,Shoes,Sneakers,2,4440,2660,0,Card,No
702750,2024-01-12,C101102,Faisalabad,Online,Accessories,Leather Belt,2,1160,620,0,COD,No
701284,2024-10-13,C101003,Lahore,Online,T-Shirts,Polo Shirt,2,2220,1310,0,Card,No
703344,2023-10-22,C100457,Karachi,Store,Dresses,Wrap Dress,2,4050,2350,10,Card,No
701951,2024-02-18,C100475,Karachi,Store,Dresses,Wrap Dress,1,3980,2370,0,COD,No
702945,2024-04-25,C101483,Lahore,Online,Shoes,Sandals,2,2710,1530,0,COD,No
700470,2025-05-22,C101956,Islamabad,Online,Dresses,Wrap Dress,2,4320,2400,10,COD,No
702742,2024-11-16,C100261,Multan,Online,Kurtas,Embroidered Kurta,1,2960,1520,0,COD,No
702034,2024-05-13,C101634,Sialkot,Online,T-Shirts,Graphic Print Tee,3,1580,830,10,COD,No
703185,2025-04-24,C100138,Faisalabad,Store,Jeans,Ripped Jeans,1,4010,2180,0,Card,No
703873,2023-09-14,C101446,Peshawar,Store,T-Shirts,Graphic Print Tee,2,1550,740,10,Wallet,No
700213,2023-09-08,C100117,Rawalpindi,Online,Dresses,Maxi Dress,1,4400,2040,0,COD,No
703078,2024-05-28,C100588,Lahore,Online,Kurtas,Festive Kurta,1,4520,2170,10,COD,No
700519,2024-03-22,C100531,,Online,Kurtas,Printed Kurta,3,2290,1410,10,COD,No
702642,2025-06-24,C101940,Lahore,Online,T-Shirts,Graphic Print Tee,1,1580,940,0,COD,No
704739,2024-08-10,C101894,Karachi,Online,Jackets,Bomber Jacket,1,0,3050,0,COD,No
700245,2025-01-27,C100217,Lahore,Store,Accessories,Leather Belt,1,1220,630,10,Wallet,No
703582,2024-11-24,C102072,Karachi,Store,Dresses,Bodycon Dress,2,3700,1680,30,Card,No
700057,2025-06-13,C100229,Lahore,Online,Jeans,Ripped Jeans,2,3950,2500,0,Wallet,No
704073,2024-02-19,C101222,Peshawar,Online,Kurtas,Embroidered Kurta,1,2980,1920,15,COD,No
703762,2025-05-01,C101681,Multan,Online,Kurtas,Cotton Kurta,3,2010,1260,10,COD,No
704086,2025-03-23,C101410,Multan,Online,Kurtas,Printed Kurta,2,2490,1460,0,Bank Transfer,No
700835,2024-04-04,C100950,Islamabad,Store,Kurtas,Printed Kurta,1,2380,1110,15,COD,No
701155,2024-10-27,C100638,Faisalabad,Online,Dresses,Summer Floral Dress,3,3320,1900,0,Card,No
704130,2024-10-27,C100603,Rawalpindi,Online,Jeans,High-Waist Jeans,3,4240,1920,10,COD,No
703702,2024-12-27,C100365,Karachi,Online,Kurtas,Printed Kurta,1,2490,1130,10,COD,No
700424,2024-01-28,C100703,Multan,Online,Jackets,Denim Jacket,2,5250,2850,0,COD,No
704000,2024-04-27,C101688,Islamabad,Online,Kurtas,Festive Kurta,1,4120,2630,15,COD,No
702944,2025-06-12,C100094,Karachi,Store,T-Shirts,Oversized Tee,1,1830,1020,0,COD,No
702801,2024-02-01,C101147,Faisalabad,Online,T-Shirts,Polo Shirt,2,2260,1310,0,COD,No
701343,2024-12-12,C100128,Lahore,Store,Kurtas,Festive Kurta,1,4380,2760,15,Card,No
700561,2025-06-19,C101056,Peshawar,Online,T-Shirts,Classic Cotton Tee,3,1260,650,0,COD,No
705139,2023-10-28,C102160,Karachi,Online,T-Shirts,Graphic Print Tee,2,1580,720,0,Wallet,No
701828,2023-10-23,C101899,Lahore,Store,Accessories,Leather Belt,2,1230,570,0,Wallet,No
701578,2024-03-13,C100881,Islamabad,Online,Jeans,Ripped Jeans,2,3910,2160,0,COD,No
702282,2024-08-24,C100644,Islamabad,Online,T-Shirts,Oversized Tee,3,1720,850,0,Card,No
701489,2023-09-08,C102160,Karachi,Store,Shoes,Loafers,1,5480,3310,0,COD,Yes
703488,2024-01-15,C100228,Islamabad,Online,Accessories,Baseball Cap,2,870,410,15,,No
703512,2023-11-10,C100639,Multan,Store,T-Shirts,Polo Shirt,1,2100,1260,25,Card,No
700176,2024-01-02,C100905,Rawalpindi,Store,Jackets,Bomber Jacket,1,5010,2260,0,Bank Transfer,No
701004,2023-09-18,C100069,Karachi,Online,Accessories,Sunglasses,1,2250,1430,0,COD,No
703200,2025-06-05,C100809,Sialkot,Store,Jeans,Slim Fit Jeans,2,3620,2030,10,Card,No
701028,2025-01-13,C102147,Sialkot,Online,Shoes,Loafers,1,4980,3220,15,Wallet,No
702264,2025-01-21,C100325,Rawalpindi,Online,Accessories,Tote Bag,1,1700,770,0,COD,No
701446,2024-05-15,C100954,Sialkot,Store,Shoes,Loafers,1,4980,2740,15,Card,Yes
700520,2024-04-29,C101572,Islamabad,Online,Accessories,Tote Bag,2,1700,870,10,COD,No
703772,2024-06-17,C101364,Karachi,Online,T-Shirts,Graphic Print Tee,1,1560,860,0,COD,No
703494,2025-05-17,C102051,Lahore,Online,Jeans,High-Waist Jeans,2,4480,2890,10,COD,No
700411,2025-01-22,C101675,PESHAWAR,Online,Jackets,Puffer Jacket,2,7270,4610,0,COD,No
701060,2024-06-20,C101805,RAWALPINDI,Store,T-Shirts,Oversized Tee,1,1910,880,0,Card,No
704133,2025-06-12,C102128,Lahore,Online,Kurtas,Printed Kurta,1,2330,1170,0,Bank Transfer,No
701661,2023-09-21,C100879,Islamabad,Online,Shoes,Sandals,2,3000,1400,0,Card,No
701811,2024-04-01,C100024,Faisalabad,Online,Jackets,Bomber Jacket,2,5530,2770,10,COD,Yes
703258,2023-09-07,C100915,Sialkot,Online,Jackets,Puffer Jacket,1,6670,4040,0,Wallet,No
703710,2024-09-23,C100210,Rawalpindi,Online,Shoes,Sandals,3,2900,1660,0,COD,No
703854,2024-07-19,C101982,Multan,Store,Accessories,Baseball Cap,1,860,500,15,COD,No
700796,2024-05-21,C100067,Karachi,Online,Kurtas,Festive Kurta,3,4220,2450,0,Bank Transfer,No
702065,2023-07-30,C100408,Lahore,Online,Dresses,Bodycon Dress,2,3740,1830,0,Bank Transfer,No
704588,2025-06-27,C100957,Islamabad,Online,T-Shirts,Classic Cotton Tee,1,1220,580,15,Card,No
700770,2024-05-16,C101246,Islamabad,Store,T-Shirts,Oversized Tee,2,1750,900,0,Card,No
700401,2023-09-06,C100284,Islamabad,Online,Jeans,Slim Fit Jeans,2,3420,1690,0,Card,No
703403,2025-02-12,C100975,Islamabad,Online,Shoes,Loafers,1,5110,3280,10,Card,No
703607,2025-06-02,C102096,Lahore,Store,Accessories,Leather Belt,1,1150,720,0,COD,No
701151,2024-04-09,C100573,Faisalabad,Online,Jeans,Ripped Jeans,1,4080,2270,0,COD,No
703485,2025-01-23,C101703,Islamabad,Online,Accessories,Baseball Cap,1,900,420,0,Card,No
700185,2024-05-13,C100616,Faisalabad,Store,Dresses,Maxi Dress,1,4310,1980,10,,No
700510,2024-03-08,C101447,islamabad,Online,Dresses,Wrap Dress,1,4040,2110,0,Card,Yes
704518,2024-07-05,C101903,Lahore,Store,kurtas,Cotton Kurta,1,1820,1150,0,Bank Transfer,No
703725,2025-05-24,C100723,Sialkot,Online,Shoes,Boots,1,6830,4040,10,Bank Transfer,Yes
703981,2023-09-30,C101832,Karachi,Online,Kurtas,Printed Kurta,2,2470,1570,10,COD,No
701403,2024-12-02,C101755,Islamabad,Online,Accessories,Tote Bag,1,1550,820,15,COD,No
703851,2024-06-10,C101291,Rawalpindi,Online,Dresses,Bodycon Dress,2,3800,1790,0,Bank Transfer,Yes
704200,2025-01-23,C101391,Multan,Online,Shoes,Sandals,1,2860,1760,0,COD,Yes
702150,2024-06-02,C101543,Lahore,Online,Kurtas,Embroidered Kurta,3,2840,1730,0,COD,No
700264,2025-04-15,C101766,Sialkot,Online,Kurtas,Festive Kurta,1,4210,2420,20,COD,No
702879,2023-08-09,C100287,Karachi,Online,Accessories,Sunglasses,1,2130,1260,0,COD,Yes
705039,2024-02-25,C102154,Islamabad,Online,Shoes,Sandals,3,2760,1610,0,COD,No
704945,2023-07-13,C100095,Islamabad,Store,Accessories,Baseball Cap,1,860,520,0,COD,No
701635,2023-08-22,C101387,,Online,Jeans,Ripped Jeans,2,3850,2170,15,COD,No
701467,2024-07-28,C102188,Karachi,Online,Dresses,Bodycon Dress,3,3920,2510,0,Card,No
702003,2024-02-04,C102091,Multan,Online,T-Shirts,Oversized Tee,1,1840,890,0,,No
701909,2024-04-01,C101198,Karachi,Store,T-Shirts,Oversized Tee,-1,1920,980,10,Wallet,No
702228,2025-03-14,C101600,Peshawar,Store,Dresses,Maxi Dress,3,4710,2610,0,Card,No
702238,2025-03-02,C101489,Karachi,Online,T-Shirts,Graphic Print Tee,1,1590,880,0,Card,Yes
702586,2024-12-18,C101389,Lahore,Online,Shoes,Loafers,2,5520,2560,10,COD,No
704628,2023-11-30,C101347,Karachi,Online,T-Shirts,Polo Shirt,2,2170,1260,10,COD,No
703615,2025-02-13,C102172,Islamabad,Online,Jackets,Hooded Jacket,1,5040,2330,0,COD,No
702481,2025-05-05,C101657,Multan,Store,Accessories,Tote Bag,2,1600,820,15,Card,No
700101,2024-01-23,C101192,Multan,Online,Dresses,Summer Floral Dress,1,3210,2040,0,COD,No
704474,2024-09-19,C101517,Sialkot,Store,Jeans,High-Waist Jeans,1,4010,2220,0,COD,No
702349,2023-12-30,C101019,Karachi,Online,Jeans,Straight Leg Jeans,1,3050,1970,0,Card,No
705074,2025-02-19,C101446,Peshawar,Store,Kurtas,Printed Kurta,1,2510,1600,15,COD,No
701127,2025-06-04,C100600,Karachi,Online,Dresses,Bodycon Dress,2,3810,1910,0,Wallet,No
700345,2023-10-16,C101078,Islamabad,Store,Jeans,Straight Leg Jeans,3,3170,1850,0,Wallet,No
700170,2023-09-19,C101560,Sialkot,Store,Jeans,Ripped Jeans,1,4080,2020,0,Card,Yes
700044,2024-10-22,C100388,Lahore,Online,Jackets,Denim Jacket,2,5900,2730,0,Card,No
700223,2023-11-12,C100844,Lahore,Online,Kurtas,Cotton Kurta,2,1840,870,0,Card,No
701841,2024-11-03,C100414,Lahore,Store,Jeans,Slim Fit Jeans,2,3400,1840,0,Wallet,No
702885,2025-05-04,C102140,Peshawar,Store,Dresses,Wrap Dress,1,4020,2050,10,COD,No
701682,2023-07-12,C101879,Islamabad,Online,Jeans,Straight Leg Jeans,1,3260,1800,0,COD,No
701459,2024-11-12,C101881,Islamabad,Online,T-Shirts,Polo Shirt,1,2370,1290,20,COD,No
703262,2023-11-19,C101805,Rawalpindi,Store,Accessories,Baseball Cap,1,960,550,15,Wallet,No
701989,2023-12-19,C102158,Karachi,Store,Shoes,Sandals,3,2980,1530,15,Card,No
701690,2025-05-07,C101176,Karachi,Online,Dresses,Wrap Dress,2,4040,2590,10,COD,No
703815,2023-08-26,C100908,LAHORE,Online,Jeans,Slim Fit Jeans,1,3460,2000,0,COD,No
700263,2024-07-20,C100647,Islamabad,Online,Dresses,Bodycon Dress,1,4030,1880,0,Bank Transfer,No
704280,2024-10-31,C101632,Rawalpindi,Store,Jackets,Bomber Jacket,3,5080,3230,0,Card,No
701481,2023-10-12,C100737,Karachi,Online,Kurtas,Printed Kurta,1,2460,1190,0,Card,No
702019,2023-07-30,C101039,Lahore,Online,Accessories,Leather Belt,2,1290,700,10,COD,No
703249,2023-10-01,C101670,Karachi,Online,T-Shirts,Classic Cotton Tee,1,1160,640,0,COD,No
704198,2023-12-06,C100638,Faisalabad,Online,Shoes,Sneakers,1,4300,2130,20,Card,No
701422,2024-06-09,C102078,Karachi,Online,Kurtas,Cotton Kurta,1,1890,1000,0,Card,No
700146,2023-07-12,C102092,Islamabad,Online,Kurtas,Festive Kurta,1,4030,2340,0,Card,No
701338,2024-08-28,C102124,Karachi,Store,Jackets,Denim Jacket,1,5310,3100,15,Wallet,No
700342,2025-03-20,C100423,Lahore,Store,Dresses,Bodycon Dress,2,3830,2180,10,COD,No
704982,2025-02-01,C100347,Lahore,Store,Dresses,Maxi Dress,3,4300,2480,0,Card,No
703778,2023-09-27,C101200,Islamabad,Store,Kurtas,Printed Kurta,1,2410,1160,0,COD,No
704802,2024-03-24,C100731,Lahore,Online,T-Shirts,Polo Shirt,1,2340,1370,0,Bank Transfer,No
700919,2024-09-13,C101404,Lahore,Store,Accessories,Tote Bag,2,1530,950,10,Card,No
702658,2024-02-17,C101974,Lahore,Online,T-Shirts,Oversized Tee,3,1790,980,0,Wallet,Yes
700060,2024-11-26,C101126,Islamabad,Online,Shoes,Boots,1,6450,4060,20,Wallet,No
703156,2025-01-09,C101703,Islamabad,Online,Jeans,Ripped Jeans,1,3630,1690,0,,No
704234,2025-02-27,C100998,Sialkot,Online,Accessories,Baseball Cap,1,960,550,15,Card,No
701440,2025-03-18,C100568,Karachi,Online,Accessories,Sunglasses,1,2170,1120,0,Card,No
702504,2024-03-13,C100687,Sialkot,Online,Jackets,Bomber Jacket,3,5600,3070,10,COD,No
703971,2024-05-31,C101438,Peshawar,Store,Shoes,Sneakers,2,4730,2220,20,Card,No
702957,2024-08-14,C101865,Multan,Online,Shoes,Sandals,1,2760,1650,0,Card,No
704857,2024-01-08,C100823,Rawalpindi,Store,Accessories,Leather Belt,2,1250,700,0,Card,No
702218,2023-08-30,C101593,Karachi,Store,Jeans,Ripped Jeans,1,3750,2300,0,Wallet,No
704917,2024-04-18,C101189,Rawalpindi,Online,Kurtas,Printed Kurta,1,2490,1600,15,Wallet,No
700188,2023-07-23,C101126,,Online,Shoes,Boots,2,6830,4290,0,COD,No
704384,2024-12-27,C101850,Lahore,Online,Shoes,Sneakers,3,4560,2760,20,Wallet,No
701264,2023-12-21,C101216,Karachi,Online,T-Shirts,Polo Shirt,3,2100,1250,25,COD,No
702951,2023-11-16,C100843,Karachi,Online,Kurtas,Printed Kurta,1,2530,1300,10,Card,No
701192,2024-12-10,C101639,Rawalpindi,Store,Shoes,Boots,1,6480,4010,10,Card,No
704658,2025-01-28,C101643,Lahore,Store,Accessories,Baseball Cap,3,860,430,0,Wallet,No
701167,2023-08-18,C102060,Sialkot,Online,Dresses,Bodycon Dress,1,3660,2170,0,Wallet,No
701956,2025-04-22,C100012,,Store,T-Shirts,Polo Shirt,1,2260,1260,0,COD,No
701891,2024-05-04,C101442,Lahore,Online,T-Shirts,Oversized Tee,3,1810,1130,0,COD,No
701963,2025-04-24,C100127,Lahore,Online,Shoes,Sneakers,1,4680,2150,10,COD,Yes
702840,2024-01-18,C100740,LAHORE,Online,Jackets,Hooded Jacket,1,5080,3130,0,COD,No
703898,2024-08-30,C101653,Lahore,Online,Kurtas,Festive Kurta,3,4110,2280,0,Card,No
703113,2024-12-06,C102166,Peshawar,Online,jackets,Hooded Jacket,1,4650,2580,15,Bank Transfer,No
703586,2023-08-19,C101600,Peshawar,Online,T-Shirts,Polo Shirt,1,2340,1370,10,Card,No
701418,2024-05-22,C100655,Karachi,Online,Dresses,Wrap Dress,2,4020,2280,0,Wallet,No
702163,2023-08-12,C100603,Rawalpindi,Online,Shoes,Sandals,3,2990,1480,0,COD,No
702500,2024-07-16,C101774,Islamabad,Store,Shoes,Boots,2,6230,3100,0,Card,No
700349,2023-12-05,C100876,Karachi,Online,Shoes,Boots,1,6340,3190,15,Wallet,No
702361,2024-04-06,C101226,Karachi,Online,T-Shirts,Oversized Tee,1,1900,900,20,COD,No
701143,2024-10-01,C101118,,Online,Jackets,Denim Jacket,2,5770,3410,0,COD,No
704529,2024-01-03,C100902,Lahore,Online,Jackets,Bomber Jacket,1,4940,2670,0,Card,No
703034,2023-10-30,C101338,Multan,Online,Kurtas,Embroidered Kurta,2,2950,1800,0,Wallet,No
701788,2025-02-17,C100228,Islamabad,Store,T-Shirts,Oversized Tee,1,1780,1060,10,Card,No
702920,2023-07-06,C100852,Multan,Online,Kurtas,Printed Kurta,1,2510,1400,0,Card,No
703514,2024-07-02,C100828,Multan,Online,Accessories,Baseball Cap,1,860,480,0,Card,No
705019,2025-04-25,C100926,Lahore,Online,Accessories,Tote Bag,2,1690,930,10,Card,No
702206,2024-01-11,C102082,Rawalpindi,Online,Jeans,Slim Fit Jeans  ,1,3500,1630,0,Card,No
702972,2023-07-15,C101496,Multan,Online,Kurtas,Cotton Kurta,1,1910,1160,10,COD,No
704116,2023-12-12,C101810,Lahore,Store,Accessories,Leather Belt,1,1230,550,0,Card,No
701538,2024-03-02,C101545,Karachi,Online,Jeans,Slim Fit Jeans,3,3730,1920,10,Card,No
705008,2024-03-16,C100685,Karachi,Store,Accessories,Baseball Cap,3,880,410,0,Bank Transfer,No
703437,2024-11-05,C102169,Islamabad,Store,Jeans,Straight Leg Jeans,2,3430,2210,15,Card,No
700003,2024-07-01,C100760,Rawalpindi,Online,Shoes,Sneakers,2,4490,2310,0,COD,No
704645,2024-12-28,C100042,Rawalpindi,Store,Kurtas,Cotton Kurta,2,2050,1000,0,Wallet,No
703412,2024-10-06,C100296,Sialkot,Store,T-Shirts,Graphic Print Tee,3,1440,760,0,Bank Transfer,No
703566,2025-01-30,C100602,Peshawar,Online,Jeans,High-Waist Jeans,1,4270,2670,0,Card,No
702671,2024-11-29,C100964,Sialkot,Store,Jeans,Straight Leg Jeans,1,3360,2030,15,Card,No
704645,2024-12-28,C100042,rawalpindi,Store,T-Shirts,Polo Shirt,1,2150,1300,0,Wallet,No
704770,2024-05-15,C100899,Islamabad,Online,T-Shirts,Oversized Tee,2,1760,1060,0,Card,No
704694,2023-09-29,C101991,Rawalpindi,Online,Accessories,Leather Belt,1,1180,550,0,,No
703073,2025-04-09,C100996,Islamabad,Store,Jackets,Puffer Jacket,2,7340,4720,10,Card,No
700356,2023-12-10,C100480,Karachi,Online,Jackets,Puffer Jacket,1,6500,3610,15,Card,No
700922,2024-05-17,C100653,Lahore,Store,T-Shirts,Polo Shirt,1,2340,1380,10,COD,No
703097,2025-05-26,C101715,Faisalabad,Online,Dresses,Maxi Dress,1,4660,2780,10,COD,No
701420,2024-11-09,C102038,Islamabad,Store,Dresses,Bodycon Dress,2,3880,2350,20,Wallet,No
703975,2024-03-21,C101180,Faisalabad,Online,Accessories,Baseball Cap,1,870,440,0,Card,No
702333,2023-11-16,C100214,Rawalpindi,Online,Jackets,Denim Jacket,1,5370,2940,25,COD,No
704308,2023-12-18,C101151,Multan,Store,T-Shirts,Oversized Tee,1,1860,1170,10,COD,No
704824,2023-08-21,C100604,Sialkot,Online,Kurtas,Cotton Kurta,1,1860,970,0,Card,No
702659,2023-08-05,C100226,Lahore,Store,Jackets,Hooded Jacket,1,4730,2720,0,COD,No
700357,2023-07-06,C101598,Faisalabad,Store,Shoes,Sandals,3,2920,1750,0,COD,No
701452,2024-01-10,C102191,Islamabad,Store,Shoes,Sneakers,1,4290,2320,0,Card,No
701464,2023-12-18,C101371,Sialkot,Online,Jackets,Denim Jacket,1,5360,2490,20,Card,No
700244,2024-12-11,C100906,Karachi,Online,T-Shirts,Classic Cotton Tee,1,1190,620,15,Wallet,No
704297,2023-12-04,C101002,Lahore,Online,Jeans,Straight Leg Jeans,2,3380,1660,20,COD,No
705132,2024-06-01,C100353,Islamabad,Store,T-Shirts,Oversized Tee,2,1780,1120,10,COD,No
701966,2024-10-12,C102000,Multan,Store,Shoes,Loafers,2,4940,2580,10,COD,No
700881,2023-08-30,C101944,Multan,Online,Dresses,Wrap Dress,1,3960,2240,0,COD,No
701881,2024-10-08,C100410,Rawalpindi,Store,Jeans,Slim Fit Jeans,3,3590,1820,0,Card,No
701126,2023-08-29,C101543,Lahore,Online,Kurtas,Cotton Kurta,3,1830,870,0,Card,No
703065,2024-05-01,C102034,Lahore,Online,Kurtas,Printed Kurta,1,2360,1260,10,Card,No
701887,2025-03-20,C101776,Rawalpindi,Online,Kurtas,Printed Kurta,1,2300,1290,0,Card,No
705116,2023-11-06,C100222,Rawalpindi,Store,Shoes,Sandals,3,3010,1370,0,COD,Yes
703067,2024-09-22,C101420,Rawalpindi,Store,JEANS,High-Waist Jeans,2,4250,2450,0,Card,No
700251,2024-09-30,C100075,Karachi,Store,Accessories,Sunglasses,1,2290,1170,10,Bank Transfer,No
700397,2025-05-28,C100429,faisalabad,Online,T-Shirts,Oversized Tee,2,1750,890,0,COD,No
700687,2025-03-10,C102106,Rawalpindi,Store,Jackets,Bomber Jacket,2,5380,2640,0,Wallet,No
704125,2023-11-21,C100010,Karachi,Online,Shoes,Boots,1,6990,3250,25,Bank Transfer,No
702969,2024-01-15,C100049,Lahore,Online,Jackets,Puffer Jacket,1,6840,3190,0,Card,No
701179,2025-05-31,C100743,Lahore,Online,Kurtas,Cotton Kurta,3,1840,1070,15,Card,No
703849,2024-03-08,C101864,Islamabad,Store,Jeans,Slim Fit Jeans,1,3570,2220,0,COD,No
702754,2024-07-18,C100983,Karachi,Online,T-Shirts,Graphic Print Tee,2,1590,960,0,Wallet,No
700163,2024-08-08,C100631,Multan,Online,Kurtas,Embroidered Kurta,3,2950,1820,15,COD,No
702360,2024-02-17,C100011,Peshawar,Online,Jackets,Bomber Jacket,2,5610,2930,15,COD,No
704655,2024-07-09,C101043,Rawalpindi,Store,SHOES,Loafers,2,5220,3010,10,COD,Yes
702420,2023-10-03,C100156,Karachi,Online,Shoes,Sneakers,1,4590,2600,0,Bank Transfer,No
701652,2024-09-27,C100950,Islamabad,Online,Jackets,Bomber Jacket,1,5130,2310,10,Card,No
700408,2024-06-07,C101111,Karachi,Online,Jeans,Ripped Jeans,2,3740,1880,0,Card,No
705130,2023-07-10,C101861,Sialkot,Online,Dresses,Bodycon Dress,2,3720,1940,0,Bank Transfer,No
703922,2023-09-21,C100284,Islamabad,Online,Dresses,Wrap Dress,1,3910,2090,0,Bank Transfer,No
703789,2024-07-02,C102075,Islamabad,Online,Accessories,Baseball Cap,1,940,610,0,Wallet,No
700983,2024-04-11,C101789,Lahore,Online,Kurtas,Printed Kurta,1,2400,1460,20,Card,No
703159,2024-10-28,C100420,Rawalpindi,Store,Jeans,Straight Leg Jeans,1,3390,2110,15,Card,Yes
703739,2023-07-01,C101597,Lahore,Store,Kurtas,Embroidered Kurta,2,2910,1460,0,Bank Transfer,No
703095,2024-03-10,C101836,Lahore,Online,Dresses,Maxi Dress,1,4350,2600,0,COD,Yes
700292,2024-06-25,C101207,Karachi,Online,Kurtas,Embroidered Kurta,2,2830,1360,10,Card,No
700974,2024-02-06,C101993,Lahore,Online,Shoes,Sandals,1,2710,1710,10,Wallet,No
700065,2025-06-04,C100986,Karachi,Store,Dresses,Bodycon Dress,3,3730,2110,0,Card,No
703370,2024-08-22,C100881,Islamabad,Online,Shoes,Sneakers,1,4600,2630,15,Bank Transfer,No
704483,2023-11-02,C100335,Islamabad,Online,Jeans,High-Waist Jeans,2,4340,2030,20,,No
700914,2024-11-03,C101282,Karachi,Store,Jackets,Denim Jacket,1,5900,3410,20,COD,Yes
701419,2024-02-21,C101082,Peshawar,Online,Kurtas,Printed Kurta,1,2580,1420,0,Card,No
703036,2024-06-26,C100040,Karachi,Online,Kurtas,Printed Kurta,1,2380,1220,10,Card,No
701095,2024-07-08,C100528,Faisalabad,Online,T-Shirts,Classic Cotton Tee,2,1230,700,0,Wallet,No
701751,2024-10-22,C101891,Faisalabad,Store,Jackets,Denim Jacket,2,5610,3210,0,Card,No
704606,2025-06-25,C101979,LAHORE,Store,Shoes,Sneakers,1,4400,2670,15,COD,No
703627,2024-11-15,C101591,Lahore,Store,Dresses,Maxi Dress,1,4510,2070,20,Wallet,No
702454,2023-08-22,C102033,Karachi,Online,T-Shirts,Classic Cotton Tee,1,1280,580,0,Wallet,No
701465,2024-04-01,C101996,karachi,Store,Accessories,Leather Belt,1,1200,640,0,COD,No
702761,2025-05-18,C101045,Karachi,Store,Dresses,Wrap Dress,2,4280,2680,0,Card,No
701935,2023-07-28,C100950,Islamabad,Store,Jeans,High-Waist Jeans,1,4400,2440,10,Card,No
704514,2024-06-30,C100831,Islamabad,Online,Kurtas,Festive Kurta,1,4380,2370,15,Card,No
704172,2024-09-03,C100371,Karachi,Store,Accessories,Sunglasses,1,2280,1190,0,Wallet,No
705062,2024-07-30,C100962,Lahore,Store,Jeans,Slim Fit Jeans,3,3490,2070,10,Card,No
701868,2023-11-09,C102095,Karachi,Online,shoes,Sandals,1,2950,1680,10,Wallet,No
703832,2023-07-09,C100200,Faisalabad,Online,Dresses,Summer Floral Dress,1,3090,1790,15,Bank Transfer,No
702982,2024-05-11,C100507,Multan,Store,T-Shirts,Polo Shirt,2,2340,1370,0,Wallet,Yes
701719,2024-10-11,C102001,Karachi,Online,T-Shirts,Polo Shirt,1,2150,1030,0,Wallet,No
704460,2023-12-31,C101995,Faisalabad,Store,Jackets,Bomber Jacket,1,4960,2840,25,Card,No
701619,2023-07-05,C101505,Islamabad,Store,Dresses,Wrap Dress,3,4100,2490,0,Wallet,No
702976,2023-07-27,C100827,Lahore,Online,Accessories,Sunglasses,2,2180,1100,15,Wallet,No
704612,2025-01-09,C101720,,Online,Jeans,High-Waist Jeans,1,4100,2550,0,Card,No
702329,2024-01-14,C101733,Lahore,Store,T-Shirts,Graphic Print Tee,3,1470,740,0,COD,No
702560,2025-05-19,C101820,Peshawar,Online,Shoes,Loafers,1,5360,3000,0,COD,No
704921,2025-05-11,C100704,Karachi,Online,dresses,Maxi Dress,1,4550,2190,20,COD,No
702886,2024-11-07,C100492,Rawalpindi,Online,T-Shirts,Graphic Print Tee,1,1560,960,15,Wallet,No
701000,2025-04-23,C101013,Sialkot,Online,dresses,Maxi Dress,3,4740,2240,10,Card,No
700163,2024-08-08,C100631,Multan,Online,T-Shirts,Oversized Tee,1,1740,910,0,COD,No
705023,2023-12-26,C102098,Lahore,Online,Jackets,Denim Jacket,1,5650,2820,20,Card,No
702323,2023-07-30,C100969,Lahore,Online,Shoes,Sneakers,1,4740,2690,15,COD,No
704993,2024-06-12,C101980,Multan,Online,T-Shirts,Polo Shirt,0,2150,1390,0,COD,No
704969,2024-11-04,C101955,Sialkot,Store,Dresses,Wrap Dress,1,3810,1850,10,Card,No
702698,2024-09-19,C100412,LAHORE,Store,Dresses,Bodycon Dress,1,3840,2330,0,COD,No
704629,2023-10-26,C100202,Islamabad,Store,T-Shirts,Graphic Print Tee,1,1550,700,0,COD,No
703235,2023-11-18,C101866,Peshawar,Online,Jackets,Denim Jacket,1,5240,2630,0,Wallet,No
700094,2025-03-01,C100166,Multan,Online,Jeans,High-Waist Jeans,2,4320,2460,0,Bank Transfer,No
704140,2025-05-06,C101193,Sialkot,Online,Dresses,Wrap Dress,2,4050,2340,10,COD,No
702289,2024-08-31,C100840,Lahore,Online,Shoes,Sandals,1,2990,1820,0,Card,Yes
701035,2023-10-04,C101222,Peshawar,Store,Shoes,Sneakers,1,4530,2530,0,COD,No
704434,2025-01-17,C102008,Lahore,Store,Dresses,Maxi Dress,3,4390,2690,0,Card,No
701883,2024-12-22,C100703,Multan,Online,Shoes,Sandals,3,2670,1690,25,Card,No
702210,2023-12-06,C100687,Sialkot,Store,Accessories,Baseball Cap,1,860,500,20,COD,No
701614,2024-03-03,C101216,Karachi,Online,Dresses,Wrap Dress,2,3990,2200,15,COD,No
704195,2025-03-07,C101047,Faisalabad,Store,Shoes,Boots,1,6300,2970,0,Card,No
704272,2023-09-06,C100270,Lahore,Online,Kurtas,Printed Kurta,3,2500,1550,0,Bank Transfer,No
704756,2025-05-30,C101241,Karachi,Store,Dresses,Maxi Dress,1,4300,2700,20,Card,No
704109,2025-02-13,C100805,Lahore,Online,Kurtas,Embroidered Kurta,1,2760,1520,0,COD,No
703251,2023-10-10,C101968,Karachi,Online,Accessories,Sunglasses,1,2350,1330,0,COD,No
700637,2025-04-12,C101212,Islamabad,Online,Accessories,Tote Bag,1,1570,840,0,COD,Yes
703961,2025-06-05,C100802,Peshawar,Store,Jeans,High-Waist Jeans,1,4040,2060,0,COD,No
703065,2024-05-01,C102034,Lahore,Online,T-Shirts,Oversized Tee,1,1860,1070,0,Card,No
704042,2024-10-26,C100774,Lahore,Online,T-Shirts,Oversized Tee,1,1750,820,0,COD,No
701431,2025-04-23,C101944,Multan,Online,Dresses,Maxi Dress,1,4690,2430,15,Card,No
701069,2024-08-25,C100854,Lahore,Online,Accessories,Baseball Cap,1,870,500,0,COD,No
701311,2024-07-15,C100150,Multan,Online,Shoes,Sandals,1,2900,1490,0,Wallet,No
702888,2024-06-27,C100212,Lahore,Online,Accessories,Sunglasses,1,2360,1340,0,Wallet,No
705084,2025-02-06,C101496,Multan,Online,T-Shirts,Classic Cotton Tee,3,1150,660,0,Card,No
704401,2023-10-05,C100010,Karachi,Store,Kurtas,Cotton Kurta,1,2030,1130,15,COD,No
700715,2024-10-30,C101167,Islamabad,Store,Jackets,Denim Jacket,3,5880,3610,0,Bank Transfer,No
702970,2024-06-07,C101512,Islamabad,Online,Kurtas,Printed Kurta,1,2530,1430,0,Card,No
704491,2024-06-22,C100275,Karachi,Online,Kurtas,Embroidered Kurta,1,2860,1500,0,,No
704840,2023-11-15,C100722,Lahore,Online,Accessories,Leather Belt,3,1280,690,30,COD,No
703621,2025-01-09,C101517,Sialkot,Online,Shoes,Sneakers,2,4810,2500,10,COD,No
701644,2025-01-07,C101944,Multan,Store,Jackets,Hooded Jacket,2,4930,2320,0,COD,No
702219,2024-10-22,C100412,Lahore,Online,Accessories,Leather Belt,1,1270,750,15,,No
704342,2024-05-14,C101336,Lahore,Online,Shoes,Sneakers,3,4380,1980,20,COD,No
704526,2024-07-13,C101076,Islamabad,Online,Jackets,Hooded Jacket,1,5070,3100,0,Card,No
704733,2023-07-04,C100748,Faisalabad,Store,Shoes,Loafers,1,5580,3240,10,Wallet,No
701742,2024-01-08,C100173,Peshawar,Store,Jeans,Straight Leg Jeans,2,3310,1970,0,Wallet,No
705180,2023-07-14,C102018,Islamabad,Store,Jeans,High-Waist Jeans,1,4190,2050,10,Card,Yes
700392,2024-03-19,C100749,Multan,Online,Accessories,Tote Bag,1,1610,760,0,Card,No
702675,2024-05-26,C101620,,Store,Dresses,Wrap Dress,1,3860,2230,20,Wallet,Yes
704395,2025-04-25,C101708,Multan,Online,Kurtas,Embroidered Kurta,0,2850,1500,0,COD,No
701589,2025-05-21,C101626,Karachi,Online,Kurtas,Festive Kurta,1,4040,2310,10,COD,No
704326,2023-08-12,C101408,Multan,Store,Jeans,Slim Fit Jeans,3,3730,2260,15,COD,No
703533,2024-05-17,C101506,Faisalabad,Online,T-Shirts,Classic Cotton Tee,3,1180,560,0,Wallet,No
704652,2025-03-13,C101493,Faisalabad,Online,TSHIRTS,Polo Shirt,1,2170,1290,10,Card,No
701747,2023-10-31,C100005,Sialkot,Online,Jackets,Hooded Jacket,1,4820,2870,0,COD,No
704137,2024-02-04,C100800,Faisalabad,Online,Jackets,Puffer Jacket,1,6660,4310,0,COD,No
700243,2025-05-29,C100776,Islamabad,Online,Jackets,Hooded Jacket,1,4880,3090,0,Wallet,Yes
702417,2024-06-24,C101035,RAWALPINDI,Online,Accessories,Tote Bag,1,1700,960,0,Card,No
703129,2024-03-17,C101175,Faisalabad,Online,Jeans,High-Waist Jeans,3,4390,2130,0,Card,No
702015,2025-01-11,C100739,Karachi,Online,Accessories,Leather Belt,1,1220,580,0,Bank Transfer,No
702803,2025-06-04,C102002,,Store,Accessories,Sunglasses,1,2260,1320,0,Card,No
702828,2023-09-09,C100488,Islamabad,Online,Jackets,Bomber Jacket,3,5490,3030,0,Card,No
702015,2025-01-11,C100739,karachi,Online,Accessories,Tote Bag,1,1650,880,0,Bank Transfer,No
702593,2024-10-27,C100198,Lahore,Store,Jeans,Straight Leg Jeans,1,3090,1560,0,COD,No
702353,2023-11-15,C101188,Lahore,Store,Dresses,Maxi Dress,3,4840,3020,15,COD,No
704320,2025-04-01,C100695,Islamabad,Online,Accessories,Sunglasses,3,2290,1360,0,COD,No
704443,2025-04-06,C101710,Faisalabad,Online,Dresses,Maxi Dress,2,4730,3000,0,Card,No
704939,2023-07-24,C101202,Multan,Online,T-Shirts,Oversized Tee,1,1830,1100,0,COD,No
701933,2024-11-08,C100352,Islamabad,Online,Jackets,Puffer Jacket,1,6960,3940,20,Card,No
700923,2024-10-07,C101028,Faisalabad,Online,Accessories,Sunglasses  ,1,2320,1180,0,Bank Transfer,No
704821,2023-12-03,C100631,Multan,Store,Jackets,Bomber Jacket,1,5370,3470,25,Card,No
701106,2024-02-28,C102082,Rawalpindi,Store,T-Shirts,Graphic Print Tee,1,1550,750,10,COD,No
700138,2024-06-22,C100599,Islamabad,Online,Dresses,Maxi Dress,1,4350,1990,0,Card,No
701839,2025-02-09,C100252,Karachi,Store,Jeans,Straight Leg Jeans,3,3140,1530,0,Card,No
702404,2023-10-30,C100065,Islamabad,Online,T-Shirts,Graphic Print Tee,1,1480,890,10,Wallet,No
700981,2025-04-04,C100652,Rawalpindi,Store,Jeans,High-Waist Jeans,1,4490,2210,0,Card,No
700967,2023-07-31,C100484,Lahore,Store,T-Shirts,Graphic Print Tee,1,1430,890,0,COD,No
700666,2024-12-02,C100437,Islamabad,Store,Accessories,Tote Bag,1,1670,1070,20,COD,No
704563,2025-02-01,C100212,Lahore,Store,Shoes,Loafers,3,5320,3120,0,COD,Yes
704934,2025-06-30,C100633,Karachi,Store,Dresses,Wrap Dress,2,4300,2180,0,COD,No
703182,2024-09-27,C100921,Multan,Store,Dresses,Wrap Dress,3,3890,1800,0,Card,Yes
705071,2025-05-29,C100396,Multan,Online,T-Shirts,Polo Shirt,2,2290,1360,10,COD,No
704111,2024-01-01,C100673,Rawalpindi,Store,T-Shirts,Classic Cotton Tee,1,1170,660,0,COD,No
701503,2023-07-19,C100110,Karachi,Online,Jeans,Straight Leg Jeans,1,3290,1850,0,Card,No
701294,2024-01-13,C100363,Lahore,Store,Jackets,Puffer Jacket,2,6670,3810,0,Card,No
704468,2024-12-13,C100653,Lahore,Store,T-Shirts,Graphic Print Tee,2,1540,780,0,COD,Yes
702682,2024-10-17,C102086,Karachi,Online,Accessories,Baseball Cap,2,890,420,0,COD,No
702126,2024-01-20,C100712,Faisalabad,Online,T-Shirts,Graphic Print Tee,1,1590,880,10,Card,No
700843,2025-03-25,C101304,Multan,Online,Jackets,Denim Jacket,1,5890,3400,10,Card,No
705177,2023-09-20,C100926,Lahore,Online,Jackets,Denim Jacket,1,5590,3420,0,Card,No
700168,2024-08-23,C101598,Faisalabad,Store,Dresses,Summer Floral Dress,1,3390,1630,0,Card,No
704801,2023-10-17,C100349,Lahore,Online,Shoes,Loafers,1,5250,3150,0,Card,No
703178,2023-07-27,C100380,Islamabad,Store,jackets,Denim Jacket,2,5570,3500,0,Wallet,No
701433,2023-12-22,C102149,Lahore,Online,Jeans,Straight Leg Jeans,2,3170,1640,25,Card,No
702338,2024-11-14,C100201,Sialkot,Store,Shoes,Sneakers,2,4840,2420,30,Bank Transfer,No
703213,2024-09-07,C101652,Lahore,Online,Jeans,Straight Leg Jeans,2,3380,1740,0,Bank Transfer,No
702333,2023-11-16,C100214,Rawalpindi,Online,Jeans,Slim Fit Jeans,2,3710,2400,25,COD,No
701055,2024-03-31,C101400,Karachi,Online,Shoes,Loafers,1,4990,2650,0,Card,No
703069,2023-10-29,C101712,Sialkot,Online,Shoes,Sneakers,3,4740,2440,10,COD,No
702909,2023-07-29,C101196,Lahore,Online,Kurtas,Printed Kurta,3,2480,1420,10,COD,No
704854,2025-02-07,C100328,Islamabad,Online,Jeans,Ripped Jeans,1,3830,2230,15,COD,Yes
702105,2024-05-27,C102083,Lahore,Online,Accessories,Sunglasses,1,2110,1310,0,COD,No
700642,2024-09-20,C101963,Lahore,Store,Kurtas,Embroidered Kurta,1,2990,1900,0,Card,No
702487,2024-03-23,C101921,Karachi,Store,Dresses,Wrap Dress,3,3830,1770,0,COD,No
703110,2024-01-11,C101551,Karachi,Store,Jackets,Denim Jacket,1,5860,2960,10,Card,Yes
704014,2025-05-19,C101952,Faisalabad,Store,Jackets,Denim Jacket,2,5740,2860,20,Card,No
701967,2023-08-25,C101266,Lahore,Online,T-Shirts,Classic Cotton Tee,1,1250,790,10,COD,No
700036,2024-09-30,C101574,Lahore,Store,Accessories,Sunglasses,1,2320,1320,0,COD,No
700645,2024-01-02,C100906,Karachi,Online,Shoes,Boots,2,6470,4160,0,COD,No
703014,2024-09-06,C100816,Peshawar,Store,Kurtas,Festive Kurta,3,4300,2330,0,Wallet,No
702219,2024-10-22,C100412,Lahore,Online,Shoes,Sneakers,1,4510,2720,0,Wallet,No
702186,2023-11-23,C101245,Karachi,Store,Accessories,Sunglasses,2,2250,1450,20,Card,No
704747,2023-10-20,C100804,Lahore,Online,T-Shirts,Graphic Print Tee,3,1520,730,0,Card,Yes
701312,2024-06-25,C100585,Islamabad,Store,Dresses,Maxi Dress,3,4800,2240,0,COD,No
703549,2024-01-09,C101314,Lahore,Online,Jeans,Ripped Jeans,3,3970,1840,0,Card,Yes
703440,2024-02-12,C100830,Islamabad,Store,Jeans,High-Waist Jeans,1,4400,2710,0,Wallet,No
702022,2024-08-29,C100689,Islamabad,Online,Shoes,Boots,1,6670,3590,10,Card,No
701101,2025-01-30,C102108,Karachi,Store,Jackets,Puffer Jacket  ,1,6930,4200,0,Card,No
702044,2024-05-18,C101693,Faisalabad,Online,Shoes,Sneakers,1,4570,2460,10,COD,No
701993,2023-07-16,C100907,Lahore,Store,Kurtas,Festive Kurta,1,4460,2740,0,Card,No
700930,2025-06-20,C101316,Islamabad,Online,Kurtas,Embroidered Kurta,1,2770,1370,0,COD,No
701335,2025-02-17,C101891,Faisalabad,Store,Accessories,Baseball Cap,1,890,420,0,COD,No
704712,2024-04-06,C101356,Islamabad,Store,Dresses,Summer Floral Dress,1,3130,1600,0,Card,No
704374,2024-04-07,C101019,Karachi,Online,Jackets,Puffer Jacket,2,7020,3240,0,COD,No
702169,2025-02-17,C100859,Islamabad,Online,Jeans,Ripped Jeans,3,3930,1880,15,COD,No
703327,2025-03-26,C100659,Karachi,Online,Accessories,Sunglasses,2,2340,1340,0,COD,No
703593,2024-01-14,C101288,Karachi,Store,Shoes,Loafers,1,5510,3310,15,Card,Yes
701941,2023-11-15,C100863,Islamabad,Store,Dresses,Wrap Dress,3,3820,1760,15,Card,No
701559,2025-06-06,C101947,Peshawar,Online,T-Shirts,Polo Shirt,3,2250,1330,10,Card,No
703760,2024-01-19,C101915,Lahore,Store,Accessories,Tote Bag,1,1680,1010,0,Card,No
704212,2025-05-09,C101846,Karachi,Store,Accessories,Tote Bag,1,1560,990,20,COD,No
703144,2024-02-18,C101262,Karachi,Online,T-Shirts,Polo Shirt,1,2300,1170,0,Card,No
700539,2024-04-26,C101585,Peshawar,Online,Jeans,Straight Leg Jeans,2,3330,1910,15,Bank Transfer,No
703895,2024-12-31,C102176,Karachi,Online,Jeans,Slim Fit Jeans,1,3360,2070,15,,No
701320,2025-03-23,C100834,Rawalpindi,Online,Shoes,Boots,1,6940,4270,0,COD,No
701846,2023-12-14,C101946,Lahore,Store,Kurtas,Embroidered Kurta,3,2710,1510,15,COD,No
704597,2024-02-15,C100372,KARACHI,Online,Accessories,Baseball Cap,1,960,570,0,COD,No
702525,2024-10-04,C100391,Lahore,Store,jackets,Denim Jacket,1,5470,3510,10,Card,No
702954,2024-07-16,C100674,Islamabad,Online,Dresses,Bodycon Dress,2,3610,1690,0,Card,No
702841,2024-02-03,C101423,Karachi,Online,Jeans,Ripped Jeans,1,3970,2430,0,Card,No
700055,2024-12-19,C101335,Multan,Online,T-Shirts,Polo Shirt,1,2220,1070,0,Card,No
704991,2024-01-01,C101071,Islamabad,Online,Kurtas,Cotton Kurta,1,1920,1180,0,Card,Yes
704076,2024-04-13,C102166,Peshawar,Store,Shoes,Sneakers,2,4290,2390,0,,Yes
703058,2024-01-25,C101100,Lahore,Online,Shoes,Boots,2,6750,3780,10,COD,Yes
700668,2025-01-07,C101072,Karachi,Online,Kurtas,Festive Kurta,1,4170,2630,10,Wallet,No
704476,2024-02-28,C100467,Sialkot,Store,Shoes,Loafers  ,1,4960,2400,0,COD,No
704102,2023-08-27,C100222,Rawalpindi,Store,Jackets,Hooded Jacket,2,5110,3210,0,Card,No
700013,2025-04-08,C100748,Faisalabad,Store,Jeans,High-Waist Jeans,1,4160,2680,0,Card,No
704251,2024-05-01,C100174,Lahore,Online,T-Shirts,Polo Shirt,1,2240,1130,10,COD,No
701913,2024-03-15,C100795,Karachi,Store,Dresses,Wrap Dress,1,4010,2250,10,Wallet,No
700256,2023-11-15,C100795,Karachi,Online,Jackets,Puffer Jacket,2,7140,4610,0,Wallet,No
703623,2024-04-12,C100725,Lahore,Online,Jackets,Puffer Jacket,1,6480,2950,0,COD,No
702499,2024-05-19,C100097,Lahore,Store,T-Shirts,Classic Cotton Tee,1,1290,830,0,Wallet,No
702500,2024-07-16,C101774,Islamabad,Store,Shoes,Sandals,1,2810,1780,10,Card,Yes
701923,2023-10-06,C100939,Lahore,Store,Kurtas,Embroidered Kurta,1,2800,1290,10,COD,No
703592,2023-12-09,C101063,Islamabad,Online,T-Shirts,Classic Cotton Tee,1,1260,660,20,COD,No
702862,2024-10-22,C100584,Peshawar,Store,Jeans,Slim Fit Jeans,1,3720,2260,0,Wallet,Yes
701722,2024-09-26,C100462,Sialkot,Store,Jackets,Puffer Jacket,2,7010,3190,0,Bank Transfer,No
701808,2024-05-15,C100400,Karachi,Store,Kurtas,Cotton Kurta,1,1980,930,0,Card,No
705032,2023-09-26,C102018,Islamabad,Store,Jackets,Hooded Jacket,1,4880,2460,0,COD,No
702910,2024-04-16,C101324,Karachi,Online,Jeans,High-Waist Jeans,1,4240,2420,20,Wallet,No
700244,2024-12-11,C100906,Karachi,Online,Jackets,Hooded Jacket,2,4650,2610,10,Wallet,No
700403,2024-09-29,C100554,Lahore,Store,Accessories,Leather Belt,1,1200,600,0,COD,No
702514,2024-05-16,C100722,Lahore,Online,Accessories,Tote Bag,1,1560,1010,10,COD,No
703211,2024-04-03,C101096,Lahore,Online,Dresses,Bodycon Dress,1,3610,2210,0,COD,No
700200,2025-03-14,C100294,Multan,Store,Jackets,Puffer Jacket,3,6670,3950,0,Card,No
700717,2023-10-24,C100928,Islamabad,Online,Jackets,Puffer Jacket,1,6870,3980,0,Card,No
700021,2025-06-07,C102167,Karachi,Store,T-Shirts,Polo Shirt,2,2150,1020,0,Card,No
702059,2024-08-21,C101853,Faisalabad,Store,Dresses,Maxi Dress  ,1,4370,2400,0,Bank Transfer,Yes
701634,2023-11-13,C100544,Lahore,Online,Kurtas,Festive Kurta,3,4310,2020,15,Wallet,No
702891,2024-08-12,C100713,Peshawar,Online,Dresses,Bodycon Dress,1,3710,2330,10,Wallet,No
703977,2024-05-27,C100809,Sialkot,Online,Jackets,Bomber Jacket,2,5600,3050,10,COD,Yes
702926,2023-07-11,C100641,Faisalabad,Online,Dresses,Summer Floral Dress,1,3420,1740,0,COD,No
702711,2024-12-02,C101480,Karachi,Online,Jackets,Puffer Jacket,1,6820,3720,0,Wallet,No
701066,2024-05-26,C100372,Karachi,Online,Shoes,Sandals,1,2760,1470,15,COD,No
702406,2024-06-25,C101725,Lahore,Store,Shoes,Boots,2,6900,3440,10,Card,No
705010,2025-04-06,C101220,Lahore,Store,Kurtas,Festive Kurta,1,4120,1870,0,COD,Yes
703264,2024-08-31,C101997,Karachi,Online,Kurtas,Cotton Kurta,1,1930,1020,0,COD,No
701070,2025-03-03,C101653,Lahore,Online,Kurtas,Embroidered Kurta,3,2870,1520,10,COD,No
702169,2025-02-17,C100859,Islamabad,Online,Kurtas,Printed Kurta,1,2430,1370,0,COD,No
701986,2023-10-07,C100616,Faisalabad,Online,jackets,Puffer Jacket,2,6700,3860,0,COD,No
703380,2024-07-07,C102115,Peshawar,Online,Accessories,Leather Belt,1,1170,590,0,Wallet,No
704264,2025-05-27,C101649,Faisalabad,Online,Shoes,Loafers,3,5040,2330,10,Card,No
702240,2023-11-20,C100553,Peshawar,Online,Kurtas,Cotton Kurta,2,1940,1050,20,Wallet,No
705103,2023-12-14,C100584,Peshawar,Online,Jeans,Ripped Jeans,1,3750,2370,30,COD,No
704235,2025-04-22,C100942,Lahore,Store,Kurtas,Printed Kurta,1,2460,1230,20,COD,No
704904,2024-11-18,C100541,Islamabad,Store,Jackets,Hooded Jacket,1,4950,2420,15,COD,No
701258,2025-02-04,C101855,Sialkot,Online,Jackets,Bomber Jacket,1,5100,2970,0,COD,Yes
702611,2024-05-05,C100652,Rawalpindi,Online,T-Shirts,Classic Cotton Tee,3,1220,680,0,,No
700896,2024-06-20,C101495,Islamabad,Online,Accessories,Leather Belt,1,1160,720,0,Card,No
702569,2023-07-25,C101164,Lahore,Online,Shoes,Boots,1,6200,3460,0,COD,No
700730,2024-04-12,C101827,Karachi,Store,Jackets,Denim Jacket,1,5660,3220,15,Bank Transfer,No
702046,2024-11-05,C102122,Karachi,Online,Jackets,Bomber Jacket,2,5160,2470,20,COD,No
700831,2025-01-28,C101601,Lahore,Online,Jackets,Puffer Jacket,3,6800,4120,0,Card,No
701999,2024-04-15,C102044,Sialkot,Store,Shoes,Sandals,3,2940,1460,0,Wallet,No
701491,2024-02-23,C101147,Faisalabad,Online,Accessories,Baseball Cap,1,910,520,10,Wallet,No
704157,2023-09-09,C101336,Lahore,Store,Jeans,Slim Fit Jeans,1,3500,2080,0,Wallet,No
703177,2024-02-29,C101504,Faisalabad,Store,Jeans,High-Waist Jeans,1,4300,2240,0,COD,No
703498,2023-08-02,C100409,Sialkot,Store,Shoes,Loafers,1,5200,3000,0,Card,No
700993,2024-03-21,C100338,Lahore,Store,Shoes,Boots,1,6830,3850,0,Bank Transfer,No
702605,2024-10-08,C101492,Rawalpindi,Online,Accessories,Leather Belt,1,1190,560,0,COD,No
700872,2024-10-21,C100196,Islamabad,Store,T-Shirts,Classic Cotton Tee,2,1260,640,0,COD,No
703805,2024-06-23,C101913,Islamabad,Online,Kurtas,Cotton Kurta,2,1930,980,15,Card,No
702042,2023-12-19,C100162,Lahore,Online,Jackets,Hooded Jacket,1,4970,2950,20,Card,No
700109,2024-08-28,C101489,Karachi,Store,Dresses,Summer Floral Dress,2,3200,1760,0,Card,No
703627,2024-11-15,C101591,Lahore,Store,Jeans,Slim Fit Jeans,3,3510,1970,25,Wallet,No
702517,2024-01-01,C101404,Lahore,Online,Shoes,Loafers,1,5210,3240,0,COD,No
701048,2025-03-02,C100482,Islamabad,Online,Kurtas,Festive Kurta,2,4050,1820,10,Wallet,No
700212,2025-05-09,C101569,Karachi,Online,Accessories,Sunglasses,1,2130,1150,0,COD,No
702262,2024-11-30,C100573,,Store,Jackets,Puffer Jacket,2,6530,3870,0,COD,No
700570,2023-11-05,C100391,Lahore,Online,Kurtas,Embroidered Kurta,1,2930,1630,0,COD,No
703131,2025-01-13,C101940,Lahore,Online,Kurtas,Festive Kurta,1,4280,2480,0,Bank Transfer,No
701025,2023-07-25,C101505,Islamabad,Online,accessories,Leather Belt,1,1240,680,0,Card,No
702911,2024-04-08,C100570,Karachi,Online,Kurtas,Festive Kurta,3,4140,2060,0,COD,No
702349,2023-12-30,C101019,Karachi,Online,Dresses,Summer Floral Dress,3,3100,1520,10,Card,No
702356,2024-03-24,C100960,Islamabad,Online,Jeans,Slim Fit Jeans,1,3570,1780,0,COD,No
702132,2025-03-09,C102062,Islamabad,Online,Shoes,Sneakers,1,4780,2590,0,COD,No
702588,2025-02-15,C101647,Faisalabad,Store,Jackets,Hooded Jacket,1,4750,2360,0,COD,No
704625,2023-08-17,C100217,Lahore,Store,Dresses,Bodycon Dress,2,3960,2250,0,COD,No
702552,2025-04-01,C100063,Faisalabad,Online,Accessories,Tote Bag,1,1610,730,10,COD,No
703791,2023-10-08,C101743,Sialkot,Store,Accessories,Sunglasses,1,2130,1250,0,Card,No
704468,2024-12-13,C100653,Lahore,Store,Jackets,Bomber Jacket,2,5460,3180,15,,No
703894,2023-10-25,C101724,Karachi,Online,Accessories,Tote Bag,2,1620,780,0,Wallet,No
700502,2024-09-15,C101316,Islamabad,Online,Kurtas,Cotton Kurta,1,1830,1080,0,Card,No
704515,2024-01-18,C101506,Faisalabad,Online,Shoes,Sandals,1,2800,1630,0,COD,No
702864,2024-11-16,C100916,Lahore,Online,Shoes,Loafers,1,5100,2400,10,COD,No
700273,2025-02-10,C100481,Lahore,Online,Shoes,Boots,1,6910,4200,0,Card,Yes
700697,2025-06-05,C101435,Sialkot,Online,Jeans,Straight Leg Jeans,2,3340,1640,0,Card,Yes
704356,2025-04-12,C101324,Karachi,Online,T-Shirts,Oversized Tee,1,1880,970,10,COD,No
700198,2025-05-23,C100769,Islamabad,Store,T-Shirts,Oversized Tee,3,1760,1040,10,COD,No
704601,2023-07-19,C100088,Lahore,Online,Kurtas,Cotton Kurta,2,0,890,10,COD,No
701754,2024-03-25,C101751,Lahore,Store,kurtas,Cotton Kurta,2,2000,1230,10,Wallet,No
702643,2024-05-06,C100198,Lahore,Store,Jeans,Slim Fit Jeans,2,3620,2060,10,Card,No
704304,2024-05-03,C101701,Sialkot,Online,Kurtas,Festive Kurta,2,4380,2620,20,COD,No
702687,2025-01-03,C101856,Lahore,Online,Jackets,Hooded Jacket,1,4720,2270,15,COD,No
705161,2023-11-12,C101680,Faisalabad,Store,Jackets,Bomber Jacket,2,5060,2860,0,COD,No
700729,2023-10-06,C100412,Lahore,Online,Jackets,Puffer Jacket,1,6580,2960,0,Wallet,No
703600,2025-02-04,C101420,Rawalpindi,Store,Shoes,Boots,3,6740,4290,0,Card,No
701657,2024-06-10,C100160,lahore,Online,Accessories,Sunglasses,1,2280,1460,0,COD,No
703430,2024-10-09,C102047,Islamabad,Online,Accessories,Baseball Cap,2,940,570,0,COD,No
702725,2025-04-19,C100637,Rawalpindi,Store,Dresses,Wrap Dress,1,4070,2030,0,,No
702982,2024-05-11,C100507,Multan,Store,Kurtas,Printed Kurta,2,2580,1170,10,Wallet,No
700044,2024-10-22,C100388,Lahore,Online,Accessories,Sunglasses,3,2180,1350,0,Card,No
701455,2025-05-03,C101543,Lahore,Store,Shoes,Sneakers,2,4470,2330,0,COD,Yes
700093,2023-12-02,C102075,Islamabad,Online,Jackets,Bomber Jacket,1,5120,3320,0,Card,No
700216,2023-07-18,C100827,Lahore,Online,Accessories,Tote Bag,1,1520,870,0,COD,No
700873,2025-02-19,C100947,Multan,Store,Jackets,Bomber Jacket,3,5020,2560,0,Wallet,No
704287,2025-03-26,C100665,Rawalpindi,Store,Accessories,Leather Belt,2,1180,670,0,Wallet,No
701016,2025-05-29,C102006,Karachi,Store,T-Shirts,Classic Cotton Tee,1,1270,590,0,Wallet,No
702302,2024-02-11,C100269,Lahore,Store,Jackets,Hooded Jacket,2,5120,2800,0,COD,No
701583,2024-08-25,C101235,Lahore,Online,T-Shirts,Graphic Print Tee,1,1480,920,0,COD,No
705009,2023-09-12,C101636,Karachi,Online,Jackets,Hooded Jacket,3,4950,3050,0,COD,No
702644,2023-07-30,C101710,FAISALABAD,Online,T-Shirts,Oversized Tee,1,1760,1100,0,COD,No
700474,2023-08-21,C100287,Karachi,Online,Jeans,Slim Fit Jeans,2,3390,1690,0,COD,No
703444,2024-06-23,C100669,Karachi,Online,Accessories,Tote Bag,1,1660,750,10,COD,No
700111,2023-09-12,C100795,Karachi,Store,T-Shirts,Classic Cotton Tee,1,1170,650,15,Card,No
705036,2025-03-28,C101278,Multan,Store,Shoes,Loafers,1,5110,2760,10,Wallet,Yes
701667,2023-12-24,C100626,Faisalabad,Store,Jackets,Hooded Jacket,2,5060,2910,0,Card,No
703862,2023-10-12,C100493,Karachi,Online,Dresses,Bodycon Dress,2,3650,1810,10,COD,Yes
704044,2025-04-01,C102139,Multan,Online,Shoes,Sneakers,3,4450,2280,15,COD,Yes
701746,2024-12-09,C101622,Faisalabad,Online,Jackets,Hooded Jacket,1,5030,3160,20,Card,No
702252,2024-01-06,C100588,Lahore,Online,Shoes,Boots,1,6550,4010,0,Card,No
701168,2024-03-24,C100100,Peshawar,Store,T-Shirts,Graphic Print Tee,1,1460,820,0,COD,No
703045,2024-09-21,C102156,Lahore,Online,Dresses,Summer Floral Dress,1,3240,1820,0,Wallet,No
704972,2024-10-18,C100192,Lahore,Online,Dresses,Wrap Dress,2,4270,2670,0,COD,No
703197,2024-05-31,C100638,Faisalabad,Store,Kurtas,Cotton Kurta,1,1910,870,15,COD,No
700006,2025-06-18,C101469,Lahore,Online,Kurtas,Cotton Kurta,1,1810,1130,0,Card,No
703169,2024-05-25,C101808,Karachi,Online,Dresses,Bodycon Dress,1,3860,2210,0,COD,No
702146,2023-10-05,C101561,Islamabad,Online,Jeans,Ripped Jeans,1,3890,1800,0,COD,No
700670,2023-10-04,C100694,Peshawar,Online,Jackets,Puffer Jacket,1,6520,3210,0,Card,No
704149,2025-01-27,C100739,Karachi,Online,Jeans,Straight Leg Jeans,2,3430,2070,0,COD,No
701954,2025-04-09,C102151,Lahore,Store,Accessories,Sunglasses,1,2220,1350,10,COD,No
702014,2023-10-30,C101013,Sialkot,Store,Jeans,Slim Fit Jeans,2,3430,2170,10,Card,No
701206,2024-11-05,C100051,Lahore,Online,Jackets,Hooded Jacket,3,4920,2540,10,Card,No
705162,2024-09-27,C102156,Lahore,Store,Dresses,Bodycon Dress,1,3880,2050,10,COD,No
703669,2025-04-14,C101026,Sialkot,Store,Jeans,Slim Fit Jeans,3,3420,1660,20,Card,Yes
701917,2025-04-06,C100538,Lahore,Online,Jeans,Straight Leg Jeans,3,3110,1860,20,Card,No
704348,2023-11-23,C100573,Faisalabad,Store,Kurtas,Embroidered Kurta,1,2870,1460,30,COD,No
704108,2024-06-03,C101527,Karachi,Online,Shoes,Sneakers,1,4320,2220,0,COD,No
701942,2023-08-16,C100457,Karachi,Store,Shoes,Boots,1,6700,3300,0,COD,No
701510,2025-03-23,C101176,Karachi,Online,Kurtas,Cotton Kurta,1,1910,930,10,Wallet,No
700198,2025-05-23,C100769,Islamabad,Store,Jeans,High-Waist Jeans,2,4270,2740,20,COD,No
700900,2024-12-08,C101562,Peshawar,Online,Dresses,Summer Floral Dress,2,3120,1710,25,COD,No
704385,2025-05-04,C101844,Lahore,Online,Accessories,Leather Belt,1,1260,790,0,COD,Yes
704374,2024-04-07,C101019,Karachi,Online,Kurtas,Embroidered Kurta,1,2770,1400,10,COD,Yes
701272,2023-08-28,C100520,Multan,Store,Shoes,Sandals,3,2810,1560,0,Wallet,No
704151,2024-10-13,C101462,Lahore,Store,Kurtas,Festive Kurta,1,4150,2260,0,COD,No
704004,2023-10-23,C100953,Lahore,Store,Jackets,Hooded Jacket,1,4900,2660,10,COD,Yes
702934,2023-11-05,C100708,Karachi,Store,Shoes,Sandals,3,2790,1580,20,Bank Transfer,No
703372,2023-12-12,C100155,Rawalpindi,Online,Kurtas,Festive Kurta,2,4220,2410,0,COD,No
702065,2023-07-30,C100408,Lahore,Online,Jeans,High-Waist Jeans,1,4490,2820,0,Bank Transfer,No
703539,2025-06-22,C100691,Peshawar,Online,T-Shirts,Classic Cotton Tee,2,1180,720,0,COD,No
701398,2023-12-21,C100644,Islamabad,Online,Dresses,Maxi Dress,1,4780,2990,10,Card,No
700125,2025-04-09,C101225,Peshawar,Online,Jeans,High-Waist Jeans,3,4360,2210,10,Card,No
703381,2024-03-07,C101520,Karachi,Online,Dresses,Bodycon Dress,1,4000,2510,0,COD,No
704376,2024-10-13,C100763,Lahore,Store,Jeans,Slim Fit Jeans,2,3480,2140,15,Card,No
700120,2023-07-19,C100914,Sialkot,Store,Shoes,Sneakers,2,4460,2380,10,Bank Transfer,Yes
700275,2024-08-26,C101903,Lahore,Online,Accessories,Baseball Cap,1,930,430,15,Card,No
705108,2024-06-09,C102141,Karachi,Online,Accessories,Leather Belt,2,1260,620,0,COD,No
704430,2025-05-31,C101033,Peshawar,Online,Kurtas,Cotton Kurta,2,2020,1020,20,COD,No
700061,2023-08-17,C101492,Rawalpindi,Online,T-Shirts,Classic Cotton Tee,1,1220,720,10,COD,No
702362,2024-12-12,C100480,Karachi,Online,Shoes,Sneakers,3,4420,2870,25,Wallet,No
701541,2024-10-20,C101591,Lahore,Online,Jackets,Denim Jacket,1,5610,2830,0,Card,Yes
704168,2024-03-18,C101104,Lahore,Online,Jackets,Bomber Jacket,2,5470,2740,0,Card,No
701504,2024-06-09,C101434,Lahore,Online,Shoes,Sneakers,1,4460,2490,0,Card,No
705150,2024-07-05,C100329,Karachi,Online,Accessories,Sunglasses,2,2130,1190,0,Wallet,No
702661,2025-03-09,C101668,Lahore,Online,T-Shirts,Classic Cotton Tee,1,1250,710,0,COD,No
704307,2024-12-02,C100701,Karachi,Store,Accessories,Sunglasses,2,2290,1340,20,COD,No
701386,2024-10-25,C100564,Rawalpindi,Store,Jackets,Bomber Jacket,3,5580,2970,0,Card,No
705192,2023-10-15,C102192,Rawalpindi,Online,Dresses,Bodycon Dress,1,3880,1850,15,Wallet,No
702473,2025-05-10,C100708,Karachi,Store,T-Shirts,Graphic Print Tee,2,1580,770,15,Card,No
703779,2024-01-25,C100521,Karachi,Online,Shoes,Loafers,1,5460,3320,0,COD,No
701385,2024-02-23,C100254,Lahore,Store,Dresses,Maxi Dress,2,4390,2130,15,COD,No
704959,2024-09-15,C101203,Rawalpindi,Store,JEANS,Straight Leg Jeans,2,3070,1830,0,Card,No
701603,2024-10-26,C101436,Lahore,Online,Accessories,Tote Bag,1,1590,790,0,Card,No
701629,2023-09-05,C102001,Karachi,Store,Kurtas,Embroidered Kurta,1,2670,1720,0,Card,Yes
702902,2025-05-02,C100332,Rawalpindi,Online,Kurtas,Embroidered Kurta,1,2850,1790,15,COD,No
701225,2023-12-02,C100406,Karachi,Store,Dresses,Wrap Dress,1,4140,2050,30,Card,No
700364,2024-02-23,C101344,Sialkot,Store,Jackets,Hooded Jacket,1,5030,2980,10,Bank Transfer,No
701871,2023-12-08,C101607,Karachi,Online,Jackets,Puffer Jacket,2,6560,3230,15,Card,No
700952,2023-12-15,C100302,Islamabad,Store,Jackets,Hooded Jacket,2,5080,2970,15,Wallet,Yes
701796,2024-02-29,C100267,Lahore,Store,Dresses,Wrap Dress,1,3840,2470,0,Card,Yes
702743,2024-02-15,C102058,Lahore,Store,Accessories,Leather Belt,2,1170,570,10,COD,No
701585,2023-07-22,C100210,RAWALPINDI,Store,Kurtas,Embroidered Kurta,1,2940,1790,0,COD,No
704863,2025-06-10,C100632,Lahore,Online,Jeans,Ripped Jeans,3,3780,2030,0,Card,No
701214,2024-05-18,C100001,Karachi,Store,Jeans,High-Waist Jeans,2,4430,2750,15,COD,No
700062,2025-03-04,C100239,Lahore,Online,Kurtas,Festive Kurta,1,4010,2540,0,COD,No
701359,2024-01-09,C101927,,Online,Dresses,Summer Floral Dress,1,3330,1600,0,Wallet,No
703298,2024-10-25,C100167,Faisalabad,Online,Dresses,Summer Floral Dress,1,3110,2010,0,Card,No
704700,2025-04-10,C100394,Lahore,Store,Accessories,Baseball Cap,1,900,560,0,COD,No
701500,2023-07-27,C100999,Karachi,Online,Accessories,Leather Belt,2,1210,580,0,Bank Transfer,No
700776,2024-10-15,C101827,Karachi,Online,Kurtas,Cotton Kurta,2,1950,880,0,COD,No
703585,2024-05-13,C100106,karachi,Online,T-Shirts,Classic Cotton Tee,2,1210,540,10,Card,No
701114,2024-09-27,C102049,Karachi,Online,Shoes,Sneakers,1,4680,2130,10,COD,No
705130,2023-07-10,C101861,Sialkot,Online,Kurtas,Embroidered Kurta,1,2870,1590,0,Bank Transfer,No
705198,2024-03-07,C100680,Lahore,Store,Jeans,Straight Leg Jeans  ,3,3140,1530,0,Bank Transfer,No
703532,2025-05-10,C101943,Lahore,Online,Kurtas,Printed Kurta,2,2340,1440,10,COD,No
701452,2024-01-10,C102191,Islamabad,Store,Kurtas,Cotton Kurta,3,1940,880,0,Card,No
703071,2025-02-08,C100124,Lahore,Store,Jackets,Denim Jacket,2,5340,2470,0,COD,No
702153,2023-07-06,C101488,Peshawar,Store,T-Shirts,Oversized Tee,2,1800,980,0,COD,No
703841,2023-08-31,C101019,Karachi,Online,Dresses,Summer Floral Dress,1,3120,1550,10,Bank Transfer,Yes
703459,2024-04-13,C102126,Karachi,Online,Shoes,Boots,1,6560,3360,0,Card,Yes
702117,2024-12-17,C100181,Peshawar,Online,jeans,Straight Leg Jeans,1,3080,1640,25,Wallet,No
700227,2025-06-30,C101210,Faisalabad,Online,Kurtas,Cotton Kurta,1,1830,1150,0,Wallet,No
700635,2024-10-13,C101489,Karachi,Online,T-Shirts,Polo Shirt  ,2,2210,1100,0,Card,No
701663,2023-07-15,C100590,Peshawar,Online,T-Shirts,Classic Cotton Tee,2,1270,650,0,COD,No
703296,2025-03-13,C100069,Karachi,Store,Kurtas,Printed Kurta,2,2350,1360,0,Bank Transfer,No
703258,2023-09-07,C100915,Sialkot,Online,Kurtas,Printed Kurta,2,2540,1550,0,Wallet,No
702907,2024-02-25,C102109,Lahore,Online,Dresses,Summer Floral Dress,2,3080,1840,10,Card,No
702203,2025-03-08,C101038,Karachi,Store,Jeans,High-Waist Jeans,2,4460,2710,15,COD,No
704925,2024-02-03,C101612,Faisalabad,Online,Kurtas,Festive Kurta,2,4110,2420,0,COD,Yes
701623,2023-08-04,C100857,Multan,Online,T-Shirts,Oversized Tee,2,1900,900,10,Card,No
700247,2024-05-09,C100206,Lahore,Store,Dresses,Maxi Dress,1,4430,2310,0,,No
701935,2023-07-28,C100950,Islamabad,Store,T-Shirts,Classic Cotton Tee,1,1220,740,0,Card,No
705044,2024-12-16,C100540,Sialkot,Store,Accessories,Sunglasses,2,2110,1070,25,COD,No
704603,2025-06-26,C100182,Islamabad,Online,Kurtas,Printed Kurta,1,2470,1330,0,Wallet,No
701062,2024-03-21,C100880,Karachi,Store,Jackets,Puffer Jacket,2,6900,3290,0,COD,No
704990,2024-08-08,C101796,Islamabad,Online,Shoes,Boots,2,6660,3030,10,Card,No
702669,2024-12-03,C101019,Karachi,Store,Shoes,Sandals,1,2920,1420,0,Card,No
703354,2025-05-02,C100423,Lahore,Store,Dresses,Maxi Dress,1,4760,2750,10,COD,No
701460,2025-05-18,C100240,Multan,Online,Kurtas,Printed Kurta,1,2510,1210,0,COD,No
704314,2024-05-13,C102103,peshawar,Store,Dresses,Bodycon Dress,1,3680,2370,15,Wallet,No
704304,2024-05-03,C101701,Sialkot,Online,Kurtas,Embroidered Kurta,1,2860,1310,15,COD,No
702932,2025-03-11,C101973,Karachi,Online,Jackets,Puffer Jacket,2,6910,4090,15,Wallet,No
705196,2023-11-26,C101571,Islamabad,Online,Shoes,Sneakers,1,4360,2110,0,Card,Yes
703193,2024-07-17,C100793,Lahore,Store,T-Shirts,Classic Cotton Tee,1,1250,810,0,Wallet,No
704856,2025-05-30,C101295,Karachi,Store,Accessories,Baseball Cap,1,860,530,20,COD,No
703029,2024-02-21,C101142,Multan,Store,Shoes,Sneakers,1,4830,2220,0,Card,No
703376,2023-07-23,C101811,Karachi,Store,T-Shirts,Graphic Print Tee,1,1470,700,0,Wallet,No
704255,2025-01-28,C101808,Karachi,Store,Jeans,Straight Leg Jeans,3,3160,1780,10,Card,No
701237,2024-01-21,C101706,Lahore,Online,Jeans,Straight Leg Jeans,2,3160,1450,0,Wallet,No
704317,2024-05-11,C101002,Lahore,Online,Accessories,Leather Belt,1,1160,630,0,Card,No
702304,2023-07-25,C102188,Karachi,Online,Kurtas,Printed Kurta,1,2450,1410,15,COD,No
702022,2024-08-29,C100689,Islamabad,Online,Jeans,Straight Leg Jeans,1,3240,1950,0,Card,Yes
700833,2023-07-12,C100729,Islamabad,Online,Jeans,High-Waist Jeans,1,4120,2080,0,COD,No
703793,2025-01-26,C101994,Karachi,Online,Shoes,Boots,3,6720,4020,0,Card,No
700932,2024-10-22,C101258,Islamabad,Store,Jeans,High-Waist Jeans,1,4440,2430,0,Card,No
702749,2023-07-13,C101394,Multan,Store,Jeans,Straight Leg Jeans,2,3140,1690,10,Wallet,No
702892,2023-11-14,C100819,Karachi,Store,Jeans,Straight Leg Jeans,1,3190,1900,10,COD,No
701876,2024-08-15,C101022,Sialkot,Online,Kurtas,Festive Kurta,1,4350,2710,0,Card,No
702395,2025-01-05,C100969,Lahore,Online,Shoes,Sneakers,1,4550,2820,0,Bank Transfer,No
705107,2024-07-04,C101868,Islamabad,Store,T-Shirts,Polo Shirt,1,2120,1150,0,COD,No
702702,2024-05-30,C100371,Karachi,Online,Kurtas,Festive Kurta,1,4130,2140,10,Bank Transfer,No
705000,2025-04-27,C101715,Faisalabad,Online,Tshirts,Graphic Print Tee,2,1560,940,10,Bank Transfer,No
704155,2024-04-29,C100284,Islamabad,Online,Shoes,Loafers,2,5000,2290,10,Card,No
700762,2023-11-22,C101608,Karachi,Online,Shoes,Sandals,3,2680,1270,10,COD,No
700542,2025-04-06,C102109,Lahore,Store,T-Shirts,Graphic Print Tee,2,1580,860,20,COD,No
702950,2025-01-03,C100789,Islamabad,Online,T-Shirts,Oversized Tee,1,1810,980,0,Card,Yes
701647,2023-11-08,C100417,Faisalabad,Online,Jeans,High-Waist Jeans,1,4450,2020,0,Wallet,No
703616,2024-12-06,C100711,Rawalpindi,Online,Accessories,Leather Belt,1,1220,610,30,COD,No
704779,2024-12-01,C101890,Lahore,Online,Kurtas,Printed Kurta,2,2540,1600,20,COD,No
702685,2023-10-16,C100948,Multan,Online,Shoes,Boots,2,6310,3840,0,Card,No
704061,2024-12-13,C101720,Lahore,Store,Jackets,Puffer Jacket,3,6510,4090,10,COD,Yes
702238,2025-03-02,C101489,Karachi,Online,Accessories,Leather Belt,2,1250,690,0,Card,No
703252,2025-03-27,C101069,Karachi,Online,Kurtas,Cotton Kurta,1,2040,980,15,COD,No
700406,2024-07-04,C101216,Karachi,Online,Dresses,Summer Floral Dress,2,3320,1710,0,COD,Yes
700804,2024-05-01,C101425,Karachi,Store,Shoes,Sneakers,1,4590,2900,10,Wallet,No
704977,2023-07-08,C100410,Rawalpindi,Store,Accessories,Leather Belt,1,1220,660,0,Card,No
701352,2023-07-12,C101425,Karachi,Store,Dresses,Maxi Dress,2,4300,2320,0,COD,Yes
704049,2023-11-25,C101235,LAHORE,Store,Dresses,Summer Floral Dress,2,3220,1600,0,COD,No
700476,2025-05-08,C100567,Lahore,Online,Dresses,Wrap Dress,1,4070,2640,0,Wallet,No
701660,2023-07-03,C101137,Karachi,Online,Dresses,Bodycon Dress,3,3940,2210,15,Wallet,No
703966,2023-07-31,C101002,Lahore,Online,Dresses,Bodycon Dress,1,3650,1770,0,Card,No
702333,2023-11-16,C100214,,Online,Accessories,Baseball Cap,1,870,410,30,COD,No
705093,2025-04-16,C100181,Peshawar,Online,Kurtas,Printed Kurta,2,2300,1320,15,Card,No
700346,2025-06-15,C100482,Islamabad,Online,Shoes,Sandals,1,2990,1930,0,COD,Yes
705043,2024-12-11,C100587,Karachi,Online,Jackets,Hooded Jacket,1,4970,2740,0,Card,No
700272,2024-11-07,C101735,Faisalabad,Online,Jackets,Puffer Jacket,1,7000,4510,0,COD,No
705063,2025-03-03,C100229,Lahore,Store,Kurtas,Festive Kurta,1,4140,2120,0,Wallet,No
701096,2023-11-19,C101771,Faisalabad,Online,SHOES,Sneakers,3,4830,2390,0,Card,No
704219,2024-11-19,C101720,,Online,Dresses,Summer Floral Dress,1,3350,2140,15,Wallet,No
700491,2025-01-07,C100362,Lahore,Online,Accessories,Baseball Cap  ,1,950,490,0,Card,No
702493,2024-03-23,C101988,Sialkot,Online,accessories,Baseball Cap,3,920,550,0,Bank Transfer,No
701103,2025-03-12,C102060,Sialkot,Store,Jeans,Straight Leg Jeans,3,3090,1980,10,Card,No
700812,2024-02-03,C100482,Islamabad,Store,Shoes,Boots,3,6640,3400,0,Wallet,No
701339,2023-07-17,C100652,Rawalpindi,Online,Accessories,Baseball Cap,1,860,460,0,Card,No
700109,2024-08-28,C101489,Karachi,Store,Jeans,Ripped Jeans,1,3820,2290,15,Card,No
702937,2024-04-29,C101419,Sialkot,Store,T-Shirts,Classic Cotton Tee,1,1160,700,0,Bank Transfer,No
700301,2025-01-09,C101952,FAISALABAD,Store,Shoes,Sneakers,2,4470,2800,0,COD,No
703968,2024-04-02,C101399,Karachi,Online,Shoes,Sneakers,1,4370,2030,0,COD,No
703543,2024-06-24,C100462,Sialkot,Online,Jeans,Straight Leg Jeans,2,3130,1420,0,Card,No
702050,2025-06-09,C100491,Rawalpindi,Online,T-Shirts,Oversized Tee,1,1900,990,10,COD,No
700363,2025-02-03,C100826,Islamabad,Store,Jackets,Puffer Jacket,1,6710,3980,0,Card,No
702941,2024-08-30,C101506,Faisalabad,Store,Accessories,Leather Belt,1,1160,640,0,Bank Transfer,No
700127,2025-03-01,C101432,Lahore,Online,Jeans,Slim Fit Jeans,2,3470,2240,0,Card,No
702074,2024-03-04,C100077,Rawalpindi,Store,Dresses,Wrap Dress,1,4280,2170,0,COD,No
702079,2023-10-02,C102028,Islamabad,Online,Shoes,Loafers,1,5280,3210,15,Card,No
701257,2025-01-25,C100386,Rawalpindi,Online,Shoes,Boots,1,6350,3060,0,Card,No
703685,2025-02-05,C100017,Lahore,Store,Shoes,Sneakers,1,4670,2820,0,Card,No
700587,2025-03-28,C100792,Karachi,Online,Jeans,Slim Fit Jeans,1,3390,1560,15,Wallet,No
703857,2023-07-24,C100703,Multan,Online,Dresses,Maxi Dress,1,4420,2620,10,Card,No
705149,2024-07-07,C101458,Sialkot,Store,Kurtas,Cotton Kurta,1,1950,1050,0,Wallet,No
703395,2024-11-28,C100050,Lahore,Online,Accessories,Leather Belt,3,1150,660,30,COD,No
702288,2025-06-04,C101019,Karachi,Online,Accessories,Baseball Cap,2,880,450,15,Bank Transfer,No
702364,2023-12-26,C101925,Lahore,Online,Kurtas,Cotton Kurta,3,1950,1190,10,Wallet,No
700550,2025-04-05,C100746,Karachi,Online,Accessories,Tote Bag,2,1600,1020,0,Card,No
704448,2023-10-18,C100633,Karachi,Store,Shoes,Sandals,2,2810,1310,0,Card,Yes
701797,2025-02-21,C101710,Faisalabad,Online,Jackets,Denim Jacket,3,5420,2810,0,COD,No
700078,2025-03-08,C100388,Lahore,Store,T-Shirts,Oversized Tee,1,1730,970,0,Card,No
703715,2023-11-24,C101902,Multan,Online,Jeans,Slim Fit Jeans,1,3450,1990,20,COD,No
702071,2024-07-18,C100684,Islamabad,Online,T-Shirts,Polo Shirt,2,2320,1470,0,Card,No
701357,2025-01-24,C100713,Peshawar,Online,Accessories,Sunglasses,2,2140,990,10,Card,No
704295,2024-05-07,C101160,Lahore,Online,Accessories,Leather Belt,3,1270,640,15,Card,No
700517,2024-05-11,C102137,Faisalabad,Store,Shoes,Loafers,1,5600,2940,0,COD,No
703160,2025-03-25,C100004,Lahore,Online,Jeans,Straight Leg Jeans,2,3070,1690,0,Card,No
702075,2024-03-23,C100708,karachi,Store,Shoes,Sandals,1,2670,1340,10,COD,No
701925,2024-02-07,C100037,Karachi,Store,Shoes,Sneakers,1,4690,2940,0,Card,No
704100,2025-02-16,C100706,Faisalabad,Online,Dresses,Maxi Dress,3,4570,2330,10,COD,No
703443,2024-11-23,C101827,Karachi,Store,Kurtas,Cotton Kurta,2,2040,1320,15,COD,No
703564,2024-05-04,C101871,Karachi,Online,Jeans,Slim Fit Jeans,2,3670,1710,20,COD,No
700134,2024-04-12,C100112,Karachi,Online,Kurtas,Cotton Kurta,1,1920,1110,0,Card,No
704514,2024-06-30,C100831,Islamabad,Online,T-Shirts,Classic Cotton Tee,2,1260,690,0,Card,No
702297,2024-09-30,C100910,Faisalabad,Online,T-Shirts,Graphic Print Tee,3,1520,940,0,Card,No
702705,2024-10-15,C102116,Karachi,Online,Accessories,Leather Belt,3,1170,660,15,COD,No
703527,2024-02-25,C102118,Lahore,Online,Dresses,Summer Floral Dress  ,1,3300,1890,0,COD,No
703114,2025-03-25,C100948,Multan,Online,Dresses,Wrap Dress,1,3970,2060,0,Bank Transfer,No
701210,2023-11-28,C100658,islamabad,Online,Dresses,Summer Floral Dress,1,3200,2040,20,Bank Transfer,No
700585,2023-07-17,C100509,Lahore,Store,Shoes,Sandals,1,2810,1430,0,COD,No
703508,2025-03-06,C101010,Rawalpindi,Store,T-Shirts,Classic Cotton Tee,3,1240,660,10,COD,No
704528,2025-01-03,C102006,Karachi,Store,Dresses,Wrap Dress  ,2,4090,1940,0,COD,No
703369,2024-04-21,C100668,Karachi,Online,Jackets,Bomber Jacket,1,5130,2320,15,Wallet,No
700194,2025-04-21,C101224,Lahore,Store,Jeans,Slim Fit Jeans,1,3760,2220,0,COD,No
703674,2024-06-12,C100273,Islamabad,Online,Dresses,Wrap Dress,2,4050,1970,0,COD,No
703563,2024-07-29,C102080,Karachi,Online,Kurtas,Embroidered Kurta,2,2850,1540,0,Card,No
705040,2024-08-28,C102028,ISLAMABAD,Online,Dresses,Summer Floral Dress,1,3210,1730,10,COD,No
701596,2025-02-02,C101540,Multan,Online,Jackets,Puffer Jacket,3,7250,4160,15,COD,No
701994,2024-07-17,C101774,Islamabad,Store,T-Shirts,Graphic Print Tee,1,1500,770,0,COD,No
701937,2025-03-28,C102134,Islamabad,Online,Jeans,Ripped Jeans,1,3870,2360,0,COD,Yes
702832,2024-07-14,C102115,Peshawar,Store,T-Shirts,Graphic Print Tee,1,1500,880,0,COD,No
702338,2024-11-14,C100201,Sialkot,Store,Accessories,Sunglasses,3,2240,1120,15,Bank Transfer,No
703633,2024-08-28,C101853,Faisalabad,Online,Accessories,Tote Bag,3,1540,780,0,Card,No
700121,2024-02-10,C100948,Multan,Store,Accessories,Sunglasses,2,2130,1370,0,Card,No
701054,2024-01-14,C101175,Faisalabad,Online,Accessories,Sunglasses,1,2310,1100,0,COD,No
703306,2024-04-19,C101881,Islamabad,Online,Jeans,Ripped Jeans,1,3730,2130,20,COD,No
700059,2025-06-17,C100555,Lahore,Store,Jeans,High-Waist Jeans,1,4210,2400,15,Card,No
703257,2023-10-04,C101358,Rawalpindi,Store,Accessories,Sunglasses,1,2190,1290,0,COD,No
700461,2024-09-04,C101715,Faisalabad,Store,Kurtas,Cotton Kurta,3,2040,1280,0,Card,No
703646,2024-02-28,C101009,Karachi,Online,Shoes,Sandals,1,2940,1420,0,Wallet,No
700596,2025-06-13,C101209,Karachi,Store,Shoes,Boots,1,6830,3320,0,Card,No
701687,2024-02-02,C101950,Sialkot,Online,Shoes,Sneakers,3,4570,2940,0,Bank Transfer,No
700561,2025-06-19,C101056,Peshawar,Online,Shoes,Loafers,1,5430,2750,0,COD,No
700923,2024-10-07,C101028,Faisalabad,Online,Accessories,Tote Bag,1,1700,1000,0,Bank Transfer,No
704221,2023-08-24,C101790,Faisalabad,Online,Dresses,Maxi Dress,1,4610,2740,0,COD,No
703757,2024-12-08,C100042,Rawalpindi,Online,Kurtas,Cotton Kurta,1,1930,940,20,Card,No
701329,2024-05-22,C101565,Karachi,Store,Jeans,High-Waist Jeans,1,4310,2170,0,COD,No
703047,2024-04-10,C100291,Lahore,Online,Kurtas,Cotton Kurta,1,1840,860,0,Card,No
703878,2024-05-27,C100230,Lahore,Online,Shoes,Sneakers,1,4290,1990,10,Bank Transfer,Yes
702366,2023-11-09,C101528,Lahore,Store,Accessories,Leather Belt,1,1220,600,0,COD,No
701297,2024-06-07,C100680,Lahore,Online,Dresses,Bodycon Dress,2,3980,1830,0,Card,No
703818,2024-09-05,C101117,Faisalabad,Online,Jeans,Slim Fit Jeans,1,3410,2130,0,Bank Transfer,No
702702,2024-05-30,C100371,Karachi,Online,T-Shirts,Polo Shirt  ,1,2140,1080,15,Bank Transfer,No
703420,2023-08-30,C100472,Lahore,Store,Dresses,Maxi Dress  ,3,4720,2440,0,Card,No
703663,2024-09-14,C102099,Lahore,Store,Kurtas,Cotton Kurta,3,1960,1180,0,Card,No
701725,2024-11-14,C100065,Islamabad,Store,T-Shirts,Graphic Print Tee,3,1580,710,30,Bank Transfer,No
703424,2024-11-20,C101465,Rawalpindi,Online,Kurtas,Cotton Kurta,1,1990,910,0,COD,No
700940,2023-10-24,C101864,Islamabad,Online,Jeans,Straight Leg Jeans,1,3150,1940,15,COD,No
700031,2025-02-03,C101182,Lahore,Online,Shoes,Sandals,1,2790,1260,0,COD,No
700033,2025-05-29,C100804,Lahore,Online,Kurtas,Festive Kurta,3,4290,1970,0,Card,No
702110,2023-09-23,C100386,Rawalpindi,Online,T-Shirts,Oversized Tee,2,1920,910,0,Card,No
701883,2024-12-22,C100703,Multan,Online,Jackets,Puffer Jacket,1,7000,3300,10,Card,No
702542,2024-11-30,C100229,Lahore,Store,Jeans,High-Waist Jeans,1,4410,2050,15,Bank Transfer,No
700676,2024-02-29,C101969,Islamabad,Store,T-Shirts,Classic Cotton Tee,3,1260,740,0,Card,No
701418,2024-05-22,C100655,Karachi,Online,Dresses,Wrap Dress,2,4020,2280,0,Wallet,No
700062,2025-03-04,C100239,Lahore,Online,Kurtas,Cotton Kurta,1,1820,960,0,COD,No
705070,2024-03-04,C100448,Lahore,Online,Jackets,Hooded Jacket,2,5150,2890,0,Card,No
703044,2024-09-03,C100012,Rawalpindi,Online,Shoes,Loafers,1,4940,2900,0,COD,No
701556,2024-10-13,C101193,Sialkot,Online,Jackets,Bomber Jacket,1,5460,3140,0,COD,No
700474,2023-08-21,C100287,Karachi,Online,T-Shirts,Classic Cotton Tee,1,1230,620,0,COD,No
702218,2023-08-30,C101593,Karachi,Store,Jackets,Denim Jacket,2,5650,3670,0,Wallet,No
704568,2025-02-02,C101808,Karachi,Online,T-Shirts,Classic Cotton Tee,2,1190,730,0,COD,No
700586,2024-09-19,C100198,Lahore,Online,T-Shirts,Oversized Tee,2,1760,990,15,COD,No
704165,2023-09-02,C102187,Islamabad,Online,Accessories,Baseball Cap,3,890,430,0,COD,No
700805,2023-08-10,C100408,Lahore,Store,Accessories,Baseball Cap  ,1,910,490,0,Bank Transfer,No
703295,2024-02-08,C101881,Islamabad,Store,Dresses,Bodycon Dress,3,3810,2290,0,COD,Yes
702398,2025-03-07,C100469,Islamabad,Online,Dresses,Wrap Dress,2,4280,2760,0,Card,No
701356,2025-06-22,C102141,Karachi,Online,Accessories,Sunglasses  ,1,2340,1260,0,Wallet,No
700173,2025-05-15,C100860,Faisalabad,Online,Accessories,Leather Belt,1,1220,740,0,Card,No
701620,2024-04-23,C101417,Islamabad,Online,Accessories,Leather Belt,2,1250,720,0,Wallet,No
700254,2025-05-05,C101355,Lahore,Store,Kurtas,Printed Kurta,3,2500,1550,0,COD,No
702553,2024-08-15,C101211,Multan,Online,Kurtas,Embroidered Kurta,2,2800,1770,0,COD,No
702392,2024-04-07,C100105,Rawalpindi,Online,Accessories,Baseball Cap,2,870,450,0,Card,No
700158,2024-01-15,C100804,Lahore,Online,Jeans,High-Waist Jeans,1,4160,2630,0,COD,No
701430,2025-04-24,C100980,Sialkot,Store,Jackets,Denim Jacket,3,5450,2830,0,COD,No
701638,2024-07-14,C101467,Lahore,Online,Shoes,Sandals,1,2750,1690,0,COD,No
703352,2024-01-06,C101540,Multan,Online,Jeans,Slim Fit Jeans,1,3400,1720,0,Card,No
700083,2023-10-10,C100665,Rawalpindi,Online,Kurtas,Festive Kurta,1,4190,2460,0,Card,No
701899,2024-05-15,C101990,Lahore,Online,T-Shirts,Polo Shirt,2,2190,1270,0,COD,No
702700,2025-06-29,C101755,Islamabad,Online,Dresses,Wrap Dress,1,4140,2650,0,COD,No
700655,2024-03-15,C101461,Islamabad,Store,Kurtas,Cotton Kurta,3,1830,1170,0,COD,No
700350,2024-07-22,C100428,Lahore,Online,T-Shirts,Classic Cotton Tee,2,1270,790,0,Card,No
702953,2023-11-16,C101995,Faisalabad,Online,Shoes,Sneakers,2,4480,2570,15,Card,Yes
703139,2024-11-22,C100938,Peshawar,Online,T-Shirts,Graphic Print Tee,1,1570,720,15,Card,No
700386,2024-06-13,C100470,Karachi,Online,Kurtas,Embroidered Kurta,1,3000,1450,0,Wallet,No
700467,2024-08-26,C101504,Faisalabad,Online,T-Shirts,Oversized Tee,2,1930,1220,0,COD,No
703484,2024-03-26,C100371,Karachi,Online,Dresses,Maxi Dress,1,4500,2900,0,Card,No
704910,2023-12-14,C101845,Islamabad,Online,Kurtas,Printed Kurta,3,2510,1160,15,COD,No
700840,2023-07-17,C100490,Rawalpindi,Store,Accessories,Baseball Cap,1,910,570,0,COD,No
701731,2024-05-22,C100748,Faisalabad,Store,Shoes,Sneakers,3,4460,2090,0,COD,No
700949,2024-12-20,C101931,Islamabad,Store,Jackets,Puffer Jacket,2,7130,4540,15,COD,No
702177,2025-03-16,C101295,Karachi,Online,Jeans,Slim Fit Jeans,1,3580,1980,0,COD,Yes
703552,2024-11-23,C101817,Karachi,Online,Shoes,Sneakers,2,4490,2470,20,Card,No
700980,2023-08-20,C100128,Lahore,Store,Shoes,Loafers,2,5200,2420,0,Card,No
704000,2024-04-27,C101688,Islamabad,Online,Dresses,Bodycon Dress,1,3770,1830,15,COD,No
701234,2024-04-02,C100736,Lahore,Store,T-Shirts,Oversized Tee,3,1740,1060,0,COD,No
704886,2023-07-19,C101369,Karachi,Store,T-Shirts,Polo Shirt,2,2300,1270,0,COD,No
704609,2025-01-21,C100539,Multan,Online,Shoes,Boots,1,6990,4150,0,COD,No
700612,2025-06-04,C100877,Karachi,Online,Accessories,Baseball Cap,1,880,540,0,COD,No
704062,2023-11-20,C100308,Karachi,Store,Shoes,Sandals,2,2780,1610,10,Card,No
702892,2023-11-14,C100819,Karachi,Store,Jackets,Puffer Jacket,2,6680,3670,15,COD,Yes
702918,2024-03-18,C100021,Karachi,Online,Dresses,Summer Floral Dress,1,3430,1800,0,Wallet,No
702208,2024-11-10,C100902,Lahore,Store,Jeans,Straight Leg Jeans,1,3350,1630,20,COD,No
705152,2025-04-25,C100124,Lahore,Store,Kurtas,Printed Kurta,2,2360,1200,10,Wallet,No
701806,2024-01-18,C100009,Karachi,Online,T-Shirts,Oversized Tee,1,1710,980,0,COD,No
704330,2024-03-21,C101596,Lahore,Online,Shoes,Sandals,2,2990,1850,0,COD,No
701075,2024-01-23,C101883,Faisalabad,Online,Shoes,Boots,3,6320,3920,0,COD,No
702995,2023-12-24,C101797,Karachi,Online,T-Shirts,Graphic Print Tee,1,1520,860,15,Card,No
701001,2025-05-20,C101246,Islamabad,Store,Shoes,Sandals,2,2780,1800,15,Card,No
701199,2023-07-29,C100227,Islamabad,Online,T-Shirts,Polo Shirt,1,2330,1380,0,Wallet,No
702688,2023-10-02,C101836,Lahore,Online,Dresses,Bodycon Dress,2,4080,2130,0,COD,No
701315,2024-07-11,C101679,Islamabad,Online,Shoes,Sneakers,1,4760,2390,0,Card,No
700248,2023-07-13,C100005,Sialkot,Store,Kurtas,Festive Kurta,2,4390,2610,0,COD,No
704835,2024-07-14,C101947,Peshawar,Online,Shoes,Boots,1,6210,3320,0,COD,Yes
702364,2023-12-26,C101925,Lahore,Online,T-Shirts,Graphic Print Tee,1,1610,1040,10,Wallet,No
703492,2024-04-14,C100427,Multan,Online,T-Shirts,Classic Cotton Tee,1,1200,730,20,Wallet,No
703006,2023-09-03,C101747,Islamabad,Store,Shoes,Boots,1,6890,3550,15,Wallet,No
702086,2024-06-13,C101562,Peshawar,Store,Jeans,High-Waist Jeans,1,4060,2130,0,Wallet,No
702125,2025-02-13,C101135,Karachi,Store,Accessories,Baseball Cap,1,940,540,10,Card,No
700019,2025-03-04,C101664,Peshawar,Store,Accessories,Tote Bag,2,1690,780,0,COD,No
700455,2024-10-24,C101075,Karachi,Store,Accessories,Tote Bag,2,1650,910,0,Card,No
702927,2025-05-27,C100850,Lahore,Online,Jeans,Slim Fit Jeans,3,3700,1700,0,,No
700755,2025-02-21,C100513,Karachi,Online,Jackets,Puffer Jacket,1,7290,4440,0,COD,No
704096,2024-04-19,C100860,Faisalabad,Store,T-Shirts,Oversized Tee,1,1740,820,15,COD,No
704102,2023-08-27,C100222,Rawalpindi,Store,Accessories,Leather Belt,2,1280,660,15,Card,No
702198,2024-01-08,C100491,Rawalpindi,Online,Accessories,Baseball Cap,1,900,500,10,Wallet,No
700637,2025-04-12,C101212,Islamabad,Online,Jackets,Bomber Jacket,2,5290,2520,20,COD,No
703899,2025-05-21,C102099,LAHORE,Online,Shoes,Boots,1,6780,3400,0,COD,No
704905,2025-01-07,C100476,Karachi,Online,T-Shirts,Oversized Tee,2,1940,1000,10,Card,No
705147,2024-10-28,C102038,Islamabad,Online,Kurtas,Cotton Kurta,1,1840,830,0,Wallet,Yes
703242,2025-06-23,C101445,Islamabad,Online,kurtas,Cotton Kurta,2,2040,1030,0,Wallet,No
700360,2023-12-31,C100472,Lahore,Online,Jackets,Hooded Jacket,2,4670,2300,0,COD,No
702070,2024-09-01,C100880,KARACHI,Online,Jeans,High-Waist Jeans,2,4510,2880,0,COD,No
700117,2023-08-22,C100977,Karachi,Online,Kurtas,Printed Kurta,2,2590,1580,0,COD,No
704145,2025-06-29,C101939,Lahore,Store,Dresses,Maxi Dress,1,4570,2250,0,Card,No
701906,2024-05-19,C101001,Karachi,Online,Shoes,Sneakers,1,4630,2880,10,Card,No
703094,2024-12-10,C101260,Lahore,Online,Kurtas,Cotton Kurta,1,1990,1130,15,Card,No
700818,2024-08-07,C100956,Faisalabad,Store,Dresses,Maxi Dress,0,4750,2550,0,COD,No
702783,2023-11-10,C101618,Sialkot,Online,Kurtas,Cotton Kurta,1,1940,1070,0,COD,No
700371,2024-10-31,C100999,Karachi,Online,Kurtas,Printed Kurta,3,2430,1260,0,Wallet,No
700309,2025-02-16,C101915,Lahore,Online,Accessories,Tote Bag,1,1690,910,0,COD,No
702230,2025-02-02,C100877,Karachi,Online,Jeans,Ripped Jeans,1,3650,2140,0,Card,No
701246,2025-02-16,C101410,Multan,Online,Jeans,Ripped Jeans,1,3740,2140,0,Bank Transfer,No
700907,2024-07-22,C101258,Islamabad,Online,Jackets,Denim Jacket,1,5890,2920,0,Card,No
703136,2024-04-04,C100241,Faisalabad,Online,Kurtas,Festive Kurta,1,4040,1860,15,Card,No
702619,2025-04-18,C101114,Sialkot,Store,Kurtas,Festive Kurta,1,4110,2080,10,Card,No
703278,2025-06-17,C101757,Sialkot,Online,Jeans,Straight Leg Jeans,1,3380,1840,10,Card,No
701543,2023-12-22,C100714,Faisalabad,Store,Jeans,High-Waist Jeans  ,1,4430,2110,10,Card,No
700846,2024-09-11,C102022,Lahore,Store,Kurtas,Printed Kurta,3,2450,1280,10,Card,No
700654,2024-04-26,C100200,Faisalabad,Online,Accessories,Baseball Cap,1,970,460,15,COD,No
701203,2024-10-17,C100087,Karachi,Store,Accessories,Baseball Cap,3,870,520,0,Card,No
701118,2025-05-14,C101811,Karachi,Store,Jeans,Ripped Jeans,2,3660,2020,20,Wallet,No
701269,2024-03-28,C102127,Karachi,Online,Jeans,Ripped Jeans,1,4000,1950,0,Card,No
701842,2024-12-13,C100723,Sialkot,Online,Accessories,Tote Bag,3,1520,910,20,Card,Yes
702239,2025-01-05,C101916,Rawalpindi,Online,Jeans,Straight Leg Jeans,2,3070,1840,0,,No
702469,2024-06-23,C100321,Karachi,Online,accessories,Sunglasses,1,2370,1510,0,Card,No
700177,2023-07-12,C102183,lahore,Online,Shoes,Boots,2,6500,3010,10,Bank Transfer,No
701333,2023-12-27,C100492,Rawalpindi,Online,Shoes,Sneakers,1,4650,2950,0,Wallet,Yes
703512,2023-11-10,C100639,Multan,Store,Kurtas,Festive Kurta,1,4290,2590,25,Card,No
705016,2024-06-29,C101005,Karachi,Online,Dresses,Summer Floral Dress,1,3050,1870,0,Wallet,No
701336,2024-09-10,C101358,Rawalpindi,Online,Dresses,Bodycon Dress,1,3720,2310,15,COD,No
701955,2024-04-26,C101979,Lahore,Online,Kurtas,Festive Kurta,2,4350,2010,20,COD,No
703442,2024-05-25,C101377,Multan,Store,T-Shirts,Oversized Tee,3,1730,780,0,COD,No
702382,2025-05-31,C101607,Karachi,Online,T-Shirts,Oversized Tee  ,2,1740,940,15,COD,No
702548,2023-07-14,C100529,Karachi,Store,Dresses,Wrap Dress,1,4270,2480,0,Wallet,No
704067,2025-06-11,C100021,Karachi,Store,TSHIRTS,Polo Shirt,2,2330,1500,0,COD,No
702796,2025-03-23,C101313,Lahore,Store,Kurtas,Cotton Kurta,3,1810,820,0,COD,No
700302,2024-10-16,C101495,ISLAMABAD,Online,Dresses,Bodycon Dress,3,3680,2160,0,Bank Transfer,No
704477,2024-02-20,C101525,Lahore,Online,Kurtas,Festive Kurta,2,4310,2310,0,COD,No
702259,2025-04-18,C100546,Karachi,Store,Accessories,Baseball Cap,3,910,420,20,COD,No
704819,2024-11-17,C101369,Karachi,Store,Accessories,Tote Bag,2,1550,730,0,COD,No
700122,2023-09-05,C102095,Karachi,Store,Accessories,Tote Bag,1,1660,1030,0,COD,No
703466,2024-07-07,C102115,Peshawar,Store,Dresses,Bodycon Dress,2,3900,2280,0,COD,Yes
700314,2025-04-01,C100537,Lahore,Store,Shoes,Boots,3,6670,3680,10,Wallet,No
703479,2025-05-03,C101362,ISLAMABAD,Store,t-shirts,Polo Shirt,1,2300,1120,0,COD,Yes
703037,2024-06-30,C101875,Faisalabad,Online,Accessories,Tote Bag,1,1530,890,15,Wallet,No
702244,2025-02-21,C100088,Lahore,Store,Jeans,Slim Fit Jeans,1,3610,2140,0,Card,No
705138,2024-10-11,C101797,Karachi,Store,Accessories,Tote Bag,3,1700,790,15,Card,No
705030,2025-03-07,C101474,Islamabad,Store,Dresses,Summer Floral Dress,2,3080,1800,0,COD,No
700306,2024-05-02,C102066,Islamabad,Online,Jeans,Ripped Jeans,1,3720,1930,20,,No
704687,2024-11-02,C100169,Sialkot,Online,Accessories,Leather Belt,3,1170,560,10,Card,No
700394,2024-10-21,C100332,Rawalpindi,Online,Jeans,High-Waist Jeans,3,4530,2090,0,Wallet,No
703019,2024-08-01,C101979,Lahore,Online,Jeans,High-Waist Jeans,1,4460,2020,0,COD,No
702002,2024-03-13,C101490,Lahore,Online,Accessories,Leather Belt,3,1280,750,0,COD,No
704406,2023-09-10,C101347,Karachi,Online,Shoes,Boots,2,7000,3190,0,Card,Yes
700791,2023-10-02,C100042,Rawalpindi,Online,Jeans,Straight Leg Jeans,2,3340,2140,0,COD,No
704913,2023-07-31,C100332,Rawalpindi,Online,Accessories,Baseball Cap,1,970,500,15,Wallet,No
703729,2023-08-21,C101447,Islamabad,Online,Shoes,Sandals,3,2710,1590,0,,No
700984,2024-09-12,C101915,Lahore,Online,T-Shirts,Oversized Tee,1,1750,1130,0,Bank Transfer,No
704387,2023-11-12,C100567,Lahore,Online,Kurtas,Cotton Kurta,2,2000,1110,10,COD,No
704452,2024-07-02,C101395,Lahore,Store,Accessories,Leather Belt,1,1250,740,0,COD,No
702402,2023-07-18,C101579,Multan,Online,Jeans,Slim Fit Jeans,2,3420,2210,0,Card,No
701026,2023-11-07,C100105,Rawalpindi,Store,Kurtas,Embroidered Kurta,1,2920,1590,20,Card,No
700969,2024-11-11,C100021,Karachi,Store,Jackets,Puffer Jacket,1,6790,3560,0,COD,No
702606,2023-12-08,C100886,Karachi,Online,Shoes,Sandals,1,2740,1600,20,COD,No
701930,2023-07-21,C101808,Karachi,Online,Kurtas,Cotton Kurta,1,1880,940,0,COD,No
704132,2024-09-21,C101043,rawalpindi,Online,Shoes,Loafers,2,5290,3260,0,COD,No
701148,2024-05-11,C101048,Multan,Online,Kurtas,Festive Kurta,1,4400,2420,10,COD,Yes
701501,2024-09-19,C102057,Karachi,Online,T-Shirts,Oversized Tee,1,1940,1160,0,COD,No
701854,2024-10-27,C102092,Islamabad,Store,Accessories,Tote Bag,1,1580,960,15,COD,No
700317,2023-09-10,C100241,Faisalabad,Online,Shoes,Sandals,3,2880,1740,0,COD,Yes
703735,2023-10-22,C101117,Faisalabad,Store,Accessories,Sunglasses,1,2250,1050,10,Wallet,No
700284,2024-09-01,C101667,Lahore,Online,Jeans,Ripped Jeans,3,4100,2560,0,COD,No
702763,2025-01-18,C101441,Lahore,Store,Jackets,Bomber Jacket,2,5530,3210,0,Card,No
702878,2024-09-20,C100848,Lahore,Online,Jeans,High-Waist Jeans,1,4070,1980,0,Card,No
701813,2023-11-09,C101073,Peshawar,Online,Dresses,Summer Floral Dress,2,3260,1580,10,COD,No
702418,2024-03-08,C100387,Sialkot,Store,Shoes,Boots,1,6240,3280,0,Card,No
704297,2023-12-04,C101002,Lahore,Online,Shoes,Boots  ,2,6210,3470,0,COD,No
701496,2023-10-28,C100194,Lahore,Online,Kurtas,Printed Kurta,1,2320,1380,15,Card,No
703983,2024-06-15,C101161,Rawalpindi,Store,Dresses,Bodycon Dress,1,3970,2220,15,Bank Transfer,No
704973,2025-06-14,C101409,,Online,Dresses,Wrap Dress,1,3860,1940,0,Card,No
701648,2024-07-10,C101883,Faisalabad,Online,Dresses,Maxi Dress,1,4520,2580,15,Wallet,No
704492,2025-04-04,C101850,Lahore,Online,Shoes,Boots,2,6540,3950,10,Card,No
700084,2024-12-21,C100539,Multan,Online,Kurtas,Cotton Kurta,1,1870,880,30,Card,No
704249,2024-09-29,C101940,Lahore,Online,Kurtas,Cotton Kurta,1,2010,1260,0,Card,No
702819,2023-10-09,C100507,Multan,Online,Shoes,Sandals,1,2920,1580,0,Card,No
701862,2025-04-30,C101871,Karachi,Store,Accessories,Baseball Cap,2,940,610,15,COD,Yes
700451,2024-04-24,C102011,Karachi,Online,Jeans,Slim Fit Jeans,2,3410,1740,10,COD,No
700832,2025-06-28,C101838,Faisalabad,Store,DRESSES,Summer Floral Dress,3,3180,2050,15,COD,No
703781,2024-09-07,C102095,Karachi,Store,Kurtas,Cotton Kurta,1,2050,1260,0,COD,No
702916,2023-07-31,C101278,Multan,Online,T-Shirts,Classic Cotton Tee,2,1170,630,0,COD,No
701683,2023-07-16,C100380,Islamabad,Online,Shoes,Boots,1,6240,4050,0,Bank Transfer,No
702229,2023-09-11,C100725,Lahore,Store,Dresses,Maxi Dress,2,4430,2630,0,Card,No
701733,2024-01-26,C101634,,Online,Jackets,Bomber Jacket,1,5200,2850,0,Card,No
701958,2024-03-09,C100482,Islamabad,Online,T-Shirts,Oversized Tee,3,1850,860,0,COD,No
700073,2024-04-30,C100643,Lahore,Online,Accessories,Baseball Cap,2,950,530,0,COD,No
700938,2025-06-02,C100444,Karachi,Online,Dresses,Wrap Dress,1,4030,2330,15,COD,No
702681,2023-07-15,C101045,Karachi,Online,Dresses,Bodycon Dress,1,3740,1840,15,Wallet,No
701786,2025-04-30,C100183,Karachi,Online,Dresses,Summer Floral Dress,1,3310,1910,10,COD,No
701171,2023-08-07,C101109,Lahore,Online,Jeans,Straight Leg Jeans,3,3080,1400,15,Card,No
700956,2024-03-15,C100722,Lahore,Online,T-Shirts,Polo Shirt,1,2350,1450,0,COD,No
701989,2023-12-19,C102158,Karachi,Store,Kurtas,Printed Kurta,1,2490,1170,30,Card,No
703935,2024-06-03,C101327,Islamabad,Online,Shoes,Sandals,1,3020,1860,0,Bank Transfer,No
705052,2024-04-13,C100345,Faisalabad,Store,Dresses,Maxi Dress,1,4460,2340,0,Wallet,Yes
704346,2024-01-30,C100330,Faisalabad,Online,Kurtas,Cotton Kurta,1,1810,890,15,Wallet,No
703654,2024-11-21,C101056,PESHAWAR,Online,Jackets,Denim Jacket,2,5460,2790,0,COD,Yes
701203,2024-10-17,C100087,Karachi,Store,Accessories,Baseball Cap,3,870,520,0,Card,No
700562,2025-06-17,C100412,Lahore,Online,Shoes,Sandals,3,2860,1820,10,COD,No
700025,2024-03-02,C101268,Karachi,Online,Kurtas,Embroidered Kurta,3,2780,1330,15,Card,No
704164,2024-02-06,C101867,Lahore,Online,Jackets,Puffer Jacket,2,6890,3610,15,COD,No
700610,2025-04-11,C100329,Karachi,Online,T-Shirts,Oversized Tee,1,1730,890,15,Card,No
702639,2024-06-03,C102127,Karachi,Online,T-Shirts,Classic Cotton Tee,1,1170,630,0,Bank Transfer,No
701128,2025-01-12,C100597,Islamabad,Online,Shoes,Boots,1,6780,4150,0,Card,No
702917,2024-10-04,C101096,Lahore,Store,accessories,Baseball Cap,1,900,540,0,COD,No
703993,2023-12-21,C100125,Karachi,Online,Kurtas,Cotton Kurta,2,2000,1130,0,COD,Yes
705183,2024-08-11,C101543,Lahore,Online,Shoes,Sneakers,2,4440,2860,0,Card,No
703988,2024-03-11,C101451,Islamabad,Online,Accessories,Sunglasses,2,2310,1380,0,COD,No
703334,2025-06-21,C100567,Lahore,Store,Shoes,Loafers,2,5410,2670,0,COD,No
701575,2025-01-01,C101076,Islamabad,Store,Kurtas,Cotton Kurta,1,1830,980,0,Wallet,No
704770,2024-05-15,C100899,Islamabad,Online,Shoes,Boots,1,6800,3730,10,Card,No
701175,2024-03-23,C101838,Faisalabad,Store,Jeans,Straight Leg Jeans,2,3310,1670,10,Card,No
701440,2025-03-18,C100568,Karachi,Online,Jeans,High-Waist Jeans,2,4280,2680,15,Card,No
703847,2024-01-10,C100658,Islamabad,Store,Jackets,Bomber Jacket,3,5170,2350,10,Card,No
702224,2025-05-16,C100943,Karachi,Online,Kurtas,Embroidered Kurta,2,2770,1620,0,Card,No
700719,2025-04-01,C101078,Islamabad,Online,Kurtas,Embroidered Kurta,1,2850,1480,15,Bank Transfer,No
703075,2025-03-03,C101700,Peshawar,Online,T-Shirts,Classic Cotton Tee,3,1230,690,0,Card,No
701913,2024-03-15,C100795,Karachi,Store,Kurtas,Printed Kurta,1,2470,1590,0,Wallet,No
704474,2024-09-19,C101517,Sialkot,Store,Dresses,Wrap Dress,2,4110,2260,0,COD,No
702790,2025-01-13,C101902,Multan,Store,Dresses,Maxi Dress,1,4570,2870,0,COD,No
703824,2025-02-06,C100867,Faisalabad,Online,Kurtas,Embroidered Kurta,2,2770,1800,0,COD,No
700445,2023-10-15,C101255,Multan,Online,Accessories,Baseball Cap,1,970,500,0,COD,No
700235,2023-11-30,C101952,Faisalabad,Online,Shoes,Boots,1,7020,4480,25,COD,No
700125,2025-04-09,C101225,,Online,Accessories,Tote Bag,1,1580,880,10,Card,No
704550,2024-11-06,C101137,Karachi,Online,Shoes,Sneakers,3,4790,2180,10,Wallet,No
700440,2024-06-11,C100819,,Store,Dresses,Wrap Dress  ,1,4170,2530,0,COD,No
704610,2023-12-30,C101714,Karachi,Online,Jackets,Bomber Jacket,1,5090,2840,20,COD,No
702698,2024-09-19,C100412,Lahore,Store,Dresses,Wrap Dress,2,4060,2270,0,COD,No
701186,2024-03-12,C100710,SIALKOT,Store,T-Shirts,Graphic Print Tee,2,1540,990,0,COD,No
703148,2024-10-09,C101553,Karachi,Online,Jeans,Ripped Jeans,2,3880,2410,10,Bank Transfer,No
703456,2023-08-16,C100464,Islamabad,Store,T-Shirts,Oversized Tee,2,1790,990,0,Wallet,No
702198,2024-01-08,C100491,rawalpindi,Online,T-Shirts,Oversized Tee,3,1800,940,0,Wallet,No
700453,2023-10-25,C101011,Islamabad,Online,Jeans,Slim Fit Jeans,3,3410,1780,0,Card,No
700751,2024-12-05,C100800,Faisalabad,Online,Shoes,Boots,1,6790,3480,25,COD,Yes
701087,2024-08-08,C101667,Lahore,Online,Jackets,Bomber Jacket,1,4980,3020,0,COD,No
703595,2023-07-27,C100152,Lahore,Online,Accessories,Leather Belt,1,1170,640,10,COD,No
700689,2023-10-05,C101506,Faisalabad,Online,T-Shirts,Classic Cotton Tee,1,1270,830,0,COD,Yes
704023,2024-08-07,C101251,Lahore,Online,Accessories,Baseball Cap,2,910,450,0,Card,Yes
704606,2025-06-25,C101979,Lahore,Store,Dresses,Wrap Dress,3,4080,2450,15,COD,No
700486,2025-06-06,C100085,Lahore,Store,Kurtas,Cotton Kurta,1,1910,940,0,COD,No
704287,2025-03-26,C100665,Rawalpindi,Store,Shoes,Sandals,1,2930,1750,15,Wallet,No
704282,2024-12-07,C100734,Lahore,Store,Jackets,Denim Jacket,1,5860,3050,15,,No
704533,2025-03-06,C101535,Karachi,Online,Jackets,Puffer Jacket,2,7330,3610,10,COD,No
701223,2024-09-14,C100544,Lahore,Online,Shoes,Sandals,1,2830,1600,15,Card,No
700734,2023-11-13,C100026,Karachi,Store,Accessories,Tote Bag,3,1690,830,0,Bank Transfer,Yes
704548,2023-11-23,C100136,Sialkot,Online,Jeans,Ripped Jeans,2,3670,2220,20,Card,No
702604,2024-10-28,C100063,Faisalabad,Online,Kurtas,Embroidered Kurta,2,2860,1420,0,COD,No
701519,2025-01-31,C100540,Sialkot,Online,Kurtas,Cotton Kurta,1,1940,1050,0,COD,No
702778,2025-03-13,C100624,Sialkot,Online,Shoes,Boots,1,6730,4050,10,Card,No
702887,2024-10-27,C100087,Karachi,Online,Kurtas,Cotton Kurta,1,1830,840,10,COD,No
704292,2023-09-15,C100234,Peshawar,Store,Jeans,Ripped Jeans,3,3930,1990,0,Card,No
700245,2025-01-27,C100217,Lahore,Store,Accessories,Baseball Cap,2,880,400,0,Wallet,No
702225,2023-07-16,C100067,Karachi,Online,Accessories,Leather Belt,1,1230,660,0,Card,No
702770,2024-09-20,C100367,Rawalpindi,Online,T-Shirts,Polo Shirt,2,2310,1380,0,Bank Transfer,No
700131,2024-10-08,C100165,Karachi,Store,Kurtas,Cotton Kurta,-2,1860,1110,0,COD,No
703491,2023-07-16,C101660,Lahore,Store,Kurtas,Embroidered Kurta,1,2850,1530,0,Card,No
702931,2023-07-18,C100276,Karachi,Online,Dresses,Summer Floral Dress  ,1,3440,2230,0,COD,No
701380,2024-09-12,C101624,Karachi,Store,Shoes,Boots,1,6390,3730,0,COD,No
701840,2024-10-03,C101036,Karachi,Store,T-Shirts,Polo Shirt,2,2220,1340,0,Wallet,No
704069,2024-05-11,C101800,Islamabad,Online,accessories,Leather Belt,1,1140,690,0,COD,No
700465,2025-04-26,C100230,Lahore,Store,Shoes,Boots,2,6850,3840,0,Card,Yes
702170,2023-07-25,C101639,Rawalpindi,Store,Accessories,Tote Bag,2,1570,760,10,Card,Yes
701841,2024-11-03,C100414,Lahore,Store,Kurtas,Embroidered Kurta,2,3000,1400,0,Wallet,No
703076,2024-05-22,C100880,Karachi,Online,Jeans,Slim Fit Jeans,1,3630,2140,10,Card,No
702738,2024-04-25,C100632,Lahore,Store,Accessories,Sunglasses,1,2300,1270,10,COD,No
704826,2025-02-15,C101588,Karachi,Online,Dresses,Summer Floral Dress,2,3180,1960,15,COD,No
700358,2024-07-13,C102060,Sialkot,Store,Shoes,Sneakers,1,4680,2370,0,COD,No
705194,2023-08-05,C101597,Lahore,Store,Shoes,Boots,1,6320,3940,0,Card,No
702284,2024-03-16,C101684,Lahore,Online,Jeans,Slim Fit Jeans,2,3700,2080,0,Card,No
701522,2024-06-27,C102112,Lahore,Online,Shoes,Sneakers,2,4590,2980,0,Card,No
704336,2023-07-04,C101117,Faisalabad,Store,Shoes,Boots,1,6380,3640,0,COD,No
703227,2024-01-30,C100141,Karachi,Online,Jackets,Denim Jacket,1,5650,3310,0,COD,No
703096,2025-05-10,C101953,Sialkot,Online,Dresses,Maxi Dress,2,4770,2860,10,Card,No
702125,2025-02-13,C101135,Karachi,Store,T-Shirts,Polo Shirt,1,2360,1280,10,Card,No
702724,2024-03-20,C101984,Islamabad,Online,Shoes,Loafers,1,5180,3100,0,COD,No
702736,2024-05-28,C101525,Lahore,Online,Shoes,Boots,2,6280,3910,15,Bank Transfer,No
700263,2024-07-20,C100647,Islamabad,Online,Accessories,Sunglasses,1,2180,1150,15,Bank Transfer,No
700156,2024-02-08,C100241,Faisalabad,Store,Kurtas,Festive Kurta,1,4380,2360,0,Wallet,No
704707,2025-05-31,C101350,Faisalabad,Online,Jeans,Slim Fit Jeans,1,3450,1650,0,Card,No
704426,2024-06-15,C101413,Sialkot,Store,Jeans,High-Waist Jeans,2,4150,2630,0,Card,No
700511,2024-05-24,C101945,Peshawar,Online,T-Shirts,Polo Shirt,1,2180,1400,15,Bank Transfer,No
705058,2024-01-27,C101817,Karachi,Online,Jeans,Ripped Jeans,2,3690,1740,0,Wallet,No
704472,2023-10-04,C100509,Lahore,Online,Accessories,Baseball Cap,1,970,560,0,COD,No
703044,2024-09-03,C100012,Rawalpindi,Online,Dresses,Wrap Dress,2,4160,2290,0,COD,No
702978,2024-06-20,C101653,Lahore,Online,Jeans,High-Waist Jeans,1,4090,2550,15,COD,No
703739,2023-07-01,C101597,Lahore,Store,Dresses,Maxi Dress,2,4780,3050,0,Bank Transfer,No
701597,2023-07-07,C100024,Faisalabad,Online,Jeans,Straight Leg Jeans,2,3210,1510,0,COD,No
704566,2023-11-20,C101250,Lahore,Online,Jackets,Hooded Jacket,1,4960,2920,25,COD,No
704147,2024-01-13,C102085,Karachi,Online,Jeans,Slim Fit Jeans,3,3610,1880,0,COD,No
700760,2023-07-21,C101993,Lahore,Online,T-Shirts,Polo Shirt,1,2210,1170,0,COD,Yes
703953,2024-02-27,C102007,Lahore,Online,Dresses,Wrap Dress,2,4190,2650,15,,No
703900,2024-01-12,C102167,Karachi,Store,Jackets,Hooded Jacket,2,4830,3020,0,COD,No
702827,2023-09-22,C101999,Islamabad,Store,Dresses,Wrap Dress,1,4000,2440,0,COD,No
700717,2023-10-24,C100928,Islamabad,Online,Accessories,Sunglasses,2,2110,990,0,Card,No
703546,2025-06-21,C101634,SIALKOT,Online,Dresses,Wrap Dress,2,3870,2270,0,COD,No
705004,2024-08-21,C100150,Multan,Online,Shoes,Boots,2,6350,3430,0,Card,No
701859,2023-08-07,C102116,Karachi,Store,Shoes,Sandals,1,2840,1660,0,Wallet,No
701109,2024-09-19,C100329,Karachi,Online,T-Shirts,Oversized Tee,1,1780,990,10,Card,No
704826,2025-02-15,C101588,Karachi,Online,Shoes,Sneakers,3,4790,2660,0,COD,No
702424,2025-01-15,C101275,Karachi,Online,Jeans,Slim Fit Jeans,1,3680,2190,0,Wallet,No
702503,2024-12-02,C101999,,Online,Jackets,Denim Jacket,1,5760,2920,10,COD,Yes
701761,2024-02-02,C102011,KARACHI,Online,Jackets,Hooded Jacket,2,4620,2990,0,Card,No
703938,2025-02-20,C100863,Islamabad,Store,Dresses,Summer Floral Dress,1,3300,1730,0,COD,No
703137,2025-01-01,C101500,Rawalpindi,Online,Shoes,Sneakers,1,4320,2160,10,Card,No
700155,2023-07-11,C100612,Sialkot,Store,Accessories,Sunglasses,1,2100,1130,15,Wallet,No
703621,2025-01-09,C101517,Sialkot,Online,Jackets,Puffer Jacket,2,6750,3380,0,COD,Yes
701709,2023-12-10,C102042,Islamabad,Store,Jeans,Slim Fit Jeans,1,3430,1580,0,COD,No
704487,2023-11-02,C100181,Peshawar,Online,Dresses,Summer Floral Dress,1,3440,1890,30,COD,No
703356,2024-12-16,C102011,Karachi,Store,Shoes,Loafers,2,5610,3370,0,COD,No
704960,2025-02-16,C101473,Karachi,Online,Jackets,Puffer Jacket,1,6680,4230,0,COD,No
703158,2023-10-06,C101615,Lahore,Online,Jackets,Denim Jacket,3,5290,2760,15,Card,No
701882,2023-12-27,C100571,Multan,Store,Jackets,Puffer Jacket,1,6690,3620,15,COD,No
700426,2024-01-10,C101415,,Store,Jackets,Bomber Jacket,2,5390,2460,0,Card,No
700965,2025-02-19,C102142,Faisalabad,Store,kurtas,Embroidered Kurta,2,2680,1330,15,Bank Transfer,No
705137,2024-08-22,C101390,Peshawar,Online,Shoes,Sandals,1,2660,1480,0,Card,No
703710,2024-09-23,C100210,Rawalpindi,Online,Jeans,Ripped Jeans,2,3990,1860,0,COD,Yes
703095,2024-03-10,C101836,Lahore,Online,Shoes,Boots,2,6890,3250,0,COD,No
704559,2024-06-01,C101865,Multan,Store,Kurtas,Cotton Kurta,2,1990,1040,0,Card,No
702814,2024-07-04,C100160,Lahore,Online,Kurtas,Cotton Kurta,1,1870,1210,0,COD,No
704746,2025-02-17,C101765,Lahore,Store,Accessories,Tote Bag,3,1580,930,0,Card,Yes
701178,2024-09-01,C100848,Lahore,Online,Shoes,Sandals,1,2790,1480,0,Wallet,No
705087,2024-10-13,C100949,Karachi,Store,Jackets,Bomber Jacket  ,2,5190,2370,0,COD,No
704421,2024-08-04,C100652,Rawalpindi,Store,Accessories,Tote Bag,3,1720,860,0,Wallet,No
701948,2025-01-25,C101923,Karachi,Online,Jackets,Hooded Jacket,1,4730,2710,0,COD,No
700733,2023-07-12,C101717,Islamabad,Store,Jeans,Straight Leg Jeans,3,3290,1960,0,COD,No
700566,2024-12-09,C101979,Lahore,Store,Jackets,Bomber Jacket,2,5380,2930,20,COD,No
703072,2025-05-24,C100380,Islamabad,Store,Dresses,Maxi Dress,1,4850,2320,0,COD,No
704782,2024-11-18,C101314,Lahore,Store,Kurtas,Embroidered Kurta,2,2720,1660,15,COD,No
701218,2024-02-05,C101011,Islamabad,Online,Dresses,Summer Floral Dress,3,3210,1840,0,COD,Yes
700756,2024-12-26,C100676,Peshawar,Online,Jeans,Ripped Jeans,1,4010,2060,0,Card,No
704666,2024-02-28,C100289,Lahore,Store,Shoes,Boots,1,6630,4130,10,Wallet,No
704765,2025-01-03,C101669,Multan,Online,T-Shirts,Classic Cotton Tee,1,1200,680,0,Wallet,Yes
701495,2024-05-31,C101753,Faisalabad,Online,Dresses,Maxi Dress,3,4510,2680,0,COD,No
701292,2024-05-21,C100648,Rawalpindi,Store,T-Shirts,Polo Shirt,1,2230,1040,10,COD,No
700745,2024-05-17,C100194,Lahore,Store,Jeans,Slim Fit Jeans,2,3720,2410,0,Card,No
705169,2025-01-03,C101946,Lahore,Store,Accessories,Tote Bag,1,1530,910,0,COD,No
701581,2024-07-27,C101409,Rawalpindi,Online,Shoes,Loafers,1,5540,3510,0,COD,Yes
702936,2024-04-16,C102072,Karachi,Store,Kurtas,Festive Kurta,2,4480,2110,10,COD,No
701927,2025-04-04,C100824,Multan,Online,Accessories,Baseball Cap,2,950,540,0,Bank Transfer,No
701231,2024-08-18,C101291,Rawalpindi,Online,Dresses,Bodycon Dress,1,3810,2420,0,Wallet,No
700402,2024-04-03,C101540,Multan,Online,Kurtas,Festive Kurta,1,4230,2650,0,Bank Transfer,Yes
701959,2024-01-27,C101636,Karachi,Online,Jackets,Puffer Jacket,1,6770,4060,0,COD,Yes
700823,2025-06-24,C101929,Karachi,Online,Dresses,Bodycon Dress,2,3980,2580,10,Card,No
700192,2025-02-07,C101243,Lahore,Store,Accessories,Leather Belt,1,1150,650,0,COD,No
704659,2024-06-12,C101112,Islamabad,Store,Dresses,Summer Floral Dress,1,3060,1790,0,COD,No
702175,2024-03-08,C101554,Lahore,Online,Dresses,Bodycon Dress,2,3960,2400,0,Wallet,No
702225,2023-07-16,C100067,,Online,Dresses,Summer Floral Dress,2,3170,1890,0,Card,No
701233,2024-04-23,C100436,Lahore,Online,T-Shirts,Polo Shirt,1,2290,1040,10,COD,No
703935,2024-06-03,C101327,Islamabad,Online,T-Shirts,Classic Cotton Tee,2,1280,820,10,Bank Transfer,No
703775,2023-10-15,C102083,Lahore,Online,Kurtas,Festive Kurta,1,4490,2520,0,Card,Yes
705116,2023-11-06,C100222,Rawalpindi,Store,Jackets,Hooded Jacket,2,4920,2690,20,COD,No
702021,2024-11-14,C101446,Peshawar,Online,Jackets,Denim Jacket,1,5620,3460,15,Bank Transfer,No
700667,2024-01-24,C102187,Islamabad,Store,Jackets,Denim Jacket,3,5820,2750,0,COD,No
705080,2024-08-10,C100241,Faisalabad,Store,Kurtas,Printed Kurta,1,2350,1170,0,COD,No
700006,2025-06-18,C101469,Lahore,Online,T-Shirts,Classic Cotton Tee,2,1290,810,0,Card,No
703334,2025-06-21,C100567,Lahore,Store,T-Shirts,Oversized Tee,1,1840,950,0,COD,No
701435,2023-10-05,C101610,Lahore,Online,Jackets,Bomber Jacket,1,5470,3160,0,COD,No
702605,2024-10-08,C101492,Rawalpindi,Online,Jeans,Straight Leg Jeans,2,3340,2010,15,COD,No
704235,2025-04-22,C100942,Lahore,Store,Jeans,Straight Leg Jeans,1,3300,1580,0,COD,No
702127,2023-12-21,C100972,Lahore,Store,Jeans,Straight Leg Jeans,1,3390,1900,0,COD,No
701972,2024-08-11,C100048,Rawalpindi,Online,Dresses,Maxi Dress,1,4670,2190,15,Card,Yes
701121,2023-09-19,C101069,Karachi,Store,Jackets,Denim Jacket,2,5290,2500,0,Wallet,No
701545,2024-08-08,C100241,Faisalabad,Online,T-Shirts,Polo Shirt,1,2200,1300,0,Card,Yes
703240,2024-07-24,C100150,Multan,Online,Accessories,Leather Belt,1,1280,820,0,COD,No
701211,2023-07-05,C100662,Lahore,Online,Shoes,Boots,2,6240,2960,0,Wallet,No
702716,2024-04-21,C100049,Lahore,Online,Kurtas,Printed Kurta,2,2410,1470,0,COD,No
700722,2023-07-03,C100062,Islamabad,Store,Kurtas,Printed Kurta,1,2460,1450,0,Card,No
703217,2024-12-15,C101189,Rawalpindi,Online,T-Shirts,Oversized Tee,1,1750,1040,10,COD,No
702247,2025-02-05,C101210,Faisalabad,Online,jackets,Hooded Jacket,2,5120,2780,0,Wallet,No
703618,2024-01-28,C100583,Karachi,Store,Dresses,Summer Floral Dress,2,3190,1880,0,Wallet,No
702667,2024-01-07,C100010,Karachi,Online,Accessories,Sunglasses,1,2220,1130,0,Card,No
704125,2023-11-21,C100010,Karachi,Online,Jackets,Bomber Jacket,1,5290,3270,20,Bank Transfer,No
704706,2024-03-23,C100727,Lahore,Online,Kurtas,Printed Kurta,1,2350,1300,0,Wallet,No
705091,2023-07-28,C100340,Lahore,Online,Accessories,Leather Belt,1,1150,690,0,Card,No
700605,2023-12-24,C100373,Karachi,Online,Jackets,Bomber Jacket,2,5450,3470,0,Card,No
702391,2025-05-19,C101017,Multan,Online,Shoes,Sandals,1,3000,1460,0,Card,No
703434,2023-09-02,C100870,Faisalabad,Online,Jeans,High-Waist Jeans,1,4080,2510,0,Card,No
702564,2025-01-05,C102151,Lahore,Store,Jeans,High-Waist Jeans,1,4170,2300,0,Wallet,No
703352,2024-01-06,C101540,Multan,Online,Shoes,Sandals,2,2690,1700,15,Card,No
700308,2024-02-25,C100481,Lahore,Store,Jeans,Ripped Jeans,2,3760,2440,0,COD,No
704605,2025-02-10,C101873,Sialkot,Store,Jeans,Straight Leg Jeans,2,3230,2090,0,Wallet,No
704448,2023-10-18,C100633,,Store,Jackets,Bomber Jacket,1,4950,2870,0,Card,No
700602,2024-08-12,C100450,Lahore,Store,Dresses,Maxi Dress,1,4390,2150,0,Card,Yes
702267,2025-02-01,C100212,Lahore,Online,Jackets,Hooded Jacket,3,4660,2160,0,Card,No
701179,2025-05-31,C100743,Lahore,Online,Accessories,Baseball Cap,2,940,470,15,Card,No
705035,2024-02-25,C101850,Lahore,Store,Shoes,Sneakers,1,4400,2760,0,Bank Transfer,No
701732,2024-08-12,C101093,Lahore,Online,Shoes,Boots,1,6850,3560,0,COD,No
704453,2023-12-22,C100080,Rawalpindi,Online,Kurtas,Festive Kurta,1,4210,2380,0,Card,No
702276,2023-07-15,C100245,Multan,Store,Accessories,Tote Bag,2,1680,860,0,COD,No
703218,2025-01-31,C101796,Islamabad,Online,Jeans,Ripped Jeans,1,3860,1770,0,COD,No
700762,2023-11-22,C101608,Karachi,Online,T-Shirts,Oversized Tee,1,1940,910,10,COD,No
705106,2024-03-31,C100492,Rawalpindi,Online,Dresses,Maxi Dress,1,4400,2350,0,COD,No
702550,2023-10-22,C100996,Islamabad,Store,Dresses,Wrap Dress,3,3850,1840,0,Card,No
701541,2024-10-20,C101591,Lahore,Online,T-Shirts,Classic Cotton Tee,1,1190,670,0,Card,No
703572,2024-02-21,C101304,Multan,Store,accessories,Tote Bag,1,1530,760,0,COD,No
702095,2024-09-03,C100164,Islamabad,Store,Kurtas,Printed Kurta  ,3,2400,1080,15,COD,Yes
701621,2024-03-05,C100678,Lahore,Online,Accessories,Sunglasses,1,2320,1460,0,Card,No
703914,2024-06-28,C101719,Multan,Online,Shoes,Sneakers,1,4360,2330,0,COD,No
704948,2025-02-22,C100006,Faisalabad,Online,Shoes,Sandals,3,2850,1680,0,Bank Transfer,No
704943,2023-11-01,C102151,Lahore,Store,T-Shirts,Classic Cotton Tee,1,1180,710,30,Card,No
702334,2024-11-28,C101002,Lahore,Store,Jackets,Bomber Jacket,2,5240,2840,30,,No
702624,2024-02-09,C101753,Faisalabad,Store,Accessories,Tote Bag,2,1550,800,0,COD,No
702888,2024-06-27,C100212,Lahore,Online,Kurtas,Cotton Kurta,1,2030,1100,0,Wallet,No
705064,2024-03-05,C100759,Karachi,Store,Kurtas,Festive Kurta,2,4480,2550,0,Wallet,No
704564,2024-11-16,C101019,Karachi,Online,Jeans,Slim Fit Jeans,-2,3430,1700,15,Card,No
700868,2025-02-14,C101962,Islamabad,Store,Jackets,Puffer Jacket,1,6740,3820,15,COD,No
704346,2024-01-30,C100330,Faisalabad,Online,Jackets,Denim Jacket,1,5230,3370,0,Wallet,No
702043,2024-02-11,C101072,Karachi,Store,Accessories,Sunglasses,1,2120,1000,10,,No
703418,2025-06-24,C100553,Peshawar,Store,Dresses,Wrap Dress,1,3880,1830,0,Card,No
701888,2025-06-16,C101742,Lahore,Online,Shoes,Sneakers,1,4600,2870,0,Wallet,No
702793,2025-06-13,C100078,Islamabad,Store,Jeans,Ripped Jeans,1,3730,1960,10,COD,No
702762,2025-01-06,C100888,Lahore,Online,Jackets,Puffer Jacket,2,6700,3830,0,Wallet,No
704252,2024-08-03,C100950,Islamabad,Online,Jeans,High-Waist Jeans,1,4200,2730,0,Bank Transfer,No
705159,2023-07-29,C101661,Islamabad,Online,Shoes,Loafers,1,5450,2480,0,COD,No
705151,2025-05-28,C101652,Lahore,Store,Dresses,Bodycon Dress,2,3880,1840,0,Bank Transfer,Yes
702114,2023-12-20,C101448,Islamabad,Online,Accessories,Sunglasses,1,2300,1160,0,COD,No
700195,2023-10-14,C100616,Faisalabad,Online,Jackets,Denim Jacket,3,5400,3300,0,Card,No
702712,2024-04-22,C101178,Lahore,Store,Dresses,Summer Floral Dress,3,3270,2030,0,COD,No
701472,2024-05-15,C101834,Lahore,Online,Kurtas,Cotton Kurta,1,2010,1070,20,COD,No
700076,2023-10-24,C100392,Islamabad,Store,Jackets,Hooded Jacket,3,4730,2190,0,Card,No
703983,2024-06-15,C101161,Rawalpindi,Store,T-Shirts,Classic Cotton Tee,2,1190,710,10,Bank Transfer,No
704301,2024-08-01,C101761,Lahore,Online,Jeans,Ripped Jeans,1,3750,1930,0,Card,No
702628,2024-12-30,C101162,Multan,Online,Jackets,Hooded Jacket,3,4980,2350,20,Bank Transfer,No
701992,2025-05-16,C100828,Multan,Store,Jeans,Straight Leg Jeans,3,3110,1720,0,Card,No
701141,2024-04-18,C100124,Lahore,Store,T-Shirts,Classic Cotton Tee,1,1140,660,0,Wallet,No
703373,2023-11-03,C102051,Lahore,Store,Accessories,Tote Bag,1,1650,810,20,Card,No
700501,2023-07-08,C100323,Islamabad,Store,jeans,High-Waist Jeans,1,4130,2380,0,COD,No
701168,2024-03-24,C100100,Peshawar,Store,Dresses,Bodycon Dress,2,3780,1750,0,COD,Yes
701020,2023-12-18,C100257,Lahore,Online,Jeans,Straight Leg Jeans,1,3250,1510,20,COD,No
703260,2023-07-30,C101250,Lahore,Online,Shoes,Sandals,1,2700,1300,10,COD,Yes
702468,2025-05-08,C100151,Peshawar,Store,Kurtas,Printed Kurta,1,2310,1260,15,COD,No
701128,2025-01-12,C100597,Islamabad,Online,Shoes,Sneakers,2,4430,2410,0,Card,No
701685,2024-11-04,C100712,Faisalabad,Online,T-Shirts,Graphic Print Tee,3,1560,750,10,COD,No
700085,2025-02-14,C101886,Lahore,Online,Jeans,Straight Leg Jeans,1,3050,1850,10,COD,No
701546,2025-06-10,C100043,Karachi,Store,Jeans,Ripped Jeans,1,3710,2260,10,Card,No
704224,2025-06-26,C101235,Lahore,Online,Dresses,Bodycon Dress,2,4060,2610,0,COD,No
700058,2025-04-14,C100644,Islamabad,Store,Accessories,Tote Bag,1,1660,1060,0,Card,No
701132,2023-12-24,C100270,Lahore,Online,Jeans,Slim Fit Jeans,2,3690,1690,0,Card,No
700261,2025-06-10,C101111,Karachi,Online,T-Shirts,Polo Shirt,1,2180,1400,0,Card,No
700725,2024-07-05,C100873,Karachi,Online,T-Shirts,Oversized Tee,2,1730,830,0,COD,No
705143,2025-06-08,C102119,Lahore,Store,Jeans,Straight Leg Jeans,1,3150,1850,0,Card,No
700376,2023-09-26,C101364,Karachi,Online,Dresses,Maxi Dress,1,4500,2370,0,Card,No
701142,2025-05-05,C101225,Peshawar,Store,Dresses,Bodycon Dress,1,3730,2100,0,Wallet,No
704268,2024-03-08,C100423,Lahore,Online,T-Shirts,Polo Shirt,1,2250,1270,0,COD,No
701726,2023-09-29,C101390,Peshawar,Online,Shoes,Boots,1,6430,3730,10,COD,No
700876,2025-05-08,C101528,Lahore,Online,TSHIRTS,Graphic Print Tee,2,1530,710,10,Card,Yes
704376,2024-10-13,C100763,Lahore,Store,Dresses,Summer Floral Dress,3,3270,1570,10,Card,No
703229,2024-07-29,C101962,Islamabad,Store,T-Shirts,Polo Shirt,1,2290,1480,0,Card,Yes
704969,2024-11-04,C101955,Sialkot,Store,Kurtas,Embroidered Kurta,3,2710,1720,0,Card,No
701007,2025-06-17,C100059,Lahore,Store,Accessories,Tote Bag,1,1630,840,15,COD,No
702706,2023-07-30,C100787,Karachi,Online,Kurtas,Embroidered Kurta,1,2880,1520,0,Bank Transfer,No
704541,2023-10-17,C100287,Karachi,Store,Dresses,Summer Floral Dress,1,3430,1990,0,Wallet,No
702988,2025-01-13,C100746,Karachi,Online,T-Shirts,Polo Shirt,2,2370,1110,0,Wallet,No
702216,2023-07-10,C102118,Lahore,Store,Dresses,Bodycon Dress,1,3960,2000,0,Card,No
703070,2024-02-25,C102099,Lahore,Store,Kurtas,Printed Kurta,1,2530,1250,0,Wallet,No
703801,2024-10-01,C100226,Lahore,Online,Kurtas,Printed Kurta,1,2310,1380,0,COD,No
705187,2025-04-18,C102063,Lahore,Store,Kurtas,Printed Kurta,3,2550,1360,15,Card,No
702343,2024-07-01,C102030,Lahore,Store,Accessories,Sunglasses,1,2130,1010,0,COD,No
701892,2023-09-15,C100910,Faisalabad,Store,Shoes,Boots,2,6200,3430,0,Card,No
704029,2025-04-10,C100151,Peshawar,Online,Jeans,Straight Leg Jeans,2,3300,2140,10,Wallet,No
704713,2024-06-17,C101037,,Store,Shoes,Loafers,1,5370,3080,0,COD,No
700364,2024-02-23,C101344,Sialkot,Store,Jeans,Straight Leg Jeans,3,3380,2060,0,Bank Transfer,No
700986,2024-06-01,C101217,Islamabad,Online,T-Shirts,Polo Shirt,1,2230,1420,15,COD,Yes
704817,2024-10-15,C101018,Lahore,Online,Dresses,Wrap Dress,1,4070,2030,10,Card,Yes
702652,2025-06-26,C102008,Lahore,Online,Jackets,Puffer Jacket,1,7120,4230,0,Card,No
703774,2023-12-12,C101162,Multan,Store,Jackets,Puffer Jacket,1,7080,4060,15,COD,No
700696,2024-02-01,C100048,Rawalpindi,Online,Accessories,Baseball Cap,1,940,510,15,Wallet,No
704181,2024-07-13,C100926,Lahore,Online,jackets,Denim Jacket,1,5320,2750,0,COD,No
700337,2025-03-18,C100256,Faisalabad,Store,Accessories,Tote Bag,3,1570,940,0,Card,Yes
701392,2025-01-10,C100027,Lahore,Store,Jeans,Straight Leg Jeans,1,3450,1630,10,Card,No
702348,2023-08-31,C100782,Karachi,Online,Jackets,Denim Jacket,2,5480,3330,0,Card,No
703145,2025-02-19,C102096,Lahore,Store,Jeans,Ripped Jeans,1,3910,1910,0,Wallet,No
704551,2025-05-13,C101766,,Online,Kurtas,Festive Kurta,1,4020,2400,15,Bank Transfer,No
704670,2024-05-30,C102097,Karachi,Online,Jeans,Ripped Jeans,1,3990,2500,0,Card,No
703338,2024-01-06,C100134,Islamabad,Store,Jackets,Puffer Jacket,2,6500,3280,15,COD,Yes
701849,2024-01-20,C101379,Karachi,Store,Jeans,Straight Leg Jeans,1,3390,1790,10,Card,No
703225,2024-01-20,C101438,Peshawar,Online,Jeans,High-Waist Jeans,1,4210,1980,10,COD,Yes
703308,2024-12-26,C100300,faisalabad,Store,Shoes,Boots,2,6280,3740,15,COD,Yes
704921,2025-05-11,C100704,Karachi,Online,T-Shirts,Oversized Tee,2,1720,880,0,COD,No
702463,2024-04-06,C100179,Faisalabad,Online,Kurtas,Festive Kurta,1,4460,2320,15,COD,No
704992,2024-06-19,C102091,Multan,Store,Accessories,Tote Bag,2,1690,1010,0,COD,No
702108,2024-02-23,C101652,Lahore,Online,Accessories,Sunglasses,2,2230,1190,10,Card,No
703915,2024-08-18,C101799,Islamabad,Store,Jeans,Ripped Jeans,3,3870,2340,0,Card,No
704868,2024-09-15,C102152,Faisalabad,Store,Jeans,Ripped Jeans,2,3850,2150,15,Wallet,No
703460,2024-10-20,C101313,Lahore,Store,Jeans,Slim Fit Jeans,3,3470,1910,0,Bank Transfer,No
702467,2023-12-28,C101759,Peshawar,Online,Kurtas,Embroidered Kurta,1,2940,1670,10,Bank Transfer,No
701310,2025-05-08,C100302,Islamabad,Online,Jeans,Slim Fit Jeans,1,3590,2170,10,Card,No
702965,2023-12-14,C100425,Faisalabad,Store,Dresses,Maxi Dress,1,4490,2890,25,Bank Transfer,No
701117,2024-07-18,C100469,Islamabad,Store,Jackets,Denim Jacket,2,5720,3230,10,Card,No
700011,2023-09-07,C100863,Islamabad,Store,Dresses,Bodycon Dress,1,3910,2250,0,Bank Transfer,No
704338,2023-11-14,C100249,Karachi,Online,Shoes,Loafers,1,5480,3390,25,Wallet,No
705102,2025-05-12,C100701,Karachi,Online,Dresses,Bodycon Dress,1,3860,1900,10,Wallet,No
701770,2025-01-04,C100563,,Store,Jackets,Denim Jacket,2,5590,2800,0,Bank Transfer,No
701317,2023-11-16,C101700,Peshawar,Online,Jeans,High-Waist Jeans,3,4240,1930,25,Card,No
700268,2025-01-14,C101731,Lahore,Store,Accessories,Sunglasses,1,2110,1230,0,COD,No
700575,2023-12-31,C100181,Peshawar,Online,T-Shirts,Oversized Tee,1,1860,1050,25,Bank Transfer,No
703900,2024-01-12,C102167,Karachi,Store,Kurtas,Embroidered Kurta,1,2990,1450,0,COD,No
701601,2024-07-30,C100869,Lahore,Online,Kurtas,Cotton Kurta,2,1830,960,10,Card,No
701090,2023-12-25,C102096,Lahore,Store,Jackets,Bomber Jacket,1,5570,2900,20,Wallet,No
703795,2024-05-23,C100968,Islamabad,Online,Jeans,High-Waist Jeans,1,4530,2740,20,Card,No
703660,2024-10-29,C101002,Lahore,Store,Accessories,Tote Bag,1,1720,1060,0,Card,No
701653,2024-10-31,C100541,Islamabad,Online,Jeans,Ripped Jeans,2,3990,2380,0,COD,Yes
702533,2023-12-23,C100962,Lahore,Store,T-Shirts,Polo Shirt,1,2180,1330,0,Card,No
703092,2023-07-14,C101448,Islamabad,Store,Kurtas,Festive Kurta,3,4410,2590,10,COD,No
704082,2023-09-05,C101039,Lahore,Online,Kurtas,Cotton Kurta,2,1940,1150,0,COD,No
700068,2023-12-20,C101720,Lahore,Online,Dresses,Maxi Dress,1,4660,2510,10,Card,No
702700,2025-06-29,C101755,Islamabad,Online,Accessories,Tote Bag,1,1630,1050,0,COD,No
701113,2023-07-25,C101297,lahore,Store,Kurtas,Festive Kurta,1,4110,1860,0,COD,Yes
702636,2025-03-06,C100772,Islamabad,Store,Dresses,Wrap Dress,1,4150,2100,0,COD,Yes
701489,2023-09-08,C102160,Karachi,Store,Accessories,Sunglasses,3,2270,1090,0,COD,No
700529,2024-08-03,C101995,Faisalabad,Online,Accessories,Sunglasses,1,2300,1260,0,Wallet,No
703364,2025-02-14,C101596,Lahore,Store,Accessories,Baseball Cap,1,880,430,0,COD,No
701382,2025-06-08,C101799,Islamabad,Online,T-Shirts,Polo Shirt,2,2280,1090,0,Card,No
704114,2024-11-10,C102052,Karachi,Online,Jackets,Puffer Jacket,1,6560,3540,10,COD,No
702314,2025-03-01,C101051,Lahore,Online,Accessories,Leather Belt,-1,1270,740,10,Card,No
701083,2024-08-31,C100210,Rawalpindi,Online,T-Shirts,Polo Shirt,1,2360,1260,0,Card,Yes
700074,2023-08-03,C101947,Peshawar,Online,Shoes,Boots,1,6580,3250,0,Card,No
700781,2025-02-12,C100535,Lahore,Online,Shoes,Sneakers,2,4640,2470,0,Card,No
703157,2023-07-18,C100285,Karachi,Online,Shoes,Sneakers,2,4760,2840,0,Wallet,No
703538,2025-01-25,C100133,Karachi,Online,Accessories,Leather Belt,1,1200,650,15,Wallet,Yes
702669,2024-12-03,C101019,Karachi,Store,Dresses,Maxi Dress,1,4800,2440,0,Card,No
701065,2024-10-26,C102199,Rawalpindi,Store,Jeans,High-Waist Jeans,1,4320,2490,0,Wallet,No
701119,2023-07-31,C101731,Lahore,Store,Accessories,Leather Belt,1,1280,710,0,Bank Transfer,No
704827,2025-04-04,C101088,Karachi,Store,T-Shirts,Polo Shirt,1,2280,1230,15,COD,No
703449,2023-07-22,C100171,islamabad,Online,Shoes,Sneakers,1,4780,2890,0,COD,No
701757,2023-07-13,C101043,Rawalpindi,Store,Kurtas,Festive Kurta,2,4140,2400,0,Card,No
700296,2023-08-18,C101590,Lahore,Online,Dresses,Wrap Dress,2,4170,2180,0,COD,No
704987,2024-09-05,C100463,Karachi,Online,Accessories,Tote Bag,1,1600,900,0,Card,No
702132,2025-03-09,C102062,ISLAMABAD,Online,Jeans,Straight Leg Jeans,3,3370,2190,0,COD,No
703048,2024-07-16,C100981,Faisalabad,Store,T-Shirts,Oversized Tee,1,1800,860,0,COD,Yes
701608,2024-03-18,C101345,Islamabad,Online,T-Shirts,Classic Cotton Tee,1,1290,760,0,Wallet,No
702271,2024-07-25,C101342,Karachi,Store,Kurtas,Printed Kurta,1,2320,1250,0,Card,No
700277,2024-11-25,C100643,Lahore,Online,Jeans,Slim Fit Jeans,2,3460,2080,30,Card,No
702908,2023-09-04,C101660,Lahore,Store,Dresses,Bodycon Dress,1,3960,2150,10,Card,No
702910,2024-04-16,C101324,Karachi,Online,Shoes,Sandals,1,2660,1320,0,,No
701148,2024-05-11,C101048,Multan,Online,Kurtas,Festive Kurta,1,4400,2420,10,COD,Yes
702760,2023-09-14,C100342,Faisalabad,Online,Jackets,Puffer Jacket,2,6630,3360,10,Card,No
700024,2024-06-02,C101808,Karachi,Store,Dresses,Wrap Dress,2,4240,2560,0,Wallet,No
703883,2025-04-01,C101990,Lahore,Online,Dresses,Wrap Dress,1,4150,2140,0,COD,No
702370,2024-08-09,C101038,Karachi,Online,Jeans,Straight Leg Jeans,3,3040,1900,15,Wallet,Yes
700866,2024-02-16,C100740,Lahore,Online,Shoes,Loafers,3,4950,2320,0,Card,No
704483,2023-11-02,C100335,Islamabad,Online,Jackets,Hooded Jacket,2,4610,2200,15,Card,No
704119,2024-06-12,C101663,Lahore,Store,Accessories,Sunglasses,1,2350,1160,0,Wallet,No
702081,2025-04-18,C102072,Karachi,Store,T-Shirts,Classic Cotton Tee,3,1140,570,15,COD,No
702024,2024-11-15,C101574,Lahore,Store,Dresses,Maxi Dress,1,4290,1950,20,Card,No
705119,2023-12-12,C101592,Sialkot,Online,Jackets,Puffer Jacket,1,7000,3870,0,COD,No
703425,2023-12-10,C101578,,Online,T-Shirts,Classic Cotton Tee,1,1200,670,25,COD,No
705038,2024-01-16,C102099,Lahore,Store,Shoes,Sneakers,2,4660,2220,0,Bank Transfer,No
703541,2024-03-21,C101262,Karachi,Online,Jeans,Straight Leg Jeans,3,3370,1680,0,Card,No
700758,2023-11-26,C100731,Lahore,Store,Shoes,Sandals,1,2660,1450,15,COD,No
704247,2024-02-09,C101514,Peshawar,Store,Shoes,Loafers,3,5390,2970,0,,No
701429,2024-10-13,C101815,Islamabad,Store,Jackets,Puffer Jacket,2,6610,4120,0,COD,No
701632,2023-11-08,C101212,Islamabad,Store,T-Shirts,Graphic Print Tee,1,1490,940,10,Card,No
700110,2024-04-10,C100869,Lahore,Online,Jeans,Ripped Jeans,1,3980,1890,15,Card,No
704902,2024-06-12,C100019,ISLAMABAD,Online,T-Shirts,Oversized Tee,1,1780,830,0,Card,No
704406,2023-09-10,C101347,Karachi,Online,Jeans,High-Waist Jeans,1,4100,1990,10,Card,No
702247,2025-02-05,C101210,Faisalabad,Online,Jackets,Denim Jacket,1,5290,3340,0,Wallet,No
704276,2024-01-02,C102058,Lahore,Online,Jackets,Hooded Jacket,1,4720,2190,0,COD,No
700937,2024-11-02,C100659,Karachi,Online,Jackets,Puffer Jacket,3,6650,3960,0,Card,No
702540,2024-04-20,C100055,Faisalabad,Store,shoes,Sneakers,1,4710,2790,0,COD,No
703552,2024-11-23,C101817,Karachi,Online,Kurtas,Festive Kurta,1,4240,2090,30,Card,No
705114,2023-08-07,C100345,Faisalabad,Store,Jeans,High-Waist Jeans,2,4110,2210,10,COD,No
704493,2024-03-02,C102134,Islamabad,Store,Dresses,Maxi Dress,1,4750,2300,0,Bank Transfer,No
701121,2023-09-19,C101069,Karachi,Store,Jackets,Hooded Jacket,1,5160,3290,0,Wallet,No
702849,2024-12-13,C101347,Karachi,Online,Dresses,Maxi Dress,1,4820,3100,10,COD,No
704123,2024-02-26,C100152,Lahore,Online,Jackets,Denim Jacket,2,5300,3420,10,COD,No
703454,2023-07-26,C100680,Lahore,Store,Dresses,Summer Floral Dress,3,3150,1830,0,Wallet,No
701526,2024-03-06,C101593,Karachi,Online,Jeans,Slim Fit Jeans,1,3530,1850,0,COD,No
703891,2024-08-14,C101866,Peshawar,Store,Kurtas,Printed Kurta,2,0,1390,0,Card,No
701901,2024-08-01,C100708,Karachi,Online,Kurtas,Embroidered Kurta,2,2920,1410,0,Wallet,No
702479,2024-02-22,C102115,Peshawar,Store,Jeans,Straight Leg Jeans,2,3320,1890,0,COD,No
700719,2025-04-01,C101078,Islamabad,Online,Kurtas,Festive Kurta,2,4310,2030,20,Bank Transfer,No
703060,2024-06-28,C100701,Karachi,Online,T-Shirts,Graphic Print Tee,2,1450,680,0,Card,No
700198,2025-05-23,C100769,Islamabad,Store,Accessories,Leather Belt,3,1230,570,0,COD,No
701005,2023-11-07,C101212,ISLAMABAD,Store,Accessories,Sunglasses  ,1,2260,1220,10,Card,No
702598,2024-01-19,C100412,,Store,Kurtas,Printed Kurta,1,2310,1320,0,Card,No
701882,2023-12-27,C100571,Multan,Store,Kurtas,Festive Kurta,1,4390,2390,0,COD,No
702620,2024-01-06,C102157,Karachi,Online,Jeans,Ripped Jeans,1,4030,1810,0,Bank Transfer,No
703211,2024-04-03,C101096,Lahore,Online,Kurtas,Embroidered Kurta,1,2780,1400,0,COD,No
702306,2024-11-08,C100936,Sialkot,Online,Accessories,Baseball Cap,1,930,470,25,COD,No
704363,2025-01-22,C101245,Karachi,Online,Accessories,Leather Belt,1,1200,760,0,COD,No
704316,2024-01-30,C101890,Lahore,Online,T-Shirts,Oversized Tee,1,1930,1170,0,COD,No
703009,2024-07-31,C101721,Lahore,Online,Dresses,Wrap Dress,3,4110,2460,0,Card,No
702127,2023-12-21,C100972,Lahore,Store,Jeans,Ripped Jeans,1,4060,2270,0,COD,No
700005,2024-10-05,C100358,Karachi,Online,Dresses,Maxi Dress,1,4650,2270,0,Card,No
700816,2024-08-26,C102055,Karachi,Online,T-Shirts,Graphic Print Tee,1,1550,970,0,COD,No
700514,2024-02-25,C101579,Multan,Online,Shoes,Boots,2,6980,3760,15,Card,No
701474,2024-07-11,C101480,Karachi,Online,T-Shirts,Classic Cotton Tee,1,1270,590,10,Card,No
702987,2024-10-24,C100179,Faisalabad,Online,Shoes,Loafers,1,5240,3020,0,COD,No
700861,2024-01-22,C101939,Lahore,Online,Jeans,Ripped Jeans,2,3930,2500,0,Bank Transfer,Yes
700064,2024-03-25,C102064,Karachi,Online,Jeans,Ripped Jeans,1,4060,2620,15,,No
701512,2024-03-12,C100848,Lahore,Online,Jeans,High-Waist Jeans,1,4450,2840,0,COD,No
704163,2025-01-28,C100967,Lahore,Online,Shoes,Loafers,3,5000,2700,0,Bank Transfer,No
705078,2023-10-15,C102123,Lahore,Online,Kurtas,Festive Kurta,1,4240,2070,0,COD,No
700652,2025-04-02,C102065,Peshawar,Online,Dresses,Wrap Dress,1,4280,2210,0,Card,No
700526,2023-08-31,C102062,Islamabad,Store,Accessories,Baseball Cap,2,960,490,10,Card,No
703174,2024-08-29,C100847,Rawalpindi,Online,T-Shirts,Graphic Print Tee,1,1460,670,0,Bank Transfer,No
703999,2023-07-21,C100663,Lahore,Online,Accessories,Leather Belt,1,1270,800,15,COD,No
701873,2024-02-04,C101224,Lahore,Store,Accessories,Baseball Cap,2,870,520,0,Card,No
703737,2024-09-17,C101890,Lahore,Online,Jeans,Slim Fit Jeans,3,3380,1710,10,COD,No
703797,2024-06-18,C100708,Karachi,Online,T-Shirts,Classic Cotton Tee,1,1150,660,10,Card,No
704624,2024-06-15,C100160,Lahore,Online,Dresses,Bodycon Dress,1,3840,1880,0,Card,No
701251,2024-03-17,C100066,Islamabad,Store,Jackets,Denim Jacket,1,5710,2780,15,Wallet,Yes
700718,2024-03-03,C101072,Karachi,Online,Jeans,Slim Fit Jeans,3,3450,1990,0,COD,No
703452,2024-03-05,C100353,Islamabad,Store,Jeans,High-Waist Jeans,1,4530,2890,0,Card,No
702898,2023-11-12,C101179,Lahore,Store,Shoes,Loafers,1,5400,2670,25,COD,No
701721,2025-05-12,C100257,Lahore,Online,Dresses,Bodycon Dress,2,3720,2010,15,Card,No
700059,2025-06-17,C100555,Lahore,Store,Kurtas,Festive Kurta,3,4070,2640,0,Card,No
701807,2024-09-12,C102129,Lahore,Store,Jeans,High-Waist Jeans,1,4360,2700,0,Card,No
703997,2025-05-03,C101653,Lahore,Store,Dresses,Wrap Dress,2,3880,2270,0,Card,Yes
704542,2025-06-08,C101685,Lahore,Store,Dresses,Summer Floral Dress,1,3190,1860,10,COD,No
704688,2024-11-27,C101194,Multan,Online,Dresses,Summer Floral Dress,1,3440,1670,0,COD,Yes
701839,2025-02-09,C100252,Karachi,Store,Kurtas,Printed Kurta,2,2430,1450,10,Card,No
704924,2024-06-28,C102136,Karachi,Store,T-Shirts,Graphic Print Tee,1,1450,700,10,Wallet,No
704740,2025-01-22,C101304,Multan,Store,Dresses,Bodycon Dress,2,4060,2010,0,COD,Yes
702290,2024-12-09,C101977,Sialkot,Online,Jackets,Hooded Jacket,1,5150,2590,10,COD,No
700760,2023-07-21,C101993,Lahore,Online,Dresses,Bodycon Dress,1,3920,1920,15,COD,No
704161,2023-11-11,C100878,Islamabad,Store,T-Shirts,Polo Shirt,2,2330,1420,0,Bank Transfer,No
703065,2024-05-01,C102034,Lahore,Online,JEANS,Slim Fit Jeans,3,3440,1890,20,Card,No
700182,2024-08-11,C102046,Karachi,Store,T-Shirts,Classic Cotton Tee,1,1160,720,0,COD,No
701378,2024-03-17,C101493,Faisalabad,Store,Jeans,Ripped Jeans,1,3860,2170,0,Wallet,Yes
703435,2023-09-07,C100688,Faisalabad,Online,Accessories,Leather Belt,2,1290,820,0,COD,No
703863,2024-12-12,C101137,Karachi,Online,Accessories,Leather Belt  ,2,1200,560,15,Wallet,No
703489,2024-05-07,C101724,Karachi,Online,Dresses,Wrap Dress,1,4190,2190,10,,No
700252,2023-12-21,C101561,Islamabad,Online,Accessories,Leather Belt,3,1220,580,10,COD,No
703360,2024-12-03,C100001,Karachi,Online,Dresses,Bodycon Dress,1,3920,2400,0,COD,Yes
701513,2025-05-21,C100329,Karachi,Online,Kurtas,Festive Kurta,1,4170,2310,15,Bank Transfer,No
703047,2024-04-10,C100291,Lahore,Online,T-Shirts,Graphic Print Tee,1,1520,720,0,Card,No
703180,2025-01-04,C101855,Sialkot,Store,Shoes,Sneakers,1,4520,2470,0,COD,No
703232,2024-08-12,C101721,Lahore,Store,Kurtas,Embroidered Kurta,2,2860,1440,0,Bank Transfer,No
703438,2025-02-16,C100792,Karachi,Online,T-Shirts,Graphic Print Tee,1,1580,710,0,Card,No
701273,2025-06-30,C101784,Lahore,Online,Jeans,Straight Leg Jeans,2,3330,1600,0,COD,No
701659,2023-11-27,C101198,Karachi,Store,T-Shirts,Graphic Print Tee,1,1430,790,0,Card,No
700239,2025-04-14,C101561,Islamabad,Online,Kurtas,Festive Kurta,1,4070,2350,20,COD,No
700764,2024-10-03,C100482,Islamabad,Online,Kurtas,Cotton Kurta,1,1840,830,0,Card,No
702807,2024-09-11,C100902,Lahore,Store,Shoes,Sandals,2,2990,1830,10,Card,No
702233,2025-01-11,C100212,Lahore,Store,Shoes,Loafers,2,5410,3260,0,COD,No
700821,2024-04-24,C102082,Rawalpindi,Online,Jackets,Denim Jacket,1,5380,2960,10,Card,No
701006,2024-03-14,C100484,Lahore,Store,Dresses,Wrap Dress,1,4120,2360,0,Wallet,No
703554,2023-11-02,C100102,Karachi,Online,Jackets,Bomber Jacket  ,2,5510,3060,20,COD,No
704026,2024-02-02,C100880,Karachi,Online,Jackets,Hooded Jacket,2,4850,2290,0,Wallet,No
701275,2025-05-28,C100252,Karachi,Online,Kurtas,Embroidered Kurta,2,2720,1410,15,Wallet,No
704315,2025-06-28,C102015,Islamabad,Online,Dresses,Maxi Dress,3,4460,2090,0,COD,No
704850,2023-12-18,C100245,Multan,Online,T-Shirts,Classic Cotton Tee,3,1230,620,0,Card,No
702864,2024-11-16,C100916,Lahore,Online,Jeans,Slim Fit Jeans,1,3780,2050,25,COD,No
703764,2024-02-01,C100230,Lahore,Online,Shoes,Sneakers,2,4350,2530,0,Wallet,No
700655,2024-03-15,C101461,Islamabad,Store,Kurtas,Festive Kurta,1,4360,2640,10,COD,No
703194,2024-11-20,C102140,Peshawar,Online,Jeans,High-Waist Jeans,1,4500,2900,20,Wallet,No
702021,2024-11-14,C101446,,Online,Jackets,Puffer Jacket,2,6750,4300,25,Bank Transfer,No
703458,2024-02-09,C102153,Faisalabad,Store,Jackets,Hooded Jacket,1,4860,2860,0,COD,No
701456,2025-01-04,C100563,Islamabad,Store,Accessories,Leather Belt,1,1260,680,0,Wallet,No
702984,2024-01-31,C101102,Faisalabad,Store,Kurtas,Printed Kurta,1,2480,1420,10,COD,No
703852,2024-10-29,C101282,Karachi,Online,T-Shirts,Graphic Print Tee,1,1550,800,0,Wallet,No
703248,2024-01-14,C100549,Karachi,Store,Kurtas,Embroidered Kurta,2,2880,1550,0,Bank Transfer,No
704696,2023-12-31,C102142,Faisalabad,Store,Shoes,Boots,1,6930,3430,15,Card,No
700552,2024-12-16,C101679,Islamabad,Online,Dresses,Maxi Dress,1,4660,2670,20,Card,No
703391,2024-10-30,C102140,Peshawar,Online,Kurtas,Cotton Kurta,1,1850,1150,0,COD,No
704744,2023-09-06,C100535,Lahore,Store,Shoes,Sneakers,1,4550,2280,0,COD,No
702129,2024-01-01,C100745,Karachi,Store,Jackets,Hooded Jacket,2,4950,2430,0,Bank Transfer,No
702396,2024-04-01,C100294,Multan,Online,Shoes,Boots,2,6660,3290,0,Wallet,No
703874,2025-03-22,C101624,Karachi,Online,Kurtas,Embroidered Kurta,1,2860,1460,0,Bank Transfer,No
701360,2024-12-13,C100513,Karachi,Online,Dresses,Maxi Dress,1,4450,2240,0,COD,No
701414,2024-10-07,C100063,Faisalabad,Store,Jeans,Slim Fit Jeans,2,3460,2160,0,COD,No
705199,2024-03-26,C100587,Karachi,Store,Jackets,Bomber Jacket,2,5260,3310,0,COD,No
700415,2023-09-22,C101486,Sialkot,Online,Shoes,Loafers,3,5090,3260,0,Card,No
704714,2023-10-19,C100216,Lahore,Store,kurtas,Festive Kurta,3,4190,1900,0,COD,No
700099,2024-01-08,C100514,Karachi,Online,Jeans,Straight Leg Jeans,1,3200,1870,0,COD,No
700603,2024-01-25,C101492,Rawalpindi,Store,Shoes,Boots,1,6930,3490,0,COD,No
700095,2023-10-30,C102086,Karachi,Online,Kurtas,Festive Kurta,1,4210,2510,0,Bank Transfer,No
703432,2025-06-15,C101269,Karachi,Online,Kurtas,Printed Kurta,1,2560,1220,10,Bank Transfer,No
702521,2023-10-30,C100234,Peshawar,Online,Kurtas,Printed Kurta,3,2450,1490,0,COD,No
701788,2025-02-17,C100228,Islamabad,Store,Shoes,Sneakers,2,4850,2580,15,Card,No
704920,2025-06-20,C100362,Lahore,Store,T-Shirts,Polo Shirt,1,2150,1020,0,Wallet,No
701068,2024-07-01,C100942,Lahore,Store,Accessories,Sunglasses,1,2270,1170,0,COD,No
701289,2025-01-07,C101727,,Store,Jackets,Hooded Jacket,1,4910,2590,0,Card,No
701399,2024-02-01,C100380,Islamabad,Online,Kurtas,Cotton Kurta,2,1990,940,0,Card,No
701394,2023-07-04,C100294,Multan,Online,Jackets,Bomber Jacket,2,5580,2690,0,Card,No
700214,2025-02-14,C101062,Lahore,Online,Shoes,Sandals,1,2750,1570,15,Card,No
702633,2025-01-21,C101126,Islamabad,Online,Accessories,Sunglasses,1,2260,1390,0,Bank Transfer,No
700274,2025-01-06,C100801,,Store,Jeans,High-Waist Jeans,2,4470,2140,0,Bank Transfer,No
702791,2025-04-23,C101161,Rawalpindi,Online,Shoes,Sandals,2,3000,1810,0,Card,No
703127,2023-09-27,C100906,Karachi,Online,Accessories,Sunglasses,1,2120,1220,0,Card,No
700985,2024-02-21,C102005,Peshawar,Online,Jeans,High-Waist Jeans,1,4520,2400,0,Card,No
702881,2024-02-27,C101735,Faisalabad,Store,Dresses,Wrap Dress,2,4160,2680,0,COD,No
700865,2023-10-30,C101547,Faisalabad,Online,T-Shirts,Oversized Tee,1,1930,1040,15,Wallet,No
701453,2024-04-16,C101472,Lahore,Online,Kurtas,Festive Kurta,1,4010,2040,0,Wallet,No
702779,2024-01-18,C100211,Islamabad,Online,Kurtas,Printed Kurta,1,2290,1380,0,Card,No
704787,2023-08-30,C101460,Faisalabad,Online,Dresses,Wrap Dress,1,3890,2110,0,Bank Transfer,No
700165,2024-12-03,C101320,Karachi,Online,Jackets,Bomber Jacket,2,5400,3230,0,Card,No
700457,2024-05-29,C101500,Rawalpindi,Store,T-Shirts,Graphic Print Tee,2,1470,700,0,,No
700009,2023-09-02,C100179,Faisalabad,Online,Dresses,Bodycon Dress,1,3930,2210,0,COD,No
701518,2025-06-04,C100484,Lahore,Online,T-Shirts,Polo Shirt,2,2170,1300,0,COD,No
701668,2024-12-09,C101809,Lahore,Online,Jeans,High-Waist Jeans,2,4340,2690,30,Bank Transfer,No
700365,2024-09-03,C101320,Karachi,Store,Kurtas,Embroidered Kurta,3,3020,1580,0,Wallet,No
703721,2023-08-12,C100993,Lahore,Online,Dresses,Maxi Dress,2,4720,3010,10,Wallet,No
701664,2025-03-28,C100274,Rawalpindi,Store,Shoes,Sandals,1,2770,1690,0,Card,No
703319,2025-02-04,C100262,Karachi,Store,Jackets,Puffer Jacket,2,7250,3670,0,COD,No
700602,2024-08-12,C100450,Lahore,Store,Dresses,Summer Floral Dress,2,3100,1470,0,Card,No
704132,2024-09-21,C101043,Rawalpindi,Online,Jeans,Straight Leg Jeans,2,3330,1550,0,COD,No
703339,2024-10-28,C102125,Karachi,Online,Dresses,Bodycon Dress,1,3850,1820,10,COD,No
703569,2024-03-25,C100230,Lahore,Online,Jackets,Bomber Jacket,1,5560,3000,0,COD,No
704223,2023-08-12,C101608,Karachi,Store,Dresses,Wrap Dress,2,3850,2150,0,Card,No
704675,2025-02-24,C100346,Sialkot,Online,Shoes,Boots,1,6440,4050,10,COD,No
704137,2024-02-04,C100800,Faisalabad,Online,jackets,Bomber Jacket,2,5190,3200,0,COD,No
701572,2024-09-07,C101422,Karachi,Store,Jeans,High-Waist Jeans,1,4160,1900,0,Wallet,No
702308,2023-11-13,C100431,Faisalabad,Online,Kurtas,Embroidered Kurta,1,2690,1320,20,Card,No
704042,2024-10-26,C100774,Lahore,Online,Jeans,Slim Fit Jeans,1,3760,1760,0,COD,No
701177,2024-05-20,C101612,Faisalabad,Store,Shoes,Loafers,1,5200,3370,15,Card,No
704511,2024-04-17,C100726,Lahore,Online,Shoes,Boots,2,6390,3660,0,COD,No
704203,2024-12-08,C100379,Rawalpindi,Store,Accessories,Baseball Cap,1,870,490,15,COD,No
704635,2025-01-31,C100817,Islamabad,Store,Jeans,Ripped Jeans,3,3710,2080,0,,No
701968,2024-08-06,C101262,Karachi,Online,Dresses,Wrap Dress,2,3820,1960,0,COD,No
700482,2025-02-07,C100330,Faisalabad,Store,Accessories,Sunglasses,3,2240,1450,10,Card,No
704557,2023-08-27,C100472,Lahore,Store,Shoes,Sneakers,1,4580,2820,10,COD,No
702044,2024-05-18,C101693,Faisalabad,Online,T-Shirts,Graphic Print Tee,1,1610,840,15,COD,No
702746,2025-02-13,C101345,Islamabad,Store,Jackets,Denim Jacket,2,5310,2940,0,Wallet,No
702873,2025-04-03,C100369,Peshawar,Online,Kurtas,Embroidered Kurta,1,2850,1520,0,Wallet,No
704153,2024-12-11,C101859,Karachi,Online,Kurtas,Printed Kurta,1,2420,1470,20,COD,No
703483,2023-09-20,C100396,Multan,Online,Kurtas,Embroidered Kurta,1,2810,1810,0,Card,No
702925,2025-03-28,C100867,Faisalabad,Online,Accessories,Tote Bag  ,1,1550,850,0,COD,No
702582,2024-05-27,C100986,Karachi,Online,Accessories,Sunglasses,1,2170,1370,0,COD,No
702365,2023-09-20,C101002,Lahore,Store,Dresses,Wrap Dress,1,3870,2040,15,Card,No
704238,2025-06-11,C100428,Lahore,Store,Kurtas,Embroidered Kurta,2,3010,1600,0,Wallet,No
704132,2024-09-21,C101043,Rawalpindi,Online,Kurtas,Cotton Kurta,1,1950,1010,10,COD,No
700632,2024-03-26,C100452,Rawalpindi,Online,Kurtas,Printed Kurta,2,2360,1090,15,COD,No
704201,2025-03-04,C101209,Karachi,Store,Shoes,Loafers,2,5050,2300,0,Card,No
702714,2024-05-01,C100553,Peshawar,Online,Accessories,Baseball Cap,1,870,470,0,COD,No
700413,2025-02-25,C100591,,Store,Shoes,Boots,3,6550,3070,0,Card,Yes
704928,2025-06-19,C100013,Multan,Store,Kurtas,Cotton Kurta,1,1870,1080,0,COD,Yes
700805,2023-08-10,C100408,Lahore,Store,Accessories,Tote Bag,1,1650,780,0,Bank Transfer,No
701838,2024-04-22,C101701,Sialkot,Online,Accessories,Baseball Cap,1,900,520,0,Card,No
700001,2025-04-16,C100898,Lahore,Online,Accessories,Sunglasses,2,2180,1260,15,COD,No
701206,2024-11-05,C100051,Lahore,Online,T-Shirts,Oversized Tee,1,1840,1080,0,Card,No
703704,2024-11-06,C100916,Lahore,Store,Accessories,Tote Bag,3,1670,840,20,COD,No
703962,2024-07-25,C101279,Islamabad,Online,Accessories,Tote Bag,2,1650,820,0,Wallet,No
700839,2024-06-22,C101194,Multan,Online,Accessories,Tote Bag,1,1540,790,0,Bank Transfer,No
704077,2025-01-09,C100936,Sialkot,Online,Jackets,Puffer Jacket,3,6530,3070,0,Card,No
701832,2023-08-31,C101575,Lahore,Online,Jeans,Ripped Jeans,1,4050,2230,15,Card,No
704462,2024-10-11,C100226,Lahore,Store,Jeans,Straight Leg Jeans,1,3040,1660,10,Card,Yes
704230,2025-02-01,C100184,Faisalabad,Online,Dresses,Summer Floral Dress,1,3240,1960,0,Card,No
701902,2023-09-18,C102166,Peshawar,Store,DRESSES,Wrap Dress,1,4240,2000,15,Wallet,No
702530,2024-11-30,C100688,Faisalabad,Store,Jackets,Puffer Jacket,1,7090,3970,20,COD,No
701288,2023-11-19,C101845,Islamabad,Store,Accessories,Leather Belt,1,1270,650,30,COD,No
702654,2025-03-27,C101922,Karachi,Online,Jeans,High-Waist Jeans,1,4190,2710,0,Bank Transfer,Yes
702013,2023-08-23,C102157,Karachi,Online,T-Shirts,Polo Shirt,1,2250,1160,0,Card,No
702871,2024-05-11,C102018,Islamabad,Store,Jackets,Hooded Jacket,2,4910,2260,10,COD,No
702781,2025-03-02,C102020,Rawalpindi,Store,Kurtas,Embroidered Kurta,1,2780,1360,0,Card,No
702045,2024-05-05,C100877,Karachi,Online,T-Shirts,Oversized Tee,2,1780,850,20,COD,No
702847,2024-04-19,C100016,Islamabad,Store,T-Shirts,Oversized Tee,1,1770,1080,10,Card,No
705133,2023-08-12,C101728,Lahore,Store,Jackets,Hooded Jacket,1,5060,2580,0,COD,No
700581,2024-04-22,C102064,Karachi,Online,Kurtas,Cotton Kurta  ,3,1930,910,15,COD,Yes
701482,2024-09-30,C101191,Karachi,Online,Jeans,Straight Leg Jeans,2,3220,1690,0,Bank Transfer,No
703773,2023-12-02,C100173,Peshawar,Store,Dresses,Wrap Dress,1,4260,2470,10,Card,No
703017,2024-06-15,C101496,Multan,Online,Shoes,Boots,2,6750,3730,15,Card,No
704883,2024-08-21,C102049,Karachi,Store,Jeans,High-Waist Jeans,2,4220,2570,0,Card,No
700684,2023-10-31,C101469,Lahore,Online,Accessories,Tote Bag,2,1530,990,10,Card,No
702182,2025-04-11,C100474,Karachi,Online,T-Shirts,Classic Cotton Tee,3,1240,690,15,Bank Transfer,No
700703,2025-03-14,C101123,Lahore,Online,T-Shirts,Classic Cotton Tee,2,1160,710,10,Card,No
704966,2025-02-17,C100187,Lahore,Online,Jackets,Hooded Jacket,3,5110,3210,0,COD,No
704814,2024-01-31,C101303,Lahore,Store,Jeans,Ripped Jeans,1,4090,2360,0,Wallet,No
702363,2025-03-03,C101492,Rawalpindi,Store,Dresses,Wrap Dress,3,3980,2170,15,Card,No
704058,2024-10-19,C101220,Lahore,Store,T-Shirts,Graphic Print Tee,1,1610,940,0,COD,No
704087,2024-08-28,C102141,Karachi,Store,Dresses,Maxi Dress,1,4830,2250,0,Card,Yes
700221,2023-12-11,C101717,Islamabad,Online,Accessories,Sunglasses,2,2350,1310,15,COD,No
703393,2023-12-11,C102029,Islamabad,Store,Jackets,Hooded Jacket,3,5030,3260,20,Wallet,No
700542,2025-04-06,C102109,Lahore,Store,Accessories,Baseball Cap,1,890,580,10,COD,No
701639,2025-03-04,C101074,Multan,Store,Shoes,Sneakers,1,4830,2430,0,Bank Transfer,No
700105,2024-04-27,C100575,Islamabad,Store,Accessories,Baseball Cap,2,880,430,20,Card,No
702543,2023-11-24,C101867,Lahore,Online,T-Shirts,Oversized Tee,-2,1940,1130,0,COD,No
704777,2024-05-22,C100521,Karachi,Store,T-Shirts,Classic Cotton Tee,3,1200,760,15,COD,No
704386,2023-10-28,C100423,Lahore,Online,Jeans,High-Waist Jeans,2,4270,2310,10,,No
702209,2024-03-02,C100521,Karachi,Store,Jackets,Puffer Jacket,1,7220,3480,10,Bank Transfer,No
702876,2023-12-07,C101362,Islamabad,Store,T-Shirts,Classic Cotton Tee,2,1260,740,15,COD,No
701369,2023-09-17,C101074,Multan,Store,Jackets,Bomber Jacket,2,4960,2810,0,COD,No
701533,2025-05-08,C101062,Lahore,Store,Shoes,Sandals,3,2850,1720,0,COD,No
700755,2025-02-21,C100513,Karachi,Online,Shoes,Sandals,2,2850,1320,0,COD,No
704405,2024-03-27,C100007,Faisalabad,Store,T-Shirts,Oversized Tee,2,1810,840,0,Wallet,No
701931,2023-10-19,C101624,Karachi,Online,Jeans,Slim Fit Jeans,1,3660,2160,0,Bank Transfer,No
702016,2024-05-31,C101291,Rawalpindi,Store,Kurtas,Embroidered Kurta,1,2920,1870,10,COD,Yes
701665,2025-05-14,C100037,Karachi,Online,Dresses,Summer Floral Dress,1,3140,1720,15,Wallet,No
702816,2025-02-09,C100801,Karachi,Online,T-Shirts,Graphic Print Tee,3,1590,1000,15,Bank Transfer,No
700793,2024-05-30,C101001,Karachi,Online,T-Shirts,Graphic Print Tee,3,1620,770,15,Wallet,No
704109,2025-02-13,C100805,Lahore,Online,Jeans,Slim Fit Jeans,1,3490,1660,0,COD,No
700691,2024-03-17,C100680,Lahore,Online,Kurtas,Festive Kurta,3,4340,2510,10,Card,No
702539,2025-06-01,C100098,Lahore,Online,Dresses,Summer Floral Dress,2,3420,2060,10,Bank Transfer,No
700166,2025-04-06,C100430,Peshawar,Online,Shoes,Sneakers,1,4520,2630,10,Card,Yes
700491,2025-01-07,C100362,Lahore,Online,Accessories,Leather Belt,1,1230,580,0,Card,No
705168,2023-08-27,C100369,Peshawar,Store,Shoes,Sandals,1,2680,1320,0,COD,No
701773,2023-12-15,C101064,,Online,Jeans,Straight Leg Jeans,1,3290,1840,30,Bank Transfer,No
703267,2024-03-04,C100080,Rawalpindi,Online,Accessories,Leather Belt,2,1280,790,10,Card,No
702794,2023-11-19,C101436,Lahore,Online,Jackets,Puffer Jacket,2,7240,3700,15,Card,No
705137,2024-08-22,C101390,Peshawar,Online,T-Shirts,Polo Shirt,1,2340,1470,0,Card,No
701179,2025-05-31,C100743,Lahore,Online,Kurtas,Cotton Kurta,3,1840,1070,15,Card,No
701055,2024-03-31,C101400,Karachi,Online,Kurtas,Printed Kurta,1,2540,1290,15,Card,No
703061,2025-05-05,C100686,Karachi,Store,Kurtas,Printed Kurta,1,2340,1080,0,Bank Transfer,No
700810,2023-11-19,C101706,Lahore,Online,Accessories,Baseball Cap,1,910,430,20,Card,No
702774,2023-09-13,C100780,Lahore,Online,Dresses,Bodycon Dress,2,3740,1990,0,COD,No
702044,2024-05-18,C101693,Faisalabad,Online,Jeans,Slim Fit Jeans,1,3360,1560,0,COD,No
703286,2023-11-06,C100652,Rawalpindi,Online,Jackets,Puffer Jacket,2,7200,3420,15,Card,No
700035,2023-11-22,C100060,RAWALPINDI,Online,Jackets,Denim Jacket,-2,5570,3450,15,Card,No
701308,2024-12-10,C100180,Peshawar,Online,Jackets,Denim Jacket,1,5880,3340,0,COD,No
701043,2025-06-19,C101684,Lahore,Online,T-Shirts,Classic Cotton Tee,3,1160,750,0,Card,No
701458,2023-08-08,C100220,Karachi,Store,Accessories,Tote Bag,2,1570,1010,0,Wallet,No
701703,2023-12-25,C102020,Rawalpindi,Online,Jeans,Slim Fit Jeans,1,3760,2240,15,Card,No
703394,2025-06-16,C100410,Rawalpindi,Online,Jeans,Straight Leg Jeans,1,3110,1980,0,COD,Yes
704457,2025-01-18,C100409,Sialkot,Online,Accessories,Leather Belt,1,1150,720,0,Card,No
703933,2024-01-01,C101014,Karachi,Store,Dresses,Bodycon Dress,1,3770,2300,0,Wallet,No
703641,2025-03-20,C102132,Sialkot,Online,Jeans,High-Waist Jeans,1,4000,2370,0,Card,No
702340,2024-01-24,C101946,Lahore,Online,Dresses,Bodycon Dress,3,3960,2050,0,COD,No
702498,2024-07-25,C100659,Karachi,Online,Shoes,Sneakers,3,4560,2170,0,Card,Yes
700086,2024-04-30,C102112,Lahore,Online,accessories,Tote Bag,1,1590,760,10,COD,No
700221,2023-12-11,C101717,Islamabad,Online,TSHIRTS,Polo Shirt,1,2140,970,0,COD,No
703722,2024-07-15,C100315,Karachi,Online,T-Shirts,Polo Shirt,1,2140,1010,0,Wallet,No
702625,2024-12-21,C100388,Lahore,Online,T-Shirts,Polo Shirt,1,2210,1240,20,COD,Yes
704216,2024-01-21,C101242,Karachi,Online,Kurtas,Printed Kurta,1,2460,1540,15,Card,No
701697,2025-04-24,C100868,Lahore,Store,T-Shirts,Oversized Tee,1,1930,910,20,COD,No
704662,2024-05-05,C102129,Lahore,Online,Accessories,Sunglasses,1,2270,1300,0,Bank Transfer,No
703719,2025-01-29,C101525,Lahore,Online,Accessories,Tote Bag,1,1550,780,0,Card,No
703510,2025-05-09,C101018,Lahore,Store,Accessories,Leather Belt,2,1230,610,20,Card,No
703233,2023-07-25,C100391,Lahore,Store,T-Shirts,Oversized Tee,1,1830,850,0,COD,No
703665,2024-05-10,C100863,Islamabad,Store,Accessories,Leather Belt,1,1200,710,10,COD,No
701755,2025-04-13,C101483,Lahore,Store,Shoes,Sandals,3,3010,1780,0,Card,Yes
701175,2024-03-23,C101838,faisalabad,Store,Kurtas,Printed Kurta,1,2580,1580,0,Card,No
704031,2025-06-19,C101421,Karachi,Store,Dresses,Maxi Dress,1,4700,2600,15,Card,No
702302,2024-02-11,C100269,Lahore,Store,Kurtas,Cotton Kurta,1,1860,910,0,COD,No
703750,2023-08-28,C101930,Rawalpindi,Online,T-Shirts,Polo Shirt,1,2120,1190,0,Card,No
704637,2025-03-16,C100739,Karachi,Online,Jeans,Slim Fit Jeans,3,3660,1870,0,Card,No
701924,2025-03-04,C100250,Rawalpindi,Online,Dresses,Bodycon Dress,1,3720,2320,10,Card,Yes
702040,2024-05-14,C100275,Karachi,Store,Kurtas,Printed Kurta,1,2380,1300,10,COD,No
704721,2024-04-10,C101661,Islamabad,Store,Kurtas,Printed Kurta,3,2580,1380,0,Bank Transfer,No
701617,2025-04-15,C101038,Karachi,Online,Jeans,Straight Leg Jeans,1,3380,1870,0,Bank Transfer,No
702623,2025-05-24,C100181,Peshawar,Online,Accessories,Sunglasses,2,2190,1120,10,COD,No
700647,2024-06-02,C100832,Karachi,Online,kurtas,Festive Kurta,1,4240,2630,0,Card,No
700292,2024-06-25,C101207,Karachi,Online,Kurtas,Embroidered Kurta,2,2830,1360,10,Card,No
705022,2025-06-01,C101650,Karachi,Online,Kurtas,Festive Kurta,2,4420,2180,0,Bank Transfer,No
700401,2023-09-06,C100284,Islamabad,Online,T-Shirts,Polo Shirt,2,2310,1170,0,Card,No
703806,2024-05-21,C101206,Islamabad,Online,Dresses,Bodycon Dress,1,3720,2330,15,COD,No
701003,2024-05-01,C100807,Lahore,Online,T-Shirts,Polo Shirt,2,2140,1030,10,Card,Yes
704097,2024-01-06,C100156,Karachi,Online,Kurtas,Embroidered Kurta,3,2880,1310,0,Card,No
702165,2023-08-26,C101138,Lahore,Online,Dresses,Summer Floral Dress,1,3110,1810,0,COD,No
704792,2024-07-02,C101891,Faisalabad,Online,Dresses,Wrap Dress,1,4170,2160,10,COD,No
702154,2024-06-16,C100639,Multan,Online,Jeans,Straight Leg Jeans  ,2,3200,1480,0,COD,No
703554,2023-11-02,C100102,Karachi,Online,Kurtas,Festive Kurta,1,4270,2390,0,COD,No
703797,2024-06-18,C100708,Karachi,Online,Jackets,Puffer Jacket,2,6910,3480,0,Card,No
703153,2024-10-31,C100366,Faisalabad,Online,Jeans,Straight Leg Jeans,1,3340,1770,0,Bank Transfer,No
701739,2024-10-27,C101386,Rawalpindi,Online,Shoes,Sandals,2,2960,1900,0,COD,No
703694,2024-09-22,C102099,Lahore,Online,T-Shirts,Classic Cotton Tee,1,1190,730,0,Card,No
705175,2025-06-05,C100181,Peshawar,Online,Shoes,Loafers,1,5260,2870,0,Card,Yes
704117,2024-03-17,C101080,Lahore,Store,Kurtas,Printed Kurta,1,2390,1500,0,Card,Yes
700144,2024-04-13,C100445,Rawalpindi,Online,Shoes,Loafers,3,5540,3400,20,Card,No
701764,2023-09-17,C101174,Islamabad,Store,Dresses,Summer Floral Dress,1,3140,1470,0,Card,Yes
701855,2024-02-09,C100643,Lahore,Store,T-Shirts,Graphic Print Tee,1,1440,700,0,COD,No
704358,2023-10-11,C100764,Peshawar,Store,T-Shirts,Polo Shirt,1,2100,980,10,COD,No
704922,2024-07-24,C101496,Multan,Online,T-Shirts,Graphic Print Tee,3,1490,760,0,COD,No
702899,2023-10-13,C100272,Lahore,Store,Jackets,Bomber Jacket,3,5500,2980,0,Card,No
704263,2024-01-18,C100555,Lahore,Store,Accessories,Tote Bag,1,1520,960,0,COD,No
702973,2024-05-02,C102071,Karachi,Online,Shoes,Sandals,1,2910,1510,10,COD,No
700973,2024-04-28,C100376,Peshawar,Online,Shoes,Sandals,1,2930,1400,15,COD,No
701864,2023-07-26,C100782,Karachi,Online,T-Shirts,Classic Cotton Tee,2,1200,630,10,Card,No
704593,2024-06-24,C100676,Peshawar,Online,Accessories,Leather Belt,1,1270,820,0,Card,No
703545,2025-01-31,C101647,Faisalabad,Online,Accessories,Tote Bag,1,1630,960,0,Card,No
700296,2023-08-18,C101590,Lahore,Online,kurtas,Printed Kurta,2,2560,1340,0,COD,No
704394,2024-02-23,C100835,Islamabad,Store,T-Shirts,Graphic Print Tee,3,1530,810,0,COD,No
704690,2025-05-11,C101754,Karachi,Online,Kurtas,Festive Kurta,2,4150,1940,20,Card,No
703995,2023-12-27,C100975,Islamabad,Online,Kurtas,Cotton Kurta,2,1980,1000,30,Card,No
700541,2023-10-23,C101962,Islamabad,Online,Jackets,Hooded Jacket,1,4650,2430,0,COD,No
700944,2025-03-04,C101249,Peshawar,Store,Accessories,Baseball Cap,1,890,540,0,COD,No
702935,2023-08-07,C101384,Sialkot,Online,T-Shirts,Oversized Tee,1,1860,1040,15,Card,No
703677,2025-03-11,C100798,Rawalpindi,Store,Jeans,Straight Leg Jeans,2,3300,1570,10,COD,No
703803,2025-06-07,C101653,Lahore,Store,Dresses,Maxi Dress,3,4660,2910,0,Bank Transfer,No
700032,2024-10-17,C102038,Islamabad,Online,Jeans,Straight Leg Jeans,1,3260,1640,0,Card,No
704432,2025-04-29,C101064,Karachi,Online,Accessories,Baseball Cap,1,960,590,10,COD,No
701751,2024-10-22,C101891,Faisalabad,Store,Jeans,High-Waist Jeans,2,4330,2660,0,Card,No
704187,2024-10-24,C100902,Lahore,Store,Jeans,Straight Leg Jeans,3,3220,2040,0,Bank Transfer,No
704317,2024-05-11,C101002,Lahore,Online,Kurtas,Printed Kurta,2,2510,1280,10,Card,No
700016,2024-10-04,C100782,Karachi,Store,Kurtas,Embroidered Kurta,1,2690,1510,0,COD,No
703415,2024-04-24,C102030,Lahore,Online,Jeans,Ripped Jeans,2,3680,2020,20,Bank Transfer,No
704103,2023-08-18,C100977,Karachi,Store,T-Shirts,Polo Shirt,2,2160,1060,0,Card,No
703017,2024-06-15,C101496,Multan,Online,Kurtas,Printed Kurta,3,2430,1500,0,Card,No
703140,2024-09-22,C101047,Faisalabad,Online,Accessories,Baseball Cap,3,900,500,0,Card,No
701805,2024-08-26,C101123,Lahore,Online,Jeans,Slim Fit Jeans,1,3700,1830,0,Card,Yes
703949,2024-10-10,C100569,Islamabad,Online,Jeans,Straight Leg Jeans,2,3310,1560,0,Bank Transfer,No
700190,2024-03-15,C100027,Lahore,Store,Jeans,Slim Fit Jeans,2,3630,2040,10,COD,No
700183,2023-09-16,C100790,Lahore,Online,Dresses,Bodycon Dress,2,4070,2110,0,Card,No
703340,2023-12-26,C101376,Rawalpindi,Online,Accessories,Sunglasses,1,2380,1320,0,COD,No
701461,2025-01-06,C101032,Islamabad,Store,T-Shirts,Oversized Tee,2,1860,1130,0,Card,No
701963,2025-04-24,C100127,Lahore,Online,Dresses,Wrap Dress,1,4050,2260,0,COD,Yes
704359,2023-12-24,C100881,Islamabad,Store,Dresses,Maxi Dress,3,4510,2550,0,COD,No
701972,2024-08-11,C100048,Rawalpindi,Online,Accessories,Leather Belt,2,1160,730,0,,No
704633,2024-12-08,C100079,Faisalabad,Online,Shoes,Loafers,2,5610,2930,20,COD,No
700143,2024-08-21,C100335,Islamabad,Online,Jeans,Slim Fit Jeans,2,3620,1870,10,COD,No
703201,2023-12-10,C101753,Faisalabad,Store,Kurtas,Embroidered Kurta,3,2900,1780,30,Card,No
701472,2024-05-15,C101834,Lahore,Online,Jeans,Straight Leg Jeans,2,3350,1720,0,COD,No
702632,2025-04-28,C102192,Rawalpindi,Online,T-Shirts,Oversized Tee,1,1720,970,10,COD,Yes
701252,2023-09-26,C101011,Islamabad,Store,Jeans,Ripped Jeans,1,3960,2370,0,Card,No
704986,2025-02-06,C102005,Peshawar,Store,Jackets,Bomber Jacket,1,5260,2800,0,COD,No
701227,2024-06-24,C100249,Karachi,Online,Accessories,Sunglasses,2,2310,1200,0,Card,No
703887,2023-12-19,C102186,Faisalabad,Store,Kurtas,Printed Kurta,2,2500,1260,25,Card,No
704781,2024-05-26,C100480,Karachi,Store,Accessories,Tote Bag,1,1530,880,10,COD,No
702853,2024-01-12,C101033,Peshawar,Online,Accessories,Baseball Cap,2,900,500,0,COD,Yes
701184,2025-05-22,C100036,Lahore,Online,Jeans,Straight Leg Jeans,1,3210,1850,0,Card,No
704178,2025-03-11,C100423,Lahore,Online,Accessories,Leather Belt,2,1200,630,10,COD,No
701823,2024-05-01,C101207,Karachi,Store,Kurtas,Festive Kurta,3,4120,2440,10,COD,No
703159,2024-10-28,C100420,Rawalpindi,Store,Shoes,Boots,1,6210,3000,0,Card,Yes
702532,2024-06-10,C102099,Lahore,Store,Accessories,Sunglasses,1,2160,1160,10,Card,Yes
704807,2023-12-16,C100860,Faisalabad,Online,Accessories,Baseball Cap,1,890,460,10,COD,Yes
702877,2024-06-05,C102020,Rawalpindi,Online,Shoes,Sneakers,2,4420,2460,15,Card,No
703422,2024-05-20,C101203,Rawalpindi,Store,T-Shirts,Polo Shirt,1,2190,1140,20,COD,No
704028,2023-08-23,C100794,Lahore,Store,Dresses,Wrap Dress,1,4140,1960,0,Bank Transfer,No
701782,2023-10-17,C101620,LAHORE,Online,Dresses,Summer Floral Dress,1,3400,1620,0,Wallet,Yes
700978,2024-09-22,C100130,Lahore,Online,Jackets,Puffer Jacket,1,6470,3070,10,Bank Transfer,No
704760,2024-10-17,C100531,Rawalpindi,Online,Jeans,Straight Leg Jeans,2,3050,1500,0,Bank Transfer,No
701685,2024-11-04,C100712,Faisalabad,Online,Tshirts,Polo Shirt,1,2130,1000,15,COD,No
700431,2024-03-21,C100860,Faisalabad,Store,Jackets,Bomber Jacket,1,5400,2770,10,Card,No
703299,2024-02-18,C102094,Peshawar,Store,Jeans,Ripped Jeans,1,3650,2020,0,Bank Transfer,No
702980,2024-04-26,C101268,Karachi,Online,T-Shirts,Graphic Print Tee,2,1520,880,0,Card,No
702250,2025-05-01,C101220,Lahore,Online,Kurtas,Cotton Kurta,1,2050,940,10,COD,No
702440,2024-09-16,C100408,Lahore,Store,Dresses,Summer Floral Dress,2,3130,1870,0,Card,No
704035,2024-11-27,C102039,Faisalabad,Store,Jeans,Straight Leg Jeans,1,3040,1430,10,COD,No
702117,2024-12-17,C100181,Peshawar,Online,Dresses,Wrap Dress,1,4180,2420,15,Wallet,No
703306,2024-04-19,C101881,Islamabad,Online,Dresses,Wrap Dress,3,4180,2240,10,COD,No
702733,2024-06-16,C100445,Rawalpindi,Online,Kurtas,Printed Kurta,2,2460,1190,10,Card,No
701144,2025-03-25,C100024,Faisalabad,Online,Jeans,Slim Fit Jeans,2,3440,1550,0,COD,No
701249,2024-02-07,C102140,Peshawar,Online,Accessories,Sunglasses,2,2240,1160,0,Bank Transfer,No
700569,2024-09-16,C100036,LAHORE,Online,Jackets,Puffer Jacket,1,7070,3440,0,Card,No
703059,2025-03-28,C100401,Peshawar,Online,Jeans,Ripped Jeans,1,3760,2220,15,Card,Yes
701767,2025-02-18,C101224,Lahore,Store,Dresses,Bodycon Dress,1,3850,2480,0,Bank Transfer,No
700538,2024-08-31,C101831,Sialkot,Online,Kurtas,Printed Kurta,1,2280,1230,0,Card,No
702895,2025-03-15,C102014,Karachi,Store,Accessories,Sunglasses,3,2270,1120,0,Card,No
701664,2025-03-28,C100274,Rawalpindi,Store,Kurtas,Festive Kurta,1,4250,2620,0,Card,No
704323,2023-09-19,C101554,Lahore,Store,Shoes,Sneakers,1,4780,2880,10,COD,Yes
701018,2024-03-04,C100850,Lahore,Online,Shoes,Sneakers,1,4480,2650,0,Wallet,No
705118,2023-08-27,C100065,Islamabad,Online,Shoes,Sandals,2,2980,1480,0,COD,Yes
700501,2023-07-08,C100323,Islamabad,Store,T-Shirts,Polo Shirt,1,2180,1320,0,COD,No
704767,2024-05-15,C101988,Sialkot,Store,Kurtas,Embroidered Kurta,3,2840,1690,0,Wallet,No
701213,2023-12-13,C100821,Islamabad,Store,Accessories,Tote Bag,2,1680,1050,20,COD,Yes
700579,2024-05-08,C100490,Rawalpindi,Online,Kurtas,Printed Kurta,1,2330,1150,10,COD,No
701723,2023-09-06,C101499,Rawalpindi,Store,Shoes,Boots,2,6950,3990,0,Card,No
702236,2023-08-30,C100287,Karachi,Online,kurtas,Cotton Kurta,2,1970,1220,0,COD,No
702609,2024-04-13,C100047,Karachi,Store,Jeans,Ripped Jeans,1,3750,2370,0,Card,No
702128,2024-02-07,C102197,Islamabad,Store,Shoes,Boots,3,6280,3890,10,Bank Transfer,Yes
701663,2023-07-15,C100590,Peshawar,Online,Dresses,Bodycon Dress,2,3910,2250,15,COD,No
701863,2023-07-12,C100462,Sialkot,Store,T-Shirts,Graphic Print Tee,3,1530,970,0,Wallet,No
700150,2025-01-09,C101447,Islamabad,Store,Shoes,Loafers,1,5150,3220,0,Card,No
702677,2023-12-09,C102123,Lahore,Online,Shoes,Sneakers,1,4750,2580,20,Card,No
703216,2024-12-21,C101573,Multan,Online,jackets,Hooded Jacket,1,4810,2580,0,Wallet,No
702275,2023-08-18,C101388,Peshawar,Store,T-Shirts,Classic Cotton Tee,2,1270,790,0,COD,No
702325,2023-11-21,C100062,Islamabad,Store,Jackets,Bomber Jacket,1,5330,3100,0,Wallet,No
704279,2024-02-27,C102091,multan,Online,Jackets,Bomber Jacket,1,4960,3130,10,COD,No
704083,2024-01-11,C101016,Rawalpindi,Online,Jackets,Hooded Jacket,2,4980,2800,0,COD,No
702949,2024-04-17,C101212,Islamabad,Online,Accessories,Sunglasses,1,2120,1150,10,Card,No
700904,2024-11-21,C100739,Karachi,Online,T-Shirts,Polo Shirt,1,2300,1080,20,Card,No
704940,2024-10-23,C101525,Lahore,Online,Kurtas,Printed Kurta,1,2460,1320,0,Card,No
702213,2025-01-06,C101697,Faisalabad,Store,Jackets,Bomber Jacket,2,5390,3230,0,Bank Transfer,No
701409,2025-06-14,C100053,Rawalpindi,Online,Dresses,Maxi Dress,2,4600,2370,0,Bank Transfer,No
700732,2023-10-10,C100481,Lahore,Store,Accessories,Tote Bag,2,1650,790,0,Wallet,No
700789,2024-05-22,C101047,Faisalabad,Online,Jackets,Puffer Jacket,2,6980,4030,10,COD,No
704750,2023-10-15,C102081,Lahore,Online,Kurtas,Printed Kurta,1,2350,1100,10,Bank Transfer,No
700160,2023-07-30,C100784,Sialkot,Store,Dresses,Summer Floral Dress,3,3310,2070,0,Wallet,No
701694,2025-06-27,C100053,Rawalpindi,Store,Shoes,Boots,1,6930,4280,0,Bank Transfer,No
704260,2024-10-04,C101019,Karachi,Online,Dresses,Bodycon Dress,1,3890,2480,10,Wallet,Yes
701557,2023-10-11,C101990,LAHORE,Online,Shoes,Sandals,1,2850,1670,10,Card,No
702293,2023-09-10,C101318,Faisalabad,Online,Accessories,Leather Belt,3,1230,550,0,COD,No
701342,2024-01-21,C101572,ISLAMABAD,Store,Jeans,Ripped Jeans,3,3640,2210,15,Bank Transfer,No
705151,2025-05-28,C101652,Lahore,Store,Accessories,Sunglasses,3,2170,1160,0,Bank Transfer,No
702372,2024-05-04,C102006,Karachi,Online,Dresses,Wrap Dress,1,4220,2650,20,Bank Transfer,Yes
702594,2023-10-02,C101702,Karachi,Online,Shoes,Loafers,1,5250,3270,0,COD,No
701649,2025-05-27,C100192,Lahore,Store,Accessories,Sunglasses,2,2220,1210,0,COD,No
701457,2024-01-02,C100028,Lahore,Store,Jackets,Puffer Jacket,3,6610,3050,0,Wallet,No
700028,2024-05-04,C101591,Lahore,Online,Shoes,Sandals,1,2970,1770,0,COD,No
702585,2024-11-27,C101845,Islamabad,Store,T-Shirts,Graphic Print Tee,1,1470,810,10,COD,No
703624,2025-05-27,C100445,Rawalpindi,Online,Kurtas,Festive Kurta,2,4180,2060,10,Card,No
700215,2023-12-23,C100809,Sialkot,Store,Dresses,Summer Floral Dress,2,3120,1790,20,Card,No
705088,2024-05-23,C101517,Sialkot,Online,T-Shirts,Oversized Tee,3,1720,840,10,Wallet,No
702867,2025-05-12,C100239,Lahore,Store,Jeans,Ripped Jeans,1,3930,2180,0,COD,No
700393,2024-03-14,C101422,Karachi,Online,Accessories,Tote Bag,1,1700,1040,0,Card,No
701684,2023-10-01,C100196,Islamabad,Online,Dresses,Maxi Dress,3,4740,2420,0,Bank Transfer,Yes
702222,2023-12-14,C100519,Multan,Store,T-Shirts,Classic Cotton Tee,1,1200,770,15,Card,No
702580,2025-03-30,C101230,Lahore,Store,T-Shirts,Polo Shirt,1,2360,1290,15,COD,No
704346,2024-01-30,C100330,Faisalabad,Online,Shoes,Boots,1,6260,3650,10,Wallet,No
703210,2025-04-27,C101990,Lahore,Store,Accessories,Tote Bag,1,1560,1010,15,Card,No
704350,2025-03-25,C100329,Karachi,Online,Accessories,Sunglasses,1,2360,1070,0,Card,No
700378,2024-01-31,C101596,Lahore,Store,Shoes,Boots,1,6740,3150,10,Bank Transfer,No
703586,2023-08-19,C101600,Peshawar,Online,T-Shirts,Classic Cotton Tee,1,1290,730,0,Card,No
704198,2023-12-06,C100638,Faisalabad,Online,Jackets,Puffer Jacket,2,7310,3380,0,Card,No
703481,2025-02-08,C100556,Karachi,Online,Dresses,Summer Floral Dress,1,3400,1770,10,Card,No
703781,2024-09-07,C102095,Karachi,Store,Accessories,Leather Belt,1,1250,580,15,COD,No
703864,2025-02-24,C101693,Faisalabad,Online,Shoes,Loafers,1,5310,3140,0,COD,No
704039,2024-02-01,C101162,Multan,Online,Accessories,Tote Bag,3,1530,710,15,COD,No
701909,2024-04-01,C101198,Karachi,Store,Kurtas,Embroidered Kurta,1,2740,1290,0,Wallet,No
700537,2024-02-24,C101780,Lahore,Online,Accessories,Baseball Cap,2,930,420,0,Card,No
701368,2024-07-03,C100558,ISLAMABAD,Store,Dresses,Summer Floral Dress,2,3360,1610,10,Wallet,No
703916,2024-08-28,C100658,Islamabad,Online,Shoes,Loafers,1,5020,3180,0,Bank Transfer,No
704071,2023-10-11,C100119,Islamabad,Store,Accessories,Leather Belt,3,1220,660,0,COD,No
704806,2024-11-25,C100596,Rawalpindi,Online,Jackets,Hooded Jacket,3,4920,2870,15,Wallet,No
701525,2024-06-24,C100964,sialkot,Store,Dresses,Wrap Dress,1,4280,2230,0,Card,No
702865,2025-02-15,C101125,Islamabad,Online,Jeans,Ripped Jeans,1,3750,1880,0,Card,No
704674,2025-04-09,C100699,Karachi,Store,Jeans,High-Waist Jeans,1,4220,2310,15,COD,No
703160,2025-03-25,C100004,Lahore,Online,Shoes,Boots,3,6460,4130,0,Card,No
704218,2024-08-01,C101210,Faisalabad,Online,Dresses,Bodycon Dress,1,3910,2020,0,COD,No
703996,2025-03-15,C102112,Lahore,Store,Jackets,Puffer Jacket,2,6680,3460,0,Card,No
704529,2024-01-03,C100902,Lahore,Online,Kurtas,Festive Kurta,2,4410,2240,0,Card,No
701487,2023-11-11,C101871,Karachi,Store,Shoes,Boots,3,7020,3870,0,Card,No
700758,2023-11-26,C100731,Lahore,Store,Jeans,Straight Leg Jeans,1,3350,1880,0,COD,No
703659,2024-06-21,C100197,Multan,Online,Dresses,Wrap Dress,3,4000,2140,0,Wallet,No
702834,2025-03-10,C101382,Islamabad,Online,Shoes,Sandals,1,2950,1880,0,COD,No
700649,2024-04-12,C101045,Karachi,Store,T-Shirts,Classic Cotton Tee,3,1250,700,10,Wallet,No
700068,2023-12-20,C101720,Lahore,Online,T-Shirts,Oversized Tee,1,1910,1010,0,Card,No
703679,2024-05-08,C100361,Lahore,Online,Accessories,Leather Belt,1,1230,590,0,COD,No
704471,2024-07-06,C101312,Islamabad,Online,Jackets,Bomber Jacket,3,5520,3370,0,Card,Yes
704537,2023-09-29,C101866,Peshawar,Online,Kurtas,Festive Kurta,2,4130,2410,0,Card,Yes
703133,2024-02-29,C100272,Lahore,Online,Accessories,Leather Belt,1,1140,620,0,Card,No
702504,2024-03-13,C100687,Sialkot,Online,Accessories,Baseball Cap,2,860,530,0,COD,No
702570,2024-09-10,C100168,Karachi,Online,T-Shirts,Polo Shirt,2,2320,1090,0,Bank Transfer,No
704929,2023-07-24,C101218,Rawalpindi,Online,Dresses,Summer Floral Dress,1,3240,1640,10,COD,No
700314,2025-04-01,C100537,Lahore,Store,T-Shirts,Polo Shirt,1,2300,1400,0,Wallet,No
704943,2023-11-01,C102151,Lahore,Store,Dresses,Wrap Dress,1,4050,1930,15,Card,No
704789,2023-07-26,C101114,Sialkot,Online,Accessories,Sunglasses,1,2340,1250,0,COD,No
703265,2024-01-27,C101742,Lahore,Store,Shoes,Sneakers,1,4580,2100,0,COD,No
700951,2023-09-27,C100449,Islamabad,Online,Kurtas,Embroidered Kurta,2,2750,1290,0,COD,No
700676,2024-02-29,C101969,Islamabad,Store,Shoes,Sandals,1,3000,1830,0,Card,No
703939,2023-12-01,C100905,Rawalpindi,Store,Accessories,Baseball Cap,1,950,430,0,COD,No
700588,2025-06-14,C101632,Rawalpindi,Online,Shoes,Boots,1,6650,4180,0,Wallet,Yes
700572,2025-01-01,C101827,Karachi,Online,Accessories,Tote Bag,1,1580,830,10,Bank Transfer,No
702652,2025-06-26,C102008,Lahore,Online,DRESSES,Summer Floral Dress,1,3050,1540,10,Card,No
702968,2023-11-18,C101366,Lahore,Online,Dresses,Wrap Dress,2,3980,2230,20,Bank Transfer,No
703507,2024-05-06,C100683,Karachi,Store,kurtas,Embroidered Kurta,1,2970,1390,15,COD,No
701686,2024-08-06,C100191,Lahore,Online,T-Shirts,Graphic Print Tee,2,1550,920,0,COD,No
703408,2023-09-07,C101847,Rawalpindi,Online,Shoes,Sneakers,3,4680,2650,0,Bank Transfer,No
700742,2025-01-26,C102157,Karachi,Store,Accessories,Baseball Cap,1,890,460,0,COD,No
701853,2024-08-11,C101972,Faisalabad,Store,Accessories,Sunglasses,1,2180,1210,15,Card,No
703533,2024-05-17,C101506,Faisalabad,Online,Accessories,Tote Bag,1,1680,1040,15,Wallet,No
703218,2025-01-31,C101796,Islamabad,Online,Jeans,Slim Fit Jeans,1,3500,1870,0,COD,No
700054,2024-12-25,C101099,Lahore,Store,Dresses,Maxi Dress,2,4840,3000,20,Card,No
701414,2024-10-07,C100063,Faisalabad,Store,Jeans,Straight Leg Jeans,2,3150,1960,0,COD,No
703682,2024-08-31,C100831,Islamabad,Store,Dresses,Bodycon Dress,1,3930,2490,0,COD,No
703858,2024-11-29,C100078,,Store,Shoes,Sneakers,1,4320,2350,20,COD,Yes
701484,2024-04-23,C100392,Islamabad,Online,Jeans,High-Waist Jeans,2,4220,2070,0,COD,No
705170,2023-09-18,C101043,Rawalpindi,Online,Shoes,Boots,2,6280,3520,0,Card,No
700394,2024-10-21,C100332,Rawalpindi,Online,Dresses,Summer Floral Dress,1,3300,1630,0,Wallet,No
704892,2024-10-30,C102099,Lahore,Online,TSHIRTS,Polo Shirt,1,2250,1390,0,Card,No
704993,2024-06-12,C101980,Multan,Online,Jeans,Slim Fit Jeans,1,3580,1730,0,COD,No
703443,2024-11-23,C101827,Karachi,Store,Accessories,Sunglasses,2,2360,1350,0,COD,No
702582,2024-05-27,C100986,Karachi,Online,Dresses,Bodycon Dress,1,3640,1870,15,COD,No
701478,2024-03-01,C102113,Islamabad,Store,Jackets,Denim Jacket,1,5870,2760,0,Wallet,No
703982,2025-01-28,C100196,Islamabad,Online,T-Shirts,Graphic Print Tee,2,1470,870,0,Card,No
704871,2024-08-06,C100888,lahore,Online,T-Shirts,Classic Cotton Tee,1,1290,620,15,COD,No
700426,2024-01-10,C101415,FAISALABAD,Store,Jackets,Hooded Jacket,3,5090,2590,0,Card,No
700076,2023-10-24,C100392,Islamabad,Store,Shoes,Loafers,2,5170,2600,0,Card,No
700845,2024-01-24,C101709,Karachi,Online,Jeans,Ripped Jeans,3,3890,2310,0,COD,No
704988,2025-01-11,C101670,Karachi,Store,Jackets,Hooded Jacket,2,4880,3160,10,COD,No
704397,2024-12-26,C102130,Lahore,Online,Kurtas,Embroidered Kurta,1,2690,1280,0,COD,No
704307,2024-12-02,C100701,Karachi,Store,Jackets,Denim Jacket,1,5510,2870,20,COD,No
700498,2024-09-10,C101915,Lahore,Online,Accessories,Tote Bag,1,1560,830,0,Card,No
700406,2024-07-04,C101216,Karachi,Online,T-Shirts,Classic Cotton Tee,2,1140,660,0,COD,No
701536,2025-01-26,C100210,Rawalpindi,Store,Jackets,Hooded Jacket,3,5000,2400,10,COD,No
703391,2024-10-30,C102140,Peshawar,Online,Shoes,Boots,2,6910,4350,0,COD,No
703294,2023-12-14,C100645,Multan,Online,Jackets,Bomber Jacket,2,5120,2440,15,Bank Transfer,No
703912,2024-05-12,C101713,Peshawar,Online,Dresses,Bodycon Dress,2,4030,2040,0,COD,Yes
701782,2023-10-17,C101620,Lahore,Online,Shoes,Sneakers,1,4620,2240,0,Wallet,Yes
701438,2024-12-28,C101832,Karachi,Online,Accessories,Leather Belt,2,1190,730,30,Card,No
701676,2024-08-23,C101624,Karachi,Online,T-Shirts,Classic Cotton Tee,1,1260,590,0,Bank Transfer,No
704846,2025-02-23,C101299,karachi,Online,Accessories,Leather Belt,2,1290,820,0,Wallet,No
703328,2024-11-23,C100781,Peshawar,Store,Kurtas,Printed Kurta,1,2330,1340,30,Card,No
702851,2024-08-15,C100904,Sialkot,Store,Accessories,Baseball Cap,1,910,540,0,COD,No
704657,2024-07-31,C102158,Karachi,Online,T-Shirts,Graphic Print Tee,1,1560,990,15,Card,No
700077,2023-11-13,C101868,Islamabad,Online,Shoes,Loafers,1,5100,3150,20,Card,No
705049,2023-12-05,C101462,Lahore,Online,Jeans,High-Waist Jeans,1,4330,2470,0,Wallet,No
703349,2025-06-15,C101839,Faisalabad,Online,Kurtas,Cotton Kurta,2,1840,1120,0,Bank Transfer,No
701086,2025-02-07,C102080,Karachi,Online,Accessories,Sunglasses,1,2140,1320,0,COD,No
704871,2024-08-06,C100888,Lahore,Online,T-Shirts,Oversized Tee,1,1820,890,0,COD,No
702945,2024-04-25,C101483,Lahore,Online,Kurtas,Festive Kurta,1,4160,2660,0,COD,No
701640,2025-04-02,C101994,Karachi,Online,Dresses,Wrap Dress,1,4320,2260,0,COD,No
704575,2023-09-22,C100369,Peshawar,Store,T-Shirts,Polo Shirt,2,2320,1260,10,Wallet,Yes
703548,2024-04-23,C101145,Karachi,Online,Kurtas,Festive Kurta,1,4130,1920,0,Wallet,No
704337,2024-07-24,C101005,Karachi,Online,Kurtas,Embroidered Kurta,1,2970,1700,0,COD,No
701668,2024-12-09,C101809,Lahore,Online,Jackets,Denim Jacket,1,5520,3190,15,Bank Transfer,No
702555,2025-04-09,C101896,Rawalpindi,Store,Jackets,Puffer Jacket,3,6730,3350,0,COD,No
703576,2025-06-30,C101347,Karachi,Store,Shoes,Sneakers,3,4680,2560,0,Card,No
703031,2024-03-14,C102129,Lahore,Store,T-Shirts,Classic Cotton Tee,2,1160,670,0,COD,No
701182,2023-12-24,C101794,Peshawar,Store,Dresses,Bodycon Dress,1,3970,1880,0,COD,Yes
704288,2023-07-22,C100433,Multan,Online,T-Shirts,Classic Cotton Tee,1,1280,760,0,COD,No
701555,2025-04-14,C101420,Rawalpindi,Store,Kurtas,Festive Kurta,1,4410,2800,0,Card,No
703166,2023-11-16,C101843,Sialkot,Online,Jackets,Denim Jacket,1,5890,3240,15,Bank Transfer,No
701955,2024-04-26,C101979,Lahore,Online,Jeans,High-Waist Jeans,1,4030,2180,0,COD,No
703551,2024-01-27,C100230,Lahore,Store,Shoes,Boots,1,6310,3870,0,COD,No
703228,2024-12-13,C100010,Karachi,Online,Jeans,High-Waist Jeans,1,4110,2590,10,COD,No
704580,2024-05-01,C101634,Sialkot,Online,Shoes,Sandals,3,2790,1610,0,COD,No
700769,2023-09-16,C100631,Multan,Online,Kurtas,Printed Kurta,1,2320,1410,0,Card,No
702516,2023-08-10,C101496,Multan,Online,Jeans,Straight Leg Jeans,2,3340,1670,15,COD,No
702148,2024-06-18,C100169,Sialkot,Store,Dresses,Maxi Dress,2,4580,2160,0,Wallet,No
703034,2023-10-30,C101338,Multan,Online,Shoes,Sneakers,2,4820,2800,0,Wallet,Yes
701977,2024-04-09,C100731,Lahore,Online,Jeans,Slim Fit Jeans,2,3740,1850,0,COD,Yes
700334,2024-01-04,C100787,Karachi,Online,jeans,Slim Fit Jeans,2,3730,1680,0,COD,No
700769,2023-09-16,C100631,Multan,Online,Accessories,Baseball Cap,3,940,600,0,Card,No
702384,2024-08-20,C101686,Islamabad,Store,Jeans,Ripped Jeans,2,4060,2090,0,COD,No
703690,2023-09-27,C101026,Sialkot,Online,Shoes,Boots,1,6630,4280,0,COD,No
702810,2025-02-10,C101503,Karachi,Store,Accessories,Leather Belt,1,1280,720,0,Card,No
704602,2024-10-19,C100077,Rawalpindi,Online,jackets,Hooded Jacket,1,4710,2650,0,COD,No
704723,2025-06-13,C102056,Sialkot,Online,Kurtas,Embroidered Kurta,1,2700,1550,0,Bank Transfer,No
701138,2024-06-29,C101720,Lahore,Online,T-Shirts,Oversized Tee,1,1860,1190,0,Wallet,No
704832,2024-07-16,C102193,Lahore,Online,Dresses,Maxi Dress,2,4540,2610,0,Card,No
700081,2024-06-30,C101481,Lahore,Online,Shoes,Sneakers,1,4490,2900,0,COD,No
704377,2023-11-14,C100503,Islamabad,Store,Kurtas,Printed Kurta,1,2420,1560,30,COD,No
702835,2024-07-31,C101197,Rawalpindi,Store,T-Shirts,Oversized Tee,2,1750,1110,0,COD,No
703629,2025-06-21,C100482,Islamabad,Store,Kurtas,Embroidered Kurta,2,2750,1450,0,Card,No
703197,2024-05-31,C100638,Faisalabad,Store,shoes,Sandals,2,2990,1790,15,COD,No
701667,2023-12-24,C100626,Faisalabad,Store,Shoes,Sneakers,2,4570,2270,25,Card,Yes
705124,2023-08-11,C100992,Faisalabad,Store,Accessories,Leather Belt,1,1230,760,0,Bank Transfer,No
705081,2023-08-20,C100688,Faisalabad,Online,Accessories,Leather Belt,1,1180,600,0,Card,No
701197,2023-08-05,C101727,Multan,Online,Dresses,Wrap Dress,1,4170,2050,0,Bank Transfer,No
701476,2024-03-10,C100784,Sialkot,Store,Shoes,Loafers,3,5040,3130,0,COD,No
701539,2024-10-12,C102157,Karachi,Online,Jeans,Straight Leg Jeans,1,3210,1860,0,COD,No
704068,2025-03-22,C101965,Lahore,Online,T-Shirts,Polo Shirt,2,2360,1350,10,Bank Transfer,No
702940,2024-07-11,C100132,Islamabad,Store,Shoes,Sandals,1,2710,1730,0,Card,No
703151,2023-07-01,C100755,Lahore,Online,Accessories,Baseball Cap  ,1,880,540,0,Wallet,Yes
700837,2024-05-01,C101324,Karachi,Online,Shoes,Sandals,1,2780,1480,15,COD,No
704313,2024-03-05,C100085,Lahore,Store,Jeans,Slim Fit Jeans,1,3630,2330,15,Card,Yes
703613,2025-01-02,C101695,Islamabad,Online,Accessories,Tote Bag,2,1520,870,15,Card,No
704208,2023-10-01,C100924,Lahore,Online,Accessories,Baseball Cap,1,930,480,0,COD,No
700317,2023-09-10,C100241,Faisalabad,Online,Jeans,Slim Fit Jeans,3,3730,1960,0,COD,No
700052,2025-04-23,C101747,Islamabad,Online,Dresses,Maxi Dress,1,4570,2890,10,Card,No
704555,2025-01-02,C101251,Lahore,Store,Shoes,Sneakers,3,4840,2320,15,COD,No
702393,2023-07-26,C102075,Islamabad,Store,Shoes,Boots,1,6390,3940,10,Wallet,No
703794,2023-10-04,C101688,Islamabad,Online,Shoes,Loafers,2,5490,3240,15,COD,No
704266,2025-06-20,C100512,Lahore,Online,Jackets,Bomber Jacket,1,4970,2280,0,Card,Yes
702120,2025-02-26,C100900,Karachi,Online,Jeans,Straight Leg Jeans,2,3440,1890,10,Bank Transfer,Yes
703402,2023-10-01,C101916,Rawalpindi,Store,Accessories,Tote Bag,1,1530,910,0,Bank Transfer,No
702322,2025-05-21,C100700,Lahore,Online,Accessories,Baseball Cap,1,930,570,0,Card,No
701696,2023-10-04,C101372,Karachi,Store,Dresses,Summer Floral Dress,1,3110,1610,0,COD,No
700370,2024-10-03,C100397,Karachi,Store,Jeans,Ripped Jeans,2,3790,1810,10,Bank Transfer,Yes
702292,2025-02-11,C101354,Multan,Online,Shoes,Boots,3,6400,2890,0,Bank Transfer,No
703214,2024-10-13,C100416,,Store,Shoes,Loafers,1,5380,2910,0,Card,No
700323,2025-03-13,C101095,Karachi,Store,Jackets,Bomber Jacket,1,5320,2580,0,Bank Transfer,No
703860,2023-12-05,C102125,Karachi,Online,Jackets,Puffer Jacket,2,7100,4060,25,Card,Yes
702825,2024-07-10,C101926,Karachi,Store,Dresses,Maxi Dress,1,4860,3100,10,COD,No
701346,2024-03-17,C101426,Lahore,Store,Dresses,Maxi Dress,1,4840,2640,0,COD,No
700837,2024-05-01,C101324,Karachi,Online,dresses,Wrap Dress,1,3800,1730,0,COD,Yes
700761,2025-05-21,C100568,Karachi,Online,accessories,Baseball Cap,3,890,570,20,COD,No
704213,2024-06-23,C100835,Islamabad,Online,T-Shirts,Oversized Tee,1,1900,1140,10,Card,No
704578,2023-08-08,C100710,Sialkot,Online,Shoes,Sneakers,1,4790,2240,0,Card,No
703245,2023-07-22,C100163,Lahore,Store,Dresses,Maxi Dress,1,4340,2250,10,Wallet,No
703020,2023-11-24,C101652,Lahore,Online,Jeans,Ripped Jeans,2,4060,2010,0,COD,Yes
700233,2025-01-02,C101347,Karachi,Store,Jackets,Hooded Jacket,1,4750,2290,0,Wallet,No
702072,2024-09-01,C100863,Islamabad,Online,Dresses,Wrap Dress,2,3980,2520,0,COD,No
701376,2024-11-12,C101514,Peshawar,Store,Accessories,Sunglasses,1,2090,980,30,Card,No
701324,2024-11-27,C101764,Lahore,Online,Jackets,Hooded Jacket,2,4910,3040,20,Wallet,No
700754,2023-08-20,C101981,Karachi,Online,Shoes,Sandals,2,2840,1820,0,Wallet,No
700140,2024-06-16,C101755,Islamabad,Store,t-shirts,Polo Shirt,2,2250,1190,0,Card,No
700387,2024-03-14,C101998,Multan,Online,Kurtas,Cotton Kurta,1,1980,1100,0,Bank Transfer,No
704620,2025-06-11,C101198,Karachi,Store,Dresses,Wrap Dress,1,4090,2090,0,Card,No
704716,2025-02-28,C101253,Islamabad,Online,Dresses,Bodycon Dress,1,3740,1900,0,COD,Yes
701961,2024-09-24,C101527,Karachi,Online,T-Shirts,Oversized Tee,3,1740,790,0,Bank Transfer,No
702879,2023-08-09,C100287,Karachi,Online,Kurtas,Festive Kurta,3,4350,2150,0,COD,No
704807,2023-12-16,C100860,,Online,Jackets,Bomber Jacket,3,5590,3310,20,COD,No
705020,2024-08-21,C102063,Lahore,Online,Jeans,Straight Leg Jeans,3,3220,1700,0,Card,No
704732,2025-06-21,C101321,Karachi,Store,Kurtas,Embroidered Kurta,2,2840,1480,10,Wallet,No
701593,2024-10-08,C100031,Sialkot,Online,Dresses,Summer Floral Dress,1,3440,2200,15,COD,No
703687,2024-11-21,C101566,Lahore,Online,Jackets,Denim Jacket,1,5560,3400,0,Card,No
700657,2023-11-28,C100355,Islamabad,Online,Kurtas,Festive Kurta,1,4340,2780,0,Bank Transfer,No
702255,2024-11-06,C102001,Karachi,Online,Accessories,Baseball Cap,3,870,490,10,Wallet,No
705081,2023-08-20,C100688,Faisalabad,Online,T-Shirts,Graphic Print Tee,2,1600,1030,10,Card,No
703506,2025-03-08,C101327,Islamabad,Store,Jeans,Slim Fit Jeans,1,3340,1930,0,COD,No
701404,2023-07-26,C101979,Lahore,Store,Shoes,Boots,1,6360,3920,0,Bank Transfer,No
703162,2023-07-27,C100513,Karachi,Online,Dresses,Maxi Dress,3,4830,2690,0,Wallet,No
703238,2024-03-13,C101472,Lahore,Online,Jeans,Slim Fit Jeans,1,3490,1900,0,Card,Yes
700688,2023-09-12,C101084,Sialkot,Store,T-Shirts,Classic Cotton Tee,1,1230,780,10,Card,No
701365,2024-11-18,C100485,,Online,Shoes,Loafers,1,5360,2580,25,Card,No
701052,2024-01-17,C100144,Karachi,Online,Dresses,Wrap Dress  ,2,4310,2370,0,COD,No
700233,2025-01-02,C101347,Karachi,Store,Shoes,Sneakers,2,4390,2010,0,Wallet,Yes
705005,2025-03-21,C100407,Multan,Store,Jackets,Bomber Jacket,2,5040,2340,0,Card,No
701061,2023-11-18,C101174,Islamabad,Online,Shoes,Sneakers,1,4800,2720,20,Card,No
703882,2023-08-20,C100100,peshawar,Store,Jeans,Slim Fit Jeans,2,3520,2250,10,Card,Yes
701329,2024-05-22,C101565,Karachi,Store,Shoes,Boots,3,6940,4260,0,COD,Yes
704970,2023-12-09,C101496,Multan,Online,Kurtas,Embroidered Kurta,1,2900,1540,0,COD,No
702464,2024-07-24,C100481,Lahore,Online,T-Shirts,Polo Shirt,1,2340,1350,0,Card,No
705096,2023-10-13,C100650,Karachi,Online,Jeans,High-Waist Jeans,2,4440,2520,0,COD,No
703134,2024-09-06,C101829,Karachi,Online,Shoes,Sneakers,3,4460,2810,0,Card,No
702479,2024-02-22,C102115,Peshawar,Store,Jackets,Hooded Jacket,1,4900,3160,0,COD,Yes
704736,2024-10-29,C101750,Rawalpindi,Online,Jeans,High-Waist Jeans,1,4220,2030,0,Bank Transfer,No
701166,2024-08-07,C101183,Lahore,Online,Shoes,Boots,1,6940,3360,0,Card,No
704553,2024-06-21,C101039,Lahore,Store,DRESSES,Maxi Dress,3,4590,2570,10,Card,No
704654,2024-02-15,C100397,Karachi,Store,Kurtas,Printed Kurta,1,2310,1240,0,Bank Transfer,No
703384,2023-11-01,C101062,Lahore,Online,Jeans,Straight Leg Jeans,3,3210,1960,0,Card,No
702845,2023-10-13,C100355,Islamabad,Online,Jeans,Straight Leg Jeans,1,3390,2090,0,Bank Transfer,No
700131,2024-10-08,C100165,Karachi,Store,Jackets,Bomber Jacket,1,5300,2440,0,COD,No
703217,2024-12-15,C101189,Rawalpindi,Online,Accessories,Sunglasses,3,2290,1160,10,COD,No
704225,2023-12-09,C100347,Lahore,Online,Jackets,Bomber Jacket,1,5200,2890,15,Card,No
703253,2024-02-09,C101839,Faisalabad,Online,Accessories,Leather Belt,2,1270,730,0,COD,No
701324,2024-11-27,C101764,Lahore,Online,Jeans,Ripped Jeans,2,3630,2130,15,Wallet,Yes
700607,2024-03-29,C101682,Faisalabad,Online,Dresses,Bodycon Dress,1,3930,2300,0,COD,No
700341,2023-08-06,C101304,Multan,Online,T-Shirts,Polo Shirt  ,1,2250,1060,0,Card,No
703911,2024-02-29,C101190,Karachi,Online,Jackets,Bomber Jacket,2,5120,3000,0,Card,No
700730,2024-04-12,C101827,Karachi,Store,Accessories,Tote Bag,1,1550,750,20,Bank Transfer,No
703735,2023-10-22,C101117,Faisalabad,Store,Shoes,Sandals,2,2670,1400,10,Wallet,No
704343,2023-10-13,C100848,Lahore,Online,Jeans,Slim Fit Jeans,3,3440,2190,0,Bank Transfer,No
703423,2023-11-21,C100053,Rawalpindi,Online,T-Shirts,Graphic Print Tee,1,1580,710,0,COD,No
703127,2023-09-27,C100906,Karachi,Online,Shoes,Loafers,1,5490,2850,0,Card,No
701600,2024-03-08,C101835,Lahore,Online,Dresses,Summer Floral Dress,-2,3060,1920,0,Card,No
704014,2025-05-19,C101952,Faisalabad,Store,Jeans,High-Waist Jeans,1,4070,2620,15,Card,No
701441,2024-04-28,C100950,Islamabad,Online,Jackets,Denim Jacket,1,5600,3520,15,Wallet,No
701036,2023-11-22,C100361,Lahore,Store,Dresses,Maxi Dress  ,2,4390,2440,0,,No
704534,2025-01-06,C100241,Faisalabad,Online,Accessories,Tote Bag,3,1630,940,0,COD,No
704494,2023-12-26,C100981,Faisalabad,Online,Kurtas,Festive Kurta,3,4230,2390,25,COD,No
700449,2023-09-25,C101202,Multan,Online,Jeans,Straight Leg Jeans,1,3200,2040,15,COD,No
704704,2023-11-18,C101192,Multan,Online,Jeans,High-Waist Jeans,1,4500,2610,0,Card,No
701631,2023-12-21,C101823,Islamabad,Online,Jackets,Denim Jacket,1,5490,3120,15,Wallet,No
702565,2024-09-10,C101927,RAWALPINDI,Store,T-Shirts,Oversized Tee,1,1870,890,0,COD,Yes
704590,2024-06-14,C101189,Rawalpindi,Store,Kurtas,Printed Kurta,2,2510,1350,0,Bank Transfer,No
704858,2024-12-20,C100089,Islamabad,Store,Jeans,Ripped Jeans,1,3610,2210,10,Wallet,No
701290,2023-12-15,C100576,Peshawar,Online,T-Shirts,Polo Shirt,2,2360,1130,30,COD,No
700582,2025-04-16,C101882,Karachi,Store,T-Shirts,Oversized Tee,1,1850,1140,10,Card,No
701774,2023-09-27,C101710,Faisalabad,Online,Dresses,Bodycon Dress,3,3800,2010,0,Card,Yes
701717,2025-02-06,C100292,Peshawar,Store,Shoes,Loafers,1,5600,3620,15,Wallet,No
702270,2025-01-12,C101454,Karachi,Online,Accessories,Tote Bag,1,1630,840,0,COD,Yes
700963,2025-04-04,C100708,Karachi,Online,T-Shirts,Graphic Print Tee,2,1450,760,10,Card,No
701482,2024-09-30,C101191,Karachi,Online,Shoes,Boots,1,6610,3260,0,Bank Transfer,No
703667,2025-06-06,C101931,Islamabad,Online,Jeans,Ripped Jeans,2,3970,2130,0,Card,No
702547,2025-01-26,C101882,Karachi,Store,JEANS,Slim Fit Jeans,1,3380,2080,0,Wallet,No
704950,2024-01-28,C101482,Islamabad,Online,Kurtas,Embroidered Kurta,1,2990,1820,0,COD,No
704622,2024-11-18,C102018,Islamabad,Store,Jackets,Denim Jacket,1,5500,3250,30,COD,Yes
705067,2024-06-29,C101823,,Online,Kurtas,Embroidered Kurta,2,3000,1880,0,Bank Transfer,No
704093,2024-07-22,C100677,Karachi,Online,Jeans,Ripped Jeans,1,3660,1760,0,COD,No
703485,2025-01-23,C101703,Islamabad,Online,T-Shirts,Classic Cotton Tee,1,1270,720,10,Card,No
700632,2024-03-26,C100452,Rawalpindi,Online,Shoes,Sandals,2,2800,1600,0,COD,No
702045,2024-05-05,C100877,Karachi,Online,Kurtas,Printed Kurta,2,2410,1230,10,COD,No
703067,2024-09-22,C101420,Rawalpindi,Store,Dresses,Wrap Dress,2,4270,2410,10,Card,No
704127,2024-03-24,C101717,Islamabad,Online,Accessories,Sunglasses,2,2200,1420,0,Card,No
704339,2024-03-31,C101104,Lahore,Store,shoes,Boots,1,6490,4080,0,,Yes
700772,2023-12-23,C100740,Lahore,Online,Jackets,Puffer Jacket,1,7300,3370,10,COD,No
702272,2023-07-30,C100315,Karachi,Store,T-Shirts,Classic Cotton Tee,1,1200,610,0,COD,No
700426,2024-01-10,C101415,Faisalabad,Store,Jeans,Ripped Jeans,2,3720,2360,15,Card,No
702806,2023-11-14,C100774,Lahore,Online,Dresses,Wrap Dress,1,4170,2110,15,Card,No
700395,2024-01-07,C100496,Karachi,Online,T-Shirts,Polo Shirt,1,2140,1000,10,Card,No
700443,2024-03-25,C100750,Karachi,Online,Dresses,Wrap Dress,1,4170,2680,10,Card,No
704107,2024-07-18,C100078,ISLAMABAD,Online,Shoes,Sandals,1,2900,1390,0,Wallet,Yes
701195,2023-09-13,C100498,Karachi,Online,T-Shirts,Oversized Tee,1,1870,1140,0,COD,No
704368,2023-12-03,C101795,Karachi,Online,Tshirts,Classic Cotton Tee,1,1250,610,25,Card,No
702554,2025-01-29,C101882,Karachi,Online,Jeans,Ripped Jeans,2,4010,2330,0,Card,No
703955,2025-06-01,C101362,Islamabad,Store,Jackets,Bomber Jacket,2,5170,2490,0,Card,No
700056,2024-03-14,C101745,Islamabad,Store,Kurtas,Festive Kurta,1,4290,2190,0,COD,Yes
704953,2025-06-29,C100863,Islamabad,Online,T-Shirts,Graphic Print Tee,1,1590,750,0,Card,No
700238,2024-10-12,C101269,Karachi,Online,Jeans,Straight Leg Jeans,1,3260,2060,0,Bank Transfer,No
704951,2023-11-23,C100981,Faisalabad,Online,Jackets,Puffer Jacket,3,7070,4080,20,Bank Transfer,No
705027,2024-06-07,C101190,Karachi,Online,Dresses,Maxi Dress,2,4360,2370,10,Card,No
702120,2025-02-26,C100900,Karachi,Online,Kurtas,Printed Kurta,1,2390,1290,0,Bank Transfer,No
700594,2024-05-14,C102155,Multan,Store,Kurtas,Embroidered Kurta,3,2980,1820,15,COD,No
702032,2024-11-08,C101038,Karachi,Online,Shoes,Sandals,1,2950,1580,0,Card,No
702373,2024-07-22,C101510,Lahore,Online,Jeans,Straight Leg Jeans,1,3410,1650,0,COD,No
704180,2024-05-08,C100493,Karachi,Online,Kurtas,Printed Kurta,2,2580,1470,15,Card,No
704010,2024-11-24,C100328,Islamabad,Online,Jeans,High-Waist Jeans,1,4080,2200,20,COD,No
704327,2023-10-12,C100156,Karachi,Online,Dresses,Summer Floral Dress,3,3450,2230,0,COD,No
702425,2024-11-11,C100904,Sialkot,Store,Dresses,Bodycon Dress,3,3790,2230,15,COD,No
700972,2025-03-21,C101702,Karachi,Online,Tshirts,Graphic Print Tee,1,1570,860,10,Wallet,Yes
702014,2023-10-30,C101013,Sialkot,Store,Shoes,Boots,1,6200,3980,10,Card,No
703568,2023-07-24,C100781,Peshawar,Store,Dresses,Bodycon Dress,3,3870,2150,0,,No
703825,2024-07-31,C101417,Islamabad,Online,Shoes,Sneakers,2,4430,2480,0,Card,Yes
701760,2024-10-17,C102161,Karachi,Store,Jeans,Straight Leg Jeans,1,3380,1590,15,Card,No
701857,2025-01-01,C101999,Islamabad,Online,Jackets,Denim Jacket,2,5240,3030,10,Card,No
704322,2024-09-29,C100024,Faisalabad,Online,Jackets,Denim Jacket,2,5740,3030,15,Card,No
703311,2024-08-19,C100422,Lahore,Online,Dresses,Maxi Dress,2,4810,2740,0,COD,No
704394,2024-02-23,C100835,Islamabad,Store,Accessories,Leather Belt,1,1240,590,0,COD,No
703841,2023-08-31,C101019,Karachi,Online,Accessories,Leather Belt,2,1200,730,0,Bank Transfer,No
700568,2024-08-21,C101761,Lahore,Store,Shoes,Boots,1,6630,4270,0,COD,No
701759,2024-03-14,C101563,Peshawar,Online,Shoes,Sandals,2,2940,1820,0,COD,No
702030,2025-06-02,C100418,Lahore,Store,Shoes,Loafers,1,5550,3540,0,COD,Yes
704264,2025-05-27,C101649,Faisalabad,Online,Accessories,Baseball Cap,1,960,460,0,Card,No
702470,2024-05-23,C100133,Karachi,Online,Shoes,Sandals,1,2950,1820,0,Wallet,No
704522,2025-02-12,C101725,Lahore,Store,Jeans,Slim Fit Jeans,1,3760,1820,0,Wallet,No
704439,2023-12-09,C100809,Sialkot,Online,Jeans,High-Waist Jeans,2,4000,2430,15,Bank Transfer,No
704796,2024-06-14,C100913,Sialkot,Store,Shoes,Boots,1,6550,4170,10,Card,No
703134,2024-09-06,C101829,Karachi,Online,Accessories,Leather Belt,1,1270,590,0,Card,No
700745,2024-05-17,C100194,Lahore,Store,Accessories,Tote Bag,1,1610,910,10,Card,No
700375,2023-07-14,C100087,Karachi,Store,Kurtas,Festive Kurta,3,4410,2540,0,COD,No
704634,2024-01-15,C101477,Sialkot,Online,Shoes,Sandals,1,2910,1840,10,COD,Yes
704569,2025-05-26,C101945,Peshawar,Store,Dresses,Bodycon Dress,3,3940,2530,0,,No
700894,2024-08-01,C100107,Karachi,Store,Dresses,Maxi Dress,1,4290,2160,0,Card,No
704139,2024-01-15,C100585,Islamabad,Online,Kurtas,Printed Kurta,1,2490,1450,0,Card,No
702253,2024-10-01,C101094,Islamabad,Online,Dresses,Summer Floral Dress,1,3100,1750,0,Wallet,No
700858,2023-08-03,C101649,Faisalabad,Online,T-Shirts,Oversized Tee,2,1780,1020,0,Wallet,No
703594,2023-12-01,C101797,Karachi,Online,Kurtas,Festive Kurta,3,4350,2190,10,Card,No
700119,2024-11-09,C100188,Faisalabad,Store,Jackets,Hooded Jacket,1,4730,2930,20,Bank Transfer,No
701323,2024-03-10,C100969,Lahore,Online,Jeans,Ripped Jeans,1,3920,2320,0,,No
700126,2024-08-14,C101369,Karachi,Online,T-Shirts,Graphic Print Tee,1,1590,940,0,Bank Transfer,No
704695,2025-04-26,C101429,Karachi,Store,Accessories,Sunglasses,1,2120,1070,10,COD,No
703690,2023-09-27,C101026,Sialkot,Online,Shoes,Sandals,1,2990,1450,0,COD,No
700992,2023-07-17,C100423,Lahore,Online,Accessories,Leather Belt,1,1270,690,0,Card,No
702138,2024-07-04,C100006,Faisalabad,Online,Accessories,Tote Bag,1,1650,830,0,COD,No
705157,2025-03-20,C100737,Karachi,Store,Shoes,Sneakers,1,4330,2540,10,COD,No
703403,2025-02-12,C100975,Islamabad,Online,Jackets,Puffer Jacket,2,7100,4450,0,Card,No
701539,2024-10-12,C102157,Karachi,Online,Dresses,Wrap Dress,1,4050,2220,0,COD,No
701265,2024-10-09,C101502,Karachi,Online,T-Shirts,Graphic Print Tee,3,1430,760,0,Card,No
703632,2024-02-18,C100086,Rawalpindi,Store,T-Shirts,Classic Cotton Tee,1,1150,580,0,Wallet,No
701679,2023-08-15,C101142,Multan,Online,T-Shirts,Oversized Tee,1,1770,1030,0,Wallet,Yes
703488,2024-01-15,C100228,Islamabad,Online,T-Shirts,Graphic Print Tee,2,1550,910,0,COD,No
703125,2024-08-25,C100142,Peshawar,Online,Dresses,Summer Floral Dress,1,3260,2050,0,Card,No
701084,2023-12-25,C102014,Karachi,Online,Jackets,Bomber Jacket,1,5160,3330,15,COD,No
700977,2023-10-10,C101444,Lahore,Online,Dresses,Maxi Dress,3,4780,2650,10,COD,No
703090,2024-09-26,C101162,Multan,Store,Accessories,Leather Belt,1,1220,560,0,Card,No
702231,2024-02-29,C101736,Peshawar,Online,Accessories,Leather Belt,2,1150,640,0,Card,No
705160,2025-01-05,C101332,Islamabad,Store,Dresses,Bodycon Dress,1,4070,2320,0,COD,No
704636,2024-08-04,C101088,Karachi,Store,Kurtas,Festive Kurta,1,4350,2570,0,Bank Transfer,No
701423,2024-10-10,C102034,Lahore,Online,jackets,Hooded Jacket,1,4940,3120,0,Wallet,No
703409,2023-09-09,C100015,Lahore,Online,Shoes,Sneakers,1,4280,2200,0,Card,No
701131,2025-05-09,C100970,Lahore,Online,T-Shirts,Oversized Tee,2,1760,920,0,Wallet,No
701827,2024-04-10,C101019,Karachi,Store,Dresses,Bodycon Dress,1,3770,1740,10,Wallet,No
703899,2025-05-21,C102099,Lahore,Online,Kurtas,Embroidered Kurta,2,2890,1440,10,COD,No
702551,2023-10-31,C100896,Karachi,Store,Shoes,Sneakers,2,4390,2520,15,Card,No
703905,2025-01-09,C102144,Karachi,Online,Jackets,Denim Jacket,1,5520,3010,0,COD,No
704634,2024-01-15,C101477,Sialkot,Online,Accessories,Tote Bag,1,1640,940,0,COD,No
700271,2023-07-23,C101797,Karachi,Store,Shoes,Sandals,2,2890,1550,0,Card,No
705056,2024-11-22,C100860,Faisalabad,Online,Jeans,Ripped Jeans,1,4010,2030,10,Card,No
702792,2024-08-23,C101498,Karachi,Store,Accessories,Tote Bag,1,1590,870,0,,No
704761,2025-01-25,C100051,Lahore,Store,Kurtas,Festive Kurta,0,4230,1910,0,COD,No
705057,2024-06-14,C100206,Lahore,Store,Shoes,Sandals,1,2810,1330,0,Bank Transfer,No
702597,2025-01-26,C100874,Rawalpindi,Store,Jeans,High-Waist Jeans,3,4170,2640,0,COD,No
703673,2023-09-27,C101077,Karachi,Online,Shoes,Sandals,1,2960,1680,0,COD,No
703167,2023-11-03,C100626,Faisalabad,Store,Jeans,Slim Fit Jeans,1,3400,1720,15,Card,No
705166,2023-09-12,C102140,Peshawar,Store,Jeans,High-Waist Jeans,1,4240,2660,10,COD,No
700971,2024-03-24,C100475,Karachi,Online,Shoes,Loafers,1,5260,2420,15,Card,No
700513,2024-02-23,C101290,Karachi,Online,Shoes,Loafers,1,5410,3400,10,Wallet,No
701417,2025-06-08,C100790,Lahore,Store,Dresses,Bodycon Dress,1,4060,2090,0,COD,No
704043,2025-04-21,C100926,Lahore,Online,Dresses,Bodycon Dress,2,4030,2600,0,COD,No
701002,2024-07-21,C102175,Islamabad,Online,Kurtas,Printed Kurta,2,2570,1410,0,COD,No
704993,2024-06-12,C101980,Multan,Online,Dresses,Summer Floral Dress,1,3400,1980,0,COD,No
701780,2023-12-06,C101936,Karachi,Online,Jeans,Ripped Jeans,3,4080,2360,15,Card,No
700052,2025-04-23,C101747,Islamabad,Online,Jackets,Hooded Jacket,1,4720,2140,0,Card,Yes
702862,2024-10-22,C100584,Peshawar,Store,Jeans,Slim Fit Jeans,1,3720,2260,0,Wallet,Yes
703477,2023-09-20,C100469,Islamabad,Online,Jeans,Straight Leg Jeans,1,3140,1690,0,Wallet,No
702901,2025-05-10,C101484,Islamabad,Store,Dresses,Bodycon Dress,1,4010,2380,0,Card,No
704729,2025-05-25,C100575,Islamabad,Online,Shoes,Sandals,1,3020,1710,15,Card,No
704765,2025-01-03,C101669,Multan,Online,Accessories,Baseball Cap,1,960,530,0,Wallet,No
704248,2024-02-02,C100902,Lahore,Online,Jackets,Hooded Jacket,3,5010,2860,15,COD,No
704810,2024-07-12,C100689,Islamabad,Online,Shoes,Boots,1,6210,3000,0,Card,No
703609,2024-07-24,C101421,Karachi,Store,Accessories,Sunglasses,1,2150,1290,15,Card,No
701822,2024-02-13,C101710,Faisalabad,Store,Jackets,Puffer Jacket,2,7300,3540,0,Card,Yes
704780,2025-05-15,C100036,Lahore,Online,T-Shirts,Polo Shirt,3,2310,1260,10,COD,No
700072,2025-01-28,C100194,Lahore,Store,Jackets,Puffer Jacket,1,7230,3540,0,COD,No
705200,2024-12-25,C101234,Lahore,Online,T-Shirts,Polo Shirt,1,2190,1260,0,Card,Yes
704933,2024-07-12,C101057,Lahore,Online,T-Shirts,Oversized Tee,1,1720,1040,0,,Yes
703383,2024-05-05,C100545,Karachi,Online,Shoes,Sneakers,2,4650,2680,15,Wallet,Yes
701135,2024-11-05,C100184,Faisalabad,Online,Jackets,Bomber Jacket,2,5270,2620,20,COD,No
704703,2025-03-03,C100564,Rawalpindi,Store,Jeans,High-Waist Jeans,1,4210,2100,0,COD,No
701634,2023-11-13,C100544,Lahore,Online,Shoes,Sandals,1,2900,1740,10,Wallet,No
701641,2024-10-02,C101368,Lahore,Online,Jackets,Denim Jacket,1,5820,3770,10,Card,No
702779,2024-01-18,C100211,Islamabad,Online,Jackets,Hooded Jacket,3,5020,2970,0,Card,No
703466,2024-07-07,C102115,Peshawar,Store,Shoes,Boots,1,6690,3500,0,COD,No
700381,2023-12-15,C101606,Sialkot,Online,Accessories,Tote Bag,1,1650,910,25,COD,No
701390,2025-01-15,C101534,Lahore,Online,Shoes,Loafers  ,1,5070,3010,10,Card,No
702812,2023-10-19,C101686,Islamabad,Online,Dresses,Bodycon Dress,1,4000,1870,10,COD,No
704825,2025-05-06,C100240,Multan,Online,Kurtas,Printed Kurta,1,2340,1260,10,COD,No
703644,2024-05-19,C101111,Karachi,Store,T-Shirts,Classic Cotton Tee,2,1220,700,0,COD,No
703378,2025-03-25,C101500,Rawalpindi,Store,Jeans,High-Waist Jeans,1,4510,2550,0,COD,No
703726,2023-11-16,C101630,Karachi,Online,Jackets,Hooded Jacket,0,4740,2900,15,COD,No
702630,2024-12-13,C100528,Faisalabad,Online,Shoes,Boots,1,6770,3160,20,Card,No
703695,2025-03-20,C100414,Lahore,Online,Kurtas,Cotton Kurta,1,1920,1160,0,Card,No
703650,2024-10-18,C100705,Islamabad,Store,Jackets,Puffer Jacket,2,7110,3540,0,Wallet,Yes
702673,2025-05-17,C100603,Rawalpindi,Store,Accessories,Leather Belt,1,1280,610,15,COD,No
700878,2024-03-31,C101995,Faisalabad,Store,Accessories,Baseball Cap,2,940,470,0,Wallet,No
700643,2023-07-27,C102147,Sialkot,Online,Kurtas,Printed Kurta,1,2310,1420,0,COD,No
703804,2024-06-19,C101100,Lahore,Online,T-Shirts,Classic Cotton Tee,3,1160,730,0,COD,No
703040,2025-06-11,C100637,Rawalpindi,Online,Shoes,Loafers,1,4960,2600,0,COD,No
700417,2025-06-25,C101344,Sialkot,Online,Kurtas,Festive Kurta,1,4300,2780,0,Card,Yes
702860,2023-07-27,C102093,Lahore,Store,Dresses,Summer Floral Dress,1,3240,1600,0,Bank Transfer,No
701082,2024-03-31,C102119,Lahore,Online,Accessories,Sunglasses,2,2210,1230,10,Wallet,No
703925,2024-12-09,C101946,Lahore,Online,Kurtas,Embroidered Kurta,1,2980,1370,10,,No
701549,2025-01-29,C100597,Islamabad,Store,Shoes,Boots,2,6390,3860,15,Card,No
704399,2023-12-13,C101751,Lahore,Online,Kurtas,Cotton Kurta,1,1900,970,20,COD,No
701596,2025-02-02,C101540,Multan,Online,T-Shirts,Polo Shirt,1,2330,1230,10,COD,No
702361,2024-04-06,C101226,Karachi,Online,Accessories,Tote Bag,2,1720,1000,0,COD,No
702151,2024-10-17,C100595,Karachi,Online,Shoes,Boots,1,6280,2940,0,COD,Yes
705198,2024-03-07,C100680,Lahore,Store,Jackets,Bomber Jacket,1,5080,3110,10,Bank Transfer,No
701709,2023-12-10,C102042,Islamabad,Store,Jackets,Puffer Jacket,2,6820,4040,20,COD,No
703254,2023-08-03,C100431,Faisalabad,Online,Shoes,Sandals,2,2750,1740,10,Card,Yes
702595,2024-12-16,C100023,Peshawar,Online,kurtas,Embroidered Kurta,1,2930,1370,0,COD,No
701262,2023-10-06,C100890,Karachi,Store,T-Shirts,Oversized Tee,2,1920,1080,0,Wallet,No
703754,2024-06-12,C101563,PESHAWAR,Store,T-Shirts,Classic Cotton Tee,1,1180,650,0,Card,No
703695,2025-03-20,C100414,Lahore,Online,Dresses,Wrap Dress,1,3880,1970,0,Card,No
701939,2025-02-24,C101461,Islamabad,Online,Dresses,Summer Floral Dress,1,3090,1840,0,Card,Yes
703250,2024-09-25,C102099,Lahore,Online,Kurtas,Cotton Kurta,3,1960,1230,0,COD,No
700276,2024-02-20,C101620,Lahore,Online,Jeans,Straight Leg Jeans,1,3450,2090,0,Wallet,No
705132,2024-06-01,C100353,Islamabad,Store,Dresses,Summer Floral Dress,1,3180,2040,0,COD,No
702480,2023-07-22,C102139,Multan,Online,Shoes,Loafers,2,4960,2980,0,Wallet,Yes
702813,2024-05-04,C100749,Multan,Store,T-Shirts,Polo Shirt,1,2310,1160,0,Wallet,No
700280,2024-11-07,C101364,Karachi,Online,T-Shirts,Oversized Tee,0,1750,890,0,COD,No
704407,2024-08-24,C101496,Multan,Online,Accessories,Sunglasses,1,2240,1310,0,Wallet,Yes
703602,2024-05-08,C101990,Lahore,Store,Dresses,Summer Floral Dress  ,1,3410,2020,0,COD,No
704361,2024-05-24,C101101,Karachi,Store,Accessories,Leather Belt,3,1290,580,0,Wallet,No
701812,2024-10-19,C102085,Karachi,Store,T-Shirts,Polo Shirt,1,2340,1240,0,COD,Yes
702772,2024-09-09,C100630,Peshawar,Online,Kurtas,Festive Kurta,1,4330,2200,0,,No
701335,2025-02-17,C101891,Faisalabad,Store,Jeans,Ripped Jeans,1,4010,2540,0,COD,No
700149,2024-08-13,C100430,Peshawar,Online,Kurtas,Embroidered Kurta,1,2830,1320,0,Wallet,No
703752,2025-01-16,C100501,Peshawar,Online,Shoes,Loafers,1,5130,3000,0,COD,No
700431,2024-03-21,C100860,Faisalabad,Store,accessories,Leather Belt,1,1180,740,0,Card,No
702116,2023-11-28,C100160,Lahore,Online,Jeans,Ripped Jeans,1,3730,1760,15,Card,No
705167,2023-12-09,C101763,Lahore,Store,Kurtas,Embroidered Kurta,2,2840,1550,20,Wallet,No
704801,2023-10-17,C100349,Lahore,Online,T-Shirts,Oversized Tee,3,1770,810,0,Card,No
704512,2023-09-05,C102030,Lahore,Online,Shoes,Sandals,2,2790,1670,0,Card,No
701917,2025-04-06,C100538,Lahore,Online,Shoes,Boots,2,6340,3530,15,Card,No
701027,2025-06-06,C100012,Rawalpindi,Online,Accessories,Baseball Cap,2,970,530,0,COD,No
700546,2024-05-28,C100556,Karachi,Store,Accessories,Sunglasses,2,2270,1180,20,Wallet,No
703060,2024-06-28,C100701,Karachi,Online,Accessories,Leather Belt,1,1160,570,10,Card,No
702924,2024-03-03,C101717,Islamabad,Store,Dresses,Wrap Dress,1,4080,1900,0,COD,No
704329,2025-01-12,C100289,Lahore,Online,Jeans,Slim Fit Jeans,2,3470,1720,0,COD,No
700427,2024-10-20,C100602,Peshawar,Store,Accessories,Baseball Cap,3,870,520,0,COD,No
701740,2025-01-23,C101241,karachi,Online,Accessories,Sunglasses,2,2300,1080,10,Bank Transfer,No
703186,2024-06-17,C101823,Islamabad,Store,Jeans,High-Waist Jeans,3,4260,2530,0,Wallet,No
702319,2023-11-29,C102066,Islamabad,Online,Jackets,Hooded Jacket,1,4970,2320,20,Card,No
701691,2023-09-24,C101884,Karachi,Store,Jackets,Hooded Jacket,3,4570,2480,0,,No
702977,2023-11-24,C102038,Islamabad,Store,Jackets,Puffer Jacket,2,7340,3560,20,Card,No
701573,2023-09-02,C101135,Karachi,Online,Dresses,Wrap Dress,2,4320,2250,0,COD,Yes
704123,2024-02-26,C100152,Lahore,Online,Dresses,Maxi Dress,1,4820,2540,15,COD,No
700508,2024-01-15,C101039,Lahore,Online,Accessories,Tote Bag,1,1660,800,15,COD,No
702401,2024-08-09,C101271,Karachi,Online,T-Shirts,Graphic Print Tee,1,1450,780,0,COD,No
702699,2023-07-01,C101897,Karachi,Store,Accessories,Baseball Cap,1,860,400,0,COD,No
703399,2025-01-27,C100833,,Online,Kurtas,Embroidered Kurta,1,3010,1360,0,Card,No
701976,2025-04-21,C100083,Lahore,Online,Accessories,Tote Bag,1,1620,1000,0,Card,No
701759,2024-03-14,C101563,Peshawar,Online,Jackets,Hooded Jacket,2,5180,2640,0,COD,No
703618,2024-01-28,C100583,KARACHI,Store,Accessories,Baseball Cap,2,900,460,10,Wallet,No
703734,2023-11-04,C100992,Faisalabad,Store,Jackets,Bomber Jacket,1,5180,2920,30,Card,No
700091,2024-05-18,C101693,Faisalabad,Online,Dresses,Wrap Dress,1,4310,2310,10,Card,No
704229,2025-05-03,C101909,Peshawar,Online,Kurtas,Festive Kurta,3,4000,2310,0,COD,No
701754,2024-03-25,C101751,Lahore,Store,T-Shirts,Polo Shirt,1,2200,1260,0,Wallet,No
702175,2024-03-08,C101554,Lahore,Online,T-Shirts,Classic Cotton Tee,1,1250,600,0,Wallet,No
704733,2023-07-04,C100748,Faisalabad,Store,Shoes,Sandals,1,2830,1580,10,Wallet,Yes
702429,2025-02-18,C102092,Islamabad,Store,Accessories,Baseball Cap,3,870,510,0,Bank Transfer,No
703455,2023-09-24,C101618,Sialkot,Online,Shoes,Loafers,2,5070,3190,15,Card,No
701547,2024-03-20,C101369,Karachi,Online,Jeans,Straight Leg Jeans,1,3450,2220,0,Wallet,No
704169,2024-04-21,C102120,Karachi,Online,Dresses,Wrap Dress,1,3820,2410,20,COD,No
703953,2024-02-27,C102007,Lahore,Online,Jeans,Straight Leg Jeans,3,3330,1740,0,COD,No
703947,2024-09-27,C101513,FAISALABAD,Online,Kurtas,Printed Kurta,1,2500,1550,0,Card,No
704421,2024-08-04,C100652,Rawalpindi,Store,T-Shirts,Classic Cotton Tee,1,1200,600,0,Wallet,No
702707,2023-09-06,C100953,Lahore,Online,Dresses,Bodycon Dress,1,3800,2450,0,Wallet,No
702220,2023-08-06,C100671,Islamabad,Online,Shoes,Boots,1,6490,3110,0,COD,No
700736,2025-04-29,C100582,Lahore,Store,Jeans,Straight Leg Jeans,-2,3290,1560,0,COD,No
703896,2024-01-11,C101267,Sialkot,Store,Kurtas,Printed Kurta,2,2330,1230,0,Bank Transfer,No
703357,2024-01-20,C100209,Islamabad,Online,Kurtas,Cotton Kurta,2,1940,970,0,COD,No
700819,2024-12-30,C102170,Karachi,Online,Kurtas,Embroidered Kurta,3,2720,1350,25,Bank Transfer,No
701241,2023-09-24,C100284,Islamabad,Online,Kurtas,Cotton Kurta,3,1980,950,0,Wallet,No
703843,2024-12-11,C100348,Islamabad,Online,Kurtas,Festive Kurta,1,4510,2540,20,Card,No
700550,2025-04-05,C100746,Karachi,Online,T-Shirts,Polo Shirt,1,2200,1300,0,Card,No
702075,2024-03-23,C100708,Karachi,Store,T-Shirts,Graphic Print Tee,3,1560,980,0,COD,No
704952,2025-05-02,C101218,Rawalpindi,Online,Dresses,Wrap Dress,1,4260,2010,10,Wallet,No
702545,2024-01-07,C101224,Lahore,Online,Jackets,Puffer Jacket,1,7310,4180,0,Bank Transfer,No
703042,2024-07-14,C100005,Sialkot,Online,Kurtas,Printed Kurta,1,2320,1050,0,Card,Yes
703774,2023-12-12,C101162,Multan,Store,Accessories,Tote Bag,1,1620,1040,25,COD,No
701843,2024-02-24,C101290,Karachi,Online,T-Shirts,Classic Cotton Tee,1,1280,750,10,Wallet,No
702002,2024-03-13,C101490,Lahore,Online,T-Shirts,Classic Cotton Tee,1,1160,560,0,COD,No
703503,2024-04-13,C102083,Lahore,Online,Jeans,Ripped Jeans,2,4090,2360,0,COD,Yes
705029,2023-08-25,C100531,Rawalpindi,Store,Jeans,Ripped Jeans,1,3760,1800,0,Bank Transfer,No
700394,2024-10-21,C100332,Rawalpindi,Online,Kurtas,Printed Kurta,3,2560,1630,0,Wallet,No
701089,2024-10-29,C101909,Peshawar,Online,Jeans,Ripped Jeans,1,3740,2360,0,Bank Transfer,No
704141,2023-11-05,C100790,Lahore,Online,Kurtas,Festive Kurta,2,4270,2180,0,Card,No
700312,2025-04-23,C101600,Peshawar,Online,T-Shirts,Polo Shirt,2,2120,1250,0,Card,No
701869,2025-04-06,C100142,Peshawar,Store,Kurtas,Cotton Kurta,3,1900,1100,0,COD,Yes
700869,2025-03-08,C100107,Karachi,Online,T-Shirts,Classic Cotton Tee,3,1270,700,15,COD,No
703505,2024-04-04,C101290,Karachi,Store,Kurtas,Cotton Kurta,1,1880,1200,15,Bank Transfer,No
704699,2023-07-08,C101353,Karachi,Store,T-Shirts,Classic Cotton Tee,2,1190,690,0,Wallet,No
702521,2023-10-30,C100234,,Online,Accessories,Tote Bag,1,1610,960,0,COD,No
703571,2023-09-11,C102172,Islamabad,Online,Dresses,Wrap Dress,1,4100,2150,15,Card,No
703916,2024-08-28,C100658,Islamabad,Online,Accessories,Baseball Cap,1,890,420,15,Bank Transfer,No
703952,2025-03-07,C100749,Multan,Online,Accessories,Leather Belt,1,1180,690,0,Bank Transfer,No
704321,2025-04-25,C100140,Karachi,Store,Jeans,Slim Fit Jeans,1,3330,1510,10,COD,No
701820,2024-07-17,C101222,Peshawar,Online,Jeans,High-Waist Jeans,2,4050,2240,0,Card,No
702874,2023-07-09,C100824,Multan,Store,Shoes,Loafers,2,5000,2470,0,Wallet,Yes
703419,2023-10-06,C100036,Lahore,Store,Jeans,Straight Leg Jeans,1,3100,1580,0,COD,No
702573,2025-02-28,C101795,Karachi,Online,Jackets,Bomber Jacket,1,5610,3140,0,COD,No
704656,2025-02-05,C101710,Faisalabad,Online,Kurtas,Festive Kurta,2,4500,2490,10,Bank Transfer,No
700843,2025-03-25,C101304,Multan,Online,Kurtas,Printed Kurta,2,2300,1260,0,Card,No
703363,2024-01-14,C100013,Multan,Store,Shoes,Boots,2,6540,3970,10,Bank Transfer,No
704431,2024-10-05,C101377,Multan,Online,Kurtas,Embroidered Kurta,1,2970,1380,0,Card,No
702341,2024-02-19,C100230,Lahore,Store,Shoes,Sneakers,1,4530,2930,0,COD,No
705033,2024-11-08,C100373,Karachi,Online,T-Shirts,Graphic Print Tee,2,1450,860,0,COD,No
702683,2024-03-04,C100324,Multan,Online,Jeans,Ripped Jeans,1,3680,1810,10,COD,No
700201,2024-01-19,C102099,Lahore,Online,Jackets,Puffer Jacket,2,7080,3930,0,COD,No
700849,2023-07-17,C100067,Karachi,Store,Kurtas,Festive Kurta,1,4430,2280,0,Card,No
704930,2024-05-07,C100237,Faisalabad,Online,Accessories,Tote Bag,1,1520,700,0,Card,No
702261,2025-03-23,C101115,Lahore,Online,Jackets,Hooded Jacket,3,5090,3140,0,COD,No
703769,2024-03-01,C100356,Faisalabad,Online,Shoes,Boots,2,6500,3800,10,Wallet,No
702509,2024-05-14,C102158,Karachi,Online,Kurtas,Cotton Kurta,1,1960,980,20,COD,No
704017,2023-12-12,C100201,Sialkot,Online,Kurtas,Embroidered Kurta,3,2780,1800,15,COD,No
704567,2024-07-02,C101921,Karachi,Online,Jackets,Hooded Jacket,2,5040,2950,0,Card,No
700724,2025-05-02,C101480,karachi,Online,Kurtas,Embroidered Kurta,1,2910,1390,15,Bank Transfer,No
701434,2023-07-27,C101649,Faisalabad,Store,Dresses,Wrap Dress,2,3820,1860,10,Wallet,No
701368,2024-07-03,C100558,Islamabad,Store,Accessories,Baseball Cap,1,910,540,0,Wallet,No
704366,2023-11-11,C100179,Faisalabad,Store,Shoes,Sandals,2,2820,1560,15,COD,No
702955,2024-08-02,C100916,Lahore,Online,Kurtas,Cotton Kurta,2,1860,870,0,COD,Yes
700293,2025-06-11,C102188,Karachi,Online,Accessories,Sunglasses,3,2240,1390,0,Card,No
701937,2025-03-28,C102134,Islamabad,Online,kurtas,Festive Kurta,2,4210,2360,10,COD,No
705066,2025-06-03,C102172,Islamabad,Online,Shoes,Sandals,1,2790,1350,0,Card,No
704999,2024-10-19,C101293,Karachi,Store,Accessories,Sunglasses,2,2280,1450,0,Wallet,No
700021,2025-06-07,C102167,Karachi,Store,T-Shirts,Graphic Print Tee,1,1540,770,0,Card,No
701244,2024-08-27,C101859,Karachi,Online,Jeans,High-Waist Jeans,1,4000,2290,0,COD,No
701625,2025-03-03,C102060,Sialkot,Online,Accessories,Sunglasses,1,2220,1340,0,Card,No
702469,2024-06-23,C100321,KARACHI,Online,Kurtas,Embroidered Kurta,2,2910,1710,0,Card,No
703568,2023-07-24,C100781,Peshawar,Store,Accessories,Tote Bag,1,1690,860,0,COD,No
701978,2023-07-29,C100030,Faisalabad,Online,Jackets,Hooded Jacket,1,4990,2640,0,Card,No
703324,2024-06-12,C101567,Lahore,Online,T-Shirts,Classic Cotton Tee,2,1200,730,0,Card,No
703591,2024-01-18,C100080,Rawalpindi,Online,Jackets,Hooded Jacket,1,5040,2720,10,Card,No
702181,2025-03-26,C100426,Lahore,Online,Accessories,Leather Belt,1,1240,760,0,Card,No
704949,2024-10-24,C101972,Faisalabad,Online,Accessories,Baseball Cap,1,900,440,0,COD,No
701843,2024-02-24,C101290,Karachi,Online,Shoes,Boots,2,6340,3200,0,Wallet,Yes
702190,2023-12-13,C102115,Peshawar,Online,Shoes,Sneakers,1,4640,2640,0,COD,No
702656,2023-12-06,C102180,Faisalabad,Online,Accessories,Leather Belt,1,1270,680,15,COD,No
704614,2025-03-18,C101720,Lahore,Online,Jackets,Bomber Jacket,1,5380,2750,0,COD,No
700897,2024-11-21,C100534,Lahore,Store,T-Shirts,Oversized Tee,2,1870,1190,10,Wallet,No
703328,2024-11-23,C100781,Peshawar,Store,Jeans,High-Waist Jeans,1,4250,1930,0,Card,No
701183,2024-03-13,C101639,Rawalpindi,Online,Shoes,Loafers,-1,5200,3130,0,COD,No
704669,2025-03-21,C102091,Multan,Store,Kurtas,Festive Kurta,2,4090,2280,0,Card,No
704139,2024-01-15,C100585,Islamabad,Online,Dresses,Bodycon Dress,1,3660,2360,0,Card,No
704893,2023-11-02,C101577,Multan,Online,Jeans,Straight Leg Jeans,3,3270,1710,30,Card,No
702808,2024-11-24,C101876,Karachi,Store,Kurtas,Festive Kurta,1,4380,2200,0,Card,No
704015,2025-04-06,C101213,Karachi,Online,T-Shirts,Graphic Print Tee,1,1520,930,20,COD,No
704575,2023-09-22,C100369,Peshawar,Store,Jeans,High-Waist Jeans,1,4210,2400,0,Wallet,No
701736,2023-10-05,C101951,Lahore,Store,T-Shirts,Polo Shirt,2,2150,1360,15,Card,No
701278,2023-09-30,C100266,Karachi,Online,Kurtas,Embroidered Kurta,2,2900,1430,0,COD,No
702695,2024-10-10,C102076,Sialkot,Store,Jeans,Ripped Jeans,3,4040,2260,0,COD,Yes
700047,2024-01-03,C102115,Peshawar,Online,Jeans,Ripped Jeans,1,3840,1800,0,COD,No
702291,2025-01-26,C100924,Lahore,Online,Shoes,Sandals,1,2970,1370,0,COD,No
701800,2024-06-13,C101125,Islamabad,Store,Accessories,Tote Bag,1,1630,810,0,Card,No
703479,2025-05-03,C101362,Islamabad,Store,Kurtas,Printed Kurta,3,2390,1180,20,COD,No
704275,2023-08-24,C101786,Karachi,Store,Jeans,Straight Leg Jeans,1,3440,1720,0,COD,No
700822,2025-02-03,C100557,Karachi,Online,Accessories,Tote Bag,1,1590,920,0,COD,No
701298,2023-08-02,C101100,Lahore,Online,Shoes,Boots,2,6390,3080,0,COD,No
704309,2025-03-08,C101127,Rawalpindi,Store,T-Shirts,Oversized Tee,2,1790,960,10,COD,No
703755,2025-04-30,C102076,Sialkot,Store,Kurtas,Printed Kurta,2,2470,1530,0,COD,No
702451,2024-11-25,C100774,Lahore,Store,Dresses,Maxi Dress,2,4580,2580,20,Wallet,Yes
703293,2024-04-16,C101404,Lahore,Store,Kurtas,Festive Kurta,3,4120,1950,0,Card,No
701011,2024-09-13,C100034,Karachi,Online,Shoes,Sneakers,1,4730,2190,0,COD,No
702385,2023-07-07,C100637,Rawalpindi,Online,Accessories,Leather Belt,2,1190,670,0,Card,No
700097,2024-02-16,C101720,Lahore,Online,Jackets,Bomber Jacket,1,5350,3030,0,Card,No
703985,2023-10-26,C102083,Lahore,Online,Dresses,Maxi Dress,1,4510,2350,0,Bank Transfer,No
700173,2025-05-15,C100860,Faisalabad,Online,Jeans,Straight Leg Jeans,1,3320,1510,0,Card,No
700007,2023-10-11,C101617,Islamabad,Online,Jeans,Slim Fit Jeans,1,3420,2190,15,Card,No
703457,2025-05-12,C100564,Rawalpindi,Store,T-Shirts,Oversized Tee,1,1760,1060,0,Bank Transfer,No
701519,2025-01-31,C100540,Sialkot,Online,Dresses,Maxi Dress,1,4690,2530,0,COD,No
701054,2024-01-14,C101175,Faisalabad,Online,Jackets,Puffer Jacket,1,7240,3940,0,COD,Yes
703892,2023-09-30,C101017,Multan,Online,Shoes,Loafers,1,5330,3050,0,COD,No
703364,2025-02-14,C101596,Lahore,Store,Shoes,Loafers,3,5070,2840,10,COD,No
704134,2023-09-14,C100203,LAHORE,Online,T-Shirts,Polo Shirt,1,2120,1220,0,Bank Transfer,No
702036,2024-05-18,C100334,Lahore,Store,Shoes,Sneakers,2,4410,2070,10,Bank Transfer,No
702839,2024-02-19,C100701,karachi,Online,kurtas,Festive Kurta,1,4360,2830,10,COD,No
704509,2024-02-21,C100543,,Store,Accessories,Baseball Cap,1,950,520,0,COD,No
702162,2024-09-02,C100647,Islamabad,Online,Accessories,Leather Belt,1,1300,770,0,Bank Transfer,No
700771,2023-11-01,C101078,Islamabad,Online,T-Shirts,Oversized Tee,2,1860,1100,25,Card,No
703443,2024-11-23,C101827,Karachi,Store,Jackets,Denim Jacket,1,5290,3340,0,COD,No
703925,2024-12-09,C101946,Lahore,Online,Jeans,Straight Leg Jeans,1,3060,1840,10,COD,No
702061,2025-04-14,C100410,Rawalpindi,Store,T-Shirts,Classic Cotton Tee,2,1200,560,0,COD,No
701609,2025-05-30,C100490,Rawalpindi,Online,Jeans,Slim Fit Jeans,1,3760,1910,20,Card,No
704886,2023-07-19,C101369,Karachi,Store,Accessories,Leather Belt,1,1170,700,15,COD,No
703306,2024-04-19,C101881,Islamabad,Online,Accessories,Tote Bag,1,1560,840,15,COD,No
701059,2024-03-18,C101426,Lahore,Online,Shoes,Sandals,2,2750,1340,0,Card,No
700032,2024-10-17,C102038,Islamabad,Online,Shoes,Sandals,1,2710,1700,0,Card,No
702379,2023-11-02,C100796,Lahore,Store,Dresses,Bodycon Dress,1,4080,2590,20,Wallet,No
701378,2024-03-17,C101493,Faisalabad,Store,T-Shirts,Oversized Tee,2,1900,1030,0,Wallet,No
700443,2024-03-25,C100750,Karachi,Online,Shoes,Sneakers,2,4640,2180,15,Card,No
700161,2024-10-26,C100064,islamabad,Store,Kurtas,Festive Kurta,2,4010,2160,0,Card,No
704475,2023-09-21,C102041,Faisalabad,Online,Kurtas,Embroidered Kurta,1,2680,1560,15,Card,No
704378,2024-05-07,C100949,Karachi,Online,Kurtas,Festive Kurta,1,4260,2460,15,COD,No
703745,2024-10-04,C101606,Sialkot,Store,Kurtas,Cotton Kurta,3,1870,1140,0,COD,No
701739,2024-10-27,C101386,Rawalpindi,Online,Accessories,Sunglasses,2,2310,1090,0,COD,No
702751,2025-06-16,C100376,Peshawar,Store,T-Shirts,Classic Cotton Tee,2,1260,650,0,Card,No
701573,2023-09-02,C101135,Karachi,Online,T-Shirts,Classic Cotton Tee,2,1290,710,0,COD,No
700311,2023-12-10,C100383,Karachi,Store,Shoes,Boots,1,6580,3190,10,Wallet,No
700935,2023-11-19,C100684,Islamabad,Online,Jackets,Bomber Jacket,2,5550,3060,20,COD,No
701703,2023-12-25,C102020,rawalpindi,Online,Jackets,Hooded Jacket,2,4870,2830,0,Card,No
702916,2023-07-31,C101278,Multan,Online,Shoes,Boots,2,6620,3780,0,COD,No
701844,2025-05-23,C101074,Multan,Online,Jeans,Straight Leg Jeans,1,3120,1860,0,COD,No
703907,2023-09-18,C101993,,Store,Jeans,Straight Leg Jeans,1,3230,1480,0,Card,No
702753,2024-01-21,C102088,Rawalpindi,Online,Dresses,Maxi Dress,1,4390,2340,0,Bank Transfer,No
700036,2024-09-30,C101574,Lahore,Store,Accessories,Leather Belt,1,1220,560,0,COD,No
704218,2024-08-01,C101210,Faisalabad,Online,Shoes,Sandals,2,2670,1670,0,COD,No
703326,2023-10-01,C100049,Lahore,Store,Jeans,Ripped Jeans,1,4020,2300,0,Card,No
703975,2024-03-21,C101180,Faisalabad,Online,JEANS,High-Waist Jeans,1,4270,1940,0,Card,No
703277,2024-06-13,C101881,Islamabad,Store,T-Shirts,Classic Cotton Tee,1,1200,700,15,Card,No
701950,2025-03-31,C100272,Lahore,Online,Dresses,Bodycon Dress,3,4090,2310,10,COD,No
702056,2024-06-03,C100654,Multan,Online,Shoes,Loafers,1,5430,3380,10,Card,Yes
701741,2024-01-24,C101927,Rawalpindi,Store,Jeans,Ripped Jeans,2,3950,2390,0,COD,No
701900,2025-01-26,C100652,Rawalpindi,Online,Accessories,Leather Belt,1,1140,730,0,COD,No
703592,2023-12-09,C101063,Islamabad,Online,Accessories,Sunglasses,3,2360,1530,20,COD,No
700370,2024-10-03,C100397,Karachi,Store,Jackets,Puffer Jacket,2,7010,3880,0,Bank Transfer,Yes
700297,2025-05-03,C101620,Lahore,Online,Shoes,Sneakers,2,4500,2850,15,COD,No
703057,2023-07-14,C101305,Peshawar,Online,Accessories,Sunglasses,2,2260,1150,0,Wallet,No
703817,2024-04-24,C100772,Islamabad,Online,Dresses,Bodycon Dress,2,3640,1790,10,Wallet,No
700925,2025-02-28,C101161,Rawalpindi,Online,Kurtas,Embroidered Kurta,1,2780,1480,10,,No
701157,2025-04-08,C102153,Faisalabad,Store,Jeans,Straight Leg Jeans,2,3190,2020,0,Card,No
703404,2025-01-20,C100614,Karachi,Online,Kurtas,Embroidered Kurta,2,2890,1570,15,COD,No
704619,2024-04-17,C100347,Lahore,Store,T-Shirts,Graphic Print Tee,1,1580,790,0,Wallet,No
700744,2024-03-16,C101787,Rawalpindi,Online,Accessories,Tote Bag,1,1620,820,0,Bank Transfer,No
702686,2024-02-23,C101126,Islamabad,Online,T-Shirts,Oversized Tee,1,1880,920,0,COD,No
702397,2023-09-05,C100041,Multan,Store,Dresses,Wrap Dress,1,3830,2270,0,Card,No
703592,2023-12-09,C101063,Islamabad,Online,Jackets,Puffer Jacket,1,7250,4160,20,COD,No
701421,2025-02-02,C101740,Lahore,Online,Kurtas,Printed Kurta,3,2370,1490,15,COD,No
703954,2025-05-10,C101858,Lahore,Online,Jeans,Ripped Jeans  ,1,3830,2000,0,Wallet,Yes
704561,2025-03-07,C100169,Sialkot,Online,Jeans,Straight Leg Jeans,2,3350,2050,0,COD,No
702839,2024-02-19,C100701,Karachi,Online,Accessories,Baseball Cap  ,1,960,590,10,COD,No
704559,2024-06-01,C101865,Multan,Store,Jeans,Slim Fit Jeans,1,3520,1890,10,Card,No
702584,2025-06-25,C101078,Islamabad,Store,Dresses,Summer Floral Dress,3,3370,2040,10,COD,No
704783,2023-07-19,C100725,,Online,Accessories,Leather Belt,2,1270,700,0,Card,No
703452,2024-03-05,C100353,Islamabad,Store,Jackets,Denim Jacket,2,5800,3700,0,Card,No
703961,2025-06-05,C100802,Peshawar,Store,Shoes,Boots,1,6760,3910,0,COD,No
703848,2025-01-24,C101038,Karachi,Store,Shoes,Sneakers,2,4820,2950,0,Bank Transfer,No
703074,2023-09-16,C101214,Karachi,Store,Accessories,Sunglasses,2,2340,1270,15,Card,No
700847,2025-01-22,C100241,Faisalabad,Store,Jeans,Ripped Jeans,1,3990,2360,15,COD,No
702337,2025-06-04,C101186,Karachi,Store,Kurtas,Printed Kurta,1,2440,1340,0,COD,No
702650,2024-06-03,C100703,Multan,Online,T-Shirts,Graphic Print Tee,1,1590,900,0,Card,No
701243,2025-03-29,C100481,Lahore,Store,Jeans,Straight Leg Jeans,1,3090,1890,0,Card,No
702914,2025-03-29,C101610,Lahore,Store,Shoes,Sandals,1,3010,1870,0,COD,No
704016,2023-09-25,C101482,Islamabad,Store,Dresses,Bodycon Dress,3,3830,2050,0,Card,No
701455,2025-05-03,C101543,Lahore,Store,Kurtas,Cotton Kurta,1,1940,1070,10,COD,No
700527,2025-06-24,C100828,Multan,Store,Dresses,Maxi Dress,1,4510,2090,10,Bank Transfer,Yes
702939,2023-11-05,C101693,faisalabad,Online,Jackets,Hooded Jacket,0,4580,2330,30,COD,No
704535,2024-04-15,C100072,Multan,Online,Kurtas,Festive Kurta,3,4510,2920,20,Card,No
704318,2024-07-15,C100515,Lahore,Online,Jeans,Ripped Jeans,1,3710,1900,0,Card,No
702342,2024-12-08,C101769,Multan,Store,Accessories,Tote Bag,2,1620,740,20,Card,No
702284,2024-03-16,C101684,Lahore,Online,Kurtas,Festive Kurta,2,4150,2590,0,Card,No
702126,2024-01-20,C100712,Faisalabad,Online,Kurtas,Printed Kurta,1,2390,1340,0,Card,No
704030,2023-07-09,C100750,Karachi,Online,Jeans,Ripped Jeans,1,3660,2030,0,COD,No
704140,2025-05-06,C101193,Sialkot,Online,Dresses,Summer Floral Dress,2,3340,1530,0,COD,No
705082,2024-10-16,C102099,Lahore,Online,Jackets,Denim Jacket,2,5930,3530,0,COD,No
704300,2023-11-23,C101395,,Store,Jackets,Hooded Jacket,1,4990,2800,30,Card,No
704768,2023-09-11,C101019,Karachi,Online,Jackets,Bomber Jacket,1,5270,3130,0,Wallet,Yes
701777,2023-11-06,C101656,Lahore,Online,Shoes,Loafers,2,5410,2940,0,Wallet,Yes
702603,2025-05-07,C101868,Islamabad,Online,T-Shirts,Oversized Tee,1,1900,970,10,Wallet,No
701740,2025-01-23,C101241,Karachi,Online,Shoes,Loafers,2,5160,2820,10,Bank Transfer,No
703917,2023-12-17,C102001,Karachi,Online,Accessories,Baseball Cap,1,880,470,20,Bank Transfer,No
701758,2024-06-02,C101028,Faisalabad,Store,Dresses,Wrap Dress,2,4080,2460,0,Card,No
703351,2025-06-05,C101154,Islamabad,Online,Accessories,Leather Belt,1,1180,710,10,Card,No
700410,2024-04-28,C100708,Karachi,Online,Shoes,Sneakers,2,4780,2900,0,COD,No
701936,2025-03-25,C101720,Lahore,Store,Shoes,Boots,1,6770,4160,0,Card,No
703509,2025-06-15,C102004,Lahore,Online,T-Shirts,Oversized Tee,1,1770,1020,0,Bank Transfer,No
701707,2025-01-03,C100455,Lahore,Online,Accessories,Sunglasses,2,2290,1080,0,Card,No
700102,2024-04-30,C101381,Lahore,Store,Dresses,Wrap Dress,1,3810,2460,0,Wallet,No
700838,2024-03-26,C100246,Islamabad,Online,Kurtas,Printed Kurta,1,2400,1560,0,Card,Yes
701691,2023-09-24,C101884,Karachi,Store,T-Shirts,Graphic Print Tee,2,1450,670,0,COD,No
701916,2024-03-06,C100536,Islamabad,Online,Accessories,Sunglasses,2,2240,1020,0,Bank Transfer,No
703850,2023-12-29,C100766,Lahore,Online,Jackets,Hooded Jacket,1,4580,2910,20,Wallet,No
701701,2025-03-03,C100492,Rawalpindi,Online,Dresses,Bodycon Dress,1,3950,2210,10,COD,Yes
703812,2024-09-11,C100917,LAHORE,Online,Shoes,Boots,1,6810,4350,0,COD,Yes
703761,2025-03-01,C101190,Karachi,Online,Jackets,Puffer Jacket,1,6940,3550,0,Wallet,No
702026,2023-08-28,C100199,Karachi,Online,T-Shirts,Polo Shirt,3,2250,1290,0,Card,Yes
705041,2024-01-25,C102120,Karachi,Online,T-Shirts,Graphic Print Tee,1,1570,1020,0,Wallet,No
703818,2024-09-05,C101117,Faisalabad,Online,Accessories,Baseball Cap  ,1,860,420,0,Bank Transfer,No
701513,2025-05-21,C100329,Karachi,Online,Jeans,Slim Fit Jeans,2,3770,1970,15,Bank Transfer,No
701873,2024-02-04,C101224,Lahore,Store,Shoes,Sneakers,1,4800,3000,0,Card,No
704679,2025-06-12,C101092,Karachi,Online,Dresses,Maxi Dress,2,4370,2460,0,Bank Transfer,No
700439,2023-12-06,C101553,Karachi,Store,Jeans,Ripped Jeans,2,3820,2020,0,Card,No
701803,2024-10-13,C102151,Lahore,Online,Jeans,Ripped Jeans,1,3880,1870,15,Card,No
701594,2025-04-27,C101369,Karachi,Online,Kurtas,Cotton Kurta,1,1850,1110,20,Card,No
701281,2025-05-23,C100388,Lahore,Online,Dresses,Wrap Dress,3,4010,1920,0,Bank Transfer,No
703262,2023-11-19,C101805,Rawalpindi,Store,Jackets,Hooded Jacket,1,5180,2700,0,Wallet,No
702988,2025-01-13,C100746,Karachi,Online,Jackets,Denim Jacket,1,5920,3320,0,Wallet,No
702532,2024-06-10,C102099,Lahore,Store,T-Shirts,Graphic Print Tee,1,1540,910,15,Card,No
702853,2024-01-12,C101033,Peshawar,Online,Jeans,Straight Leg Jeans,1,3360,2100,0,COD,No
703852,2024-10-29,C101282,Karachi,Online,T-Shirts,Polo Shirt,3,2090,970,10,Wallet,No
705148,2024-08-16,C101670,Karachi,Store,T-Shirts,Classic Cotton Tee,2,1210,770,15,,No
702047,2023-12-16,C101840,Lahore,Store,Kurtas,Cotton Kurta,1,1990,1130,0,Card,No
701210,2023-11-28,C100658,,Online,T-Shirts,Classic Cotton Tee,1,1190,640,20,Bank Transfer,No
703322,2025-01-24,C100953,Lahore,Online,T-Shirts,Graphic Print Tee,2,1460,660,10,Wallet,No
703650,2024-10-18,C100705,Islamabad,Store,Jeans,Straight Leg Jeans,1,3090,1460,15,Wallet,No
702784,2024-09-06,C101027,Karachi,Online,Shoes,Boots,1,6590,3130,0,COD,No
703364,2025-02-14,C101596,Lahore,Store,Accessories,Baseball Cap,1,880,430,0,COD,No
700258,2024-07-24,C101836,Lahore,Online,Jeans,High-Waist Jeans,1,4050,2020,0,COD,No
700041,2024-01-21,C101935,Lahore,Store,Accessories,Leather Belt,-1,1180,630,0,COD,No
700849,2023-07-17,C100067,Karachi,Store,Accessories,Leather Belt  ,1,1150,590,10,Card,No
704601,2023-07-19,C100088,Lahore,Online,Dresses,Maxi Dress,1,4510,2340,0,COD,No
700339,2024-02-09,C100569,Islamabad,Online,Jeans,Straight Leg Jeans,1,3210,1480,10,Bank Transfer,Yes
701711,2023-11-27,C101802,Lahore,Online,Kurtas,Printed Kurta,1,2350,1260,30,COD,No
701157,2025-04-08,C102153,Faisalabad,Store,Accessories,Tote Bag,1,1580,860,20,Card,No
704615,2025-06-19,C100381,Peshawar,Store,Jeans,Slim Fit Jeans,1,3460,1560,0,Wallet,No
704426,2024-06-15,C101413,Sialkot,Store,Shoes,Boots,1,6290,3890,0,Card,Yes
700533,2025-01-19,C100481,Lahore,Online,Jackets,Hooded Jacket,1,4860,3000,0,COD,No
700230,2024-02-09,C101758,Peshawar,Online,Shoes,Sandals,1,2890,1620,0,Card,No
700352,2024-02-10,C101567,Lahore,Online,Accessories,Baseball Cap,1,950,600,10,Wallet,No
701344,2024-09-27,C100116,Faisalabad,Store,Shoes,Sandals,1,2690,1630,0,COD,No
701554,2024-10-30,C100029,Rawalpindi,Online,Accessories,Sunglasses,1,2250,1430,0,COD,No
701866,2024-01-19,C100881,Islamabad,Store,Dresses,Maxi Dress,1,4700,2570,15,Wallet,Yes
702633,2025-01-21,C101126,Islamabad,Online,Jeans,Slim Fit Jeans,3,3430,1990,10,Bank Transfer,No
702455,2024-04-20,C100179,Faisalabad,Online,Shoes,Sandals  ,2,2960,1910,0,COD,No
700182,2024-08-11,C102046,Karachi,Store,T-Shirts,Oversized Tee,1,1910,1130,0,COD,No
703338,2024-01-06,C100134,,Store,T-Shirts,Graphic Print Tee,3,1610,1050,0,COD,No
703478,2025-01-30,C101271,Karachi,Online,Kurtas,Cotton Kurta,2,2020,1150,0,COD,No
700600,2025-02-17,C100391,Lahore,Online,T-Shirts,Graphic Print Tee,2,1520,850,0,Wallet,Yes
700266,2025-03-02,C100410,Rawalpindi,Store,Shoes,Sneakers,2,4430,2560,0,Bank Transfer,Yes
703235,2023-11-18,C101866,Peshawar,Online,Dresses,Bodycon Dress,2,3670,1700,20,Wallet,No
701959,2024-01-27,C101636,Karachi,Online,Jackets,Puffer Jacket,1,6770,4060,0,COD,Yes
703545,2025-01-31,C101647,Faisalabad,Online,Jackets,Hooded Jacket,3,4810,3000,0,Card,No
700129,2023-12-28,C101556,Peshawar,Store,Kurtas,Cotton Kurta,1,1950,1020,15,COD,Yes
702850,2024-03-13,C101774,Islamabad,Online,Dresses,Wrap Dress,2,4230,2450,0,COD,Yes
704435,2024-03-28,C100343,Islamabad,Online,Accessories,Tote Bag  ,2,1570,810,0,Card,Yes
701497,2024-07-10,C100102,Karachi,Online,T-Shirts,Classic Cotton Tee,1,1250,600,0,COD,No
700620,2024-09-05,C100574,Multan,Online,Shoes,Loafers,1,5540,2760,0,Card,No
701266,2024-05-19,C101883,Faisalabad,Online,Dresses,Summer Floral Dress,1,3260,2000,10,Card,No
701772,2023-07-16,C101823,Islamabad,Store,Dresses,Maxi Dress,1,4480,2350,0,COD,No
705033,2024-11-08,C100373,Karachi,Online,Kurtas,Festive Kurta,2,4150,2250,10,COD,Yes
701487,2023-11-11,C101871,Karachi,Store,Dresses,Maxi Dress,3,4680,2390,25,Card,No
701791,2024-09-06,C101855,Sialkot,Online,Jeans,Ripped Jeans,1,3890,1830,0,COD,No
704959,2024-09-15,C101203,rawalpindi,Store,Dresses,Summer Floral Dress,1,3050,1890,10,Card,No
704892,2024-10-30,C102099,Lahore,Online,Shoes,Sandals  ,1,2800,1560,10,,No
701718,2023-08-25,C100548,Faisalabad,Online,Dresses,Maxi Dress,1,4740,2570,0,COD,No
702909,2023-07-29,C101196,LAHORE,Online,Accessories,Tote Bag,1,1660,860,0,COD,No
702954,2024-07-16,C100674,,Online,T-Shirts,Classic Cotton Tee,1,1170,750,0,Card,No
700115,2024-02-10,C100246,Islamabad,Online,Shoes,Sneakers,2,4510,2410,0,Card,No
701807,2024-09-12,C102129,Lahore,Store,Kurtas,Printed Kurta,1,2570,1290,0,Card,No
704831,2023-08-15,C100342,Faisalabad,Store,T-Shirts,Graphic Print Tee,1,1500,750,0,COD,No
704597,2024-02-15,C100372,Karachi,Online,Jeans,Straight Leg Jeans,1,3220,2060,0,COD,No
702231,2024-02-29,C101736,Peshawar,Online,Accessories,Sunglasses,3,2200,1110,10,Card,No
701830,2023-08-05,C101842,Lahore,Online,Accessories,Sunglasses,1,2350,1430,0,COD,No
702047,2023-12-16,C101840,Lahore,Store,Shoes,Sneakers,1,4660,2880,0,Card,No
700551,2023-09-30,C101798,Islamabad,Store,Kurtas,Embroidered Kurta,1,2950,1870,0,Card,No
701051,2025-04-04,C100267,Lahore,Online,Dresses,Wrap Dress,1,3990,2190,10,COD,No
701223,2024-09-14,C100544,Lahore,Online,Shoes,Sandals,1,2830,1600,15,Card,No
703901,2024-08-09,C101707,Karachi,Online,Jeans,Slim Fit Jeans,2,3340,1950,10,Card,No
704583,2024-12-18,C101503,Karachi,Store,T-Shirts,Polo Shirt,1,2240,1080,25,COD,No
704246,2023-08-03,C100463,Karachi,Online,Kurtas,Embroidered Kurta,3,3020,1840,0,COD,No
702023,2024-10-14,C102197,Islamabad,Store,Shoes,Sneakers,2,4590,2200,0,COD,No
702777,2024-03-24,C101636,Karachi,Store,Accessories,Baseball Cap,2,950,480,0,COD,No
704327,2023-10-12,C100156,Karachi,Online,Jeans,High-Waist Jeans,1,4160,2010,0,COD,Yes
702714,2024-05-01,C100553,Peshawar,Online,Accessories,Leather Belt,3,1270,770,0,COD,No
703906,2023-09-16,C101038,Karachi,Online,dresses,Maxi Dress,1,4680,2580,0,Wallet,Yes
704111,2024-01-01,C100673,Rawalpindi,Store,Shoes,Loafers,1,5400,2960,0,COD,No
702361,2024-04-06,C101226,Karachi,Online,Jackets,Hooded Jacket,1,4600,2440,10,COD,No
701715,2025-03-03,C100809,Sialkot,Online,Kurtas,Cotton Kurta,1,1890,880,0,COD,No
703413,2024-11-29,C102064,Karachi,Online,T-Shirts,Graphic Print Tee,1,1440,740,0,COD,No
701164,2024-05-09,C100167,Faisalabad,Online,Shoes,Sneakers,1,4610,2170,10,Card,No
700997,2025-03-02,C102136,Karachi,Online,Shoes,Boots,1,6310,3460,10,Card,No
702368,2025-04-09,C100775,Multan,Store,jeans,High-Waist Jeans,1,4210,2020,0,Card,No
701671,2023-07-13,C101628,LAHORE,Online,Accessories,Sunglasses,1,2310,1270,0,Card,No
701666,2024-06-13,C102140,Peshawar,Online,Jeans,High-Waist Jeans,1,4190,2090,10,COD,No
701047,2024-11-25,C100354,Karachi,Online,Shoes,Sandals,1,2860,1480,20,Bank Transfer,No
703558,2024-10-13,C101940,Lahore,Online,Jeans,Slim Fit Jeans,1,3410,1540,10,Card,No
700448,2024-04-11,C100822,Karachi,Online,Shoes,Loafers,1,5440,3380,0,Card,No
704638,2023-07-23,C101496,Multan,Store,T-Shirts,Polo Shirt,1,2300,1430,0,COD,No
700262,2024-03-07,C100036,LAHORE,Online,Dresses,Wrap Dress,2,3800,2190,0,Card,No
700855,2023-12-22,C100562,Multan,Store,T-Shirts,Oversized Tee,2,1880,1210,30,COD,No
705124,2023-08-11,C100992,Faisalabad,Store,Accessories,Leather Belt,1,1230,760,0,Bank Transfer,No
702766,2023-12-18,C100283,Lahore,Store,Dresses,Wrap Dress,1,3900,2430,0,Card,No
702684,2023-12-16,C101825,Lahore,Online,Dresses,Bodycon Dress,1,3670,1700,15,COD,No
703074,2023-09-16,C101214,Karachi,Store,accessories,Leather Belt,3,1170,680,10,Card,No
701643,2023-12-23,C101011,Islamabad,Online,Jeans,Slim Fit Jeans,2,3430,2220,20,Card,No
703927,2025-02-20,C101215,Islamabad,Online,Kurtas,Embroidered Kurta,2,3000,1760,0,Wallet,No
702961,2024-03-12,C100342,FAISALABAD,Store,Shoes,Boots,1,6240,3030,0,Card,No
702271,2024-07-25,C101342,Karachi,Store,Jeans,High-Waist Jeans,1,4110,1860,10,Card,No
700436,2024-07-10,C101874,Peshawar,Online,Dresses,Summer Floral Dress,1,3170,1590,0,Card,No
702829,2025-01-26,C100356,Faisalabad,Store,Shoes,Boots,2,6830,4360,0,COD,No
705073,2024-04-01,C100707,Faisalabad,Store,Shoes,Loafers,1,5330,2600,10,COD,No
703815,2023-08-26,C100908,Lahore,Online,Dresses,Summer Floral Dress,2,3440,2220,10,COD,No
701321,2023-12-28,C100296,Sialkot,Store,Dresses,Wrap Dress,2,4070,2640,15,Card,No
701175,2024-03-23,C101838,Faisalabad,Store,Shoes,Sandals,2,2820,1430,0,Card,No
705195,2025-03-26,C100330,Faisalabad,Online,T-Shirts,Graphic Print Tee,1,1610,950,0,COD,No
702956,2025-04-26,C101778,Karachi,Store,Jeans,Ripped Jeans,1,3780,2040,0,Wallet,No
702765,2024-05-29,C100094,Karachi,Online,Dresses,Bodycon Dress,1,3760,1780,10,COD,No
703984,2024-08-22,C101547,Faisalabad,Store,Jackets,Hooded Jacket,1,4600,2190,0,COD,Yes
701829,2023-11-13,C100975,Islamabad,Online,Accessories,Sunglasses,1,2100,1060,0,COD,No
702039,2024-12-17,C100253,Lahore,Online,Shoes,Sneakers,3,4420,2780,20,COD,No
702823,2024-03-17,C100138,Faisalabad,Online,Jackets,Denim Jacket,1,5380,3220,0,Card,No
701829,2023-11-13,C100975,ISLAMABAD,Online,T-Shirts,Classic Cotton Tee,2,1240,610,20,COD,No
700688,2023-09-12,C101084,Sialkot,Store,Jackets,Hooded Jacket,1,5120,2820,0,Card,No
703825,2024-07-31,C101417,Islamabad,Online,T-Shirts,Oversized Tee,1,1840,1200,0,Card,No
703247,2023-10-17,C101231,Islamabad,Online,t-shirts,Oversized Tee,1,1840,1000,0,Wallet,No
704543,2024-09-01,C101445,Islamabad,Store,Kurtas,Cotton Kurta,3,1870,880,10,COD,Yes
703676,2025-06-16,C100718,Rawalpindi,Online,Jeans,High-Waist Jeans,1,4470,2580,0,COD,No
703756,2025-05-23,C101220,Lahore,Online,Kurtas,Embroidered Kurta  ,2,2730,1390,0,COD,No
700580,2025-01-11,C101357,Karachi,Online,Jeans,Ripped Jeans,1,3610,2020,0,Card,No
701146,2025-06-25,C101799,Islamabad,Online,Shoes,Sandals,2,2680,1390,0,COD,No
704393,2024-06-06,C100061,Karachi,Store,Accessories,Tote Bag,1,1700,1030,0,COD,No
705038,2024-01-16,C102099,Lahore,Store,Accessories,Baseball Cap,2,950,440,0,Bank Transfer,No
702357,2025-05-06,C101808,Karachi,Online,Shoes,Boots,1,6290,3380,10,COD,Yes
700430,2023-10-01,C100341,Sialkot,Store,Shoes,Loafers,1,5060,3190,0,Card,Yes
702165,2023-08-26,C101138,Lahore,Online,Dresses,Bodycon Dress,1,3620,2050,0,COD,No
704697,2024-11-29,C100266,Karachi,Online,Jackets,Denim Jacket,1,5290,2750,30,Card,No
704983,2025-06-28,C100509,Lahore,Online,T-Shirts,Oversized Tee,1,1790,840,0,Wallet,Yes
703500,2025-03-27,C100112,Karachi,Online,Shoes,Boots,2,6920,3490,0,COD,No
703747,2024-06-05,C102118,Lahore,Store,Dresses,Maxi Dress,2,4280,2650,15,Card,No
703587,2023-12-03,C100019,Islamabad,Online,Jeans,Ripped Jeans,3,3720,2010,25,Card,No
701964,2023-07-14,C101650,Karachi,Store,Shoes,Sneakers,1,4400,2750,0,Bank Transfer,No
705004,2024-08-21,C100150,Multan,Online,Accessories,Leather Belt,2,1280,710,10,Card,No
703398,2024-10-18,C102177,Multan,Online,Jeans,High-Waist Jeans,1,4330,2240,0,COD,No
703559,2024-04-14,C100169,Sialkot,Online,Jackets,Denim Jacket,1,5700,3550,0,Bank Transfer,No
704760,2024-10-17,C100531,Rawalpindi,Online,Accessories,Leather Belt,1,1210,600,0,Bank Transfer,No
701086,2025-02-07,C102080,Karachi,Online,Jackets,Puffer Jacket,1,7110,4310,0,COD,No
700038,2023-07-17,C102017,Lahore,Online,Kurtas,Embroidered Kurta,1,2920,1360,0,Wallet,No
705196,2023-11-26,C101571,Islamabad,Online,Kurtas,Festive Kurta,2,4380,2470,0,Card,No
701405,2024-11-30,C101516,Lahore,Online,Jeans,Ripped Jeans,3,3670,2110,0,Card,No
704911,2024-07-05,C101787,Rawalpindi,Store,Accessories,Tote Bag,2,1660,1030,0,COD,No
704504,2024-10-03,C100819,Karachi,Online,Kurtas,Festive Kurta,2,4320,2720,0,COD,No
702279,2024-01-03,C100729,ISLAMABAD,Online,Shoes,Boots,3,6440,2940,10,COD,No
704758,2024-06-16,C100327,Islamabad,Online,Accessories,Tote Bag,1,1610,990,0,COD,Yes
703833,2025-01-21,C100999,Karachi,Online,Kurtas,Festive Kurta,3,4470,2490,0,COD,No
700928,2024-12-02,C101133,Rawalpindi,Online,T-Shirts,Classic Cotton Tee,2,1170,580,0,COD,Yes
704869,2024-02-03,C100603,Rawalpindi,Store,Tshirts,Polo Shirt,2,2360,1150,15,Card,No
704947,2024-06-30,C100167,Faisalabad,Online,Accessories,Sunglasses,2,2250,1080,10,Bank Transfer,No
702326,2024-11-28,C100746,Karachi,Online,Accessories,Tote Bag,1,1580,840,20,COD,No
704748,2024-05-03,C100653,Lahore,Online,Kurtas,Embroidered Kurta,2,2680,1340,0,COD,No
702752,2023-12-16,C102043,Peshawar,Store,Accessories,Leather Belt,1,1270,690,0,COD,No
702508,2023-07-14,C100756,Karachi,Online,Dresses,Bodycon Dress,2,3960,1910,10,Card,No
701597,2023-07-07,C100024,Faisalabad,Online,Accessories,Leather Belt,2,1200,710,0,COD,No
704572,2024-11-17,C100249,Karachi,Online,Shoes,Boots,1,6350,3760,15,COD,No
703571,2023-09-11,C102172,Islamabad,Online,Kurtas,Cotton Kurta,2,1810,1100,0,Card,No
702695,2024-10-10,C102076,Sialkot,Store,Shoes,Boots,1,6540,3590,0,COD,No
700300,2025-06-30,C101242,Karachi,Online,Dresses,Wrap Dress,1,4080,2580,10,Wallet,Yes
705006,2024-02-29,C100078,Islamabad,Online,Kurtas,Embroidered Kurta,3,3000,1930,0,Wallet,No
702192,2024-01-09,C101475,Islamabad,Store,T-Shirts,Classic Cotton Tee,2,1280,700,0,Card,No
704734,2024-08-13,C100834,Rawalpindi,Online,SHOES,Loafers,1,5230,2660,0,COD,No
700063,2024-01-02,C101832,Karachi,Online,Shoes,Boots,1,6710,3710,15,COD,No
701474,2024-07-11,C101480,Karachi,Online,Dresses,Bodycon Dress,2,3850,1970,0,Card,No
703664,2023-09-20,C100677,Karachi,Online,Kurtas,Festive Kurta,1,4390,2230,0,COD,No
701074,2024-03-04,C102034,Lahore,Online,Jackets,Denim Jacket,1,5310,3180,10,COD,No
702133,2023-08-30,C100028,Lahore,Online,T-Shirts,Classic Cotton Tee,1,1160,700,0,Card,No
701512,2024-03-12,C100848,Lahore,Online,T-Shirts,Graphic Print Tee,1,1590,860,0,COD,No
704756,2025-05-30,C101241,Karachi,Store,Dresses,Bodycon Dress,1,4010,2580,15,Card,Yes
700293,2025-06-11,C102188,Karachi,Online,Jackets,Puffer Jacket,1,6550,4070,10,Card,No
703368,2025-06-19,C100532,Karachi,Online,Jeans,Ripped Jeans,2,3660,1690,0,Card,No
703391,2024-10-30,C102140,Peshawar,Online,Jeans,Slim Fit Jeans,3,3450,1820,15,COD,No
702405,2023-09-19,C100143,Islamabad,Online,Shoes,Sneakers,3,4400,2660,0,COD,No
704141,2023-11-05,C100790,Lahore,Online,Jackets,Puffer Jacket,3,6680,4250,15,Card,Yes
700726,2023-07-18,C100217,Lahore,Store,Kurtas,Cotton Kurta,1,1960,1250,0,COD,No
701960,2024-01-24,C100249,Karachi,Online,Dresses,Maxi Dress,1,4550,2920,10,COD,No
700592,2025-03-26,C101495,Islamabad,Store,Jeans,High-Waist Jeans  ,2,3990,2490,0,Card,No
702397,2023-09-05,C100041,Multan,Store,Shoes,Loafers,1,4940,2500,0,Card,No
700104,2023-08-27,C100503,Islamabad,Store,Dresses,Wrap Dress,2,3960,2400,0,COD,No
700622,2025-06-20,C101483,Lahore,Store,Dresses,Maxi Dress,1,4570,2930,0,Card,No
700231,2023-09-26,C100974,Karachi,Online,Jeans,Slim Fit Jeans,3,3330,1510,0,COD,No
701931,2023-10-19,C101624,Karachi,Online,Kurtas,Embroidered Kurta,1,2690,1350,0,Bank Transfer,No
701530,2023-10-27,C100355,Islamabad,Online,Shoes,Loafers,1,5060,2510,0,Card,No
702128,2024-02-07,C102197,Islamabad,Store,Shoes,Sneakers,1,4430,2460,15,Bank Transfer,Yes
701995,2024-02-06,C101591,Lahore,Online,Jackets,Hooded Jacket,1,5150,3150,0,Bank Transfer,No
704271,2024-11-07,C101946,Lahore,Online,T-Shirts,Graphic Print Tee,3,1450,850,10,COD,No
702195,2025-02-20,C101985,Peshawar,Store,Jackets,Bomber Jacket,2,5110,3000,0,Wallet,No
702220,2023-08-06,C100671,Islamabad,Online,Kurtas,Embroidered Kurta,2,2690,1350,0,COD,No
702820,2024-01-09,C100087,Karachi,Online,Jackets,Denim Jacket,1,5920,2840,0,Card,No
704696,2023-12-31,C102142,Faisalabad,Store,T-Shirts,Classic Cotton Tee,2,1220,670,20,Card,No
702932,2025-03-11,C101973,Karachi,Online,Jeans,Slim Fit Jeans,2,3490,1960,10,Wallet,No
703380,2024-07-07,C102115,Peshawar,Online,T-Shirts,Graphic Print Tee,1,1560,940,0,Wallet,No
703404,2025-01-20,C100614,Karachi,Online,Jackets,Hooded Jacket,1,4580,2510,0,COD,Yes
701571,2023-10-09,C101238,LAHORE,Online,T-Shirts,Oversized Tee,1,1750,970,0,COD,No
704193,2024-04-25,C101820,Peshawar,Online,Kurtas,Cotton Kurta,1,2010,1040,0,Card,No
704592,2025-02-01,C100137,Karachi,Store,Jackets,Puffer Jacket,2,6900,4370,0,COD,No
703022,2023-10-15,C101378,Islamabad,Store,Jackets,Bomber Jacket,1,5600,3520,15,COD,No
703948,2025-05-23,C101916,Rawalpindi,Store,Accessories,Leather Belt,1,1240,690,0,Bank Transfer,No
705098,2024-03-22,C100858,Karachi,Online,SHOES,Boots,1,6520,4080,0,Bank Transfer,No
704784,2024-01-26,C100128,Lahore,Online,Kurtas,Cotton Kurta,3,1860,1080,0,Card,No
704850,2023-12-18,C100245,Multan,Online,Jackets,Denim Jacket,3,5850,3320,0,Card,No
701980,2024-12-15,C101853,Faisalabad,Store,Jeans,Ripped Jeans,2,3770,1910,30,Wallet,No
701936,2025-03-25,C101720,Lahore,Store,Dresses,Bodycon Dress,1,4010,1940,0,Card,No
701532,2023-11-26,C100706,Faisalabad,Online,Dresses,Summer Floral Dress,1,3110,1690,20,Card,No
700429,2024-07-10,C100891,Sialkot,Online,T-Shirts,Oversized Tee,2,1840,1040,10,Card,No
703679,2024-05-08,C100361,Lahore,Online,Kurtas,Embroidered Kurta,2,3010,1940,10,COD,No
703118,2023-10-18,C100209,Islamabad,Online,Dresses,Summer Floral Dress,1,3320,1810,0,Card,Yes
704745,2025-05-31,C100006,Faisalabad,Online,Kurtas,Cotton Kurta,2,2030,1080,15,Card,No
704630,2024-01-02,C102136,Karachi,Online,Shoes,Sandals,2,2880,1630,0,COD,Yes
701366,2023-07-20,C101814,Multan,Store,Dresses,Bodycon Dress,1,3870,2150,0,Wallet,Yes
703191,2024-07-15,C100811,Lahore,Online,Jackets,Puffer Jacket,1,6540,3510,0,COD,No
701515,2025-03-16,C101871,Karachi,Online,Jackets,Bomber Jacket,1,5060,3240,10,,No
701780,2023-12-06,C101936,Karachi,Online,Jeans,High-Waist Jeans,3,4100,2390,0,Card,No
702196,2024-01-25,C101663,Lahore,Store,Jeans,High-Waist Jeans,2,4420,2680,0,Bank Transfer,No
703630,2025-01-08,C102188,Karachi,Online,Dresses,Maxi Dress,3,4610,2500,0,COD,No
700146,2023-07-12,C102092,Islamabad,Online,Kurtas,Festive Kurta,1,4030,2340,0,Card,No
701608,2024-03-18,C101345,,Online,Jackets,Puffer Jacket,1,6840,4050,10,Wallet,No
702295,2023-07-31,C102091,Multan,Online,Shoes,Boots,1,6640,3000,0,Wallet,No
704485,2023-11-16,C100118,Karachi,Online,Accessories,Sunglasses,1,2100,1170,0,COD,No
704306,2024-11-23,C101831,Sialkot,Online,Kurtas,Cotton Kurta,1,1900,940,20,Wallet,No
702208,2024-11-10,C100902,Lahore,Store,kurtas,Printed Kurta,1,2370,1350,0,COD,No
703784,2025-01-26,C100735,Rawalpindi,Online,Jeans,Ripped Jeans,1,3660,2300,0,Bank Transfer,No
704546,2025-03-17,C100779,Multan,Online,Jeans,Slim Fit Jeans,3,3380,1740,0,Card,Yes
701090,2023-12-25,C102096,Lahore,Store,Jeans,Straight Leg Jeans,-1,3100,1920,20,Wallet,No
702570,2024-09-10,C100168,Karachi,Online,Accessories,Baseball Cap,2,940,600,0,Bank Transfer,No
704458,2023-12-26,C100402,Faisalabad,Online,Kurtas,Cotton Kurta,2,1850,980,0,COD,No
701865,2024-04-21,C100365,,Online,Jeans,Ripped Jeans,1,3900,2010,0,Card,Yes
702018,2025-01-16,C101435,Sialkot,Store,T-Shirts,Classic Cotton Tee,1,1230,740,10,Card,No
704457,2025-01-18,C100409,Sialkot,Online,Jeans,Slim Fit Jeans,3,3450,2030,0,Card,No
702804,2024-12-03,C101471,Lahore,Online,T-Shirts,Polo Shirt,1,2320,1180,20,Card,No
703784,2025-01-26,C100735,Rawalpindi,Online,Shoes,Boots,1,6220,3940,0,Bank Transfer,No
703632,2024-02-18,C100086,Rawalpindi,Store,Jeans,Ripped Jeans,1,3610,1960,0,Wallet,No
700694,2023-10-20,C101232,Lahore,Online,Jackets,Bomber Jacket,2,5260,2530,10,Card,No
701025,2023-07-25,C101505,Islamabad,Online,accessories,Leather Belt,1,1240,680,0,Card,No
702227,2023-09-15,C101520,Karachi,Online,Kurtas,Cotton Kurta,1,1930,1060,0,Wallet,No
704890,2023-11-16,C101023,Islamabad,Online,Shoes,Sandals,1,2740,1670,0,Wallet,No
703445,2024-11-17,C101496,Multan,Online,Shoes,Sneakers,2,4810,2300,15,,Yes
704204,2024-09-11,C101817,Karachi,Store,Dresses,Bodycon Dress,2,3760,2340,0,COD,No
705199,2024-03-26,C100587,Karachi,Store,Jeans,Ripped Jeans,2,3880,2310,0,COD,No
701328,2025-01-21,C100573,Faisalabad,Online,Jeans,Ripped Jeans,2,3980,2280,0,COD,No
703231,2025-01-11,C100054,Rawalpindi,Online,Jackets,Puffer Jacket,1,6860,3590,0,COD,No
704991,2024-01-01,C101071,Islamabad,Online,Shoes,Boots,2,6200,3580,10,Card,No
700631,2025-05-28,C100216,Lahore,Online,Accessories,Tote Bag,1,1630,810,10,Card,No
704924,2024-06-28,C102136,Karachi,Store,Kurtas,Printed Kurta,2,2480,1240,0,Wallet,No
702182,2025-04-11,C100474,Karachi,Online,T-Shirts,Polo Shirt,1,2220,1370,20,Bank Transfer,No
701973,2023-07-07,C102079,Lahore,Online,Dresses,Bodycon Dress,2,3920,2410,0,Card,No
701293,2024-02-20,C101782,Karachi,Store,Jeans,Straight Leg Jeans,1,3370,1690,0,COD,No
700550,2025-04-05,C100746,Karachi,Online,T-Shirts,Oversized Tee,3,1910,1140,10,Card,No
702976,2023-07-27,C100827,Lahore,Online,Accessories,Sunglasses,2,2180,1100,15,Wallet,No
703444,2024-06-23,C100669,Karachi,Online,Jeans,Ripped Jeans,3,3810,2340,0,COD,No
701514,2024-06-17,C100560,Lahore,Store,Shoes,Boots,1,6980,3720,10,COD,Yes
704724,2024-06-12,C101375,Lahore,Online,T-Shirts,Oversized Tee,1,1890,990,0,COD,No
702024,2024-11-15,C101574,Lahore,Store,T-Shirts,Polo Shirt,2,2340,1430,30,Card,No
705050,2023-11-19,C100860,Faisalabad,Store,Jeans,Ripped Jeans,3,3960,1950,0,,No
701880,2024-07-02,C100801,Karachi,Online,Shoes,Sneakers,1,4680,2580,10,Wallet,No
704724,2024-06-12,C101375,Lahore,Online,Dresses,Bodycon Dress,1,3890,2190,10,COD,No
700222,2025-02-19,C100089,Islamabad,Store,T-Shirts,Oversized Tee,2,1820,1130,15,COD,No
703007,2024-09-21,C100482,Islamabad,Online,Shoes,Loafers,1,5210,3280,0,Wallet,No
700632,2024-03-26,C100452,Rawalpindi,Online,Accessories,Sunglasses,1,2350,1320,10,COD,No
700492,2024-04-27,C101383,Sialkot,Store,Jeans,High-Waist Jeans,1,4290,2780,10,Wallet,No
700284,2024-09-01,C101667,,Online,T-Shirts,Classic Cotton Tee,2,1290,790,0,COD,No
702329,2024-01-14,C101733,Lahore,Store,Jackets,Bomber Jacket,1,5050,2810,0,COD,No
701499,2023-08-07,C101674,Faisalabad,Online,Shoes,Loafers,1,5210,2790,0,Bank Transfer,No
705100,2023-09-02,C101303,LAHORE,Online,Jeans,Ripped Jeans,1,4020,2390,0,COD,No
702968,2023-11-18,C101366,Lahore,Online,Kurtas,Embroidered Kurta,1,2860,1330,0,Bank Transfer,No
700704,2024-04-25,C101092,,Online,Dresses,Wrap Dress,1,4050,2000,10,Wallet,No
703618,2024-01-28,C100583,Karachi,Store,Kurtas,Embroidered Kurta,2,2850,1390,0,Wallet,No
703129,2024-03-17,C101175,Faisalabad,Online,T-Shirts,Oversized Tee,1,1870,1070,0,Card,No
700816,2024-08-26,C102055,Karachi,Online,Kurtas,Printed Kurta,1,2580,1280,15,COD,No
703428,2023-07-19,C101808,Karachi,Online,Shoes,Boots,2,6580,3980,0,COD,No
704109,2025-02-13,C100805,Lahore,Online,Kurtas,Festive Kurta,2,4280,1970,0,COD,No
702428,2024-04-28,C100755,Lahore,Online,T-Shirts,Graphic Print Tee,2,1610,760,0,COD,No
701432,2024-02-09,C101390,Peshawar,Store,Dresses,Summer Floral Dress,1,3370,2100,0,COD,No
700802,2024-02-18,C100320,Peshawar,Online,Shoes,Sandals,1,2830,1550,0,COD,Yes
702462,2025-02-13,C102115,Peshawar,Store,Dresses,Wrap Dress,1,4190,2060,0,COD,No
704493,2024-03-02,C102134,Islamabad,Store,Shoes,Sneakers,1,4690,2730,0,Bank Transfer,No
703346,2023-09-08,C100565,Rawalpindi,Online,Kurtas,Embroidered Kurta,1,2770,1510,15,COD,No
700047,2024-01-03,C102115,Peshawar,Online,Shoes,Sneakers,1,4330,2460,0,COD,No
702252,2024-01-06,C100588,Lahore,Online,Jeans,Ripped Jeans,1,4040,2320,10,Card,No
700329,2024-01-27,C100713,Peshawar,Online,Accessories,Baseball Cap,1,950,560,0,Card,No
700297,2025-05-03,C101620,Lahore,Online,Dresses,Bodycon Dress,1,4070,2610,20,COD,No
700354,2025-01-06,C101494,Karachi,Store,Jackets,Puffer Jacket,1,6840,3730,0,Bank Transfer,No
703084,2023-11-18,C101535,Karachi,Online,Jackets,Denim Jacket,3,5900,3340,10,COD,No
701277,2023-07-08,C102107,Sialkot,Store,Dresses,Summer Floral Dress,2,3390,1660,0,Card,No
703462,2024-09-18,C100093,Karachi,Store,Kurtas,Embroidered Kurta,3,2940,1660,15,Card,No
703842,2024-02-20,C101226,Karachi,Online,Kurtas,Embroidered Kurta,1,2790,1520,0,Bank Transfer,No
703052,2023-11-20,C101191,Karachi,Online,Accessories,Sunglasses,1,2100,950,20,COD,No
701480,2023-10-04,C101715,,Online,Kurtas,Cotton Kurta,2,1870,880,0,COD,No
701371,2024-06-02,C100469,Islamabad,Store,Accessories,Tote Bag,1,1530,780,10,COD,No
704883,2024-08-21,C102049,Karachi,Store,Kurtas,Festive Kurta,2,4230,2010,15,Card,No
703428,2023-07-19,C101808,Karachi,Online,Dresses,Wrap Dress,1,4240,2260,0,COD,No
705007,2025-02-07,C101822,Islamabad,Store,Accessories,Baseball Cap,1,940,610,0,Card,No
704941,2024-08-06,C100089,Islamabad,Online,kurtas,Festive Kurta,2,4520,2910,15,Wallet,Yes
702962,2024-06-04,C101378,Islamabad,Online,Kurtas,Cotton Kurta,2,1990,1170,0,COD,No
702241,2025-01-09,C101706,Lahore,Online,Kurtas,Embroidered Kurta,2,2780,1800,0,Bank Transfer,No
701062,2024-03-21,C100880,KARACHI,Store,Accessories,Sunglasses,1,2300,1430,0,COD,No
704158,2023-08-24,C100375,Lahore,Store,Dresses,Bodycon Dress,3,3930,1920,0,Card,No
702025,2024-07-31,C100668,Karachi,Online,Shoes,Sandals  ,1,2850,1330,10,Card,No
702369,2025-01-12,C101894,Karachi,Store,Accessories,Leather Belt,1,1200,720,0,Bank Transfer,No
703517,2024-04-29,C100774,Lahore,Store,kurtas,Festive Kurta,2,4190,2440,0,Wallet,No
700982,2023-12-03,C101160,Lahore,Online,Shoes,Boots,1,6940,4260,0,Wallet,No
702011,2024-10-02,C100267,Lahore,Store,SHOES,Sandals,1,2830,1690,0,COD,Yes
705015,2025-01-11,C101670,Karachi,Store,Jackets,Puffer Jacket,1,7030,4020,0,COD,No
703877,2024-03-23,C100323,Islamabad,Store,Kurtas,Printed Kurta,1,2360,1480,0,COD,No
701902,2023-09-18,C102166,Peshawar,Store,Accessories,Tote Bag,1,1570,910,0,Wallet,No
702983,2023-12-23,C101583,Karachi,Online,Dresses,Bodycon Dress,2,3630,1780,30,Card,No
703289,2023-10-09,C100040,Karachi,Online,T-Shirts,Oversized Tee,1,1900,970,15,Card,No
701190,2025-04-11,C100368,Karachi,Store,Jeans,Slim Fit Jeans,3,3740,1810,0,Card,No
701033,2023-12-06,C101483,Lahore,Store,Accessories,Baseball Cap,1,890,560,10,Wallet,No
701584,2024-09-09,C100452,Rawalpindi,Store,Accessories,Baseball Cap,1,940,550,0,Card,No
701043,2025-06-19,C101684,Lahore,Online,Shoes,Loafers,1,5160,2950,10,Card,No
703780,2024-03-16,C100631,Multan,Store,Jackets,Hooded Jacket,1,5020,3240,0,Bank Transfer,No
702078,2023-07-31,C100644,Islamabad,Store,Accessories,Sunglasses,1,2280,1320,0,Card,No
700251,2024-09-30,C100075,Karachi,Store,Jackets,Hooded Jacket,3,5080,3270,0,Bank Transfer,No
700076,2023-10-24,C100392,Islamabad,Store,Jeans,Slim Fit Jeans,1,3460,1710,0,Card,No
700110,2024-04-10,C100869,lahore,Online,Kurtas,Embroidered Kurta,1,2660,1380,15,Card,No
703610,2025-02-15,C102120,Karachi,Store,Jackets,Denim Jacket,1,5480,2740,10,Card,No
702512,2024-10-23,C100580,Karachi,Online,jeans,High-Waist Jeans,1,4010,2250,0,Card,No
704495,2023-09-15,C102014,Karachi,Store,Jeans,Straight Leg Jeans,1,3160,2020,15,COD,No
702360,2024-02-17,C100011,peshawar,Online,Shoes,Boots,1,6630,3940,0,COD,No
703945,2023-12-26,C100212,Lahore,Online,Jackets,Hooded Jacket,1,4610,2540,15,COD,No
702101,2023-12-04,C100252,Karachi,Store,Jackets,Bomber Jacket,1,5500,3150,20,Wallet,No
704413,2024-05-22,C100371,Karachi,Online,Accessories,Sunglasses,2,2340,1080,10,COD,No
700089,2023-10-14,C100782,Karachi,Online,Accessories,Sunglasses,1,2230,1040,10,Card,No
700555,2024-11-27,C102197,Islamabad,Online,Jeans,High-Waist Jeans,1,4260,2680,20,COD,No
701134,2025-01-31,C100252,Karachi,Store,Kurtas,Festive Kurta,1,4410,2520,15,Wallet,No
700564,2024-12-02,C102157,Karachi,Store,Shoes,Sneakers,2,4690,2550,0,Bank Transfer,Yes
700827,2024-06-02,C100484,Lahore,Store,Shoes,Boots  ,1,6460,3920,0,COD,No
701107,2025-02-03,C100691,Peshawar,Store,Accessories,Baseball Cap,3,920,520,10,Card,No
703204,2023-07-10,C100270,Lahore,Store,Dresses,Maxi Dress,2,4580,2540,10,Card,No
703013,2023-10-12,C100537,Lahore,Online,T-Shirts,Polo Shirt,3,2200,990,0,Card,No
700660,2025-04-05,C101279,Islamabad,Online,Kurtas,Embroidered Kurta,1,2920,1450,0,COD,Yes
702104,2023-12-20,C100956,Faisalabad,Store,Dresses,Wrap Dress,2,4110,2130,15,COD,No
701071,2023-10-10,C100975,Islamabad,Store,Jackets,Hooded Jacket,1,4580,2540,0,COD,No
702353,2023-11-15,C101188,Lahore,Store,Kurtas,Printed Kurta,2,2530,1290,0,COD,No
700175,2025-05-16,C100638,Faisalabad,Online,Accessories,Tote Bag,1,1590,720,15,COD,No
700039,2024-12-22,C102059,Lahore,Store,Kurtas,Embroidered Kurta,2,2910,1360,30,Wallet,No
700906,2023-12-21,C101577,Multan,Store,T-Shirts,Classic Cotton Tee,1,1250,590,15,COD,No
702730,2023-08-22,C100168,Karachi,Store,Accessories,Sunglasses,1,2200,1100,15,COD,No
701600,2024-03-08,C101835,Lahore,Online,Accessories,Leather Belt,1,1150,680,0,Card,No
702188,2023-12-29,C101872,Sialkot,Online,Accessories,Sunglasses,2,2270,1200,20,COD,No
701593,2024-10-08,C100031,Sialkot,Online,Kurtas,Printed Kurta,1,2370,1390,10,COD,No
700907,2024-07-22,C101258,Islamabad,Online,Kurtas,Printed Kurta,2,2310,1470,15,Card,No
703877,2024-03-23,C100323,Islamabad,Store,Accessories,Sunglasses,1,2140,1030,15,COD,No
701049,2024-09-03,C102058,,Online,shoes,Sandals,1,2910,1430,0,COD,Yes
700342,2025-03-20,C100423,Lahore,Store,Jackets,Bomber Jacket,1,5480,2540,0,COD,No
704663,2024-11-28,C102141,Karachi,Store,Jeans,Straight Leg Jeans,1,3270,2050,0,Card,No
703678,2023-12-20,C100525,Karachi,Online,T-Shirts,Polo Shirt,3,2200,1410,30,Bank Transfer,No
700971,2024-03-24,C100475,Karachi,Online,Jackets,Bomber Jacket,1,5510,3280,10,Card,No
703385,2024-12-30,C100979,Lahore,Online,Kurtas,Printed Kurta,3,2560,1370,20,Bank Transfer,No
700917,2024-01-10,C102054,Karachi,Online,Shoes,Boots,2,6330,3640,10,COD,No
704822,2025-03-03,C101047,Faisalabad,Store,Kurtas,Cotton Kurta,1,1830,900,0,Card,No
700084,2024-12-21,C100539,MULTAN,Online,Accessories,Sunglasses,2,2270,1420,0,Card,No
700966,2024-05-24,C100703,Multan,Online,Kurtas,Embroidered Kurta,2,2680,1590,10,Bank Transfer,No
702563,2024-02-23,C100723,Sialkot,Store,Accessories,Sunglasses,3,2200,1100,10,COD,No
703678,2023-12-20,C100525,Karachi,Online,T-Shirts,Classic Cotton Tee,1,1150,750,0,Bank Transfer,Yes
702278,2024-04-21,C101385,Lahore,Store,dresses,Maxi Dress,1,4400,2310,15,Card,No
700209,2024-10-14,C100054,Rawalpindi,Online,Jackets,Bomber Jacket,-2,5040,3170,0,Wallet,No
703979,2023-12-26,C102066,Islamabad,Store,Shoes,Loafers,1,5220,2970,0,COD,No
700095,2023-10-30,C102086,Karachi,Online,Shoes,Boots,1,6970,3630,0,Bank Transfer,No
701850,2025-01-17,C102011,Karachi,Online,Dresses,Maxi Dress,3,4490,2180,10,Wallet,Yes
704779,2024-12-01,C101890,lahore,Online,Accessories,Sunglasses,2,2270,1240,20,COD,No
701389,2024-02-07,C101269,Karachi,Online,Accessories,Baseball Cap,1,890,450,15,Card,No
704103,2023-08-18,C100977,Karachi,Store,Accessories,Sunglasses,1,2370,1330,0,Card,No
700090,2024-02-02,C102150,Rawalpindi,Store,Jackets,Hooded Jacket,2,5110,2960,0,COD,No
704369,2024-12-30,C100399,Karachi,Store,Jeans,Straight Leg Jeans,3,3220,2080,20,COD,No
704907,2025-06-18,C102136,Karachi,Online,Accessories,Leather Belt,2,1200,670,0,Card,No
701991,2023-07-15,C100860,Faisalabad,Store,T-Shirts,Graphic Print Tee,2,1430,910,0,COD,No
702856,2023-11-07,C102006,Karachi,Store,Accessories,Baseball Cap,2,890,480,20,Card,No
704379,2024-12-20,C100427,Multan,Online,Accessories,Leather Belt,1,1230,640,10,COD,No
703410,2023-09-16,C101916,Rawalpindi,Online,Shoes,Loafers,1,5390,2700,0,Card,No
701250,2023-12-27,C100738,Karachi,Online,Jackets,Puffer Jacket,1,7130,3930,15,COD,No
705062,2024-07-30,C100962,Lahore,Store,Shoes,Sandals,1,2830,1660,0,Card,Yes
700067,2024-10-12,C100800,faisalabad,Store,Jackets,Hooded Jacket,1,4730,2170,0,COD,No
703635,2024-04-01,C102030,Lahore,Online,Kurtas,Embroidered Kurta,1,2760,1660,15,Bank Transfer,No
703491,2023-07-16,C101660,Lahore,Store,T-Shirts,Classic Cotton Tee,1,1250,720,0,Card,No
703970,2025-06-06,C101705,Sialkot,Online,Dresses,Bodycon Dress,1,3980,1930,0,Bank Transfer,No
701861,2023-07-07,C101838,Faisalabad,Store,Jeans,Ripped Jeans,1,4000,2590,0,Bank Transfer,No
701729,2024-04-20,C101290,Karachi,Online,Shoes,Sneakers,1,4820,2610,15,Card,Yes
704516,2024-10-02,C101835,Lahore,Online,Jeans,High-Waist Jeans,1,4030,2150,0,COD,No
704633,2024-12-08,C100079,Faisalabad,Online,T-Shirts,Polo Shirt,1,2360,1150,20,COD,No
701460,2025-05-18,C100240,Multan,Online,Dresses,Bodycon Dress,1,4020,2130,10,,No
701833,2025-05-02,C101690,Faisalabad,Online,Accessories,Leather Belt,3,1290,750,10,Wallet,No
700788,2024-09-05,C100416,Lahore,Store,Jeans,Slim Fit Jeans,1,3540,1960,0,Card,No
703401,2024-02-25,C101076,Islamabad,Store,Jeans,Straight Leg Jeans,1,3280,1920,0,COD,No
704729,2025-05-25,C100575,Islamabad,Online,T-Shirts,Oversized Tee,3,1810,960,0,Card,No
703102,2024-08-13,C102170,Karachi,Store,T-Shirts,Polo Shirt,3,2340,1320,0,COD,No
704600,2024-07-14,C100036,Lahore,Online,Kurtas,Cotton Kurta,1,1990,1160,0,COD,No
705077,2025-05-30,C100881,Islamabad,Online,Shoes,Boots,1,6510,3680,15,Card,No
702515,2024-08-22,C100824,Multan,Online,Dresses,Wrap Dress,1,4270,2510,0,Wallet,No
700477,2025-06-07,C101836,Lahore,Online,Jeans,Ripped Jeans,1,3660,2160,10,COD,No
704343,2023-10-13,C100848,Lahore,Online,Shoes,Sneakers,2,4420,2140,0,Bank Transfer,No
701586,2023-12-17,C101393,Lahore,Online,Jackets,Bomber Jacket,1,5140,2540,20,Card,No
700535,2025-01-19,C101190,Karachi,Store,Accessories,Tote Bag,1,1680,1080,0,Wallet,No
703696,2025-04-01,C100005,Sialkot,Online,Kurtas,Festive Kurta,1,4310,2070,0,Card,No
700077,2023-11-13,C101868,Islamabad,Online,T-Shirts,Polo Shirt,1,2230,1340,15,Card,Yes
703464,2023-09-29,C101058,Islamabad,Online,Shoes,Boots,2,6950,3290,0,Wallet,No
702513,2023-10-21,C100433,MULTAN,Store,Jeans,Slim Fit Jeans,1,3570,2040,0,COD,No
702586,2024-12-18,C101389,Lahore,Online,Jeans,Ripped Jeans,3,3620,1990,30,COD,No
700339,2024-02-09,C100569,Islamabad,Online,Accessories,Tote Bag,1,1540,920,10,Bank Transfer,No
700165,2024-12-03,C101320,Karachi,Online,Kurtas,Printed Kurta,1,2380,1290,10,Card,No
701776,2024-02-29,C100768,Lahore,Online,Jackets,Puffer Jacket,3,6690,4180,0,Card,No
701654,2023-07-03,C101757,Sialkot,Online,Dresses,Maxi Dress,2,4480,2250,0,COD,No
704722,2023-08-21,C101128,Rawalpindi,Store,T-Shirts,Classic Cotton Tee,1,1270,660,15,COD,Yes
701024,2024-12-21,C100455,Lahore,Online,T-Shirts,Classic Cotton Tee,2,1190,650,10,Wallet,No
702401,2024-08-09,C101271,Karachi,Online,T-Shirts,Polo Shirt,1,2110,1140,10,COD,No
705032,2023-09-26,C102018,Islamabad,Store,Dresses,Bodycon Dress,1,3770,2120,15,COD,No
700409,2024-11-30,C100870,Faisalabad,Store,Jackets,Hooded Jacket,1,4670,2670,20,Card,No
701227,2024-06-24,C100249,Karachi,Online,Jeans,Slim Fit Jeans,1,3400,2140,0,Card,No
702334,2024-11-28,C101002,Lahore,Store,Jeans,Straight Leg Jeans,1,3160,1430,15,Card,No
702015,2025-01-11,C100739,Karachi,Online,Jackets,Hooded Jacket,1,4710,2610,0,Bank Transfer,No
701094,2024-05-28,C101179,Lahore,Online,Jeans,High-Waist Jeans,3,4360,2300,10,Bank Transfer,No
702109,2023-08-04,C100161,Peshawar,Store,Dresses,Wrap Dress,2,4280,2530,0,Card,No
704416,2024-08-21,C101742,Lahore,Online,T-Shirts,Polo Shirt,2,2090,1320,0,Card,No
702084,2024-09-21,C100312,Lahore,Online,Jeans,Ripped Jeans,3,3960,2450,10,Wallet,No
703779,2024-01-25,C100521,Karachi,Online,Accessories,Tote Bag,2,1680,780,0,COD,No
705066,2025-06-03,C102172,Islamabad,Online,Accessories,Baseball Cap,2,960,610,0,Card,No
704441,2023-11-10,C100411,Rawalpindi,Store,Kurtas,Festive Kurta,1,4240,2000,0,Card,No
700456,2023-12-16,C101463,Karachi,Online,Kurtas,Festive Kurta,1,4090,2440,15,COD,No
703668,2025-05-31,C101810,Lahore,Store,T-Shirts,Classic Cotton Tee,1,1220,760,15,Card,No
700278,2024-12-30,C101817,Karachi,Store,Shoes,Sandals,2,2830,1830,25,COD,No
700646,2023-08-30,C101176,Karachi,Online,T-Shirts,Classic Cotton Tee,2,1220,680,0,COD,No
704997,2024-08-13,C101513,Faisalabad,Store,Jeans,Ripped Jeans,1,3780,2290,0,Card,No
700088,2024-07-09,C100513,Karachi,Store,Dresses,Bodycon Dress,1,3970,2550,0,Card,No
703648,2025-04-25,C101906,Karachi,Online,Shoes,Boots,1,6890,4290,0,COD,Yes
703599,2025-04-03,C102048,Lahore,Online,Jackets,Hooded Jacket,3,4570,2850,0,Wallet,No
703078,2024-05-28,C100588,Lahore,Online,Accessories,Sunglasses,1,2240,1200,20,COD,No
701551,2024-05-17,C102134,Islamabad,Store,Dresses,Wrap Dress,1,3830,1900,20,Card,No
703796,2023-07-22,C100053,Rawalpindi,Online,T-Shirts,Graphic Print Tee,1,1560,1000,0,Card,No
702287,2023-09-20,C100468,Lahore,Online,Accessories,Leather Belt,1,1200,730,0,COD,No
703172,2025-03-14,C101114,Sialkot,Store,Jackets,Denim Jacket,2,5410,3040,0,Bank Transfer,No
701676,2024-08-23,C101624,Karachi,Online,Kurtas,Festive Kurta,1,4400,2460,10,Bank Transfer,No
704382,2025-02-27,C101684,Lahore,Online,Dresses,Maxi Dress,3,4300,2440,0,Card,Yes
703885,2025-01-23,C101525,Lahore,Online,Shoes,Loafers,2,5280,3110,0,COD,Yes
704480,2023-10-04,C100906,Karachi,Online,Accessories,Tote Bag,3,1640,900,15,Card,No
700568,2024-08-21,C101761,Lahore,Store,T-Shirts,Oversized Tee,2,1760,1070,0,COD,No
701282,2023-10-16,C101073,Peshawar,Online,Jackets,Denim Jacket,3,5340,2970,0,COD,No
702230,2025-02-02,C100877,Karachi,Online,Kurtas,Festive Kurta,1,4280,1990,0,Card,No
700506,2023-09-25,C101074,Multan,Online,dresses,Bodycon Dress,1,3830,2060,0,Card,Yes
702383,2024-07-30,C100787,karachi,Online,Dresses,Maxi Dress,1,4800,2190,0,Card,No
703480,2024-01-04,C101252,Lahore,Online,Shoes,Sneakers,2,4700,2240,15,Card,No
703275,2024-05-20,C100321,Karachi,Online,T-Shirts,Graphic Print Tee,1,1540,820,15,Bank Transfer,No
703400,2023-12-13,C100190,Peshawar,Online,Jeans,Straight Leg Jeans,1,3300,1730,30,Bank Transfer,No
702995,2023-12-24,C101797,Karachi,Online,Dresses,Bodycon Dress,1,4080,1920,0,Card,No
702663,2024-02-17,C101048,Multan,Online,Jackets,Denim Jacket,3,5870,3170,10,Card,No
704808,2023-11-30,C100560,Lahore,Online,T-Shirts,Classic Cotton Tee,3,1160,600,20,Card,No
700671,2024-10-16,C100633,Karachi,Store,T-Shirts,Graphic Print Tee,3,1480,780,0,Card,No
702323,2023-07-30,C100969,Lahore,Online,shoes,Loafers,2,5240,3140,0,COD,No
700586,2024-09-19,C100198,Lahore,Online,Dresses,Summer Floral Dress,2,3330,1800,0,COD,No
701560,2024-07-12,C100381,Peshawar,Store,Dresses,Wrap Dress,2,4240,2430,0,COD,No
700803,2024-06-17,C100166,Multan,Online,Kurtas,Printed Kurta,1,2350,1410,0,COD,No
700450,2024-10-12,C100650,Karachi,Store,Dresses,Maxi Dress,1,4710,2850,0,Card,No
700644,2024-05-15,C101916,Rawalpindi,Store,Accessories,Baseball Cap,1,890,520,20,COD,No
704810,2024-07-12,C100689,Islamabad,Online,Dresses,Maxi Dress,2,4560,2400,0,Card,No
703546,2025-06-21,C101634,Sialkot,Online,T-Shirts,Classic Cotton Tee,1,1240,610,15,COD,No
702007,2024-01-03,C102091,Multan,Online,Jackets,Puffer Jacket,3,6710,3490,10,Card,No
702409,2024-12-12,C100879,Islamabad,Online,Jeans,High-Waist Jeans,2,4380,2040,25,Card,Yes
700013,2025-04-08,C100748,Faisalabad,Store,Shoes,Sandals,1,2810,1550,0,Card,No
702077,2023-12-14,C100435,Lahore,Online,Jackets,Puffer Jacket,1,6990,3230,15,Card,No
702505,2023-08-15,C101009,Karachi,Online,T-Shirts,Oversized Tee,2,1770,990,0,COD,No
702924,2024-03-03,C101717,Islamabad,Store,Jeans,Straight Leg Jeans,2,3120,1860,0,COD,No
701631,2023-12-21,C101823,Islamabad,Online,Jeans,High-Waist Jeans,1,4520,2430,25,Wallet,No
701910,2024-10-29,C101378,Islamabad,Online,Accessories,Sunglasses,1,2160,1220,0,Card,No
700061,2023-08-17,C101492,Rawalpindi,Online,Jeans,High-Waist Jeans,1,4390,2720,0,COD,No
700815,2025-01-11,C100773,Multan,Store,Dresses,Maxi Dress,3,4760,2330,0,Bank Transfer,No
704107,2024-07-18,C100078,Islamabad,Online,T-Shirts,Graphic Print Tee,1,1490,700,0,Wallet,No
701934,2024-10-30,C100480,Karachi,Online,Dresses,Maxi Dress,2,4740,2490,0,Wallet,No
705093,2025-04-16,C100181,Peshawar,Online,T-Shirts,Graphic Print Tee,1,1510,810,20,Card,No
701535,2024-01-22,C100124,Lahore,Store,Jackets,Puffer Jacket,1,6590,3240,0,Wallet,No
703828,2025-02-11,C101178,Lahore,Store,Accessories,Tote Bag,1,1700,980,10,COD,No
702654,2025-03-27,C101922,Karachi,Online,Jackets,Hooded Jacket,3,4770,2790,10,Bank Transfer,No
703441,2023-10-08,C101830,Karachi,Online,Dresses,Bodycon Dress,1,3630,2100,0,COD,Yes
702280,2024-11-14,C101782,Karachi,Online,Dresses,Wrap Dress,1,4200,2450,0,Bank Transfer,No
705125,2024-09-11,C101968,Karachi,Online,Jackets,Bomber Jacket,1,5540,3580,0,Card,No
701981,2023-10-31,C100869,Lahore,Online,Dresses,Summer Floral Dress,2,3040,1410,10,COD,No
701072,2024-09-10,C101471,Lahore,Online,Jackets,Hooded Jacket,1,5100,2660,0,Wallet,No
703900,2024-01-12,C102167,Karachi,Store,Jackets,Puffer Jacket,3,6880,4100,0,COD,No
700419,2024-11-18,C100637,Rawalpindi,Store,Shoes,Boots,2,6630,3690,20,COD,No
701602,2024-05-06,C101916,Rawalpindi,Online,Jeans,Straight Leg Jeans,1,3410,1740,15,Card,No
705029,2023-08-25,C100531,Rawalpindi,Store,Dresses,Summer Floral Dress,1,3150,1940,0,Bank Transfer,No
704585,2024-08-12,C102116,Karachi,Online,Kurtas,Cotton Kurta,2,1820,1070,0,COD,No
702711,2024-12-02,C101480,Karachi,Online,Dresses,Wrap Dress,2,4280,2320,0,Wallet,No
704129,2023-09-18,C100626,Faisalabad,Store,Jeans,Slim Fit Jeans,1,3380,1990,15,COD,No
700902,2024-09-17,C100655,Karachi,Store,T-Shirts,Oversized Tee,1,1780,1140,10,COD,No
701646,2024-06-18,C101009,Karachi,Online,Dresses,Maxi Dress,1,4810,2390,0,Card,Yes
704253,2024-06-13,C100314,Karachi,Online,T-Shirts,Graphic Print Tee  ,1,1550,790,0,Bank Transfer,No
703036,2024-06-26,C100040,Karachi,Online,Accessories,Tote Bag,3,1730,780,0,Card,No
700775,2024-09-16,C101245,Karachi,Store,T-Shirts,Classic Cotton Tee,1,1210,780,0,COD,No
705065,2024-11-10,C100710,Sialkot,Store,jackets,Puffer Jacket,1,7140,3510,15,COD,No
701743,2023-10-22,C101591,Lahore,Online,Shoes,Boots,1,6370,3270,0,COD,No
701986,2023-10-07,C100616,Faisalabad,Online,Shoes,Sandals,1,2890,1740,0,COD,No
702073,2024-11-16,C102051,lahore,Store,Jackets,Hooded Jacket,3,5150,3020,10,COD,No
701982,2023-12-12,C102046,Karachi,Store,Accessories,Leather Belt,1,1220,700,15,COD,No
701997,2024-03-17,C100208,Lahore,Online,Accessories,Sunglasses,1,2150,1200,10,Card,Yes
703557,2025-05-12,C102141,Karachi,Store,Dresses,Wrap Dress,3,4280,2140,20,COD,No
702871,2024-05-11,C102018,Islamabad,Store,Kurtas,Embroidered Kurta,2,3000,1830,20,COD,No
703823,2024-12-24,C100596,Rawalpindi,Store,Shoes,Loafers,1,5240,2540,10,Card,No
704939,2023-07-24,C101202,Multan,Online,Dresses,Maxi Dress,2,4860,2590,15,COD,No
703958,2025-03-17,C100574,Multan,Store,Accessories,Leather Belt,1,1150,620,0,COD,No
704459,2023-10-10,C100975,Islamabad,Store,Jackets,Bomber Jacket,1,5080,2750,0,Bank Transfer,No
704000,2024-04-27,C101688,Islamabad,Online,Jeans,Slim Fit Jeans,3,3730,1680,20,COD,Yes
704377,2023-11-14,C100503,Islamabad,Store,Accessories,Leather Belt,2,1240,750,0,COD,No
702310,2024-03-25,C101083,Multan,Online,Accessories,Leather Belt,1,1210,680,10,Card,No
701771,2024-04-24,C101220,Lahore,Online,Kurtas,Embroidered Kurta,1,2740,1450,0,COD,No
700357,2023-07-06,C101598,Faisalabad,Store,Kurtas,Embroidered Kurta,3,2840,1470,0,COD,No
701845,2024-07-12,C101164,Lahore,Online,T-Shirts,Classic Cotton Tee,1,1160,710,0,Card,No
700454,2024-12-19,C101180,Faisalabad,Online,Jackets,Bomber Jacket,3,5300,3340,20,COD,No
700017,2024-04-15,C101321,Karachi,Online,Jeans,Straight Leg Jeans,2,3270,1490,15,Wallet,No
704599,2024-02-08,C100695,Islamabad,Online,T-Shirts,Graphic Print Tee,2,1580,900,0,Wallet,No
703091,2024-07-30,C101801,Islamabad,Store,Accessories,Leather Belt,2,1160,550,0,COD,No
704707,2025-05-31,C101350,Faisalabad,Online,Dresses,Summer Floral Dress,1,3320,1930,0,Card,Yes
704839,2024-12-08,C100053,Rawalpindi,Online,Dresses,Summer Floral Dress,1,3210,2010,0,COD,No
703170,2024-03-13,C100465,Rawalpindi,Store,Jackets,Puffer Jacket,1,6470,3600,15,COD,No
700812,2024-02-03,C100482,Islamabad,Store,Kurtas,Embroidered Kurta,1,3000,1590,15,Wallet,No
700139,2023-10-04,C100409,Sialkot,Online,Accessories,Baseball Cap,2,870,450,0,COD,No
702465,2025-04-27,C100746,Karachi,Online,Accessories,Baseball Cap,1,910,470,10,COD,No
701998,2023-09-30,C100455,Lahore,Online,T-Shirts,Polo Shirt,3,2260,1390,15,COD,No
700610,2025-04-11,C100329,Karachi,Online,T-Shirts,Graphic Print Tee,2,1460,710,0,Card,No
702852,2025-03-26,C100594,Lahore,Online,Shoes,Loafers,1,4950,3130,0,COD,No
704123,2024-02-26,C100152,Lahore,Online,Accessories,Baseball Cap,2,950,560,0,COD,No
702819,2023-10-09,C100507,Multan,Online,Dresses,Bodycon Dress,2,4010,1950,0,Card,No
704455,2024-04-22,C101615,Lahore,Online,Kurtas,Printed Kurta,1,2380,1520,10,Card,No
701473,2023-10-29,C100582,Lahore,Store,Accessories,Baseball Cap,1,950,460,0,Card,No
703212,2024-11-09,C101197,Rawalpindi,Online,Jackets,Puffer Jacket,1,6930,4060,0,COD,Yes
704753,2024-03-28,C101884,Karachi,Online,Jeans,Ripped Jeans,2,3900,2420,0,COD,No
701805,2024-08-26,C101123,Lahore,Online,Kurtas,Cotton Kurta,2,1970,1160,0,Card,No
701129,2023-08-12,C101805,Rawalpindi,Online,Accessories,Sunglasses,1,2100,990,0,COD,No
704001,2025-04-02,C100413,Peshawar,Online,DRESSES,Maxi Dress,1,4700,2340,0,COD,No
704503,2024-10-09,C101167,Islamabad,Online,T-Shirts,Oversized Tee,2,1830,1090,0,COD,No
703903,2024-02-02,C100164,Islamabad,Online,Dresses,Maxi Dress,1,4460,2730,0,Card,Yes
700144,2024-04-13,C100445,Rawalpindi,Online,Accessories,Tote Bag,3,1590,990,15,Card,No
703128,2023-08-30,C102190,Lahore,Store,Kurtas,Printed Kurta,2,2460,1410,10,COD,No
703224,2023-08-16,C101027,Karachi,Online,JEANS,High-Waist Jeans,1,4340,2360,0,COD,No
702598,2024-01-19,C100412,Lahore,Store,Accessories,Leather Belt,3,1210,770,15,Card,Yes
700591,2025-04-24,C101758,Peshawar,Store,Accessories,Baseball Cap,1,900,560,20,COD,No
701425,2025-06-05,C102014,Karachi,Online,Dresses,Wrap Dress,3,4320,2510,10,Card,No
704978,2024-02-08,C102000,Multan,Online,Jackets,Hooded Jacket,1,5090,3160,0,Card,No
700738,2024-07-05,C101853,Faisalabad,Store,Kurtas,Printed Kurta,1,2470,1130,0,COD,No
703068,2024-08-10,C102011,Karachi,Online,Kurtas,Embroidered Kurta,3,2890,1450,15,Card,No
702437,2025-04-02,C100879,Islamabad,Store,Dresses,Summer Floral Dress,1,3440,1720,10,Card,No
701486,2023-10-28,C101307,Rawalpindi,Online,Dresses,Wrap Dress,1,3910,1810,0,COD,Yes
702020,2024-01-26,C101139,Rawalpindi,Store,T-Shirts,Polo Shirt,1,2160,980,0,COD,No
700844,2025-06-06,C102055,Karachi,Online,Dresses,Wrap Dress,1,3850,2390,0,Wallet,No
704349,2023-11-27,C101112,Islamabad,Store,Kurtas,Embroidered Kurta,1,2810,1330,25,Wallet,No
702978,2024-06-20,C101653,Lahore,Online,Dresses,Bodycon Dress,3,3960,1910,0,COD,No
702589,2025-05-10,C101717,Islamabad,Store,Accessories,Tote Bag,1,1550,780,20,Bank Transfer,No
702859,2024-10-09,C100498,Karachi,Store,Jeans,Ripped Jeans,1,3900,2210,0,Card,No
703798,2025-06-28,C101930,Rawalpindi,Online,Dresses,Wrap Dress,3,3910,2210,0,Wallet,Yes
700838,2024-03-26,C100246,Islamabad,Online,Jackets,Denim Jacket,2,5390,3470,0,Card,Yes
703316,2024-12-15,C100879,Islamabad,Store,Kurtas,Festive Kurta,2,4370,2630,0,COD,No
704702,2025-02-20,C101339,Karachi,Store,Shoes,Boots,1,6900,3210,0,COD,No
702905,2024-05-27,C101482,Islamabad,Store,T-Shirts,Oversized Tee,1,1880,950,0,Card,No
705153,2025-05-12,C101662,Faisalabad,Online,Dresses,Summer Floral Dress,2,3260,2100,15,COD,No
704470,2024-06-26,C101690,Faisalabad,Online,Accessories,Leather Belt  ,1,1280,620,10,Card,No
703639,2023-07-24,C100772,Islamabad,Online,T-Shirts,Oversized Tee,2,1820,880,0,Wallet,No
704584,2024-01-19,C101693,,Online,Jackets,Hooded Jacket,1,4740,3060,0,Card,No
700567,2023-12-31,C100033,Karachi,Online,Jeans,High-Waist Jeans,1,4240,2070,15,Card,No
701195,2023-09-13,C100498,Karachi,Online,Shoes,Loafers,1,5060,2320,0,COD,No
702446,2023-10-07,C101875,Faisalabad,Store,Jackets,Denim Jacket,1,5810,3330,0,Card,No
704119,2024-06-12,C101663,Lahore,Store,Shoes,Boots,3,6970,4050,0,Wallet,No
701609,2025-05-30,C100490,,Online,Shoes,Boots,1,6930,3330,0,Card,Yes
704908,2023-09-17,C101496,Multan,Store,Shoes,Sandals,3,2730,1430,0,Card,No
701903,2024-02-03,C100634,Lahore,Store,T-Shirts,Polo Shirt,1,2330,1140,0,COD,No
705188,2024-01-23,C101446,Peshawar,Online,Jackets,Hooded Jacket,1,5120,2700,10,Card,No
705112,2024-01-27,C101833,Lahore,Store,Shoes,Sneakers,1,4480,2760,0,Card,No
702537,2024-10-01,C100252,Karachi,Online,Jeans,Slim Fit Jeans,2,3690,2060,10,Card,No
703871,2023-08-06,C101488,Peshawar,Online,Dresses,Maxi Dress,1,4550,2320,0,Card,No
701444,2025-01-15,C101179,Lahore,Store,Shoes,Sneakers,0,4740,2700,0,COD,No
701092,2024-06-23,C102042,Islamabad,Store,T-Shirts,Classic Cotton Tee,1,1280,630,0,Wallet,No
700863,2023-09-28,C100934,Faisalabad,Online,Shoes,Loafers,1,5240,2400,0,Wallet,No
702388,2023-09-29,C100697,Islamabad,Online,T-Shirts,Graphic Print Tee,1,1520,710,0,Bank Transfer,No
701120,2025-01-10,C100941,Multan,Store,Accessories,Leather Belt,1,1250,610,0,Card,No
702335,2024-01-20,C100259,Islamabad,Store,Kurtas,Embroidered Kurta,2,2890,1570,0,Wallet,No
700017,2024-04-15,C101321,Karachi,Online,Jackets,Bomber Jacket,3,5340,2460,0,Wallet,Yes
704414,2023-10-28,C100179,Faisalabad,Online,Kurtas,Embroidered Kurta,1,2680,1210,0,Wallet,No
703976,2023-10-04,C101259,Sialkot,Online,Jeans,Ripped Jeans,1,3920,2290,0,Card,No
702183,2023-09-27,C100198,Lahore,Online,T-Shirts,Oversized Tee,1,1760,870,0,Card,No
704151,2024-10-13,C101462,Lahore,Store,Kurtas,Embroidered Kurta,1,2890,1400,15,COD,No
701815,2025-02-16,C100016,Islamabad,Online,Kurtas,Cotton Kurta,1,1830,1010,0,Card,No
704075,2023-10-14,C101217,Islamabad,Online,Shoes,Boots,2,6600,3770,0,Card,Yes
703648,2025-04-25,C101906,Karachi,Online,T-Shirts,Classic Cotton Tee,3,1260,660,20,COD,No
703192,2024-07-17,C100383,Karachi,Online,Dresses,Wrap Dress,3,3990,2010,15,Card,No
702107,2024-12-12,C102064,Karachi,Online,Dresses,Summer Floral Dress,1,3180,2060,20,Card,No
700737,2024-03-26,C101115,Lahore,Store,Kurtas,Cotton Kurta,1,1820,880,15,COD,No
702327,2023-10-18,C100738,Karachi,Store,Jeans,High-Waist Jeans,1,4100,2050,10,COD,No
701789,2024-03-07,C102127,Karachi,Online,Shoes,Sandals,1,2760,1390,0,COD,No
702674,2024-05-08,C100094,Karachi,Online,T-Shirts,Graphic Print Tee,2,1520,800,10,Card,No
700063,2024-01-02,C101832,Karachi,Online,Jeans,Slim Fit Jeans,1,3690,2230,0,COD,No
700663,2024-06-26,C100997,Lahore,Store,T-Shirts,Polo Shirt,1,2130,1270,0,COD,No
701248,2024-12-31,C102051,Lahore,Online,Jackets,Hooded Jacket,1,5040,2810,0,COD,No
702375,2024-11-21,C100565,Rawalpindi,Store,Accessories,Tote Bag,3,1620,880,15,COD,No
704587,2023-08-15,C101915,Lahore,Online,Dresses,Wrap Dress,1,4160,2340,0,Card,Yes
702441,2024-01-06,C101038,Karachi,Online,Kurtas,Cotton Kurta,2,1860,1130,0,Wallet,No
704454,2024-12-05,C101224,Lahore,Online,Shoes,Sandals,2,2760,1640,20,COD,Yes
704819,2024-11-17,C101369,Karachi,Store,T-Shirts,Classic Cotton Tee,1,1210,630,15,COD,No
703996,2025-03-15,C102112,Lahore,Store,Dresses,Wrap Dress,1,3910,2380,0,Card,No
701257,2025-01-25,C100386,Rawalpindi,Online,Accessories,Baseball Cap,2,960,440,10,Card,No
705043,2024-12-11,C100587,Karachi,Online,Kurtas,Printed Kurta,1,2510,1430,0,Card,No
702163,2023-08-12,C100603,Rawalpindi,Online,T-Shirts,Graphic Print Tee,2,1480,910,0,COD,No
701479,2024-03-19,C101786,Karachi,Online,Dresses,Wrap Dress,2,4250,2190,0,COD,No
700630,2023-09-03,C101501,Sialkot,Online,Jeans,Ripped Jeans,1,4080,1910,15,Wallet,No
702478,2024-12-10,C101800,Islamabad,Store,Accessories,Tote Bag,1,1540,840,10,Wallet,Yes
705193,2023-07-24,C102050,Sialkot,Online,Kurtas,Festive Kurta,1,4160,1880,15,Card,No
700841,2023-08-04,C100924,Lahore,Online,Shoes,Boots,1,6560,3090,0,Card,No
703108,2024-04-11,C100302,Islamabad,Store,Kurtas,Cotton Kurta,2,1830,1080,0,COD,Yes
702610,2024-11-20,C100713,Peshawar,Online,Jeans,High-Waist Jeans,1,4490,2210,15,Card,Yes
701858,2023-08-30,C101032,Islamabad,Online,Shoes,Boots,2,6490,3460,10,COD,No
704527,2025-06-30,C100539,Multan,Online,Kurtas,Cotton Kurta,1,1850,1190,0,COD,No
705044,2024-12-16,C100540,Sialkot,Store,Dresses,Wrap Dress,1,4140,2520,10,COD,No
701757,2023-07-13,C101043,Rawalpindi,Store,T-Shirts,Oversized Tee,1,1780,1120,15,Card,No
700648,2023-11-11,C101288,Karachi,Online,Dresses,Bodycon Dress,1,3850,1740,30,COD,No
702324,2023-07-13,C101107,Karachi,Online,Kurtas,Festive Kurta,1,4310,2250,0,Wallet,No
701076,2024-06-25,C100258,Lahore,Online,Dresses,Wrap Dress,1,4110,2350,0,COD,No
705195,2025-03-26,C100330,Faisalabad,Online,Jackets,Puffer Jacket,1,6630,3540,0,COD,No
700234,2023-12-12,C100860,Faisalabad,Online,Kurtas,Printed Kurta,2,2360,1400,0,Card,No
704882,2024-09-01,C100093,,Store,Shoes,Sandals,1,2750,1290,0,COD,Yes
701163,2023-07-22,C101517,Sialkot,Store,Accessories,Sunglasses,1,2220,1420,0,Bank Transfer,No
704023,2024-08-07,C101251,Lahore,Online,Shoes,Sneakers,1,4780,2530,15,Card,Yes
703908,2025-06-04,C100158,Rawalpindi,Online,T-Shirts,Polo Shirt,3,2190,1180,0,Bank Transfer,No
701655,2024-06-20,C100823,Rawalpindi,Online,Kurtas,Festive Kurta,1,4040,2430,0,COD,No
700396,2024-02-10,C101140,Karachi,Online,Shoes,Loafers,2,5210,3320,0,Card,No
702611,2024-05-05,C100652,Rawalpindi,Online,Jackets,Denim Jacket,2,5810,3510,0,Bank Transfer,No
704558,2024-11-21,C101650,Karachi,Online,Jeans,Straight Leg Jeans,1,3200,1560,30,COD,Yes
700818,2024-08-07,C100956,Faisalabad,Store,Dresses,Wrap Dress,3,3940,2340,15,COD,No
703396,2023-12-08,C101722,Rawalpindi,Online,Accessories,Baseball Cap,1,940,610,20,Wallet,No
704403,2023-10-06,C100388,Lahore,Store,Shoes,Sandals,2,2830,1430,0,Bank Transfer,No
702583,2024-11-12,C100179,Faisalabad,Online,T-Shirts,Classic Cotton Tee,1,1240,660,15,COD,No
702999,2024-01-08,C100888,Lahore,Online,Jackets,Bomber Jacket,1,5040,2760,15,Card,No
702467,2023-12-28,C101759,Peshawar,Online,Jackets,Bomber Jacket,1,5420,2950,0,Bank Transfer,No
703001,2023-07-17,C100676,Peshawar,Online,Dresses,Wrap Dress,3,3950,2570,0,Wallet,No
704641,2024-06-02,C100560,Lahore,Store,Jeans,Slim Fit Jeans,2,3750,1970,0,COD,No
703854,2024-07-19,C101982,Multan,Store,Shoes,Loafers,2,5400,2620,0,COD,No
703378,2025-03-25,C101500,Rawalpindi,Store,Dresses,Summer Floral Dress,1,3210,2040,0,COD,No
702596,2025-06-26,C101754,Karachi,Store,Accessories,Baseball Cap,1,860,450,0,Wallet,No
700088,2024-07-09,C100513,Karachi,Store,Kurtas,Printed Kurta,1,2360,1510,0,Card,No
703747,2024-06-05,C102118,Lahore,Store,T-Shirts,Oversized Tee,1,1780,1130,0,Card,No
702949,2024-04-17,C101212,Islamabad,Online,Kurtas,Festive Kurta,3,4250,1940,0,Card,No
704510,2025-05-03,C101117,Faisalabad,Online,Accessories,Leather Belt,1,1170,640,20,COD,No
704213,2024-06-23,C100835,Islamabad,Online,Jeans,High-Waist Jeans,1,4150,2400,0,Card,No
704047,2025-05-08,C100739,Karachi,Online,Dresses,Wrap Dress,1,3990,2280,0,Wallet,No
702036,2024-05-18,C100334,Lahore,Store,Shoes,Sandals,1,2720,1350,10,Bank Transfer,No
705061,2024-01-26,C101836,Lahore,Store,Accessories,Sunglasses,2,2090,1220,0,Card,No
702772,2024-09-09,C100630,Peshawar,Online,Dresses,Maxi Dress,2,4340,2080,10,Card,Yes
701866,2024-01-19,C100881,,Store,Accessories,Leather Belt,2,1200,670,0,Wallet,No
702934,2023-11-05,C100708,Karachi,Store,Jackets,Bomber Jacket,1,4980,2700,20,Bank Transfer,No
702800,2023-07-30,C101962,Islamabad,Online,Jeans,Straight Leg Jeans,1,3110,1810,0,Card,No
702724,2024-03-20,C101984,Islamabad,Online,Kurtas,Embroidered Kurta,2,2840,1700,0,COD,No
705066,2025-06-03,C102172,Islamabad,Online,Dresses,Maxi Dress,3,4400,2580,0,Card,No
700186,2025-06-15,C100091,Rawalpindi,Online,Shoes,Loafers,1,5310,3000,0,COD,Yes
703417,2024-05-21,C101840,Lahore,Online,Jeans,High-Waist Jeans,1,4450,2410,0,COD,No
704190,2023-11-07,C100999,Karachi,Store,Kurtas,Cotton Kurta,1,1860,910,25,COD,No
703612,2025-02-08,C101093,Lahore,Online,Kurtas,Embroidered Kurta,1,2860,1660,0,Card,No
703039,2024-08-03,C101511,Lahore,Online,Shoes,Sneakers,3,4430,2560,10,Bank Transfer,No
700770,2024-05-16,C101246,Islamabad,Store,Accessories,Leather Belt,1,1220,550,10,Card,No
703371,2024-01-13,C101652,Lahore,Online,jackets,Hooded Jacket,2,4890,2210,0,COD,No
701474,2024-07-11,C101480,Karachi,Online,Accessories,Baseball Cap,1,970,540,15,Card,No
703760,2024-01-19,C101915,lahore,Store,Kurtas,Festive Kurta,1,4370,2080,0,Card,No
703649,2023-12-16,C100212,Lahore,Online,Jackets,Denim Jacket,3,5530,3060,25,COD,No
701549,2025-01-29,C100597,Islamabad,Store,Kurtas,Printed Kurta,1,2320,1170,0,Card,No
703537,2023-08-23,C101232,Lahore,Online,Shoes,Loafers,1,4970,2610,0,Bank Transfer,No
701896,2024-03-12,C101946,Lahore,Online,Accessories,Tote Bag,2,1580,840,0,Card,No
702106,2025-03-30,C100213,Faisalabad,Store,Accessories,Baseball Cap,2,910,440,0,COD,No
702615,2023-12-21,C100328,Islamabad,Online,Jackets,Puffer Jacket,2,6770,3100,10,COD,Yes
701432,2024-02-09,C101390,Peshawar,Store,Jeans,Straight Leg Jeans  ,3,3160,1850,0,COD,Yes
701547,2024-03-20,C101369,Karachi,Online,t-shirts,Polo Shirt,2,2100,1080,0,Wallet,No
701878,2025-02-12,C101551,Karachi,Online,Shoes,Boots,2,6920,4400,0,COD,Yes
703869,2024-12-11,C101705,Sialkot,Store,DRESSES,Maxi Dress,1,4750,2950,20,COD,No
704531,2024-07-31,C100301,Lahore,Store,Dresses,Wrap Dress,3,4190,2240,10,COD,No
700677,2024-08-19,C102062,Islamabad,Store,t-shirts,Classic Cotton Tee,1,1150,740,10,COD,No
703053,2024-02-24,C101796,Islamabad,Online,Kurtas,Festive Kurta,1,4510,2900,0,COD,No
703751,2024-11-04,C101039,Lahore,Online,T-Shirts,Classic Cotton Tee,3,1280,820,25,Bank Transfer,No
702246,2025-03-29,C101105,Faisalabad,Online,Kurtas,Embroidered Kurta,1,2770,1350,15,Bank Transfer,No
700261,2025-06-10,C101111,Karachi,Online,Shoes,Loafers,2,5380,2710,0,,Yes
704477,2024-02-20,C101525,Lahore,Online,Jeans,Straight Leg Jeans,1,3290,1800,0,COD,No
700606,2024-01-19,C101305,Peshawar,Online,Shoes,Loafers,1,5390,3120,10,COD,No
705029,2023-08-25,C100531,Rawalpindi,Store,Accessories,Baseball Cap,2,900,480,0,Bank Transfer,No
701059,2024-03-18,C101426,Lahore,Online,Dresses,Bodycon Dress,3,3880,2170,10,Card,No
704684,2025-06-20,C101047,Faisalabad,Online,Dresses,Maxi Dress,3,4640,2230,0,Card,No
702751,2025-06-16,C100376,Peshawar,Store,Dresses,Maxi Dress,2,4380,2660,0,Card,No
702141,2023-08-01,C101312,Islamabad,Store,Accessories,Baseball Cap,1,860,450,0,COD,No
700159,2024-12-09,C102030,Lahore,Store,Dresses,Maxi Dress,2,4760,2710,20,COD,No
703208,2024-07-31,C101993,Lahore,Store,Dresses,Wrap Dress,1,4230,2450,0,COD,No
704332,2024-05-12,C101563,Peshawar,Online,T-Shirts,Oversized Tee,1,1770,880,0,Wallet,No
700366,2024-03-28,C100996,Islamabad,Online,Kurtas,Cotton Kurta,1,1910,1060,0,Card,No
704470,2024-06-26,C101690,Faisalabad,Online,Dresses,Wrap Dress,1,4270,2300,0,Card,No
704874,2024-07-22,C101340,Lahore,Online,Shoes,Loafers,3,5400,2800,10,COD,No
703589,2025-05-22,C102034,Lahore,Online,Kurtas,Embroidered Kurta,1,2880,1840,0,,No
703767,2023-07-05,C101860,Islamabad,Online,Accessories,Tote Bag,1,1600,840,10,Wallet,No
704517,2025-05-23,C101160,Lahore,Online,T-Shirts,Polo Shirt,1,2220,1080,15,COD,No
701912,2024-09-02,C101569,Karachi,Online,Shoes,Loafers,3,5580,2650,10,COD,No
700158,2024-01-15,C100804,Lahore,Online,Jackets,Hooded Jacket,2,4600,2340,0,COD,Yes
703330,2023-07-21,C100934,Faisalabad,Online,Dresses,Wrap Dress,1,3870,2440,0,Card,No
704750,2023-10-15,C102081,Lahore,Online,Accessories,Baseball Cap,2,880,420,0,Bank Transfer,No
704492,2025-04-04,C101850,Lahore,Online,Jackets,Hooded Jacket,1,5050,2960,15,Card,No
700326,2023-11-21,C100926,Lahore,Store,T-Shirts,Graphic Print Tee,1,1520,730,15,Card,No
703951,2024-07-23,C101702,Karachi,Store,Kurtas,Printed Kurta,1,2580,1610,15,COD,No
701470,2023-07-05,C102129,Lahore,Store,Jackets,Bomber Jacket,1,5180,2400,0,Card,No
703893,2023-10-10,C101714,Karachi,Online,Jeans,Ripped Jeans,3,3920,1770,0,Wallet,Yes
704735,2024-07-20,C100494,Faisalabad,Online,Shoes,Sandals,3,2730,1500,10,Card,No
702960,2025-04-05,C100729,Islamabad,Online,Shoes,Boots,2,6800,3800,0,COD,No
700380,2025-05-07,C101432,Lahore,Online,Shoes,Sandals  ,1,3020,1370,10,COD,No
703971,2024-05-31,C101438,Peshawar,Store,T-Shirts,Oversized Tee,1,1870,1100,0,Card,No
703870,2025-01-10,C101170,Karachi,Store,Jeans,Ripped Jeans,1,4100,2660,10,COD,No
704451,2025-02-25,C100775,Multan,Online,Kurtas,Cotton Kurta,2,1970,890,0,COD,No
703923,2024-01-12,C101226,KARACHI,Store,Jeans,Slim Fit Jeans,3,3390,1840,0,COD,Yes
702078,2023-07-31,C100644,Islamabad,Store,Accessories,Baseball Cap,1,920,520,0,Card,No
701672,2024-10-06,C101539,Karachi,Online,Tshirts,Polo Shirt,1,2090,1030,0,COD,No
703524,2024-07-26,C100845,Peshawar,Online,Jeans,Slim Fit Jeans,1,3490,2020,0,COD,No
700420,2023-11-18,C100544,Lahore,Online,Jeans,High-Waist Jeans,1,4040,1840,30,COD,Yes
701488,2024-04-03,C101865,Multan,Online,Dresses,Wrap Dress,1,4170,2490,10,COD,No
702316,2024-07-12,C100226,Lahore,Online,Dresses,Bodycon Dress,1,3850,2390,0,Card,Yes
703392,2023-11-07,C100631,Multan,Online,Kurtas,Embroidered Kurta,1,2920,1530,30,COD,No
704764,2025-01-31,C101302,Faisalabad,Online,T-Shirts,Graphic Print Tee,1,1460,950,0,Card,No
700918,2025-01-21,C100647,Islamabad,Store,Shoes,Boots,3,6980,3830,0,Wallet,No
704299,2023-08-27,C102183,Lahore,Online,Shoes,Sandals,3,2940,1650,0,COD,No
700588,2025-06-14,C101632,Rawalpindi,Online,Accessories,Leather Belt,2,1250,670,10,Wallet,No
701841,2024-11-03,C100414,Lahore,Store,Accessories,Baseball Cap,1,860,520,20,Wallet,No
701011,2024-09-13,C100034,Karachi,Online,Jackets,Denim Jacket,2,5600,3570,0,COD,No
702064,2025-06-28,C101587,Islamabad,Online,Shoes,Sandals,1,2850,1400,0,Card,No
700566,2024-12-09,C101979,Lahore,Store,Jackets,Denim Jacket,2,5280,2490,30,COD,No
700141,2024-08-02,C100294,Multan,Online,Dresses,Summer Floral Dress,1,3290,1550,0,Card,No
702508,2023-07-14,C100756,Karachi,Online,Kurtas,Printed Kurta,1,2330,1090,0,Card,No
700056,2024-03-14,C101745,Islamabad,Store,Dresses,Summer Floral Dress,1,3090,1560,15,COD,No
702720,2024-03-16,C102032,Karachi,Online,T-Shirts,Polo Shirt,1,2230,1370,0,Card,No
702726,2024-11-24,C101122,Multan,Online,Jackets,Bomber Jacket,3,5240,2470,20,Bank Transfer,No
702115,2025-06-01,C100473,,Store,DRESSES,Bodycon Dress,3,3900,2470,0,COD,No
704861,2024-04-07,C101188,Lahore,Online,Accessories,Tote Bag,1,1570,720,10,Card,No
700249,2023-09-14,C100133,Karachi,Online,Jackets,Bomber Jacket,1,5470,2730,10,Wallet,No
703197,2024-05-31,C100638,Faisalabad,Store,Shoes,Loafers,2,4990,2300,20,COD,No
700974,2024-02-06,C101993,,Online,Dresses,Bodycon Dress,1,3960,2100,0,Wallet,No
702415,2024-12-13,C101833,Lahore,Online,Jackets,Bomber Jacket,1,5400,2520,20,Bank Transfer,No
700262,2024-03-07,C100036,lahore,Online,Dresses,Bodycon Dress,1,3910,2140,0,Card,No
704112,2024-01-19,C101420,Rawalpindi,Online,Shoes,Sneakers,1,4310,2460,0,Wallet,No
702157,2024-06-22,C101769,Multan,Store,Accessories,Sunglasses,2,2260,1090,15,Card,No
702104,2023-12-20,C100956,Faisalabad,Store,Shoes,Sandals,2,2990,1570,20,COD,No
702348,2023-08-31,C100782,Karachi,Online,Accessories,Leather Belt,3,1280,750,0,Card,No
702581,2023-09-19,C101377,Multan,Online,Accessories,Tote Bag,3,1620,960,10,Card,No
702524,2023-09-22,C101742,Lahore,Store,jackets,Denim Jacket,1,5300,3260,15,Card,No
702983,2023-12-23,C101583,Karachi,Online,Jackets,Puffer Jacket,2,7130,4030,20,Card,No
702738,2024-04-25,C100632,Lahore,Store,Kurtas,Cotton Kurta,1,1860,1090,15,COD,No
704602,2024-10-19,C100077,Rawalpindi,Online,Accessories,Baseball Cap,1,920,440,10,COD,No
700253,2025-03-22,C101882,Karachi,Online,Shoes,Boots  ,1,6670,4320,0,COD,No
702769,2025-06-02,C100104,Faisalabad,Online,Kurtas,Festive Kurta,1,4530,2350,10,Card,No
703436,2024-02-27,C100652,Rawalpindi,Online,Jeans,Ripped Jeans,1,3700,1780,0,Card,No
701692,2024-07-21,C100053,Rawalpindi,Store,Jeans,Slim Fit Jeans,3,3640,1880,0,COD,No
700197,2023-10-23,C100201,Sialkot,Online,Accessories,Tote Bag,1,1680,860,0,COD,No
702904,2023-09-07,C101426,Lahore,Online,T-Shirts,Polo Shirt,2,2340,1240,0,COD,No
701492,2024-03-14,C100485,Karachi,Store,Shoes,Sneakers,1,4300,2790,0,Wallet,Yes
700122,2023-09-05,C102095,Karachi,Store,Dresses,Bodycon Dress,1,3870,2020,0,COD,No
702906,2025-02-18,C101508,Lahore,Online,Jackets,Puffer Jacket,3,6580,3160,0,Bank Transfer,Yes
700315,2024-09-11,C100140,Karachi,Online,Jeans,Ripped Jeans,1,3810,1800,0,Bank Transfer,No
702889,2024-11-09,C101999,Islamabad,Online,Jackets,Puffer Jacket,1,6820,4320,10,COD,No
703830,2023-12-31,C100974,Karachi,Store,Jackets,Hooded Jacket,3,4870,2810,30,COD,No
704420,2025-01-04,C100804,Lahore,Online,Accessories,Baseball Cap,3,930,520,0,Wallet,No
703516,2025-01-15,C100067,Karachi,Store,Accessories,Tote Bag,1,1670,940,0,Bank Transfer,No
701557,2023-10-11,C101990,Lahore,Online,Shoes,Loafers,1,5100,2440,0,Card,No
704138,2023-11-26,C101185,Multan,Store,Kurtas,Cotton Kurta,1,1880,900,0,Bank Transfer,Yes
702708,2023-09-06,C100558,,Online,Jeans,Slim Fit Jeans,2,3610,1710,0,Card,No
704773,2024-08-28,C101202,Multan,Online,Jeans,Straight Leg Jeans,1,3080,1520,10,Card,No
702689,2025-02-05,C101289,Islamabad,Online,Accessories,Leather Belt,1,1290,820,15,Card,No
704262,2025-04-13,C101934,Rawalpindi,Online,Shoes,Boots,1,6530,3380,0,COD,No
700211,2024-05-07,C101700,Peshawar,Online,Shoes,Sneakers,1,4860,3080,20,Wallet,No
704516,2024-10-02,C101835,Lahore,Online,Accessories,Leather Belt,2,1280,820,0,COD,No
703868,2024-01-27,C101577,Multan,Online,T-Shirts,Polo Shirt,1,2160,1200,0,COD,No
704155,2024-04-29,C100284,Islamabad,Online,Shoes,Boots,1,6940,4030,15,Card,Yes
700933,2024-01-28,C102064,Karachi,Store,Accessories,Leather Belt,1,1170,710,10,COD,No
702299,2025-03-11,C101304,Multan,Online,Dresses,Wrap Dress,3,4310,2320,0,Bank Transfer,No
703652,2024-06-28,C101797,Karachi,Online,Kurtas,Printed Kurta,1,2570,1190,10,Card,No
704090,2024-02-24,C101993,Lahore,Store,Shoes,Loafers,1,5330,3260,10,COD,No
703759,2023-08-08,C101400,,Online,T-Shirts,Oversized Tee,1,1850,890,15,COD,No
703989,2025-06-09,C102116,Karachi,Store,Kurtas,Embroidered Kurta,3,3000,1770,0,COD,No
704967,2023-12-15,C100658,Islamabad,Online,Shoes,Sandals,1,2840,1290,20,Card,No
700610,2025-04-11,C100329,Karachi,Online,Accessories,Leather Belt,1,1180,570,0,Card,No
704461,2024-10-21,C101926,,Online,T-Shirts,Graphic Print Tee,1,1460,800,0,COD,No
704033,2025-03-25,C101218,Rawalpindi,Store,Shoes,Sneakers,1,4420,2460,10,COD,No
702381,2024-04-11,C100529,Karachi,Store,T-Shirts,Classic Cotton Tee,2,1270,640,0,Bank Transfer,No
702700,2025-06-29,C101755,Islamabad,Online,T-Shirts,Classic Cotton Tee,1,1230,620,0,COD,No
703185,2025-04-24,C100138,Faisalabad,Store,T-Shirts,Polo Shirt,1,2330,1060,10,Card,No
702296,2025-02-22,C102193,Lahore,Store,Jackets,Hooded Jacket,1,4880,2280,0,Bank Transfer,No
703325,2023-07-06,C101721,LAHORE,Online,Kurtas,Cotton Kurta,1,1880,1170,10,COD,No
703190,2023-10-08,C100072,Multan,Online,Kurtas,Festive Kurta,1,4150,1890,10,Card,No
701164,2024-05-09,C100167,Faisalabad,Online,Dresses,Maxi Dress,1,4460,2100,0,Card,No
703661,2023-08-13,C100428,Lahore,Store,Jeans,Slim Fit Jeans,2,3350,1990,0,Card,Yes
704598,2024-11-12,C101075,Karachi,Online,Jackets,Denim Jacket,3,5810,3260,20,COD,No
700849,2023-07-17,C100067,Karachi,Store,Jeans,High-Waist Jeans,2,4380,2620,0,Card,No
701944,2024-05-10,C101224,Lahore,Online,Shoes,Loafers,2,5430,3310,10,COD,No
701794,2025-03-20,C101080,Lahore,Store,Kurtas,Festive Kurta,1,4320,2380,0,COD,No
703926,2024-08-23,C101455,Lahore,Store,T-Shirts,Oversized Tee,3,1790,1090,0,Wallet,No
702160,2025-05-17,C101369,Karachi,Online,Shoes,Sneakers,1,4650,2790,0,COD,No
705186,2023-10-14,C100593,Islamabad,Online,Kurtas,Embroidered Kurta,1,2820,1620,0,COD,No
704189,2025-01-24,C102046,Karachi,Store,T-Shirts,Polo Shirt,2,2280,1450,0,Card,No
705040,2024-08-28,C102028,Islamabad,Online,T-Shirts,Classic Cotton Tee,1,1260,620,0,COD,No
701253,2023-12-08,C100013,Multan,Store,Jeans,Straight Leg Jeans,2,3070,1780,20,COD,No
704196,2025-05-28,C101911,Lahore,Store,Shoes,Boots,2,6560,4110,20,Card,No
704384,2024-12-27,C101850,Lahore,Online,Jeans,Ripped Jeans,1,3690,1890,25,Wallet,No
703277,2024-06-13,C101881,Islamabad,Store,T-Shirts,Polo Shirt,1,2210,1380,10,Card,No
701230,2024-08-24,C102019,Karachi,Store,Kurtas,Cotton Kurta,1,1870,1140,0,Wallet,No
704394,2024-02-23,C100835,Islamabad,Store,Accessories,Tote Bag,1,1530,820,15,COD,No
703562,2024-06-14,C100461,Lahore,Online,Dresses,Bodycon Dress,2,3850,2130,15,COD,Yes
704653,2024-02-01,C100410,Rawalpindi,Online,Dresses,Bodycon Dress,2,3950,2240,10,COD,No
702169,2025-02-17,C100859,Islamabad,Online,Accessories,Sunglasses,1,2170,1100,15,COD,No
702255,2024-11-06,C102001,Karachi,Online,Shoes,Sandals,1,2770,1720,25,Wallet,No
701275,2025-05-28,C100252,Karachi,Online,Accessories,Tote Bag,3,1710,1100,0,,No
703451,2024-01-18,C100755,Lahore,Store,Dresses,Wrap Dress,1,4170,2500,0,Card,No
701094,2024-05-28,C101179,Lahore,Online,Jeans,Straight Leg Jeans,3,3420,1910,0,Bank Transfer,No
701594,2025-04-27,C101369,Karachi,Online,Accessories,Baseball Cap,2,860,410,20,Card,No
702982,2024-05-11,C100507,Multan,Store,T-Shirts,Classic Cotton Tee,2,1240,650,10,Wallet,No
702575,2024-05-02,C100468,Lahore,Online,Dresses,Maxi Dress,1,4310,2180,0,Card,No
701541,2024-10-20,C101591,Lahore,Online,Shoes,Sneakers,1,4660,2860,0,Card,Yes
705123,2023-07-11,C101539,Karachi,Store,Accessories,Leather Belt,1,1260,610,0,,No
702471,2023-10-14,C100169,Sialkot,Online,T-Shirts,Polo Shirt,2,2290,1310,0,Wallet,No
700767,2024-06-21,C100324,Multan,Online,Kurtas,Printed Kurta,2,2450,1270,0,COD,Yes
700373,2024-09-19,C100824,Multan,Store,Accessories,Sunglasses,1,2240,1060,0,COD,No
704063,2024-05-28,C101040,Lahore,Online,Kurtas,Printed Kurta,2,2350,1440,10,COD,No
700641,2025-03-02,C101673,lahore,Store,T-Shirts,Classic Cotton Tee,2,1160,590,15,COD,No
704964,2024-10-03,C101995,Faisalabad,Store,Jeans,High-Waist Jeans,2,4390,2450,15,Wallet,No
702861,2023-12-29,C100435,Lahore,Store,Accessories,Tote Bag,3,1610,1000,20,COD,No
701871,2023-12-08,C101607,Karachi,Online,Kurtas,Cotton Kurta,1,1830,1010,0,Card,No
701420,2024-11-09,C102038,Islamabad,Store,Jackets,Bomber Jacket,1,5530,3190,15,Wallet,No
703299,2024-02-18,C102094,Peshawar,Store,Dresses,Maxi Dress,1,4440,2540,0,Bank Transfer,No
703592,2023-12-09,C101063,Islamabad,Online,T-Shirts,Classic Cotton Tee,1,1260,660,20,COD,No
700187,2024-08-30,C100010,Karachi,Online,Kurtas,Printed Kurta,2,2300,1160,0,COD,No
702741,2025-05-27,C100631,Multan,Online,Shoes,Boots,3,6890,3940,15,Card,No
705021,2024-09-18,C101506,Faisalabad,Store,Accessories,Leather Belt,1,1200,670,0,COD,No
700453,2023-10-25,C101011,Islamabad,Online,Kurtas,Embroidered Kurta,1,2730,1280,0,Card,No
703086,2024-06-29,C101753,Faisalabad,Online,Dresses,Maxi Dress,2,4700,2370,0,COD,Yes
704337,2024-07-24,C101005,Karachi,Online,Dresses,Bodycon Dress,3,4100,1880,0,COD,No
701442,2024-09-04,C100659,Karachi,Online,Jeans,Ripped Jeans,1,3990,2370,15,COD,No
702311,2025-05-01,C101573,Multan,Online,Jeans,Slim Fit Jeans,3,3380,1530,20,Card,No
702507,2024-03-11,C100073,Lahore,Online,Kurtas,Festive Kurta,3,4180,2170,0,Wallet,No
701913,2024-03-15,C100795,Karachi,Store,T-Shirts,Polo Shirt,1,2350,1520,0,Wallet,No
704381,2023-12-24,C101531,Lahore,Online,Accessories,Baseball Cap,3,970,460,20,Card,No
701185,2024-04-10,C100773,Multan,Store,T-Shirts,Polo Shirt,1,2360,1460,10,Card,No
705162,2024-09-27,C102156,Lahore,Store,Accessories,Tote Bag,2,1560,1010,0,COD,No
704031,2025-06-19,C101421,Karachi,Store,JEANS,High-Waist Jeans,1,4470,2130,0,Card,Yes
701204,2024-05-16,C101969,Islamabad,Online,Dresses,Bodycon Dress,3,3800,2300,0,Bank Transfer,Yes
700343,2025-04-20,C101484,Islamabad,Online,Dresses,Summer Floral Dress,3,3200,1740,15,COD,Yes
700348,2025-06-26,C101612,Faisalabad,Store,Dresses,Wrap Dress,1,4030,2330,0,COD,No
702595,2024-12-16,C100023,Peshawar,Online,Jeans,High-Waist Jeans,1,4010,2080,0,COD,No
705106,2024-03-31,C100492,Rawalpindi,Online,Jackets,Denim Jacket,1,5660,3440,0,COD,No
701293,2024-02-20,C101782,Karachi,Store,Dresses,Bodycon Dress,1,3760,1770,0,COD,No
702737,2023-11-24,C101712,Sialkot,Store,Jackets,Puffer Jacket,2,6480,3920,30,COD,No
704923,2024-04-22,C100124,Lahore,Store,Kurtas,Festive Kurta,1,4100,2350,15,Card,No
700553,2024-03-24,C101715,Faisalabad,Store,Jackets,Hooded Jacket,1,4840,2990,0,Card,No
700583,2025-04-17,C100801,Karachi,Store,T-Shirts,Classic Cotton Tee,1,1240,620,10,COD,No
700783,2024-08-11,C100302,Islamabad,Online,T-Shirts,Classic Cotton Tee,1,1150,630,10,COD,No
703477,2023-09-20,C100469,Islamabad,Online,Shoes,Boots,1,6920,4290,0,Wallet,Yes
703220,2023-11-20,C100497,Islamabad,Store,Jeans,Slim Fit Jeans,1,3610,2040,10,Card,No
702025,2024-07-31,C100668,Karachi,Online,Kurtas,Embroidered Kurta,1,2920,1490,0,,No
703582,2024-11-24,C102072,Karachi,Store,Accessories,Leather Belt,3,1260,740,10,Card,No
702421,2024-04-15,C101457,Karachi,Online,Accessories,Leather Belt,1,1240,680,0,Card,No
701979,2024-11-16,C100811,Lahore,Online,Dresses,Wrap Dress,1,3920,1910,15,COD,No
704555,2025-01-02,C101251,Lahore,Store,Jackets,Denim Jacket,2,5570,3290,0,COD,No
701219,2025-02-02,C101823,ISLAMABAD,Online,Shoes,Loafers,1,5580,3240,0,COD,No
703304,2025-03-30,C100217,Lahore,Store,SHOES,Sandals,3,2740,1730,10,COD,No
702970,2024-06-07,C101512,Islamabad,Online,T-Shirts,Polo Shirt,1,2340,1350,0,Card,No
700469,2024-10-12,C100138,Faisalabad,Online,T-Shirts,Classic Cotton Tee,1,1170,670,0,COD,No
703341,2024-04-29,C100093,,Store,Kurtas,Cotton Kurta,1,1900,1080,0,COD,No
704966,2025-02-17,C100187,Lahore,Online,T-Shirts,Graphic Print Tee,2,1480,850,0,COD,No
704190,2023-11-07,C100999,Karachi,Store,Jackets,Bomber Jacket,3,5280,3090,10,COD,No
704013,2024-03-01,C101385,Lahore,Store,Kurtas,Cotton Kurta,1,1820,850,0,COD,No
700665,2024-11-22,C100976,Karachi,Online,T-Shirts,Oversized Tee,1,1930,1170,0,Card,No
702917,2024-10-04,C101096,Lahore,Store,Accessories,Leather Belt,1,1170,730,0,COD,No
702883,2025-01-27,C101500,Rawalpindi,Online,Jeans,Slim Fit Jeans,2,3520,2240,0,Card,No
701574,2025-05-20,C101227,Karachi,Store,T-Shirts,Classic Cotton Tee,1,1250,610,0,Bank Transfer,No
703491,2023-07-16,C101660,Lahore,Store,Jeans,High-Waist Jeans,2,4160,2050,0,Card,No
702963,2024-02-27,C101213,Karachi,Store,Dresses,Maxi Dress,1,4440,2380,0,Card,No
701069,2024-08-25,C100854,Lahore,Online,Kurtas,Festive Kurta,2,4110,2530,0,COD,No
701856,2024-11-13,C101511,,Online,Shoes,Sneakers,3,4310,2780,0,COD,No
701017,2025-05-09,C102008,Lahore,Store,Dresses,Bodycon Dress,2,3860,1940,0,COD,No
703767,2023-07-05,C101860,Islamabad,Online,Dresses,Maxi Dress,1,4300,2650,0,Wallet,No
702855,2023-08-31,C100738,Karachi,Online,Jackets,Puffer Jacket,2,6570,4240,0,Wallet,Yes
704289,2025-04-06,C100529,Karachi,Online,Accessories,Sunglasses,2,2360,1100,0,Wallet,No
702713,2024-02-15,C100794,Lahore,Online,Accessories,Leather Belt,1,1160,580,10,Wallet,No
703389,2023-10-25,C101496,Multan,Online,T-Shirts,Oversized Tee,3,1710,880,10,Card,No
702449,2025-03-20,C100381,Peshawar,Online,Jeans,Ripped Jeans,2,3890,2470,10,Card,No
700065,2025-06-04,C100986,Karachi,Store,Dresses,Wrap Dress,1,3990,2090,0,Card,No
703836,2025-05-02,C100556,Karachi,Store,Shoes,Boots,3,6770,3180,0,COD,No
700526,2023-08-31,C102062,Islamabad,Store,Shoes,Loafers,1,5570,3100,0,Card,No
700953,2024-02-19,C100858,Karachi,Store,Accessories,Tote Bag,1,1560,1000,0,Card,Yes
703567,2024-05-31,C100637,Rawalpindi,Online,T-Shirts,Oversized Tee,1,1780,990,0,Card,No
701918,2023-08-15,C101335,Multan,Store,Accessories,Sunglasses,1,2320,1430,0,Bank Transfer,No
701206,2024-11-05,C100051,Lahore,Online,Jackets,Bomber Jacket,1,5180,2650,15,Card,No
702922,2024-04-29,C101099,Lahore,Online,Shoes,Sneakers,1,4300,2060,15,Wallet,No
700066,2023-12-12,C100226,Lahore,Online,Dresses,Bodycon Dress,3,3820,2110,0,Card,No
702282,2024-08-24,C100644,Islamabad,Online,Dresses,Wrap Dress,1,4070,2550,10,Card,No
702303,2023-09-13,C100091,Rawalpindi,Online,Accessories,Leather Belt,1,1270,600,0,Bank Transfer,No
703050,2023-08-10,C101477,Sialkot,Store,Kurtas,Embroidered Kurta,3,2770,1460,0,Wallet,No
701325,2024-03-08,C100580,Karachi,Online,Accessories,Sunglasses,1,2090,940,15,Card,No
701145,2023-07-10,C100953,Lahore,Online,Jeans,High-Waist Jeans,3,4290,2130,0,COD,No
701154,2024-08-15,C101681,Multan,Store,Dresses,Maxi Dress,1,4750,3070,0,Wallet,No
700947,2024-12-19,C101527,Karachi,Store,Kurtas,Printed Kurta,1,2430,1280,30,Card,No
700429,2024-07-10,C100891,Sialkot,Online,Dresses,Bodycon Dress,1,4000,1830,0,,No
701780,2023-12-06,C101936,Karachi,Online,Jackets,Bomber Jacket,1,5190,2930,20,Card,No
704586,2025-04-24,C100340,,Online,T-Shirts,Graphic Print Tee,1,1540,840,0,COD,No
704427,2023-10-17,C101941,Karachi,Store,Jackets,Denim Jacket,1,5550,3360,0,Bank Transfer,No
700877,2024-06-19,C101299,Karachi,Online,T-Shirts,Polo Shirt,1,2310,1070,0,COD,No
700395,2024-01-07,C100496,Karachi,Online,Jeans,Slim Fit Jeans,2,3520,2130,0,Card,No
702731,2025-06-19,C102091,Multan,Online,Shoes,Sneakers,1,4400,2310,0,COD,No
701291,2023-08-23,C100251,Multan,Online,Accessories,Tote Bag,1,1570,730,0,Bank Transfer,No
702376,2024-06-26,C100543,Sialkot,Online,kurtas,Festive Kurta,1,4170,2660,10,Card,No
704503,2024-10-09,C101167,Islamabad,Online,Kurtas,Cotton Kurta,1,1830,840,0,COD,No
703386,2024-09-14,C101316,Islamabad,Online,T-Shirts,Classic Cotton Tee,3,1150,550,0,COD,No
700659,2024-05-09,C101533,Rawalpindi,Online,Dresses,Maxi Dress,1,4830,2480,0,COD,No
704745,2025-05-31,C100006,Faisalabad,Online,Jackets,Puffer Jacket,2,7250,4080,15,Card,No
703431,2025-06-10,C100414,Lahore,Online,Jackets,Denim Jacket,1,5440,3240,0,Card,Yes
701310,2025-05-08,C100302,,Online,Kurtas,Printed Kurta,1,2540,1430,0,Card,No
702331,2025-05-17,C100016,Islamabad,Online,Jeans,Ripped Jeans,1,3790,1970,10,Bank Transfer,No
704844,2023-09-04,C101517,Sialkot,Online,Kurtas,Printed Kurta,2,2310,1140,10,COD,No
703052,2023-11-20,C101191,Karachi,Online,Jeans,High-Waist Jeans,1,4470,2710,15,COD,No
701160,2023-08-26,C100098,Lahore,Online,Accessories,Baseball Cap,1,860,480,0,Bank Transfer,No
704942,2024-12-26,C100962,Lahore,Online,Accessories,Leather Belt,1,1220,630,15,COD,No
700963,2025-04-04,C100708,Karachi,Online,Jeans,Ripped Jeans,2,3860,2320,0,Card,No
700712,2024-08-12,C100906,Karachi,Online,Kurtas,Cotton Kurta,1,1890,1120,0,COD,No
704364,2024-08-06,C101554,Lahore,Store,Shoes,Loafers,2,5210,2920,0,Wallet,No
704263,2024-01-18,C100555,Lahore,Store,Jeans,Ripped Jeans,2,3730,2230,10,COD,No
700202,2023-10-29,C100234,Peshawar,Online,Jeans,Ripped Jeans,1,3920,2280,0,Card,No
701650,2024-09-07,C101834,Lahore,Store,T-Shirts,Oversized Tee,2,1760,1010,15,Bank Transfer,No
703515,2024-08-17,C101913,Islamabad,Online,Dresses,Wrap Dress,1,4230,2060,0,Card,No
704313,2024-03-05,C100085,Lahore,Store,Kurtas,Embroidered Kurta,2,2760,1540,0,Card,No
704144,2025-02-04,C101483,Lahore,Online,JEANS,Straight Leg Jeans,2,3320,1860,15,Card,No
701724,2024-05-21,C100278,Multan,Online,Accessories,Sunglasses,2,2190,1180,10,Bank Transfer,No
701853,2024-08-11,C101972,Faisalabad,Store,Jeans,Slim Fit Jeans,3,3690,2150,0,Card,No
703658,2024-09-17,C100347,Lahore,Store,Accessories,Baseball Cap,2,930,560,0,Wallet,No
703454,2023-07-26,C100680,Lahore,Store,T-Shirts,Graphic Print Tee,1,1590,930,15,Wallet,No
705129,2024-07-19,C101597,,Online,T-Shirts,Classic Cotton Tee,3,1250,700,0,Card,No
703728,2025-06-12,C102042,Islamabad,Online,T-Shirts,Polo Shirt,2,2150,1120,0,Card,No
701076,2024-06-25,C100258,Lahore,Online,Kurtas,Festive Kurta,1,4100,2240,0,COD,No
703446,2025-06-19,C101681,Multan,Store,Kurtas,Festive Kurta,1,4180,2330,0,Card,No
701074,2024-03-04,C102034,Lahore,Online,Dresses,Wrap Dress,1,3860,1840,10,COD,No
701417,2025-06-08,C100790,,Store,Accessories,Sunglasses,1,2140,1050,0,COD,No
701859,2023-08-07,C102116,Karachi,Store,Jeans,Ripped Jeans,1,3670,1930,0,Wallet,No
703343,2024-12-14,C101906,Karachi,Online,Jeans,High-Waist Jeans,2,4210,2370,20,COD,No
700579,2024-05-08,C100490,Rawalpindi,Online,T-Shirts,Oversized Tee,2,1880,1100,0,COD,No
704873,2025-02-23,C100502,Peshawar,Store,Accessories,Leather Belt,2,1260,680,10,Wallet,No
700015,2024-08-15,C101212,Islamabad,Online,Shoes,Boots,3,6780,4260,0,COD,No
700314,2025-04-01,C100537,Lahore,Store,Accessories,Sunglasses,2,2160,980,10,Wallet,No
704227,2024-03-14,C100386,Rawalpindi,Online,Jeans,Straight Leg Jeans,1,3410,1930,0,Card,No
703314,2024-07-31,C100697,,Store,Dresses,Maxi Dress,1,4640,2800,0,Card,No
701374,2024-12-25,C100992,,Online,Jackets,Denim Jacket,2,5830,2690,30,Wallet,Yes
702816,2025-02-09,C100801,Karachi,Online,Kurtas,Cotton Kurta,2,1990,1220,0,Bank Transfer,No
701371,2024-06-02,C100469,Islamabad,Store,Shoes,Boots,2,6250,3750,0,COD,Yes
704504,2024-10-03,C100819,Karachi,Online,Accessories,Sunglasses,1,2310,1320,0,COD,No
700685,2024-12-17,C101019,Karachi,Store,Jackets,Puffer Jacket,1,6900,3570,10,COD,No
701014,2024-06-06,C100627,Lahore,Store,Accessories,Baseball Cap,1,870,420,15,Card,No
700711,2024-09-28,C101483,Lahore,Online,T-Shirts,Classic Cotton Tee,2,1200,780,10,COD,No
703481,2025-02-08,C100556,Karachi,Online,Kurtas,Printed Kurta,2,2310,1350,10,Card,No
701688,2024-01-21,C101083,Multan,Online,T-Shirts,Graphic Print Tee,3,1610,1010,15,Card,No
703691,2023-07-30,C100412,,Online,Accessories,Leather Belt,1,1250,720,0,Bank Transfer,No
703798,2025-06-28,C101930,Rawalpindi,Online,T-Shirts,Graphic Print Tee,3,1480,680,0,Wallet,No
701994,2024-07-17,C101774,Islamabad,Store,Dresses,Summer Floral Dress,1,3400,2150,0,COD,No
700698,2023-12-30,C101597,Lahore,Store,shoes,Sneakers,2,4850,2530,10,Wallet,No
704398,2024-01-13,C101239,Lahore,Store,Dresses,Summer Floral Dress,1,3310,1700,0,Card,No
702665,2024-08-10,C100726,Lahore,Online,Dresses,Wrap Dress,2,4010,2010,0,Card,No
700746,2024-07-24,C100139,Lahore,Online,Dresses,Summer Floral Dress,1,3440,2090,0,Wallet,No
702823,2024-03-17,C100138,Faisalabad,Online,Jeans,Straight Leg Jeans,1,3100,1470,0,Card,No
700575,2023-12-31,C100181,Peshawar,Online,Jackets,Puffer Jacket,3,7250,3990,15,Bank Transfer,No
700050,2024-03-18,C101593,Karachi,Online,Dresses,Maxi Dress,1,4830,2690,0,Card,No
700022,2024-12-21,C100179,Faisalabad,Online,jackets,Hooded Jacket,1,4880,2480,30,Bank Transfer,No
703149,2023-10-30,C102068,Lahore,Store,Shoes,Sandals,2,2910,1370,10,Card,No
705179,2024-07-15,C101316,Islamabad,Online,Shoes,Sandals,1,2710,1720,0,Card,No
700725,2024-07-05,C100873,Karachi,Online,Shoes,Sneakers,1,4750,2900,10,COD,Yes
704954,2024-05-12,C100080,Rawalpindi,Online,T-Shirts,Graphic Print Tee,1,1450,790,0,Wallet,No
701715,2025-03-03,C100809,Sialkot,Online,Dresses,Maxi Dress,2,4790,3100,0,COD,No
702875,2025-03-09,C101715,Faisalabad,Store,Jeans,High-Waist Jeans,1,4050,1880,0,Wallet,No
700594,2024-05-14,C102155,Multan,Store,Kurtas,Festive Kurta,2,4430,2040,10,COD,Yes
704304,2024-05-03,C101701,Sialkot,Online,Kurtas,Cotton Kurta,1,1860,850,10,COD,No
704828,2023-09-26,C100688,Faisalabad,Store,T-Shirts,Graphic Print Tee,2,1550,850,0,COD,No
701147,2024-08-05,C101162,Multan,Store,Dresses,Maxi Dress,2,4610,2700,0,COD,No
704199,2024-08-06,C100352,Islamabad,Online,T-Shirts,Graphic Print Tee,1,1590,1030,0,Bank Transfer,No
701420,2024-11-09,C102038,Islamabad,Store,Accessories,Tote Bag,1,1720,1080,25,Wallet,No
700888,2024-08-29,C101859,Karachi,Online,Accessories,Sunglasses  ,2,2160,1020,0,Card,No
704745,2025-05-31,C100006,,Online,Dresses,Wrap Dress,3,4300,1940,20,Card,No
703254,2023-08-03,C100431,Faisalabad,Online,Dresses,Bodycon Dress,2,3700,2220,0,Card,No
702747,2024-10-01,C101117,Faisalabad,Online,Jeans,High-Waist Jeans,3,4120,2480,0,COD,No
701068,2024-07-01,C100942,Lahore,Store,T-Shirts,Polo Shirt,1,2150,990,15,COD,No
702742,2024-11-16,C100261,Multan,Online,Accessories,Sunglasses,1,2350,1470,10,COD,No
701406,2024-01-10,C101972,Faisalabad,Online,Jeans,Straight Leg Jeans,1,3190,2050,0,Wallet,No
701653,2024-10-31,C100541,Islamabad,Online,Shoes,Loafers,3,5040,2450,10,COD,No
703529,2023-09-11,C101685,Lahore,Online,Jeans,Ripped Jeans,1,4040,2230,0,Card,No
703986,2024-09-07,C101677,Karachi,Online,Dresses,Bodycon Dress,1,3860,2080,0,Wallet,No
701848,2024-09-07,C100063,Faisalabad,Store,Jeans,Ripped Jeans,1,3950,2120,10,Card,No
704547,2023-11-21,C100816,PESHAWAR,Online,T-Shirts,Classic Cotton Tee,2,1290,650,15,COD,No
704914,2023-10-29,C100894,Faisalabad,Online,Jeans,Slim Fit Jeans,1,3570,1990,0,Wallet,No
703799,2023-07-01,C100409,Sialkot,Store,Accessories,Baseball Cap,2,900,450,0,Wallet,No
700520,2024-04-29,C101572,Islamabad,Online,Dresses,Maxi Dress,1,4410,2410,10,COD,No
701850,2025-01-17,C102011,Karachi,Online,Shoes,Boots,1,6420,3350,0,Wallet,No
700213,2023-09-08,C100117,Rawalpindi,Online,Jeans,Slim Fit Jeans,1,3380,2030,15,COD,No
700024,2024-06-02,C101808,Karachi,Store,Dresses,Bodycon Dress,1,3730,1690,0,Wallet,No
704892,2024-10-30,C102099,Lahore,Online,Jackets,Hooded Jacket,1,5010,2810,0,Card,No
703475,2024-10-13,C100037,Karachi,Store,dresses,Wrap Dress,2,3830,2090,0,COD,No
700768,2025-06-13,C101284,Peshawar,Store,Shoes,Boots,1,6890,4150,0,Card,No
703701,2023-12-31,C100913,Sialkot,Online,Accessories,Sunglasses,3,2260,1070,25,COD,No
700573,2023-08-13,C101795,Karachi,Store,Dresses,Wrap Dress,1,4080,2290,0,Card,No
700330,2024-11-08,C101758,Peshawar,Online,Kurtas,Embroidered Kurta,3,2910,1530,15,Card,No
701718,2023-08-25,C100548,Faisalabad,Online,Kurtas,Festive Kurta,2,4420,2480,0,COD,No
701915,2024-04-14,C100121,Rawalpindi,Online,Shoes,Loafers,1,4970,2370,10,Wallet,Yes
701783,2024-01-23,C101216,Karachi,Online,Kurtas,Cotton Kurta,1,1870,1160,10,Bank Transfer,No
701100,2024-02-21,C102078,Karachi,Online,Jeans,Ripped Jeans,3,3840,1750,0,Wallet,No
700336,2024-03-18,C100078,Islamabad,Online,Jeans,Slim Fit Jeans,3,3690,2280,0,Card,No
702942,2023-09-07,C100791,Karachi,Online,T-Shirts,Graphic Print Tee,3,1600,740,10,Bank Transfer,No
704630,2024-01-02,C102136,Karachi,Online,Accessories,Leather Belt,2,1250,770,15,COD,No
704429,2024-06-12,C101472,Lahore,Store,Accessories,Leather Belt,1,1210,650,0,COD,No
704456,2025-02-23,C100157,Rawalpindi,Online,T-Shirts,Oversized Tee,1,1880,1000,0,COD,No
700653,2023-08-31,C102181,Sialkot,Store,Accessories,Leather Belt,1,1280,680,15,COD,No
703039,2024-08-03,C101511,Lahore,Online,Jeans,Slim Fit Jeans,1,3620,1930,0,Bank Transfer,No
704717,2025-06-16,C101827,Karachi,Store,T-Shirts,Polo Shirt,1,2380,1220,0,Card,Yes
701662,2023-07-11,C101165,Multan,Online,Jeans,High-Waist Jeans,2,4140,2170,15,COD,Yes
703177,2024-02-29,C101504,,Store,T-Shirts,Classic Cotton Tee,1,1290,700,0,COD,No
704330,2024-03-21,C101596,Lahore,Online,Jeans,High-Waist Jeans,3,4310,2430,0,COD,No
702174,2023-08-21,C101973,Karachi,Store,Kurtas,Printed Kurta,1,2440,1400,10,Wallet,No
701831,2024-12-01,C100652,Rawalpindi,Online,Jeans,Straight Leg Jeans,1,3320,1600,0,Card,No
704645,2024-12-28,C100042,Rawalpindi,Store,T-Shirts,Oversized Tee,3,1720,1000,0,Wallet,No
703530,2023-11-21,C101391,Multan,Online,Accessories,Sunglasses,1,2190,1270,10,,No
700664,2025-05-24,C101003,Lahore,Store,Kurtas,Printed Kurta,1,2460,1580,0,Card,No
700018,2024-10-02,C100269,Lahore,Online,Shoes,Sandals,1,2930,1550,10,Bank Transfer,No
702884,2025-06-02,C100718,Rawalpindi,Store,Kurtas,Embroidered Kurta,3,2980,1890,0,Bank Transfer,No
703048,2024-07-16,C100981,Faisalabad,Store,Dresses,Summer Floral Dress,1,3270,1700,0,COD,No
704146,2024-07-12,C100954,Sialkot,Store,Accessories,Baseball Cap,1,900,470,0,COD,No
700543,2023-11-08,C101365,Islamabad,Store,Jackets,Bomber Jacket,1,5590,2730,0,COD,No
701758,2024-06-02,C101028,Faisalabad,Store,Dresses,Summer Floral Dress,1,3170,1760,0,Card,No
702168,2024-05-17,C101850,Lahore,Store,Kurtas,Cotton Kurta,1,2010,960,10,Bank Transfer,No
701311,2024-07-15,C100150,Multan,Online,DRESSES,Wrap Dress,1,3990,2530,10,Wallet,No
702141,2023-08-01,C101312,Islamabad,Store,Kurtas,Printed Kurta,1,2420,1570,0,COD,No
702367,2024-10-12,C101797,Karachi,Store,Dresses,Bodycon Dress,2,3900,2490,10,COD,No
703198,2023-11-07,C100718,Rawalpindi,Store,Jackets,Hooded Jacket,1,4720,2980,20,Bank Transfer,No
703142,2023-12-29,C100849,Sialkot,Online,Jeans,High-Waist Jeans,1,4360,2730,20,Wallet,No
704211,2025-05-27,C101003,Lahore,Online,Jeans,Straight Leg Jeans,2,3430,1920,0,Wallet,No
701355,2023-10-15,C100030,Faisalabad,Online,Shoes,Sandals,1,2760,1240,0,COD,Yes
702537,2024-10-01,C100252,Karachi,Online,Accessories,Baseball Cap,1,910,460,0,Card,No
704920,2025-06-20,C100362,Lahore,Store,Accessories,Leather Belt,2,1150,530,15,Wallet,No
701800,2024-06-13,C101125,Islamabad,Store,Accessories,Sunglasses,1,2100,1300,0,Card,No
700289,2024-05-12,C100708,Karachi,Online,T-Shirts,Polo Shirt,3,2310,1330,0,COD,No
701613,2024-08-28,C100001,Karachi,Online,Accessories,Leather Belt,2,1170,750,10,Bank Transfer,No
701699,2025-06-04,C100819,Karachi,Store,Dresses,Maxi Dress,2,4550,2480,15,COD,No
702639,2024-06-03,C102127,Karachi,Online,Dresses,Wrap Dress,2,3870,2400,15,Bank Transfer,No
701447,2025-06-27,C101207,Karachi,Store,Shoes,Loafers,1,5030,3090,10,Card,No
701679,2023-08-15,C101142,Multan,Online,Dresses,Summer Floral Dress,1,3110,1810,0,Wallet,Yes
701398,2023-12-21,C100644,Islamabad,Online,Dresses,Summer Floral Dress,3,3160,1810,0,Card,Yes
701975,2024-04-07,C100949,Karachi,Store,Kurtas,Festive Kurta,1,4300,1990,0,COD,No
701091,2025-02-04,C101999,Islamabad,Store,jeans,Ripped Jeans,2,3920,2120,10,Card,No
705034,2024-06-29,C101245,,Online,Shoes,Sandals,1,2840,1300,0,COD,No
702845,2023-10-13,C100355,Islamabad,Online,Shoes,Sandals,1,2900,1650,15,Bank Transfer,No
704310,2025-02-03,C101207,Karachi,Online,Jeans,Straight Leg Jeans,1,3270,1710,15,COD,No
703648,2025-04-25,C101906,Karachi,Online,Accessories,Baseball Cap,1,950,430,0,COD,No
704581,2024-01-03,C102029,Islamabad,Store,Shoes,Loafers,1,5290,3350,0,Wallet,No
700411,2025-01-22,C101675,Peshawar,Online,Jeans,High-Waist Jeans,1,4370,2100,10,COD,No
705003,2024-01-27,C100409,Sialkot,Store,Dresses,Wrap Dress,1,4180,2540,0,COD,No
703397,2023-12-22,C102127,Karachi,Online,Jackets,Bomber Jacket,3,4980,3190,20,Bank Transfer,No
702648,2024-12-10,C101224,Lahore,Store,Jackets,Denim Jacket,1,5850,2780,20,COD,No
703288,2024-12-09,C101999,Islamabad,Online,Dresses,Maxi Dress,1,4560,2260,20,COD,No
704845,2025-02-27,C102156,Lahore,Online,Jackets,Puffer Jacket,2,7000,3550,10,COD,No
701232,2025-04-12,C100755,Lahore,Online,Tshirts,Polo Shirt,2,2150,1130,15,Card,Yes
701710,2024-04-10,C100111,Lahore,Store,Kurtas,Cotton Kurta,1,1830,910,10,Card,No
704991,2024-01-01,C101071,Islamabad,Online,Shoes,Boots,2,6200,3580,10,Card,No
702313,2024-11-10,C101387,Karachi,Online,Shoes,Sandals,2,2880,1630,0,Card,No
702150,2024-06-02,C101543,Lahore,Online,Kurtas,Festive Kurta,1,4080,2370,0,COD,No
703899,2025-05-21,C102099,Lahore,Online,Dresses,Summer Floral Dress,1,3370,1970,0,COD,Yes
701678,2025-03-10,C100017,Lahore,Online,T-Shirts,Classic Cotton Tee,2,1280,710,0,Card,No
701300,2024-12-19,C101964,Faisalabad,Store,Kurtas,Cotton Kurta,1,1890,940,25,COD,No
704692,2023-07-07,C101601,Lahore,Store,Kurtas,Festive Kurta,3,4090,2500,0,Bank Transfer,No
702514,2024-05-16,C100722,Lahore,Online,T-Shirts,Graphic Print Tee,1,1620,1040,20,COD,No
700174,2024-09-21,C100207,Rawalpindi,Store,Accessories,Baseball Cap,2,930,560,0,COD,No
700908,2023-07-22,C100388,Lahore,Online,Jeans,Ripped Jeans,2,3950,2150,0,,No
704795,2025-03-24,C101481,Lahore,Online,Jackets,Bomber Jacket,1,5610,2950,15,Wallet,No
701795,2023-10-03,C101586,Karachi,Online,Accessories,Baseball Cap,3,900,460,10,Bank Transfer,No
701332,2024-07-21,C101817,Karachi,Store,Jeans,Ripped Jeans,1,3810,2090,15,Wallet,Yes
702768,2024-09-04,C101895,Lahore,Store,Dresses,Summer Floral Dress,2,3080,1880,0,COD,No
701827,2024-04-10,C101019,Karachi,Store,Shoes,Sneakers,3,4740,2560,0,Wallet,No
704978,2024-02-08,C102000,Multan,Online,Accessories,Sunglasses,2,2210,1100,15,Card,No
701536,2025-01-26,C100210,Rawalpindi,Store,Jeans,Ripped Jeans,2,4070,1930,0,COD,No
705040,2024-08-28,C102028,Islamabad,Online,T-Shirts,Polo Shirt,2,2200,1000,10,COD,No
703869,2024-12-11,C101705,Sialkot,Store,Jeans,Straight Leg Jeans,2,3360,1860,20,COD,No
704041,2025-05-21,C100042,Rawalpindi,Online,Shoes,Sneakers,1,4620,2340,20,Card,No
700520,2024-04-29,C101572,Islamabad,Online,Kurtas,Cotton Kurta,3,1930,1150,15,COD,No
702369,2025-01-12,C101894,Karachi,Store,T-Shirts,Classic Cotton Tee,1,1150,670,15,Bank Transfer,Yes
700652,2025-04-02,C102065,Peshawar,Online,T-Shirts,Polo Shirt,1,2360,1390,10,Card,No
701299,2025-05-26,C100343,Islamabad,Store,Dresses,Wrap Dress,3,4030,2250,15,COD,No
702296,2025-02-22,C102193,Lahore,Store,Shoes,Sneakers,2,4420,2640,0,Bank Transfer,No
702926,2023-07-11,C100641,Faisalabad,Online,Jeans,Ripped Jeans,1,3750,1810,0,COD,No
705068,2023-12-23,C100206,Lahore,Online,Shoes,Boots,3,6430,4000,20,Bank Transfer,Yes
701409,2025-06-14,C100053,Rawalpindi,Online,Dresses,Maxi Dress,2,4600,2370,0,Bank Transfer,No
704314,2024-05-13,C102103,Peshawar,Store,Kurtas,Cotton Kurta,2,1870,1170,0,Wallet,Yes
702958,2024-02-01,C100107,Karachi,Store,Shoes,Sandals,1,2750,1360,0,Card,No
703679,2024-05-08,C100361,,Online,Kurtas,Printed Kurta,3,2570,1420,0,COD,No
705146,2024-01-18,C101646,Karachi,Online,Jackets,Puffer Jacket,1,6520,3190,0,COD,No
702869,2023-09-13,C101739,Faisalabad,Online,Shoes,Boots,1,6280,4050,15,Card,No
701564,2023-08-24,C100488,Islamabad,Online,Tshirts,Graphic Print Tee,2,1600,960,0,COD,No
704665,2023-12-12,C100888,Lahore,Online,T-Shirts,Oversized Tee,2,1750,1060,10,Card,No
702901,2025-05-10,C101484,Islamabad,Store,Shoes,Loafers,1,5170,2370,0,Card,No
701818,2024-09-19,C102146,Lahore,Store,Shoes,Sandals,1,2800,1530,0,Card,No
704890,2023-11-16,C101023,Islamabad,Online,Kurtas,Festive Kurta,2,4510,2320,20,Wallet,No
700556,2025-05-09,C101725,Lahore,Online,Accessories,Sunglasses,1,2270,1310,10,COD,No
702664,2023-10-26,C101113,Peshawar,Online,Jeans,Straight Leg Jeans,1,3390,1570,0,Card,No
702953,2023-11-16,C101995,Faisalabad,Online,Jeans,Slim Fit Jeans,2,3510,1660,20,Card,No
705100,2023-09-02,C101303,Lahore,Online,Kurtas,Embroidered Kurta,3,2710,1280,0,COD,No
700824,2024-08-28,C100032,Karachi,Store,Shoes,Sneakers,2,4710,3000,15,Wallet,No
704187,2024-10-24,C100902,Lahore,Store,Accessories,Baseball Cap,1,860,490,0,Bank Transfer,No
703991,2025-06-30,C100163,Lahore,Store,Accessories,Leather Belt,2,1200,650,0,Card,No
701935,2023-07-28,C100950,Islamabad,Store,Dresses,Summer Floral Dress,1,3440,2010,0,Card,No
704153,2024-12-11,C101859,Karachi,Online,Shoes,Boots,1,6820,3890,20,COD,No
701724,2024-05-21,C100278,Multan,Online,T-Shirts,Polo Shirt,1,2150,1180,0,Bank Transfer,No
704684,2025-06-20,C101047,Faisalabad,Online,Kurtas,Embroidered Kurta,1,2760,1250,0,Card,No
701607,2025-06-23,C101753,Faisalabad,Store,Kurtas,Cotton Kurta,2,1840,940,0,COD,No
701098,2024-05-09,C101632,Rawalpindi,Online,Jeans,Slim Fit Jeans,1,3510,2260,15,Card,Yes
700621,2023-08-08,C100311,Karachi,Store,Dresses,Summer Floral Dress,3,3340,1530,10,Wallet,No
703787,2023-11-30,C100240,Multan,Online,Jeans,Slim Fit Jeans,2,3760,2120,0,Bank Transfer,Yes
702091,2023-09-04,C100544,Lahore,Store,Dresses,Maxi Dress,1,4740,2940,0,COD,No
703780,2024-03-16,C100631,Multan,Store,Accessories,Leather Belt,1,1200,780,10,Bank Transfer,No
702740,2025-04-08,C101556,Peshawar,Online,Accessories,Baseball Cap,1,930,530,10,Card,No
702204,2025-05-08,C101279,Islamabad,Store,Shoes,Sandals,2,2850,1360,15,Wallet,No
701020,2023-12-18,C100257,Lahore,Online,Jackets,Hooded Jacket,2,5070,2650,30,COD,No
700626,2023-09-09,C101840,Lahore,Online,Accessories,Baseball Cap,1,860,540,0,COD,No
703823,2024-12-24,C100596,Rawalpindi,Store,Jeans,Straight Leg Jeans,3,3040,1860,25,Card,No
701047,2024-11-25,C100354,Karachi,Online,Jackets,Bomber Jacket,2,5560,3270,10,Bank Transfer,No
700024,2024-06-02,C101808,Karachi,Store,Kurtas,Embroidered Kurta,2,2930,1480,0,Wallet,No
704616,2024-03-10,C100996,Islamabad,Store,Kurtas,Printed Kurta,1,2430,1560,0,Card,No
704660,2025-04-02,C101975,Lahore,Store,Jeans,Straight Leg Jeans,1,3350,1610,15,Wallet,No
703963,2024-05-07,C100528,Faisalabad,Online,T-Shirts,Graphic Print Tee,3,1540,930,10,Card,No
704424,2023-11-18,C101211,Multan,Online,Jackets,Denim Jacket,1,5730,3440,20,COD,No
701517,2024-07-06,C101985,Peshawar,Store,Jeans,Straight Leg Jeans,2,3060,1500,0,COD,Yes
704175,2024-05-14,C101555,Faisalabad,Online,Accessories,Sunglasses,1,2180,1380,15,Wallet,No
704065,2025-03-30,C101415,Faisalabad,Online,Dresses,Wrap Dress  ,1,4120,2530,0,COD,No
700629,2023-09-01,C100577,Islamabad,Online,Shoes,Sneakers,2,4640,2480,0,COD,No
701893,2024-07-17,C101701,Sialkot,Online,T-Shirts,Classic Cotton Tee,1,1200,730,0,Card,No
703002,2024-07-07,C100824,Multan,Online,Dresses,Summer Floral Dress,1,3320,2130,15,Card,No
701401,2023-07-10,C101653,lahore,Online,T-Shirts,Graphic Print Tee,1,1580,770,0,Card,No
703354,2025-05-02,C100423,Lahore,Store,Jeans,Ripped Jeans,1,4070,1940,0,COD,No
704947,2024-06-30,C100167,Faisalabad,Online,Dresses,Bodycon Dress,2,3990,2580,0,Bank Transfer,Yes
702279,2024-01-03,C100729,islamabad,Online,T-Shirts,Polo Shirt,2,2250,1040,0,COD,No
701590,2023-09-20,C101618,Sialkot,Online,T-Shirts,Oversized Tee,1,1860,990,0,Card,No
704885,2023-07-14,C100479,Karachi,Online,Accessories,Leather Belt,1,1290,790,0,COD,No
704635,2025-01-31,C100817,Islamabad,Store,Shoes,Sneakers,1,4650,2340,0,COD,No
702551,2023-10-31,C100896,Karachi,Store,T-Shirts,Polo Shirt,3,2270,1140,0,Card,No
702964,2024-02-23,C101952,,Store,Jackets,Puffer Jacket,1,6990,3330,0,COD,No
700045,2024-04-03,C101213,Karachi,Online,Jeans,Slim Fit Jeans,1,3420,2040,20,Card,No
700808,2024-10-06,C100389,Multan,Online,Kurtas,Cotton Kurta,2,2030,1220,0,COD,No
701329,2024-05-22,C101565,Karachi,Store,Dresses,Wrap Dress,2,3970,2220,15,COD,No
700499,2024-05-07,C100593,Islamabad,Online,Kurtas,Printed Kurta,1,2380,1240,20,COD,No
703507,2024-05-06,C100683,Karachi,Store,T-Shirts,Classic Cotton Tee,1,1290,730,10,COD,No
702746,2025-02-13,C101345,Islamabad,Store,Shoes,Loafers,3,5030,2490,0,Wallet,No
704313,2024-03-05,C100085,Lahore,Store,Jeans,Slim Fit Jeans,1,3630,2330,15,Card,Yes
700234,2023-12-12,C100860,Faisalabad,Online,Kurtas,Embroidered Kurta,1,2680,1290,30,Card,No
700267,2024-10-15,C102185,Lahore,Store,Accessories,Baseball Cap,2,960,600,0,Card,No
704088,2025-06-15,C100408,Lahore,Online,t-shirts,Oversized Tee,3,1850,1000,0,COD,No
703121,2023-10-14,C101062,Lahore,Online,Accessories,Tote Bag,1,1700,1070,0,COD,No
703244,2024-08-22,C100896,Karachi,Store,Shoes,Boots,3,6870,3960,15,Card,No
701704,2024-04-27,C100128,Lahore,Online,Kurtas,Festive Kurta,1,4220,2560,0,Card,No
702057,2023-10-02,C100278,Multan,Online,Jeans,Straight Leg Jeans,2,3320,1840,0,COD,No
704816,2024-12-23,C101251,Lahore,Online,Accessories,Baseball Cap,1,880,540,25,Bank Transfer,No
705062,2024-07-30,C100962,Lahore,Store,T-Shirts,Classic Cotton Tee,3,1180,670,0,Card,No
702222,2023-12-14,C100519,Multan,Store,Jeans,High-Waist Jeans,2,4190,2690,25,Card,No
700070,2024-05-18,C101759,Peshawar,Online,Jeans,Ripped Jeans,1,4030,2030,20,COD,No
704407,2024-08-24,C101496,Multan,Online,Jeans,Slim Fit Jeans,1,3780,2240,0,Wallet,No
704237,2023-07-07,C100062,Islamabad,Online,Jeans,High-Waist Jeans,1,4390,2340,0,COD,No
702244,2025-02-21,C100088,Lahore,Store,Jackets,Bomber Jacket,1,5160,2500,15,Card,No
703331,2023-08-16,C101521,Islamabad,Online,DRESSES,Summer Floral Dress,1,3340,2170,0,COD,No
700323,2025-03-13,C101095,Karachi,Store,Shoes,Boots,1,6390,3990,0,Bank Transfer,No
704051,2023-07-23,C100805,Lahore,Online,T-Shirts,Polo Shirt,1,2210,1380,10,COD,No
700932,2024-10-22,C101258,Islamabad,Store,Jeans,Ripped Jeans,3,3810,1900,0,Card,No
703282,2023-07-18,C101052,Karachi,Online,Kurtas,Embroidered Kurta,2,2810,1590,0,Wallet,No
703298,2024-10-25,C100167,Faisalabad,Online,Jackets,Bomber Jacket,1,5350,2920,0,Card,No
700023,2024-04-23,C100810,Lahore,Store,Shoes,Sandals,1,2740,1780,0,COD,No
702822,2025-02-14,C100369,Peshawar,Store,Jackets,Bomber Jacket,2,4970,2870,0,COD,No
704175,2024-05-14,C101555,FAISALABAD,Online,Accessories,Baseball Cap,2,920,540,10,Wallet,Yes
703162,2023-07-27,C100513,,Online,Dresses,Bodycon Dress,2,3860,1850,0,Wallet,No
701493,2024-04-03,C101547,Faisalabad,Online,Dresses,Bodycon Dress,1,3760,2380,0,COD,No
703257,2023-10-04,C101358,Rawalpindi,Store,Accessories,Baseball Cap,3,890,560,0,COD,No
703895,2024-12-31,C102176,Karachi,Online,Jeans,High-Waist Jeans,1,4240,1990,0,COD,No
701494,2025-06-11,C100294,Multan,Online,Dresses,Bodycon Dress,2,3760,2010,0,COD,No
700611,2025-06-15,C101518,Lahore,Store,Shoes,Sandals,3,3020,1850,0,Card,No
700950,2024-11-13,C100765,Lahore,Store,Dresses,Bodycon Dress,3,4090,2540,15,COD,No
703261,2023-12-15,C101445,Islamabad,Online,Shoes,Sandals,1,2840,1500,0,Card,No
703922,2023-09-21,C100284,Islamabad,Online,Shoes,Sneakers,-1,4430,2170,0,Bank Transfer,No
701683,2023-07-16,C100380,Islamabad,Online,Shoes,Sneakers,2,4470,2790,15,Bank Transfer,No
703185,2025-04-24,C100138,Faisalabad,Store,Jeans,Ripped Jeans,1,4010,2180,0,Card,No
702005,2024-01-02,C100191,Lahore,Store,JEANS,High-Waist Jeans,3,4340,2200,15,Card,No
703698,2025-04-02,C101947,Peshawar,Online,Shoes,Sandals,1,2890,1360,15,Card,Yes
703817,2024-04-24,C100772,Islamabad,Online,Accessories,Sunglasses,1,2360,1210,20,Wallet,Yes
702163,2023-08-12,C100603,Rawalpindi,Online,Kurtas,Embroidered Kurta,3,2760,1310,0,COD,No
702579,2024-02-10,C100363,Lahore,Store,Accessories,Baseball Cap,1,870,420,0,Wallet,No
703786,2023-08-16,C102177,Multan,Store,Dresses,Wrap Dress,1,4140,2580,15,COD,No
703590,2024-05-07,C100191,Lahore,Store,Kurtas,Cotton Kurta,1,1880,910,15,Card,No
702343,2024-07-01,C102030,Lahore,Store,T-Shirts,Oversized Tee,1,1760,850,10,COD,No
701968,2024-08-06,C101262,Karachi,Online,T-Shirts,Polo Shirt,1,2240,1020,0,COD,No
705105,2025-04-19,C101314,Lahore,Online,T-Shirts,Graphic Print Tee,1,1430,650,0,COD,No
704698,2024-10-23,C100371,Karachi,Online,Accessories,Sunglasses,2,2350,1420,0,COD,No
705159,2023-07-29,C101661,Islamabad,Online,Jeans,Ripped Jeans,1,3770,2340,15,COD,No
702510,2025-01-18,C101841,Islamabad,Online,Jeans,Slim Fit Jeans,1,3610,2160,0,COD,No
702508,2023-07-14,C100756,Karachi,Online,Accessories,Leather Belt,1,1210,770,0,Card,No
703085,2024-01-21,C101780,Lahore,Store,Dresses,Maxi Dress,1,4460,2210,0,Card,No
702485,2025-05-17,C100200,Faisalabad,Online,T-Shirts,Polo Shirt,1,2190,1390,20,COD,No
701028,2025-01-13,C102147,Sialkot,Online,Dresses,Maxi Dress,3,4730,2960,0,Wallet,No
701996,2024-06-14,C100541,islamabad,Store,Jeans,Slim Fit Jeans,1,3770,2030,0,,No
701742,2024-01-08,C100173,Peshawar,Store,T-Shirts,Polo Shirt,2,2170,1390,0,Wallet,No
701701,2025-03-03,C100492,Rawalpindi,Online,T-Shirts,Polo Shirt,1,2120,1180,0,COD,Yes
700980,2023-08-20,C100128,Lahore,Store,Kurtas,Printed Kurta,1,2540,1550,10,Card,No
702524,2023-09-22,C101742,Lahore,Store,T-Shirts,Oversized Tee,2,1780,840,0,Card,No
700283,2025-02-21,C101790,Faisalabad,Store,Jackets,Puffer Jacket,3,6590,3410,10,Card,No
703880,2023-10-02,C100119,Islamabad,Online,T-Shirts,Polo Shirt,3,2150,1340,0,Card,No
701728,2024-12-30,C100075,Karachi,Store,Accessories,Sunglasses,2,2220,1030,10,Wallet,No
703724,2025-01-13,C101467,Lahore,Online,Accessories,Baseball Cap,2,970,520,0,COD,No
702029,2024-10-17,C100076,Karachi,Store,Jeans,Slim Fit Jeans,1,3330,2040,10,Card,No
702834,2025-03-10,C101382,Islamabad,Online,T-Shirts,Classic Cotton Tee,1,1280,580,10,COD,No
700727,2023-08-12,C102116,Karachi,Store,T-Shirts,Polo Shirt,3,2270,1120,0,Card,No
704457,2025-01-18,C100409,Sialkot,Online,Jackets,Puffer Jacket,2,7010,3290,0,Card,No
703524,2024-07-26,C100845,Peshawar,Online,Accessories,Baseball Cap,3,870,540,0,COD,No
703885,2025-01-23,C101525,Lahore,Online,Kurtas,Printed Kurta,1,2380,1400,0,COD,No
704297,2023-12-04,C101002,Lahore,Online,Jackets,Bomber Jacket,3,5090,2420,0,COD,No
700848,2024-11-16,C100680,Lahore,Online,Jeans,Slim Fit Jeans,1,3510,1670,10,Bank Transfer,No
704053,2024-05-06,C100726,Lahore,Online,T-Shirts,Classic Cotton Tee,3,1180,690,10,Bank Transfer,No
702732,2025-01-16,C101325,Multan,Store,T-Shirts,Classic Cotton Tee,1,1220,610,0,Card,No
701169,2023-07-23,C100883,Karachi,Online,Shoes,Boots,1,6890,4310,0,COD,No
701651,2024-07-12,C101929,Karachi,Online,Jeans,Straight Leg Jeans,2,3390,2170,0,COD,No
701134,2025-01-31,C100252,Karachi,Store,Jackets,Hooded Jacket,2,4940,2560,0,Wallet,No
700209,2024-10-14,C100054,Rawalpindi,Online,Dresses,Bodycon Dress  ,1,3860,1890,0,Wallet,No
704956,2025-05-01,C100708,KARACHI,Online,T-Shirts,Classic Cotton Tee,3,1200,560,20,COD,No
703632,2024-02-18,C100086,Rawalpindi,Store,Jeans,Slim Fit Jeans,1,3640,1860,0,Wallet,No
700601,2023-07-06,C100536,Islamabad,Online,Accessories,Tote Bag,1,1610,840,0,COD,No
700801,2024-08-14,C100410,Rawalpindi,Store,Accessories,Leather Belt,1,1210,670,0,COD,No
702616,2023-08-22,C100356,faisalabad,Online,Shoes,Sneakers,1,4470,2370,0,Bank Transfer,No
701611,2025-04-11,C101198,Karachi,Store,Jeans,Slim Fit Jeans,2,3670,1770,0,Bank Transfer,No
703109,2024-01-15,C100089,Islamabad,Online,Jackets,Denim Jacket,1,5890,2740,0,Bank Transfer,No
700899,2025-04-15,C101175,Faisalabad,Store,Kurtas,Embroidered Kurta,2,2970,1620,15,Card,No
702529,2023-09-11,C101631,Multan,Online,Jeans,Slim Fit Jeans,1,3680,2320,0,Bank Transfer,No
703535,2023-12-17,C100083,Lahore,Online,Jackets,Hooded Jacket,1,4640,2220,15,Card,No
700188,2023-07-23,C101126,Islamabad,Online,Accessories,Tote Bag,2,1570,1020,0,COD,No
704157,2023-09-09,C101336,Lahore,Store,T-Shirts,Classic Cotton Tee,1,1140,720,0,Wallet,No
702191,2024-06-15,C101834,Lahore,Online,Shoes,Boots,1,6370,3680,0,Card,Yes
704815,2025-01-07,C100535,Lahore,Online,Shoes,Boots,2,6900,4410,0,Card,No
700861,2024-01-22,C101939,Lahore,Online,Kurtas,Embroidered Kurta,1,2890,1860,0,Bank Transfer,No
701615,2023-07-27,C100218,Peshawar,Online,T-Shirts,Graphic Print Tee,1,1600,1020,0,COD,No
703978,2023-10-13,C101462,Lahore,Online,T-Shirts,Polo Shirt,1,2160,1030,10,Card,No
704259,2024-02-07,C101002,Lahore,Online,Accessories,Baseball Cap,1,880,560,0,COD,No
700050,2024-03-18,C101593,Karachi,Online,Kurtas,Printed Kurta,1,2430,1330,0,Card,No
703148,2024-10-09,C101553,Karachi,Online,Shoes,Boots,3,6400,3780,0,Bank Transfer,No
702940,2024-07-11,C100132,Islamabad,Store,T-Shirts,Polo Shirt,1,2110,1120,0,Card,No
701133,2024-07-18,C101423,Karachi,Online,Accessories,Baseball Cap,1,930,570,0,COD,No
701628,2024-11-05,C100514,Karachi,Online,Accessories,Leather Belt,1,1290,590,20,COD,No
703918,2024-02-22,C100428,Lahore,Online,Jackets,Bomber Jacket,1,5320,3090,0,Card,No
704851,2024-01-05,C100284,Islamabad,Online,Shoes,Sandals,1,2890,1580,0,Bank Transfer,No
703890,2025-01-20,C100577,Islamabad,Store,Dresses,Maxi Dress,1,4500,2610,0,Wallet,No
701145,2023-07-10,C100953,Lahore,Online,Dresses,Maxi Dress  ,1,4770,2530,0,COD,No
701500,2023-07-27,C100999,Karachi,Online,Shoes,Sandals,2,2830,1370,15,Bank Transfer,No
704229,2025-05-03,C101909,Peshawar,Online,Accessories,Sunglasses,3,2360,1210,15,COD,No
700679,2024-07-11,C101100,,Online,Kurtas,Festive Kurta,2,4230,2440,0,COD,No
704676,2024-03-17,C101462,Lahore,Online,T-Shirts,Graphic Print Tee,1,1590,900,0,Wallet,No
703139,2024-11-22,C100938,Peshawar,Online,Jeans,Ripped Jeans,1,3920,2200,15,Card,No
701469,2024-05-07,C101776,Rawalpindi,Online,Jackets,Bomber Jacket,3,5420,3280,20,Bank Transfer,No
703088,2024-12-30,C100291,Lahore,Online,Dresses,Bodycon Dress,2,3670,2220,0,Wallet,No
701129,2023-08-12,C101805,Rawalpindi,Online,Kurtas,Cotton Kurta,2,1910,1190,10,COD,No
704267,2024-09-06,C101673,Lahore,Online,T-Shirts,Polo Shirt,3,2180,1150,10,Card,No
703647,2024-04-04,C101299,Karachi,Online,Shoes,Boots,1,6430,2900,20,COD,No
704571,2024-10-22,C102102,Faisalabad,Online,Accessories,Sunglasses,1,2240,1380,0,Card,No
703135,2024-07-09,C101047,Faisalabad,Online,Dresses,Maxi Dress,3,4370,2460,10,COD,No
701019,2025-04-24,C102170,Karachi,Store,Accessories,Baseball Cap,2,960,560,20,Card,No
704895,2025-03-29,C100858,Karachi,Store,Dresses,Summer Floral Dress,1,3450,2010,0,COD,No
701156,2024-03-29,C100396,multan,Online,Jackets,Denim Jacket,2,5490,2890,0,Bank Transfer,No
700787,2024-05-20,C100386,Rawalpindi,Online,Shoes,Sneakers,1,4700,2200,15,COD,No
700459,2024-11-03,C100091,Rawalpindi,Online,Kurtas,Festive Kurta,3,4280,2760,10,Card,No
702235,2025-03-31,C101576,Faisalabad,Online,Shoes,Sandals,3,2790,1650,0,Card,No
700654,2024-04-26,C100200,Faisalabad,Online,Accessories,Baseball Cap,1,970,460,15,COD,No
702291,2025-01-26,C100924,Lahore,Online,Jeans,Ripped Jeans,2,3730,1770,0,COD,No
704875,2023-12-02,C101188,Lahore,Online,Shoes,Sneakers,2,4330,2720,0,COD,Yes
703659,2024-06-21,C100197,Multan,Online,Dresses,Wrap Dress,3,4000,2140,0,Wallet,No
703439,2024-02-01,C100285,Karachi,Online,Accessories,Baseball Cap,1,870,530,10,Card,No
703062,2024-07-03,C101336,Lahore,Store,Dresses,Wrap Dress,1,4030,2000,0,Card,No
701771,2024-04-24,C101220,Lahore,Online,Kurtas,Embroidered Kurta,1,2740,1450,0,COD,No
700891,2023-07-14,C100972,Lahore,Online,Dresses,Bodycon Dress,2,3880,2340,10,Bank Transfer,No
703390,2023-09-25,C100182,Islamabad,Store,Kurtas,Festive Kurta,1,4160,1900,0,COD,No
702684,2023-12-16,C101825,Lahore,Online,Jeans,Straight Leg Jeans,1,3180,2030,0,COD,No
702497,2025-01-13,C100875,Peshawar,Store,Dresses,Wrap Dress,1,4150,1990,0,COD,Yes
702887,2024-10-27,C100087,Karachi,Online,Dresses,Bodycon Dress,1,3670,1840,10,COD,Yes
704865,2024-02-27,C101479,Karachi,Online,Accessories,Leather Belt,3,1160,690,0,COD,No
702058,2024-12-24,C100061,Karachi,Online,Accessories,Baseball Cap,1,860,430,0,Card,No
700545,2025-02-26,C100943,Karachi,Online,T-Shirts,Graphic Print Tee,1,1620,1010,0,,No
704716,2025-02-28,C101253,Islamabad,Online,Jeans,Slim Fit Jeans,1,3630,1880,10,COD,No
703547,2025-03-11,C101063,Islamabad,Store,Accessories,Sunglasses,1,2200,1130,0,Card,No
702178,2024-01-30,C100019,Islamabad,Online,Jackets,Hooded Jacket,1,4900,2820,0,Card,No
701287,2024-08-14,C101002,Lahore,Online,Jeans,Ripped Jeans,1,3820,1900,0,COD,No
700214,2025-02-14,C101062,Lahore,Online,T-Shirts,Oversized Tee,1,1940,1060,0,Card,No
700791,2023-10-02,C100042,Rawalpindi,Online,Accessories,Leather Belt,1,1260,750,0,COD,No
703622,2024-12-24,C100977,Karachi,Online,Jackets,Denim Jacket,3,5620,3300,30,COD,No
704864,2023-08-12,C100787,Karachi,Store,T-Shirts,Oversized Tee,1,1920,990,0,Card,No
701581,2024-07-27,C101409,Rawalpindi,Online,Jeans,Ripped Jeans,1,3820,2040,0,COD,No
701885,2023-07-21,C102166,Peshawar,Online,Shoes,Loafers,2,5460,3420,0,Card,No
702966,2023-11-22,C101631,Multan,Online,Shoes,Boots,1,6830,3120,15,Card,No
702458,2024-02-18,C101041,Rawalpindi,Online,Accessories,Tote Bag,1,1620,840,0,Card,No
701426,2023-11-10,C101100,Lahore,Online,Accessories,Leather Belt,2,1200,670,15,COD,No
701836,2023-07-21,C101946,Lahore,Online,T-Shirts,Classic Cotton Tee,2,1240,580,0,COD,No
702179,2024-03-14,C100294,Multan,Online,Kurtas,Printed Kurta,2,2440,1170,0,COD,No
703735,2023-10-22,C101117,Faisalabad,Store,Jackets,Puffer Jacket,1,6860,3570,0,Wallet,No
701247,2025-03-22,C101751,Lahore,Online,Kurtas,Embroidered Kurta,2,2920,1700,10,Wallet,No
703785,2023-12-09,C102058,lahore,Store,t-shirts,Oversized Tee  ,2,1860,1210,20,COD,No
704169,2024-04-21,C102120,Karachi,Online,Kurtas,Cotton Kurta,1,1950,1220,20,COD,Yes
701152,2024-12-31,C102125,Karachi,Online,T-Shirts,Classic Cotton Tee,2,1220,670,30,Card,No
700265,2024-11-27,C101018,Lahore,Online,Shoes,Sandals,2,2800,1300,15,Card,No
700388,2025-03-30,C100263,Lahore,Online,Dresses,Bodycon Dress,1,3710,2200,0,Card,No
704228,2025-06-08,C100888,Lahore,Online,Kurtas,Embroidered Kurta,1,2940,1500,0,Card,No
702076,2025-04-09,C101517,Sialkot,Store,Accessories,Leather Belt,1,1270,680,0,COD,No
703928,2023-07-26,C100934,Faisalabad,Store,Dresses,Wrap Dress,1,3910,2370,15,COD,No
700432,2024-02-21,C101845,Islamabad,Online,Dresses,Bodycon Dress,1,3900,2370,0,Card,No
702055,2024-08-27,C100191,Lahore,Store,T-Shirts,Oversized Tee,3,1890,1080,0,COD,No
703746,2025-05-13,C100436,Lahore,Online,Accessories,Baseball Cap,2,960,470,10,Card,No
702445,2024-12-28,C101757,Sialkot,Online,Jackets,Hooded Jacket,1,5110,2510,10,Bank Transfer,No
703820,2023-12-11,C100020,FAISALABAD,Store,Dresses,Wrap Dress,2,4210,2570,0,Card,No
704912,2024-12-20,C100913,Sialkot,Store,Jackets,Puffer Jacket,3,6580,4120,15,Card,No
704891,2024-03-12,C101123,Lahore,Online,Accessories,Sunglasses,1,2300,1320,0,Card,No
702185,2025-06-22,C100383,KARACHI,Online,Shoes,Loafers,1,4980,2240,0,Wallet,No
701793,2023-11-22,C101821,Karachi,Online,Dresses,Wrap Dress,1,4170,2170,15,Bank Transfer,Yes
701702,2023-09-26,C100616,Faisalabad,Store,Accessories,Sunglasses,2,2250,1250,0,COD,Yes
700118,2025-03-01,C102059,Lahore,Store,Accessories,Tote Bag,2,1660,910,0,Card,No
701563,2024-02-08,C100592,Karachi,Store,T-Shirts,Oversized Tee,2,1740,990,0,Bank Transfer,No
701614,2024-03-03,C101216,Karachi,Online,Kurtas,Printed Kurta,2,2390,1500,0,COD,No
700070,2024-05-18,C101759,Peshawar,Online,Dresses,Wrap Dress,1,3860,1760,0,COD,No
701331,2024-04-28,C101285,Peshawar,Online,Jackets,Hooded Jacket,2,4640,2320,0,Card,Yes
702427,2024-07-09,C101019,Karachi,Store,Shoes,Sandals,2,2830,1640,0,Card,No
702710,2023-07-04,C100713,Peshawar,Store,Shoes,Loafers,1,5180,2820,0,Card,No
701511,2025-03-15,C101839,Faisalabad,Store,Jackets,Bomber Jacket,3,5380,3430,0,COD,No
703998,2024-02-16,C100748,Faisalabad,Online,Shoes,Loafers,3,5570,3570,0,Card,No
700702,2024-01-20,C101357,Karachi,Online,Kurtas,Cotton Kurta,1,1850,1130,0,COD,No
700686,2024-11-20,C100879,Islamabad,Store,Jackets,Bomber Jacket,3,5450,3020,15,COD,No
701782,2023-10-17,C101620,LAHORE,Online,Dresses,Summer Floral Dress,1,3400,1620,0,Wallet,Yes
702012,2024-06-16,C100421,Lahore,Online,T-Shirts,Graphic Print Tee,2,1530,920,0,Card,No
702846,2025-03-20,C101140,Karachi,Online,Jackets,Denim Jacket,1,5780,2790,0,Card,No
704400,2025-01-22,C100237,Faisalabad,Store,Dresses,Bodycon Dress,2,4070,1930,0,Card,No
704548,2023-11-23,C100136,Sialkot,Online,T-Shirts,Graphic Print Tee,3,1470,850,20,Card,No
705004,2024-08-21,C100150,Multan,Online,Jeans,High-Waist Jeans,1,4260,1950,0,Card,Yes
703117,2024-05-28,C100416,Lahore,Online,Kurtas,Embroidered Kurta,2,2880,1530,0,COD,No
700374,2023-09-23,C101776,Rawalpindi,Online,Accessories,Leather Belt,1,1240,730,0,Card,No
700954,2023-12-23,C102051,Lahore,Online,Accessories,Leather Belt,2,1230,560,20,Bank Transfer,No
700382,2023-11-13,C101222,Peshawar,Online,Jeans,Straight Leg Jeans,2,3100,1450,10,COD,No
703230,2024-04-07,C101193,Sialkot,Store,Dresses,Summer Floral Dress,1,3120,1990,10,Wallet,No
701734,2023-11-18,C100738,Karachi,Online,Jeans,Ripped Jeans,1,3790,1930,30,Wallet,No
703141,2024-01-11,C101615,Lahore,Online,Kurtas,Festive Kurta,2,4330,2810,0,Card,No
702531,2024-02-19,C100057,Islamabad,Store,Jeans,High-Waist Jeans,1,4120,2420,0,COD,Yes
703986,2024-09-07,C101677,Karachi,Online,Jeans,High-Waist Jeans,2,4500,2480,15,Wallet,No
704309,2025-03-08,C101127,Rawalpindi,Store,Shoes,Sandals,2,2730,1360,0,COD,No
700504,2025-02-09,C100198,Lahore,Store,Shoes,Sneakers,1,4750,2490,0,COD,No
700604,2024-02-03,C100475,Karachi,Store,Kurtas,Cotton Kurta,3,1920,880,10,Wallet,No
702184,2024-02-02,C101669,Multan,Store,T-Shirts,Oversized Tee,1,1810,990,0,COD,Yes
704126,2025-03-22,C101569,Karachi,Store,Jackets,Hooded Jacket,1,4710,2390,0,Card,No
702942,2023-09-07,C100791,Karachi,Online,jeans,High-Waist Jeans,1,4490,2380,0,Bank Transfer,No
702522,2025-04-02,C100755,Lahore,Store,Jeans,Straight Leg Jeans,1,3290,1830,15,COD,No
700979,2024-03-31,C100412,Lahore,Store,T-Shirts,Polo Shirt,1,2300,1360,0,Card,No
700086,2024-04-30,C102112,Lahore,Online,Accessories,Baseball Cap,3,970,590,0,COD,No
704463,2023-10-01,C100369,Peshawar,Store,Kurtas,Festive Kurta,1,4060,2010,0,Bank Transfer,No
704057,2025-06-05,C100058,Lahore,Online,JEANS,High-Waist Jeans,1,4510,2450,0,COD,No
700633,2024-09-20,C101161,Rawalpindi,Online,Accessories,Baseball Cap,3,940,520,0,Card,No
702810,2025-02-10,C101503,Karachi,Store,Kurtas,Festive Kurta,2,4110,2040,0,Card,No
702697,2024-08-07,C101946,Lahore,Online,Jeans,Slim Fit Jeans,1,3630,2070,15,COD,No
701813,2023-11-09,C101073,Peshawar,Online,T-Shirts,Graphic Print Tee,1,1610,920,20,COD,No
704333,2024-12-17,C102008,Lahore,Online,Jeans,Slim Fit Jeans,1,3580,2320,30,Card,Yes
700448,2024-04-11,C100822,Karachi,Online,T-Shirts,Graphic Print Tee,2,1440,660,0,Card,No
700478,2025-05-06,C101257,Faisalabad,Online,T-Shirts,Graphic Print Tee,2,1480,910,0,COD,No
700723,2024-05-10,C100953,Lahore,Online,Dresses,Maxi Dress,3,4700,2240,20,COD,No
700030,2024-08-26,C100407,Multan,Online,Kurtas,Cotton Kurta,1,2040,1090,0,COD,No
702831,2024-07-22,C101721,Lahore,Store,Jeans,Slim Fit Jeans,2,3670,2090,0,Card,No
701510,2025-03-23,C101176,Karachi,Online,Accessories,Tote Bag,1,1590,1000,0,Wallet,No
701339,2023-07-17,C100652,Rawalpindi,Online,Shoes,Boots,2,6900,4380,0,Card,No
703580,2025-03-09,C101049,Lahore,Online,Shoes,Sneakers,1,4780,2280,10,Card,No
703299,2024-02-18,C102094,Peshawar,Store,Jackets,Hooded Jacket,1,4840,2820,10,Bank Transfer,No
703077,2024-10-21,C100521,Karachi,Online,Dresses,Maxi Dress,2,4490,2310,0,Card,No
700761,2025-05-21,C100568,Karachi,Online,kurtas,Festive Kurta,2,4100,2590,10,COD,No
700306,2024-05-02,C102066,Islamabad,Online,Jeans,Ripped Jeans,1,3720,1930,20,,No
702641,2024-11-26,C100175,Lahore,Online,Jeans,High-Waist Jeans,1,4510,2710,10,Bank Transfer,No
701398,2023-12-21,C100644,Islamabad,Online,Accessories,Sunglasses,2,2220,1100,25,Card,No
703390,2023-09-25,C100182,Islamabad,Store,T-Shirts,Polo Shirt,1,2120,1220,0,COD,No
704113,2023-11-28,C101124,Karachi,Store,Jackets,Denim Jacket,2,5250,2390,15,COD,No
700611,2025-06-15,C101518,Lahore,Store,Shoes,Loafers,1,5050,3220,0,Card,No
702618,2024-10-11,C100076,Karachi,Store,Shoes,Boots,2,6210,3460,0,COD,No
700258,2024-07-24,C101836,Lahore,Online,T-Shirts,Oversized Tee,1,1900,1020,0,COD,No
700325,2023-08-02,C100897,Lahore,Online,Jeans,Slim Fit Jeans,1,3560,1760,0,Card,No
702345,2024-09-28,C100168,Karachi,Online,Dresses,Wrap Dress,2,3980,1870,0,COD,Yes
704481,2025-05-11,C100283,Lahore,Store,Jackets,Bomber Jacket,1,5450,2680,0,Bank Transfer,No
702661,2025-03-09,C101668,Lahore,Online,Jackets,Denim Jacket,3,5940,3560,10,COD,No
702315,2025-02-26,C100215,Faisalabad,Online,Kurtas,Printed Kurta,1,0,1490,0,Card,No
703862,2023-10-12,C100493,Karachi,Online,Dresses,Wrap Dress,3,4100,1880,15,COD,No
704062,2023-11-20,C100308,Karachi,Store,Kurtas,Festive Kurta,1,4370,2610,30,Card,No
703907,2023-09-18,C101993,Lahore,Store,Dresses,Maxi Dress,3,4820,2210,0,Card,No
702357,2025-05-06,C101808,Karachi,Online,T-Shirts,Polo Shirt,1,2240,1250,20,COD,Yes
700412,2024-04-04,C101035,Rawalpindi,Store,Shoes,Loafers,2,5330,3400,10,COD,No
704958,2025-04-07,C100292,Peshawar,Online,Accessories,Sunglasses,1,2300,1070,0,COD,Yes
701324,2024-11-27,C101764,Lahore,Online,Kurtas,Festive Kurta,1,4460,2190,0,Wallet,No
702423,2024-11-26,C101745,Islamabad,Online,jackets,Denim Jacket,1,5690,2890,0,Card,No
702492,2024-05-03,C101401,Lahore,Online,Kurtas,Printed Kurta,2,2360,1290,20,Bank Transfer,No
703348,2023-11-24,C101561,Islamabad,Online,Shoes,Loafers,1,5110,2470,10,Card,No
703223,2024-11-30,C100403,Lahore,Online,Jeans,High-Waist Jeans,3,4230,2710,0,Wallet,No
700218,2024-11-18,C101205,Lahore,Store,Kurtas,Embroidered Kurta,2,2960,1440,15,Card,No
701908,2025-06-30,C101019,Karachi,Online,Dresses,Bodycon Dress,1,3760,1970,0,COD,No
700795,2024-02-02,C100873,Karachi,Online,Jeans,Straight Leg Jeans,1,3360,1760,10,Bank Transfer,No
704258,2023-10-17,C102040,karachi,Online,Dresses,Maxi Dress,2,4600,2390,15,Wallet,No
702463,2024-04-06,C100179,Faisalabad,Online,Jeans,Slim Fit Jeans,3,3740,1950,0,COD,No
704020,2024-07-06,C100302,Islamabad,Store,jeans,Slim Fit Jeans,2,3380,2040,0,Card,No
703218,2025-01-31,C101796,Islamabad,Online,Kurtas,Festive Kurta,3,4180,2150,0,COD,No
701674,2024-06-02,C101640,Faisalabad,Online,T-Shirts,Polo Shirt,1,2160,1010,0,Card,No
703255,2023-11-20,C101269,Karachi,Online,Dresses,Wrap Dress,1,4040,2260,20,COD,No
702923,2024-07-15,C100196,Islamabad,Store,Shoes,Boots,1,6330,3490,0,Bank Transfer,No
702281,2023-08-22,C101224,Lahore,Online,Kurtas,Cotton Kurta,1,1940,1040,0,COD,No
703153,2024-10-31,C100366,Faisalabad,Online,Dresses,Maxi Dress,2,4680,2690,0,Bank Transfer,Yes
703932,2023-09-22,C101567,Lahore,Online,T-Shirts,Classic Cotton Tee,1,1270,750,0,Card,Yes
701453,2024-04-16,C101472,Lahore,Online,Accessories,Leather Belt,1,1200,600,10,,No
701911,2025-02-12,C100157,Rawalpindi,Online,Dresses,Bodycon Dress,1,3910,2370,0,COD,No
701359,2024-01-09,C101927,Rawalpindi,Online,Jeans,Straight Leg Jeans,1,3320,1770,10,Wallet,No
700329,2024-01-27,C100713,Peshawar,Online,Jeans,Ripped Jeans  ,1,3780,2040,0,Card,No
703541,2024-03-21,C101262,Karachi,Online,Kurtas,Cotton Kurta,1,1920,860,15,Card,No
701875,2024-07-09,C101740,Lahore,Online,T-Shirts,Oversized Tee,1,1760,1120,0,Bank Transfer,No
701125,2024-03-20,C101938,Lahore,Online,Jackets,Bomber Jacket,3,5530,2840,0,COD,No
704116,2023-12-12,C101810,Lahore,Store,Jeans,Ripped Jeans,2,4020,2070,15,Card,Yes
703226,2024-10-17,C101296,Lahore,Online,jackets,Hooded Jacket,1,4600,2350,10,COD,No
703677,2025-03-11,C100798,,Store,Shoes,Sneakers,3,4290,2080,0,COD,No
701513,2025-05-21,C100329,Karachi,Online,T-Shirts,Polo Shirt,1,2340,1440,20,Bank Transfer,No
701351,2023-10-16,C100708,Karachi,Online,Shoes,Loafers,1,5590,2650,0,Card,Yes
701171,2023-08-07,C101109,Lahore,Online,T-Shirts,Graphic Print Tee,1,1550,740,15,Card,No
703897,2025-06-12,C101732,Faisalabad,Store,Accessories,Baseball Cap,3,940,550,10,Wallet,No
701178,2024-09-01,C100848,lahore,Online,Accessories,Sunglasses,1,2230,1100,0,Wallet,No
701550,2024-09-18,C101565,Karachi,Online,Accessories,Tote Bag,2,1560,780,0,Bank Transfer,No
701526,2024-03-06,C101593,Karachi,Online,Kurtas,Cotton Kurta,3,1940,950,0,COD,No
703444,2024-06-23,C100669,Karachi,Online,Shoes,Loafers,1,5010,3040,0,COD,No
702996,2025-04-21,C101125,Islamabad,Online,Kurtas,Festive Kurta,1,4010,2540,10,COD,No
700419,2024-11-18,C100637,Rawalpindi,Store,Kurtas,Cotton Kurta,1,2010,1000,0,COD,No
704297,2023-12-04,C101002,Lahore,Online,Jackets,Bomber Jacket,3,5090,2420,0,COD,No
702953,2023-11-16,C101995,Faisalabad,Online,Dresses,Wrap Dress,1,3890,2340,0,Card,No
703348,2023-11-24,C101561,Islamabad,Online,T-Shirts,Classic Cotton Tee,1,1220,780,20,Card,No
700979,2024-03-31,C100412,Lahore,Store,Shoes,Sneakers,1,4470,2180,0,Card,No
705036,2025-03-28,C101278,Multan,Store,Jackets,Puffer Jacket,2,7250,4480,0,Wallet,No
700469,2024-10-12,C100138,Faisalabad,Online,Kurtas,Festive Kurta,1,4110,2230,0,COD,No
703483,2023-09-20,C100396,MULTAN,Online,T-Shirts,Oversized Tee,1,1860,1020,0,Card,No
703523,2023-11-12,C100093,Karachi,Online,Accessories,Tote Bag,1,1620,790,15,Card,No
703475,2024-10-13,C100037,Karachi,Store,Jackets,Denim Jacket,1,5620,3390,0,COD,No
704935,2024-12-29,C101704,Karachi,Online,T-Shirts,Graphic Print Tee,1,1470,760,10,Wallet,No
704842,2024-06-03,C101752,Peshawar,Store,Shoes,Sneakers,3,4620,2470,15,COD,No
701577,2024-04-04,C101305,Peshawar,Online,Shoes,Sandals,1,2890,1540,0,COD,No
701201,2023-08-21,C100024,Faisalabad,Store,Kurtas,Printed Kurta,1,2400,1220,15,Card,No
705104,2025-06-10,C101908,Faisalabad,Online,jeans,Straight Leg Jeans,1,3260,1550,0,COD,No
703890,2025-01-20,C100577,Islamabad,Store,Kurtas,Embroidered Kurta,3,2920,1670,0,Wallet,No
703980,2023-11-09,C100409,Sialkot,Online,Kurtas,Cotton Kurta,1,2050,1180,0,Bank Transfer,Yes
704470,2024-06-26,C101690,Faisalabad,Online,Accessories,Baseball Cap,1,910,500,10,Card,No
700500,2024-04-01,C101341,Faisalabad,Online,Dresses,Maxi Dress,2,4370,2490,0,Wallet,No
704643,2025-02-10,C100256,Faisalabad,Online,Jackets,Bomber Jacket,2,5310,3360,0,Card,No
703519,2024-09-22,C101312,Islamabad,Store,Accessories,Baseball Cap,2,960,540,0,Card,No
704802,2024-03-24,C100731,Lahore,Online,Kurtas,Printed Kurta,2,2350,1490,0,Bank Transfer,No
704753,2024-03-28,C101884,Karachi,Online,Jeans,Straight Leg Jeans,1,3280,1610,0,COD,No
703844,2025-03-24,C101757,Sialkot,Online,Kurtas,Cotton Kurta,1,1870,1100,0,,No
702464,2024-07-24,C100481,LAHORE,Online,Jeans,Straight Leg Jeans,2,3290,1560,10,Card,No
701362,2024-12-31,C100342,Faisalabad,Online,Accessories,Tote Bag,2,1700,950,0,Card,No
705094,2024-06-21,C101647,Faisalabad,Online,Kurtas,Cotton Kurta,1,1930,890,10,,Yes
704530,2023-11-26,C101956,Islamabad,Online,Jeans,Ripped Jeans,2,3850,1860,20,COD,No
704961,2024-11-25,C100772,Islamabad,Store,Kurtas,Embroidered Kurta,2,2990,1910,30,Bank Transfer,No
700078,2025-03-08,C100388,Lahore,Store,Shoes,Sneakers,3,4830,2440,0,Card,No
704059,2024-12-25,C100664,Karachi,Online,Kurtas,Festive Kurta,1,4170,2220,15,COD,No
702756,2024-12-28,C100097,Lahore,Online,Dresses,Bodycon Dress,1,4060,2090,30,,Yes
702130,2025-03-07,C101711,Karachi,Online,shoes,Sneakers,1,4820,2380,0,COD,No
701153,2024-01-17,C102044,Sialkot,Online,Jackets,Bomber Jacket,3,5510,3230,0,COD,No
700264,2025-04-15,C101766,Sialkot,Online,T-Shirts,Classic Cotton Tee,1,1180,730,0,COD,No
702352,2024-05-24,C100777,Lahore,Online,Dresses,Maxi Dress,3,4510,2820,10,Wallet,Yes
703233,2023-07-25,C100391,Lahore,Store,t-shirts,Classic Cotton Tee,1,1260,600,10,COD,No
700022,2024-12-21,C100179,Faisalabad,Online,Jackets,Puffer Jacket,3,6570,3460,25,Bank Transfer,No
703653,2025-04-09,C101721,lahore,Store,Accessories,Sunglasses,3,2210,1180,20,Bank Transfer,No
704830,2023-08-26,C100919,Islamabad,Online,Dresses,Bodycon Dress,1,3610,2290,0,Card,No
704569,2025-05-26,C101945,Peshawar,Store,Shoes,Sneakers,2,4540,2420,0,Card,No
702368,2025-04-09,C100775,Multan,Store,Dresses,Bodycon Dress,3,3810,2100,15,Card,No
700299,2023-10-05,C101216,Karachi,Store,Jackets,Puffer Jacket,3,6590,3150,0,Bank Transfer,No
703961,2025-06-05,C100802,Peshawar,Store,Accessories,Sunglasses,1,2300,1480,15,COD,No
704690,2025-05-11,C101754,,Online,Dresses,Bodycon Dress,1,3850,2360,0,Card,No
700965,2025-02-19,C102142,Faisalabad,Store,T-Shirts,Oversized Tee,2,1710,920,0,Bank Transfer,No
702373,2024-07-22,C101510,Lahore,Online,Kurtas,Cotton Kurta,1,1850,1170,0,COD,No
702045,2024-05-05,C100877,Karachi,Online,Kurtas,Printed Kurta,2,2410,1230,10,COD,No
702294,2024-07-31,C100133,Karachi,Online,Accessories,Baseball Cap,1,880,540,0,Card,No
701917,2025-04-06,C100538,Lahore,Online,Jackets,Bomber Jacket,2,5400,2450,0,Card,No
705091,2023-07-28,C100340,Lahore,Online,T-Shirts,Oversized Tee,1,1800,1110,0,Card,No
704065,2025-03-30,C101415,Faisalabad,Online,Accessories,Sunglasses,1,2190,1360,15,COD,No
704255,2025-01-28,C101808,Karachi,Store,Jackets,Denim Jacket,1,5690,2800,0,Card,No
703447,2025-02-05,C101635,karachi,Store,Jeans,Straight Leg Jeans,2,3450,1720,0,COD,No
702866,2023-12-17,C100659,Karachi,Online,Kurtas,Festive Kurta,1,4510,2850,10,COD,No
702342,2024-12-08,C101769,Multan,Store,Shoes,Sneakers,2,4480,2140,0,Card,No
700208,2024-12-28,C101664,Peshawar,Store,Jackets,Puffer Jacket,3,7040,4280,30,Card,No
701569,2024-02-22,C101617,Islamabad,Online,Shoes,Loafers,1,5180,2400,10,Wallet,Yes
702578,2023-09-17,C101067,Rawalpindi,Store,Kurtas,Printed Kurta,1,2350,1460,15,Card,No
704335,2024-09-02,C102030,Lahore,Store,Shoes,Sneakers,1,4660,2860,0,Card,Yes
701368,2024-07-03,C100558,Islamabad,Store,Dresses,Wrap Dress,1,4310,1990,15,Wallet,No
701534,2024-08-25,C101947,Peshawar,Online,Accessories,Baseball Cap,2,900,530,0,Bank Transfer,No
700326,2023-11-21,C100926,Lahore,Store,Jeans,Slim Fit Jeans,2,3700,2010,25,Card,No
700286,2025-03-26,C101214,Karachi,Online,Jeans,Straight Leg Jeans,2,3200,1810,0,Card,No
702112,2025-01-14,C100010,,Online,Jackets,Bomber Jacket,1,5580,3370,0,Card,No
702518,2024-10-26,C101233,Rawalpindi,Store,Shoes,Loafers,2,5120,2390,10,COD,No
700987,2024-07-19,C102081,Lahore,Store,T-Shirts,Oversized Tee,1,1770,1010,0,Card,No
701998,2023-09-30,C100455,Lahore,Online,T-Shirts,Oversized Tee,2,1840,870,0,COD,No
703010,2023-08-30,C100906,Karachi,Store,T-Shirts,Polo Shirt,1,2310,1150,0,Wallet,No
703932,2023-09-22,C101567,Lahore,Online,T-Shirts,Polo Shirt,1,2240,1270,0,Card,No
704260,2024-10-04,C101019,Karachi,Online,Jackets,Hooded Jacket,1,5130,2560,10,Wallet,No
703712,2024-07-18,C101294,Karachi,Store,Jeans,Ripped Jeans,1,3730,2300,0,Wallet,No
703193,2024-07-17,C100793,Lahore,Store,Accessories,Leather Belt,1,1220,610,10,Wallet,No
702257,2023-08-22,C100289,Lahore,Online,Dresses,Summer Floral Dress,3,3180,1690,0,Wallet,No
703604,2024-11-13,C100073,Lahore,Store,Accessories,Sunglasses,2,2300,1200,30,Card,No
704623,2024-04-09,C102125,Karachi,Store,Dresses,Maxi Dress,1,4660,2340,10,Wallet,No
702300,2025-01-19,C101235,Lahore,Online,T-Shirts,Oversized Tee,3,1740,1010,0,Card,No
701921,2023-10-20,C101191,Karachi,Online,shoes,Loafers,1,5360,3090,15,Card,No
703613,2025-01-02,C101695,Islamabad,Online,Accessories,Tote Bag,2,1520,870,15,Card,No
701971,2024-03-13,C101224,Lahore,Online,T-Shirts,Classic Cotton Tee,3,1230,670,0,COD,No
702205,2023-11-28,C101380,Karachi,Online,SHOES,Boots,1,6290,3580,15,COD,No
702787,2023-12-28,C100156,Karachi,Store,T-Shirts,Graphic Print Tee,1,1530,850,20,Card,No
700346,2025-06-15,C100482,Islamabad,Online,Dresses,Bodycon Dress,1,3900,1900,0,COD,No
703869,2024-12-11,C101705,Sialkot,Store,Accessories,Tote Bag,3,1590,830,0,COD,No
700618,2025-03-20,C100706,Faisalabad,Online,Shoes,Sandals,1,2870,1420,0,Bank Transfer,No
700688,2023-09-12,C101084,Sialkot,Store,T-Shirts,Classic Cotton Tee,1,1230,780,10,Card,No
704960,2025-02-16,C101473,Karachi,Online,Kurtas,Cotton Kurta,1,2000,1200,0,COD,No
704077,2025-01-09,C100936,Sialkot,Online,Jeans,Ripped Jeans,2,3960,2420,0,Card,No
702236,2023-08-30,C100287,Karachi,Online,Jackets,Puffer Jacket,2,7090,4550,0,COD,No
703681,2023-10-16,C101351,Multan,Online,Jeans,High-Waist Jeans,1,4190,2150,0,COD,No
704232,2024-11-10,C100072,Multan,Online,Accessories,Tote Bag,1,1580,990,20,Card,No
701260,2024-02-19,C100423,Lahore,Online,Dresses,Maxi Dress,1,4400,2110,0,COD,No
701503,2023-07-19,C100110,Karachi,Online,Dresses,Summer Floral Dress,2,3040,1550,0,Card,No
700242,2024-01-24,C100256,Faisalabad,Store,Jackets,Bomber Jacket,2,5320,2620,0,Card,No
701185,2024-04-10,C100773,Multan,Store,Jackets,Bomber Jacket,2,5450,3010,10,Card,No
701057,2024-12-16,C102151,Lahore,Store,Accessories,Baseball Cap,1,950,520,20,Wallet,No
705142,2025-02-11,C102032,Karachi,Store,Kurtas,Embroidered Kurta,2,2990,1370,0,,No
701888,2025-06-16,C101742,Lahore,Online,Accessories,Tote Bag,1,1570,760,0,Wallet,No
703132,2025-06-02,C101367,Lahore,Store,Shoes,Loafers,2,5240,3310,0,Card,No
704815,2025-01-07,C100535,Lahore,Online,Dresses,Maxi Dress,3,4730,2800,0,Card,No
702103,2023-08-18,C100339,Peshawar,Online,Jeans,Ripped Jeans,2,3870,2050,0,Card,No
704832,2024-07-16,C102193,Lahore,Online,Shoes,Sandals,1,2900,1640,0,Card,Yes
701864,2023-07-26,C100782,Karachi,Online,Accessories,Baseball Cap,1,960,440,0,Card,No
705165,2024-05-06,C100032,Karachi,Online,Kurtas,Festive Kurta,2,4310,2720,10,COD,No
703452,2024-03-05,C100353,Islamabad,Store,Kurtas,Festive Kurta,1,4400,2530,0,Card,No
700127,2025-03-01,C101432,Lahore,Online,Shoes,Sneakers,3,4710,2740,0,Card,No
704133,2025-06-12,C102128,Lahore,Online,Dresses,Wrap Dress,1,4030,2390,0,Bank Transfer,No
703117,2024-05-28,C100416,LAHORE,Online,Shoes,Sandals,1,2800,1600,0,,No
702648,2024-12-10,C101224,Lahore,Store,Jackets,Puffer Jacket,1,6840,3330,0,COD,No
702822,2025-02-14,C100369,Peshawar,Store,Jackets,Puffer Jacket,1,7320,4560,15,COD,No
704798,2025-01-11,C101724,Karachi,Online,Jackets,Puffer Jacket,3,7130,3340,0,Wallet,Yes
703238,2024-03-13,C101472,Lahore,Online,Kurtas,Printed Kurta,1,2530,1170,0,Card,No
704825,2025-05-06,C100240,Multan,Online,Kurtas,Printed Kurta,1,2340,1260,10,COD,No
701858,2023-08-30,C101032,Islamabad,Online,Kurtas,Festive Kurta,1,4040,2250,10,COD,No
702264,2025-01-21,C100325,Rawalpindi,Online,Accessories,Leather Belt,2,1240,710,0,COD,No
703630,2025-01-08,C102188,Karachi,Online,Jeans,High-Waist Jeans,2,4290,2760,0,COD,No
703429,2024-05-25,C102095,Karachi,Online,T-Shirts,Polo Shirt,1,2290,1320,20,Bank Transfer,No
700882,2024-08-29,C101525,Lahore,Online,Accessories,Leather Belt,1,1280,590,0,Wallet,No
701751,2024-10-22,C101891,Faisalabad,Store,T-Shirts,Classic Cotton Tee,1,1200,720,0,Card,No
704702,2025-02-20,C101339,Karachi,Store,T-Shirts,Graphic Print Tee,1,1460,790,10,COD,No
702426,2025-05-04,C100165,Karachi,Online,Shoes,Sandals,2,2750,1600,0,Card,No
705031,2025-01-30,C100566,Faisalabad,Store,Jackets,Denim Jacket,3,5640,3390,0,Card,No
703055,2024-12-22,C100998,Sialkot,Store,Kurtas,Festive Kurta,2,4420,2760,20,COD,No
700298,2023-12-01,C102040,Karachi,Store,Dresses,Wrap Dress,2,4070,2600,20,Bank Transfer,No
702343,2024-07-01,C102030,Lahore,Store,Dresses,Bodycon Dress,1,3720,2050,0,COD,No
700206,2025-02-25,C100850,Lahore,Store,Dresses,Bodycon Dress,3,3790,2420,0,COD,No
703030,2025-03-28,C101646,Karachi,Online,Kurtas,Cotton Kurta,2,1830,1180,10,Wallet,No
703243,2024-09-10,C101324,Karachi,Store,Shoes,Boots,1,6730,4210,0,COD,No
705191,2024-06-19,C100398,karachi,Online,Jeans,Straight Leg Jeans,1,3120,1780,0,COD,No
700317,2023-09-10,C100241,Faisalabad,Online,Jackets,Denim Jacket,1,5280,2880,0,COD,No
704454,2024-12-05,C101224,Lahore,Online,T-Shirts,Graphic Print Tee,1,1450,690,0,COD,No
700800,2024-09-08,C101947,Peshawar,Online,Kurtas,Embroidered Kurta,2,2750,1480,0,Wallet,No
700159,2024-12-09,C102030,Lahore,Store,Accessories,Leather Belt,1,1200,750,0,COD,No
700827,2024-06-02,C100484,Lahore,Store,T-Shirts,Graphic Print Tee,1,1470,860,10,COD,No
702722,2024-09-29,C100914,Sialkot,Online,Kurtas,Cotton Kurta,1,1850,1090,0,Wallet,No
702022,2024-08-29,C100689,Islamabad,Online,Dresses,Summer Floral Dress,1,3310,1760,15,Card,No
701136,2025-06-29,C100567,Lahore,Online,Kurtas,Printed Kurta,1,2520,1440,0,Bank Transfer,No
702909,2023-07-29,C101196,Lahore,Online,T-Shirts,Classic Cotton Tee,2,1190,730,0,COD,Yes
703635,2024-04-01,C102030,Lahore,Online,Jackets,Denim Jacket,1,5670,2800,10,Bank Transfer,Yes
702004,2025-02-28,C100693,Karachi,Online,Jeans,Straight Leg Jeans,3,3310,1560,0,COD,Yes
700220,2023-12-06,C100088,Lahore,Online,Jackets,Denim Jacket,3,5510,2530,20,COD,No
703043,2024-01-09,C102054,Karachi,Store,Jeans,High-Waist Jeans,3,4140,2360,15,Wallet,No
702122,2024-11-17,C101292,Islamabad,Online,Jackets,Hooded Jacket,1,4880,3060,20,Bank Transfer,No
703742,2023-11-06,C101527,Karachi,Online,T-Shirts,Polo Shirt  ,2,2270,1390,30,Card,No
701974,2025-01-24,C100704,Karachi,Store,Jeans,Straight Leg Jeans,1,3070,1620,10,COD,No
701922,2023-10-13,C102084,Rawalpindi,Online,Accessories,Baseball Cap,1,860,480,0,Card,No
701548,2023-12-24,C102129,Lahore,Store,T-Shirts,Oversized Tee,1,1780,1030,10,Card,No
700472,2025-03-25,C100710,Sialkot,Online,Shoes,Sneakers,1,4510,2780,0,Card,No
700322,2024-02-09,C101922,Karachi,Online,jackets,Denim Jacket,1,5750,3600,0,Bank Transfer,No
702216,2023-07-10,C102118,Lahore,Store,T-Shirts,Classic Cotton Tee,1,1230,660,0,Card,No
703020,2023-11-24,C101652,Lahore,Online,Jackets,Hooded Jacket,1,4610,2210,15,COD,No
703930,2025-01-01,C101127,Rawalpindi,Online,Kurtas,Cotton Kurta,1,1890,1110,0,Wallet,No
701681,2025-04-26,C101211,Multan,Store,Jackets,Bomber Jacket,1,5610,2620,0,Card,No
702899,2023-10-13,C100272,Lahore,Store,Kurtas,Cotton Kurta,2,2020,1190,0,Card,No
700996,2024-11-05,C101797,,Store,Kurtas,Embroidered Kurta,3,2720,1540,10,Bank Transfer,No
705053,2024-03-15,C101645,Karachi,Store,T-Shirts,Graphic Print Tee,1,1530,730,15,COD,No
701274,2024-08-04,C100328,islamabad,Store,T-Shirts,Polo Shirt,1,2350,1150,0,COD,No
700390,2024-05-15,C101484,Islamabad,Store,Accessories,Tote Bag,3,1580,910,0,Card,No
700576,2024-08-18,C101742,Lahore,Store,Kurtas,Festive Kurta,1,4050,2490,0,COD,Yes
702837,2024-02-03,C101890,Lahore,Store,Shoes,Sneakers,1,4850,2610,0,Bank Transfer,No
703868,2024-01-27,C101577,Multan,Online,Jeans,Ripped Jeans,1,3850,2040,0,COD,No
704741,2024-12-03,C101063,Islamabad,Online,Jeans,Slim Fit Jeans,2,3650,1810,0,Card,No
703017,2024-06-15,C101496,Multan,Online,Dresses,Maxi Dress,1,4770,2370,0,Card,No
703581,2023-10-12,C100761,Lahore,Online,Jeans,Slim Fit Jeans,2,3740,1710,10,Wallet,No
700646,2023-08-30,C101176,Karachi,Online,Jeans,Ripped Jeans,1,3960,2000,0,COD,No
701735,2024-05-31,C100916,Lahore,Online,Dresses,Wrap Dress,1,3870,1850,0,COD,No
702364,2023-12-26,C101925,Lahore,Online,Shoes,Sandals,3,2750,1280,30,Wallet,No
701121,2023-09-19,C101069,Karachi,Store,Accessories,Leather Belt,1,1260,680,0,Wallet,No
704390,2023-09-27,C100459,Islamabad,Online,T-Shirts,Polo Shirt,3,2310,1190,0,Card,No
701399,2024-02-01,C100380,Islamabad,Online,Jackets,Hooded Jacket  ,1,4850,3040,0,Card,No
705179,2024-07-15,C101316,Islamabad,Online,Kurtas,Festive Kurta,1,4200,2070,10,Card,No
704788,2025-01-29,C100877,Karachi,Online,Jackets,Bomber Jacket,3,5370,2580,0,COD,No
700530,2024-08-20,C100539,Multan,Store,Kurtas,Embroidered Kurta,1,2870,1770,0,COD,No
704880,2023-07-05,C101191,Karachi,Online,Shoes,Loafers,1,5000,2790,0,COD,No
704915,2025-02-16,C101968,Karachi,Online,Shoes,Sandals,1,2680,1580,0,Card,No
704486,2023-11-30,C101048,Multan,Online,Accessories,Baseball Cap,1,910,550,15,COD,No
700421,2024-04-23,C100260,Lahore,Store,Kurtas,Cotton Kurta,3,1830,910,20,COD,No
700388,2025-03-30,C100263,Lahore,Online,Accessories,Sunglasses,2,2090,1070,10,Card,No
704054,2024-02-12,C100469,Islamabad,Online,Jackets,Hooded Jacket,1,5180,2670,0,Card,No
703185,2025-04-24,C100138,Faisalabad,Store,Kurtas,Embroidered Kurta,1,2710,1400,0,Card,No
704003,2025-05-04,C101918,Islamabad,Online,Kurtas,Embroidered Kurta,2,2800,1700,20,Bank Transfer,No
700309,2025-02-16,C101915,Lahore,Online,Jeans,Ripped Jeans,3,3830,2240,15,COD,No
704768,2023-09-11,C101019,Karachi,Online,Accessories,Sunglasses,3,2280,1130,0,Wallet,No
702106,2025-03-30,C100213,Faisalabad,Store,T-Shirts,Graphic Print Tee,3,1490,800,0,COD,No
701400,2024-12-22,C100881,Islamabad,Store,Jackets,Bomber Jacket,2,5240,2540,30,Card,No
703918,2024-02-22,C100428,Lahore,Online,Kurtas,Embroidered Kurta,3,2870,1860,10,Card,No
702726,2024-11-24,C101122,Multan,Online,JEANS,Straight Leg Jeans,2,3160,1720,0,Bank Transfer,No
701067,2023-10-01,C102119,Lahore,Store,Accessories,Sunglasses,3,2220,1440,10,Card,No
701843,2024-02-24,C101290,Karachi,Online,Kurtas,Cotton Kurta,1,1920,1150,10,Wallet,No
703319,2025-02-04,C100262,Karachi,Store,jackets,Bomber Jacket,2,5410,3390,0,COD,No
705056,2024-11-22,C100860,Faisalabad,Online,Kurtas,Printed Kurta,3,2340,1420,20,Card,No
704866,2023-09-02,C100549,Karachi,Online,Jackets,Denim Jacket,3,5300,2630,0,Wallet,No
703878,2024-05-27,C100230,Lahore,Online,Shoes,Boots,2,6290,2870,0,Bank Transfer,No
704981,2024-11-18,C101047,Faisalabad,Online,Jackets,Bomber Jacket,2,5240,2460,0,Bank Transfer,No
700553,2024-03-24,C101715,Faisalabad,Store,Jackets,Denim Jacket,3,5460,2480,0,Card,Yes
701889,2024-11-23,C101567,Lahore,Store,Shoes,Boots,2,6340,3440,20,,No
704594,2024-03-22,C101892,Islamabad,Store,Jackets,Hooded Jacket,2,4580,2520,0,COD,No
702711,2024-12-02,C101480,Karachi,Online,Kurtas,Printed Kurta,1,2310,1460,0,Wallet,No
701384,2024-03-05,C100671,Islamabad,Store,accessories,Tote Bag,1,1710,800,0,Wallet,No
700703,2025-03-14,C101123,Lahore,Online,Jeans,Ripped Jeans,2,4050,2150,0,Card,No
701598,2024-12-03,C101407,Lahore,Online,Kurtas,Cotton Kurta,1,1920,860,10,Card,No
701375,2024-11-16,C102157,Karachi,Store,Jackets,Hooded Jacket,3,5060,2500,0,Card,No
700459,2024-11-03,C100091,Rawalpindi,Online,Jackets,Hooded Jacket,2,4750,2730,25,Card,No
704106,2024-05-22,C100254,Lahore,Online,Shoes,Sneakers,1,4470,2180,10,Card,No
702318,2024-04-30,C100902,Lahore,Online,Dresses,Bodycon Dress,1,3890,2520,0,COD,No
704265,2024-07-16,C101385,Lahore,Store,Kurtas,Festive Kurta,1,4020,2100,0,COD,No
702925,2025-03-28,C100867,Faisalabad,Online,Kurtas,Printed Kurta,1,2390,1280,0,COD,No
704450,2024-11-27,C101038,Karachi,Store,Jackets,Puffer Jacket,3,7020,4460,30,Card,No
700868,2025-02-14,C101962,Islamabad,Store,Jackets,Denim Jacket,1,5610,3190,0,COD,No
702640,2024-11-13,C102088,Rawalpindi,Online,Shoes,Sneakers,1,4850,2240,10,COD,No
704192,2025-05-30,C101535,Karachi,Store,Accessories,Baseball Cap,1,910,580,10,COD,No
700444,2023-09-17,C101355,Lahore,Store,Shoes,Sneakers,1,4500,2280,0,Card,Yes
704015,2025-04-06,C101213,Karachi,Online,Kurtas,Printed Kurta,1,2300,1200,15,COD,No
704464,2023-12-10,C100679,Karachi,Store,Jackets,Bomber Jacket,1,5020,3220,0,COD,No
701766,2025-03-31,C100101,Rawalpindi,Online,Accessories,Leather Belt,1,1240,560,0,Card,No
702208,2024-11-10,C100902,Lahore,Store,Shoes,Boots,1,6620,3750,10,COD,No
702644,2023-07-30,C101710,Faisalabad,Online,Accessories,Baseball Cap,1,940,530,0,COD,No
700276,2024-02-20,C101620,Lahore,Online,Jackets,Denim Jacket,3,5720,3440,0,Wallet,No
700872,2024-10-21,C100196,Islamabad,Store,Dresses,Wrap Dress,1,4090,2320,0,COD,No
705152,2025-04-25,C100124,Lahore,Store,Kurtas,Festive Kurta,2,4320,2110,0,Wallet,No
700498,2024-09-10,C101915,Lahore,Online,Kurtas,Printed Kurta,1,2560,1200,0,Card,No
704831,2023-08-15,C100342,Faisalabad,Store,Dresses,Summer Floral Dress,1,3180,1920,0,COD,No
700222,2025-02-19,C100089,Islamabad,Store,Dresses,Maxi Dress,1,4410,2610,0,COD,No
701607,2025-06-23,C101753,Faisalabad,Store,Kurtas,Festive Kurta,2,4040,2170,10,COD,No
703934,2024-02-16,C100664,Karachi,Online,Shoes,Sneakers,1,4390,2180,10,COD,Yes
701749,2024-10-09,C100594,Lahore,Online,Shoes,Loafers,1,5230,3040,0,COD,No
704069,2024-05-11,C101800,Islamabad,Online,Shoes,Loafers,1,5140,2840,10,COD,No
702804,2024-12-03,C101471,Lahore,Online,T-Shirts,Graphic Print Tee  ,1,1620,760,15,Card,No
702320,2023-07-18,C101315,Rawalpindi,Online,Jeans,Ripped Jeans,1,3650,1700,0,Wallet,Yes
700917,2024-01-10,C102054,Karachi,Online,Jeans,Slim Fit Jeans,1,3560,1790,0,COD,No
704188,2025-03-26,C101504,Faisalabad,Online,Shoes,Sneakers,1,4560,2920,10,COD,No
703222,2025-02-23,C102069,Islamabad,Online,Jackets,Hooded Jacket,1,4690,2520,0,Bank Transfer,No
700888,2024-08-29,C101859,Karachi,Online,T-Shirts,Polo Shirt,2,2280,1370,0,Card,No
702080,2024-08-25,C101814,Multan,Online,Dresses,Maxi Dress,2,4550,2610,0,Card,Yes
703692,2024-03-17,C101393,Lahore,Online,Jackets,Bomber Jacket,1,5430,2900,0,COD,No
704682,2023-12-09,C100731,Lahore,Store,Jeans,Slim Fit Jeans,1,3740,2200,20,Wallet,Yes
702352,2024-05-24,C100777,Lahore,Online,Kurtas,Cotton Kurta,1,2000,1030,15,Wallet,No
700420,2023-11-18,C100544,Lahore,Online,Dresses,Bodycon Dress,1,3740,2070,20,COD,No
702242,2023-10-08,C100691,Peshawar,Online,Dresses,Wrap Dress,2,3880,2250,0,Card,No
701870,2024-06-27,C101839,Faisalabad,Online,Kurtas,Printed Kurta,2,2570,1390,15,COD,No
700634,2024-08-29,C100219,Karachi,Store,jeans,Slim Fit Jeans,1,3690,2050,0,COD,No
704847,2024-09-09,C101464,Rawalpindi,Online,Accessories,Baseball Cap,3,870,470,0,COD,No
703826,2024-09-10,C100217,Lahore,Online,Kurtas,Embroidered Kurta,1,2890,1440,15,Card,No
701021,2024-06-17,C101213,Karachi,Store,Kurtas,Embroidered Kurta,1,2760,1450,10,COD,No
700628,2024-09-06,C101781,Faisalabad,Store,Jackets,Denim Jacket,3,5660,3680,0,COD,No
700911,2023-10-25,C101288,Karachi,Online,Accessories,Leather Belt,1,1170,760,0,Bank Transfer,No
704038,2024-03-26,C101299,Karachi,Online,Jeans,Straight Leg Jeans,1,3310,1530,0,Bank Transfer,No
700851,2025-05-14,C101639,Rawalpindi,Online,Kurtas,Festive Kurta,2,4140,2530,10,COD,No
700414,2024-12-09,C101760,Karachi,Online,Jackets,Denim Jacket,1,5530,2640,20,COD,No
704365,2024-06-16,C101284,Peshawar,Online,Accessories,Sunglasses,1,2360,1280,0,COD,No
704843,2024-03-06,C101508,Lahore,Online,Dresses,Maxi Dress,1,4630,2450,0,Bank Transfer,No
702745,2024-05-10,C100882,Peshawar,Online,Kurtas,Cotton Kurta,1,2000,900,10,Card,No
701104,2025-05-06,C101728,Lahore,Online,Jeans,Ripped Jeans,2,3670,2160,15,Card,No
702813,2024-05-04,C100749,Multan,Store,Shoes,Sandals,1,2750,1720,20,Wallet,No
702599,2023-09-28,C101805,Rawalpindi,Online,Jeans,Straight Leg Jeans,1,3110,1660,0,COD,No
700708,2023-08-07,C101927,Rawalpindi,Online,T-Shirts,Oversized Tee,1,1940,1180,0,Wallet,No
704878,2024-09-29,C102000,Multan,Online,T-Shirts,Classic Cotton Tee,1,1200,650,0,COD,No
702612,2023-07-07,C100708,Karachi,Online,T-Shirts,Classic Cotton Tee,2,1290,630,0,COD,No
703831,2024-02-29,C101717,Islamabad,Store,T-Shirts,Graphic Print Tee,2,1500,850,0,Card,No
702464,2024-07-24,C100481,Lahore,Online,Accessories,Leather Belt,1,1190,560,15,Card,Yes
702876,2023-12-07,C101362,Islamabad,Store,Shoes,Boots,3,6820,3380,15,COD,No
700819,2024-12-30,C102170,Karachi,Online,Jeans,Ripped Jeans,1,3880,2350,15,Bank Transfer,No
701887,2025-03-20,C101776,Rawalpindi,Online,Jeans,Straight Leg Jeans,1,3290,1860,10,Card,No
700796,2024-05-21,C100067,,Online,Dresses,Bodycon Dress,1,3770,1990,10,Bank Transfer,No
703950,2025-06-02,C101790,Faisalabad,Online,Dresses,Wrap Dress,3,4160,1920,0,Wallet,No
704648,2024-09-15,C102034,Lahore,Online,Shoes,Loafers,1,5090,2430,0,Wallet,No
703972,2025-02-03,C101348,Karachi,Online,Shoes,Sneakers,1,0,2630,0,Bank Transfer,No
701778,2024-01-20,C101460,Faisalabad,Store,Jackets,Puffer Jacket,1,6520,3130,0,COD,No
702802,2025-06-22,C101466,Karachi,Store,Jeans,Slim Fit Jeans,1,3490,1790,0,Card,No
703813,2025-05-08,C100021,Karachi,Online,Accessories,Leather Belt,1,1160,720,0,COD,No
705089,2025-03-23,C101327,Islamabad,Store,Shoes,Loafers,2,5200,3000,10,Bank Transfer,No
705077,2025-05-30,C100881,Islamabad,Online,Kurtas,Cotton Kurta,3,1830,1150,10,Card,No
701498,2024-01-16,C100262,Karachi,Online,Accessories,Leather Belt,2,1140,540,0,COD,No
704465,2024-12-23,C101087,Faisalabad,Online,Jeans,Ripped Jeans,1,3850,2400,0,COD,No
702591,2023-11-17,C101828,Peshawar,Store,Shoes,Loafers,1,5000,2960,15,Card,Yes
700452,2023-08-11,C102181,Sialkot,Store,T-Shirts,Classic Cotton Tee,1,1220,640,0,COD,No
703154,2024-02-15,C100941,Multan,Store,Jeans,High-Waist Jeans,2,4150,1870,0,COD,Yes
701797,2025-02-21,C101710,Faisalabad,Online,T-Shirts,Polo Shirt,1,2230,1190,0,COD,No
703569,2024-03-25,C100230,Lahore,Online,Jeans,Slim Fit Jeans,2,3700,2340,0,COD,No
702729,2025-03-04,C101572,Islamabad,Online,Dresses,Wrap Dress,1,4200,2400,0,Bank Transfer,Yes
705178,2025-01-04,C101094,Islamabad,Store,Jackets,Puffer Jacket,1,7100,3300,15,Wallet,No
702408,2025-04-25,C100105,Rawalpindi,Store,T-Shirts,Graphic Print Tee,1,1540,910,0,Card,No
700043,2023-10-04,C101065,Sialkot,Online,Jeans,Slim Fit Jeans,1,3540,2140,10,COD,No
702567,2025-04-21,C100051,Lahore,Online,Shoes,Loafers,2,5150,2330,15,COD,Yes
704924,2024-06-28,C102136,Karachi,Store,Dresses,Bodycon Dress,1,3640,2270,10,Wallet,Yes
702915,2025-05-29,C102088,Rawalpindi,Online,Jeans,Straight Leg Jeans,3,3170,1790,0,COD,No
703643,2024-10-20,C100770,Lahore,Store,Jeans,Ripped Jeans,1,3860,2410,10,COD,No
704643,2025-02-10,C100256,Faisalabad,Online,Jackets,Denim Jacket,3,5400,2790,0,Card,No
702000,2024-08-25,C101451,Islamabad,Online,Jeans,High-Waist Jeans,2,4360,2230,10,COD,No
704232,2024-11-10,C100072,Multan,Online,Dresses,Summer Floral Dress,1,3230,1940,0,Card,No
702914,2025-03-29,C101610,Lahore,Store,T-Shirts,Graphic Print Tee,3,1490,810,0,COD,No
701872,2023-09-24,C100510,Lahore,Store,Jeans,High-Waist Jeans,1,4410,2540,10,Card,No
700750,2023-10-21,C102132,Sialkot,Store,Jackets,Denim Jacket,1,5740,3390,0,COD,No
703807,2023-10-14,C100994,Peshawar,Online,Dresses,Bodycon Dress,1,3650,2000,10,COD,No
702420,2023-10-03,C100156,Karachi,Online,Jeans,High-Waist Jeans,1,4010,2240,0,Bank Transfer,No
703581,2023-10-12,C100761,Lahore,Online,Dresses,Bodycon Dress,1,3760,1780,0,Wallet,Yes
700092,2025-02-09,C100017,Lahore,Store,Jeans,Ripped Jeans,2,3650,2060,0,Bank Transfer,No
701205,2024-12-05,C101194,Multan,Online,T-Shirts,Classic Cotton Tee,3,1220,780,0,COD,No
703271,2023-08-13,C101721,Lahore,Online,T-Shirts,Graphic Print Tee,2,1590,880,0,COD,No
702733,2024-06-16,C100445,Rawalpindi,Online,T-Shirts,Graphic Print Tee,1,1500,810,0,Card,No
701226,2025-06-07,C102046,Karachi,Online,Dresses,Wrap Dress,1,4170,2360,0,COD,No
701416,2025-06-19,C100981,Faisalabad,Online,Dresses,Bodycon Dress,1,4040,2230,15,COD,No
700400,2024-05-11,C100981,Faisalabad,Store,Kurtas,Printed Kurta,1,2550,1260,10,COD,No
703761,2025-03-01,C101190,Karachi,Online,Jackets,Denim Jacket,1,5540,2860,10,Wallet,No
702060,2025-03-25,C100089,Islamabad,Store,Dresses,Wrap Dress,2,4220,1970,0,Card,No
703706,2023-10-12,C100789,Islamabad,Online,T-Shirts,Polo Shirt,1,2280,1460,0,COD,No
703235,2023-11-18,C101866,peshawar,Online,Shoes,Loafers,1,5060,2340,20,Wallet,No
700883,2023-10-27,C100926,LAHORE,Store,Jeans,Slim Fit Jeans,1,3670,1790,0,COD,No
704441,2023-11-10,C100411,,Store,Jackets,Bomber Jacket,1,5400,2790,25,Card,No
704114,2024-11-10,C102052,Karachi,Online,Accessories,Sunglasses,2,2310,1130,25,,No
703706,2023-10-12,C100789,Islamabad,Online,Jackets,Denim Jacket,1,5730,2890,0,COD,No
702054,2025-01-16,C100263,Lahore,Online,Shoes,Sneakers,2,4590,2150,0,Bank Transfer,Yes
704524,2024-12-01,C100396,Multan,Online,Jeans,Straight Leg Jeans,2,3340,1910,20,COD,No
703578,2024-09-27,C101047,Faisalabad,Online,Shoes,Loafers,1,5090,3000,0,Card,No
702261,2025-03-23,C101115,Lahore,Online,Shoes,Sneakers,1,4730,2420,0,COD,No
704728,2024-07-16,C101357,Karachi,Online,Accessories,Tote Bag,1,1650,950,0,COD,No
700539,2024-04-26,C101585,Peshawar,Online,Tshirts,Oversized Tee,2,1810,1120,10,Bank Transfer,No
704070,2024-05-21,C100748,Faisalabad,Store,Kurtas,Cotton Kurta,2,1810,950,0,Card,No
701492,2024-03-14,C100485,Karachi,Store,Accessories,Sunglasses,1,2250,1460,0,Wallet,No
701367,2023-07-28,C101193,Sialkot,Online,Dresses,Bodycon Dress,1,3810,2300,10,COD,No
700259,2024-03-28,C101253,Islamabad,Online,Kurtas,Cotton Kurta,2,1810,1110,10,Card,No
701814,2023-11-27,C100660,Karachi,Online,Accessories,Sunglasses,1,2120,1050,20,COD,No
702651,2025-04-28,C102191,Islamabad,Online,Kurtas,Printed Kurta,3,2490,1480,10,Wallet,Yes
701681,2025-04-26,C101211,Multan,Store,Jeans,Straight Leg Jeans,2,3190,1980,15,Card,No
704460,2023-12-31,C101995,Faisalabad,Store,Jeans,High-Waist Jeans,1,4390,2710,20,Card,No
704720,2025-03-30,C100948,Multan,Online,Dresses,Maxi Dress,2,4760,3050,0,COD,No
701381,2024-01-27,C101164,Lahore,Online,Shoes,Boots,3,6960,3290,0,COD,No
702099,2024-03-10,C101347,Karachi,Online,Shoes,Boots,3,6890,4300,15,Card,No
705017,2023-10-13,C101862,Sialkot,Store,Jackets,Denim Jacket,2,5480,2760,0,Card,No
703375,2024-02-22,C101075,Karachi,Online,Kurtas,Embroidered Kurta,2,2950,1660,0,Bank Transfer,No
700777,2024-06-29,C102081,Lahore,Store,Kurtas,Cotton Kurta,-1,1850,920,0,COD,No
704312,2024-09-24,C100179,Faisalabad,Online,Accessories,Sunglasses,3,2140,990,0,Bank Transfer,No
700162,2023-12-06,C100652,Rawalpindi,Store,Tshirts,Graphic Print Tee,1,1600,850,25,COD,No
704458,2023-12-26,C100402,Faisalabad,Online,Jeans,Straight Leg Jeans,1,3190,1460,15,COD,No
702331,2025-05-17,C100016,Islamabad,Online,T-Shirts,Polo Shirt,3,2190,1340,0,Bank Transfer,No
700288,2024-03-16,C100615,Faisalabad,Store,Kurtas,Printed Kurta,3,2520,1160,0,COD,No
704500,2024-10-03,C100406,Karachi,Store,Jackets,Hooded Jacket,2,4760,2610,0,COD,No
705042,2025-02-06,C102166,Peshawar,Online,Dresses,Bodycon Dress,2,4040,1850,0,Wallet,No
704960,2025-02-16,C101473,Karachi,Online,Tshirts,Classic Cotton Tee,2,1250,670,0,COD,No
700710,2024-02-26,C100505,Faisalabad,Online,Accessories,Leather Belt,1,1260,740,0,Card,No
702424,2025-01-15,C101275,Karachi,Online,T-Shirts,Classic Cotton Tee,2,1220,720,0,Wallet,No
704229,2025-05-03,C101909,Peshawar,Online,T-Shirts,Classic Cotton Tee,2,1210,780,0,COD,No
705144,2024-01-02,C102076,Sialkot,Store,Jeans,High-Waist Jeans,1,4020,2540,0,COD,No
704499,2025-05-17,C101265,Faisalabad,Online,Shoes,Sneakers,1,4470,2180,20,Card,No
700616,2025-01-13,C102153,Faisalabad,Online,Dresses,Wrap Dress  ,3,4180,1960,0,COD,Yes
700226,2024-09-11,C100477,Islamabad,Store,Kurtas,Festive Kurta,2,4350,2650,0,Wallet,No
703432,2025-06-15,C101269,Karachi,Online,T-Shirts,Oversized Tee,2,1740,820,0,Bank Transfer,No
704271,2024-11-07,C101946,Lahore,Online,Shoes,Boots,1,6980,3570,15,COD,No
700240,2025-05-03,C102069,Islamabad,Store,Jackets,Denim Jacket,3,5840,3050,0,Card,No
702858,2024-03-01,C101839,Faisalabad,Store,Jackets,Bomber Jacket,1,5240,2770,0,COD,No
702415,2024-12-13,C101833,Lahore,Online,Shoes,Sandals,2,2790,1670,20,Bank Transfer,No
703703,2024-06-25,C100666,Faisalabad,Store,Jeans,Straight Leg Jeans,1,3220,2070,0,Bank Transfer,No
705042,2025-02-06,C102166,Peshawar,Online,Shoes,Loafers,1,5440,3320,0,Wallet,No
700798,2024-07-30,C100089,Islamabad,Online,Dresses,Summer Floral Dress  ,3,3190,1460,10,COD,No
701021,2024-06-17,C101213,Karachi,Store,Kurtas,Festive Kurta,2,4260,1950,0,COD,No
703130,2023-09-24,C101226,Karachi,Online,Accessories,Tote Bag,3,1550,910,10,COD,No
702564,2025-01-05,C102151,Lahore,Store,Kurtas,Cotton Kurta,2,1910,900,0,Wallet,No
703646,2024-02-28,C101009,Karachi,Online,Shoes,Sneakers,1,4300,2780,0,Wallet,No
702217,2023-07-02,C100511,Multan,Online,Jeans,Straight Leg Jeans,2,3220,1810,0,Wallet,No
700082,2024-01-25,C100407,Multan,Online,Kurtas,Festive Kurta,1,4290,1990,0,Card,No
702268,2025-04-24,C100755,lahore,Online,Kurtas,Festive Kurta,1,4420,2450,20,COD,No
700558,2024-01-23,C102099,Lahore,Store,Kurtas,Festive Kurta,2,4030,2260,0,Wallet,Yes
703018,2023-10-06,C101350,Faisalabad,Online,Shoes,Boots,1,6970,4430,10,Card,Yes
704868,2024-09-15,C102152,Faisalabad,Store,Jeans,Straight Leg Jeans,1,3290,1870,0,Wallet,No
701865,2024-04-21,C100365,Karachi,Online,T-Shirts,Classic Cotton Tee,2,1250,690,20,Card,No
700632,2024-03-26,C100452,Rawalpindi,Online,Kurtas,Printed Kurta,2,2360,1090,15,COD,No
704946,2024-08-19,C100327,Islamabad,Online,Dresses,Maxi Dress,2,4580,2750,0,Bank Transfer,No
702627,2025-05-14,C100067,Karachi,Online,Shoes,Boots,1,6370,4130,15,Wallet,No
701407,2025-03-07,C100498,,Online,Jeans,Ripped Jeans,1,4010,2550,15,COD,No
703790,2023-08-08,C101088,Karachi,Online,Kurtas,Printed Kurta,1,2470,1150,10,Card,No
704250,2025-06-14,C100706,Faisalabad,Online,Dresses,Wrap Dress,1,4110,2650,0,COD,No
700707,2023-10-25,C101612,Faisalabad,Store,Jackets,Hooded Jacket,1,4610,2500,0,Card,No
700021,2025-06-07,C102167,Karachi,Store,T-Shirts,Classic Cotton Tee,2,1280,810,0,Card,No
703542,2024-06-01,C101299,Karachi,Online,Jeans,Slim Fit Jeans,2,3430,2000,0,COD,No
704290,2025-02-04,C100202,Islamabad,Store,Accessories,Sunglasses,1,2290,1300,0,COD,No
703570,2024-01-11,C100774,Lahore,Store,T-Shirts,Polo Shirt,2,2290,1270,15,COD,No
700540,2023-08-26,C101397,Peshawar,Online,Kurtas,Cotton Kurta,3,1940,910,0,Bank Transfer,No
702248,2024-07-05,C100016,Islamabad,Store,T-Shirts,Classic Cotton Tee,1,1290,720,0,COD,No
701644,2025-01-07,C101944,Multan,Store,Kurtas,Embroidered Kurta,1,2710,1410,0,COD,No
700942,2024-08-03,C101647,Faisalabad,Online,Accessories,Tote Bag,2,1640,950,15,Card,No
702721,2024-07-07,C100889,Rawalpindi,Store,Kurtas,Embroidered Kurta,1,2780,1550,0,Card,No
700425,2025-06-25,C101106,Lahore,Online,shoes,Sandals,2,2760,1600,0,COD,No
700653,2023-08-31,C102181,Sialkot,Store,Shoes,Loafers,1,5590,3520,10,COD,Yes
703620,2023-08-12,C101544,Karachi,Online,Kurtas,Cotton Kurta,2,1890,1180,0,COD,No
702189,2023-09-12,C101873,Sialkot,Store,Shoes,Sandals,1,2750,1400,0,COD,No
700711,2024-09-28,C101483,Lahore,Online,Kurtas,Cotton Kurta,1,1810,820,0,COD,Yes
700870,2024-02-25,C102185,Lahore,Store,Jackets,Denim Jacket,3,5490,2700,0,Card,No
702014,2023-10-30,C101013,Sialkot,Store,Accessories,Baseball Cap,1,940,600,10,Card,No
702694,2024-12-10,C101262,Karachi,Store,Jeans,Ripped Jeans,1,3940,1940,0,Card,No
704065,2025-03-30,C101415,Faisalabad,Online,T-Shirts,Graphic Print Tee,1,1540,730,0,COD,Yes
700691,2024-03-17,C100680,Lahore,Online,Jackets,Puffer Jacket,1,6770,4400,0,Card,No
700297,2025-05-03,C101620,Lahore,Online,Dresses,Maxi Dress,1,4500,2870,0,COD,No
704728,2024-07-16,C101357,Karachi,Online,T-Shirts,Oversized Tee,3,1900,970,0,COD,Yes
703621,2025-01-09,C101517,Sialkot,Online,Dresses,Bodycon Dress,3,3750,1710,0,COD,No
704693,2024-06-26,C101560,Sialkot,Online,Kurtas,Printed Kurta,1,2560,1340,0,COD,No
700939,2024-06-02,C101099,Lahore,Online,T-Shirts,Oversized Tee,1,1850,1100,10,COD,No
700081,2024-06-30,C101481,Lahore,Online,Accessories,Sunglasses,3,2370,1490,0,COD,No
701451,2024-06-18,C101009,,Online,Dresses,Bodycon Dress,1,4080,2000,0,Wallet,Yes
703303,2024-12-20,C101927,,Online,JEANS,Slim Fit Jeans,1,3410,1790,15,COD,No
703483,2023-09-20,C100396,Multan,Online,Dresses,Summer Floral Dress,2,3050,1900,0,Card,No
701847,2024-08-12,C100508,Karachi,Store,Jeans,Slim Fit Jeans,1,3600,1730,0,COD,No
703553,2025-05-29,C100231,Karachi,Online,Accessories,Baseball Cap,2,860,510,0,Card,No
705113,2025-06-14,C100266,Karachi,Online,Dresses,Bodycon Dress,1,4020,2220,15,Wallet,Yes
702146,2023-10-05,C101561,Islamabad,Online,Kurtas,Cotton Kurta,2,2000,920,15,COD,No
704951,2023-11-23,C100981,Faisalabad,Online,Kurtas,Cotton Kurta,1,1990,1150,20,Bank Transfer,No
703511,2024-02-28,C101555,Faisalabad,Store,Jackets,Bomber Jacket,1,5580,2970,10,Card,No
704636,2024-08-04,C101088,Karachi,Store,T-Shirts,Classic Cotton Tee,1,1280,740,10,Bank Transfer,No
703696,2025-04-01,C100005,Sialkot,Online,Jackets,Puffer Jacket,2,7170,3400,0,Card,No
701113,2023-07-25,C101297,Lahore,Store,T-Shirts,Polo Shirt,1,2110,1070,0,COD,No
700873,2025-02-19,C100947,Multan,Store,Dresses,Summer Floral Dress,1,3340,1550,0,Wallet,Yes
701278,2023-09-30,C100266,Karachi,Online,T-Shirts,Graphic Print Tee,1,1480,700,0,COD,No
702337,2025-06-04,C101186,Karachi,Store,Dresses,Bodycon Dress,1,3920,1810,0,COD,Yes
701506,2025-01-26,C100352,Islamabad,Online,Shoes,Sandals,2,2750,1780,15,Card,No
700557,2025-02-05,C100461,Lahore,Online,Dresses,Summer Floral Dress,1,3420,1960,0,Card,No
704769,2025-06-06,C100999,Karachi,Online,Kurtas,Embroidered Kurta,1,2830,1360,0,Bank Transfer,Yes
704910,2023-12-14,C101845,Islamabad,Online,Jeans,High-Waist Jeans,2,4390,2400,15,COD,No
701730,2024-11-20,C100325,Rawalpindi,Online,Shoes,Boots,1,6610,3680,20,Bank Transfer,Yes
704685,2025-04-27,C100255,Faisalabad,Online,Jackets,Puffer Jacket,1,7130,3540,10,COD,No
705171,2023-11-18,C100593,Islamabad,Store,Dresses,Maxi Dress,1,4430,2690,30,Card,No
702950,2025-01-03,C100789,Islamabad,Online,T-Shirts,Graphic Print Tee,2,1540,740,0,Card,No
702131,2025-05-15,C100650,Karachi,Store,Jeans,Straight Leg Jeans,1,3350,1860,0,COD,No
702134,2023-11-13,C102185,Lahore,Online,Jeans,Straight Leg Jeans,2,3430,1930,10,Bank Transfer,No
704310,2025-02-03,C101207,Karachi,Online,Accessories,Sunglasses,2,2370,1220,10,COD,No
700575,2023-12-31,C100181,Peshawar,Online,T-Shirts,Oversized Tee,1,1860,1050,25,Bank Transfer,No
703055,2024-12-22,C100998,Sialkot,Store,Jeans,Straight Leg Jeans,1,3370,1760,0,COD,No
703433,2024-02-28,C101999,Islamabad,Store,Jeans,Slim Fit Jeans,1,3440,1650,0,Wallet,No
704452,2024-07-02,C101395,Lahore,Store,Dresses,Maxi Dress,1,4780,2450,0,COD,No
704240,2025-02-12,C101495,Islamabad,Online,T-Shirts,Graphic Print Tee,1,1470,940,0,Card,No
702272,2023-07-30,C100315,Karachi,Store,T-Shirts,Graphic Print Tee,2,1480,870,10,COD,No
701934,2024-10-30,C100480,Karachi,Online,Jackets,Denim Jacket,2,5650,3590,10,Wallet,No
701723,2023-09-06,C101499,Rawalpindi,Store,Jeans,Slim Fit Jeans,2,3530,2110,15,Card,No
700496,2023-10-20,C101161,Rawalpindi,Online,Kurtas,Festive Kurta,1,4230,2540,10,COD,No
701198,2024-02-15,C101277,Lahore,Online,Jeans,Ripped Jeans,1,3900,2070,0,Card,No
702355,2024-10-08,C100155,Rawalpindi,Online,Shoes,Sandals,2,2960,1740,0,Wallet,No
703636,2024-10-07,C101798,islamabad,Online,Jackets,Puffer Jacket,1,6720,4110,0,Wallet,No
703915,2024-08-18,C101799,Islamabad,Store,T-Shirts,Oversized Tee,3,1730,1090,0,Card,No
704081,2024-07-07,C100980,Sialkot,Online,T-Shirts,Graphic Print Tee,1,1530,910,0,COD,No
701786,2025-04-30,C100183,Karachi,Online,Kurtas,Printed Kurta,1,2580,1600,0,,No
703273,2024-02-28,C101467,Lahore,Online,Accessories,Tote Bag,2,1550,1000,0,COD,No
703220,2023-11-20,C100497,Islamabad,Store,Jeans,Ripped Jeans,1,4060,2520,15,Card,No
704698,2024-10-23,C100371,Karachi,Online,Jeans,Slim Fit Jeans,1,3680,1910,15,COD,No
703138,2024-04-20,C101896,Rawalpindi,Store,Dresses,Wrap Dress,2,4010,2300,15,Card,Yes
701137,2024-09-24,C100125,Karachi,Store,Shoes,Boots,1,6860,3690,0,COD,No
703976,2023-10-04,C101259,Sialkot,Online,Dresses,Bodycon Dress,3,4030,2370,0,Card,Yes
702287,2023-09-20,C100468,Lahore,Online,Kurtas,Festive Kurta,1,4260,2110,0,COD,No
700660,2025-04-05,C101279,Islamabad,Online,Jeans,Straight Leg Jeans,1,3360,1890,0,COD,No
702191,2024-06-15,C101834,Lahore,Online,Shoes,Sandals,1,2700,1710,10,Card,No
700614,2024-06-06,C101200,Islamabad,Online,Jeans,High-Waist Jeans,1,4050,2290,0,COD,No
705048,2024-03-23,C100682,Lahore,Store,Shoes,Boots,3,6920,4040,0,COD,No
701880,2024-07-02,C100801,KARACHI,Online,Dresses,Bodycon Dress,2,3830,1960,15,Wallet,No
702480,2023-07-22,C102139,MULTAN,Online,Accessories,Tote Bag,1,1680,820,10,Wallet,Yes
704344,2024-05-18,C101526,Karachi,Store,Jeans,Straight Leg Jeans,2,3110,1540,15,COD,No
700130,2023-10-23,C101886,Lahore,Online,Dresses,Maxi Dress,3,4580,2100,10,Card,No
700615,2024-05-01,C101527,Karachi,Online,T-Shirts,Classic Cotton Tee,2,1170,740,10,Card,No
702288,2025-06-04,C101019,karachi,Online,T-Shirts,Oversized Tee,1,1770,1020,0,Bank Transfer,No
700939,2024-06-02,C101099,Lahore,Online,T-Shirts,Polo Shirt,1,2270,1110,0,COD,No
703455,2023-09-24,C101618,Sialkot,Online,Dresses,Wrap Dress,2,3920,2200,10,Card,No
704369,2024-12-30,C100399,Karachi,Store,Accessories,Leather Belt  ,1,1190,590,0,COD,No
704617,2023-11-23,C101456,Lahore,Online,Accessories,Sunglasses,1,2350,1400,20,Card,No
702196,2024-01-25,C101663,Lahore,Store,Shoes,Loafers,2,5080,2790,0,Bank Transfer,No
704186,2025-06-26,C101991,Rawalpindi,Store,Accessories,Tote Bag,3,1650,1060,0,Card,No
701727,2024-07-15,C101371,Sialkot,Store,T-Shirts,Oversized Tee,1,1850,1160,0,Card,No
700914,2024-11-03,C101282,Karachi,Store,Kurtas,Cotton Kurta,2,2040,1230,20,COD,No
704788,2025-01-29,C100877,Karachi,Online,Kurtas,Printed Kurta,3,2360,1110,15,COD,No
701745,2024-08-04,C100417,Faisalabad,Store,Jeans,High-Waist Jeans,2,4300,2720,0,Card,No
700975,2024-02-04,C101759,Peshawar,Store,Jackets,Hooded Jacket,2,5010,3080,15,COD,Yes
700792,2024-01-12,C101121,Lahore,Store,Jackets,Denim Jacket,1,5720,2820,15,COD,No
704191,2024-11-22,C101544,Karachi,Online,Jeans,Ripped Jeans,2,3780,1720,15,Card,No
703084,2023-11-18,C101535,Karachi,Online,Jackets,Puffer Jacket,1,6770,3250,25,COD,No
701995,2024-02-06,C101591,Lahore,Online,Jackets,Hooded Jacket,1,5150,3150,0,Bank Transfer,No
701546,2025-06-10,C100043,Karachi,Store,Accessories,Tote Bag,2,1550,790,15,Card,No
705032,2023-09-26,C102018,Islamabad,Store,Accessories,Baseball Cap,1,950,480,0,COD,No
703020,2023-11-24,C101652,Lahore,Online,Jeans,Ripped Jeans,2,4060,2010,0,COD,Yes
704578,2023-08-08,C100710,Sialkot,Online,Dresses,Summer Floral Dress,2,3330,1720,0,Card,No
702133,2023-08-30,C100028,Lahore,Online,Accessories,Tote Bag,1,1570,940,0,Card,No
704286,2023-09-15,C100469,Islamabad,Online,Dresses,Wrap Dress,1,3820,2030,10,COD,No
703200,2025-06-05,C100809,Sialkot,Store,Dresses,Summer Floral Dress,1,3220,1960,0,Card,No
701463,2024-10-22,C101009,Karachi,Store,Kurtas,Festive Kurta,1,4360,2680,0,Wallet,No
700617,2025-06-20,C100670,Lahore,Online,Kurtas,Festive Kurta,1,4150,2590,0,Wallet,No
702450,2024-09-03,C101997,Karachi,Online,Accessories,Leather Belt,1,1210,760,0,Card,No
702371,2023-12-05,C101387,Karachi,Online,Jackets,Denim Jacket,1,5830,3080,15,Wallet,No
704037,2023-08-25,C100067,Karachi,Online,Shoes,Boots,1,6210,3150,10,COD,Yes
700905,2024-03-15,C101261,Karachi,Store,Kurtas,Embroidered Kurta,1,2810,1610,0,Bank Transfer,No
700052,2025-04-23,C101747,Islamabad,Online,Dresses,Wrap Dress,2,4000,2220,10,Card,No
701953,2024-09-21,C101101,Karachi,Online,Jeans,High-Waist Jeans,1,4040,1890,0,Card,No
700926,2024-03-17,C102126,Karachi,Online,Shoes,Sneakers,1,4690,2690,0,Wallet,No
701790,2024-06-15,C100723,Sialkot,Online,Dresses,Maxi Dress,2,4620,2420,15,COD,No
702041,2025-04-24,C101000,Lahore,Online,T-Shirts,Graphic Print Tee,1,1570,840,20,Card,No
703347,2025-01-22,C101376,Rawalpindi,Store,Jackets,Hooded Jacket,2,4660,2780,0,Card,No
701064,2023-12-28,C101618,Sialkot,Store,T-Shirts,Polo Shirt,2,2190,1390,0,Card,No
700112,2023-09-04,C100406,Karachi,Online,Jeans,Straight Leg Jeans,2,3380,1600,0,COD,No
703496,2024-11-29,C101868,Islamabad,Store,Accessories,Leather Belt,1,1220,630,0,Card,No
701548,2023-12-24,C102129,Lahore,Store,Dresses,Wrap Dress,1,4040,2560,0,Card,No
701678,2025-03-10,C100017,Lahore,Online,T-Shirts,Graphic Print Tee,3,1470,720,0,Card,No
700211,2024-05-07,C101700,Peshawar,Online,Accessories,Sunglasses,1,2240,1190,0,Wallet,No
702574,2024-10-01,C101189,Rawalpindi,Online,Shoes,Sneakers,1,4390,2370,15,Card,No
701742,2024-01-08,C100173,Peshawar,Store,Jackets,Bomber Jacket,1,5460,3040,0,Wallet,No
704638,2023-07-23,C101496,Multan,Store,T-Shirts,Polo Shirt,1,2300,1430,0,COD,No
700924,2024-02-15,C101083,Multan,Store,Accessories,Tote Bag,3,1540,870,15,Card,No
700309,2025-02-16,C101915,Lahore,Online,Jackets,Denim Jacket,2,5300,2840,0,COD,No
702332,2024-10-28,C101851,Peshawar,Store,Jackets,Denim Jacket,1,5700,3250,15,COD,No
704066,2025-02-20,C101838,Faisalabad,Store,Jeans,Straight Leg Jeans,3,3060,1650,0,Wallet,No
704803,2023-07-31,C101496,Multan,Store,Dresses,Bodycon Dress,3,4040,2070,10,COD,No
704150,2025-01-13,C100629,Faisalabad,Online,Jeans,Slim Fit Jeans,1,3400,2130,0,Card,No
700145,2023-08-12,C101985,Peshawar,Online,Shoes,Boots,3,6920,4110,15,COD,No
704484,2025-03-09,C101697,Faisalabad,Online,Kurtas,Festive Kurta,1,4520,2390,0,COD,No
704522,2025-02-12,C101725,Lahore,Store,Dresses,Maxi Dress,1,4770,2740,15,Wallet,No
702905,2024-05-27,C101482,Islamabad,Store,Accessories,Sunglasses,1,2100,1190,0,Card,No
705140,2024-05-11,C101819,Islamabad,Online,Kurtas,Embroidered Kurta,2,2790,1540,0,Card,No
701158,2025-04-07,C101417,Islamabad,Store,Jeans,Ripped Jeans,3,3970,2180,0,Bank Transfer,No
702143,2023-08-13,C100189,Karachi,Store,Accessories,Tote Bag,1,1570,830,0,Card,No
703559,2024-04-14,C100169,Sialkot,Online,Kurtas,Cotton Kurta,1,1940,1160,0,Bank Transfer,No
701343,2024-12-12,C100128,Lahore,Store,Jackets,Denim Jacket,2,5390,2460,0,Card,No
702485,2025-05-17,C100200,Faisalabad,Online,Shoes,Boots,1,6850,3330,15,COD,No
704057,2025-06-05,C100058,Lahore,Online,Dresses,Maxi Dress,1,4600,2760,0,COD,No
700002,2024-01-12,C101831,Sialkot,Online,Jackets,Hooded Jacket,3,4880,2570,0,COD,No
700480,2025-03-22,C101340,Lahore,Store,JEANS,High-Waist Jeans,3,4300,2330,0,Card,No
703826,2024-09-10,C100217,Lahore,Online,Dresses,Wrap Dress  ,2,4290,2650,0,Card,No
702446,2023-10-07,C101875,,Store,Kurtas,Festive Kurta,1,4500,2530,0,Card,No
701302,2025-01-17,C101311,Peshawar,Online,Jeans,High-Waist Jeans,1,4460,2530,0,COD,No
704035,2024-11-27,C102039,Faisalabad,Store,Jackets,Bomber Jacket,3,5190,2730,20,COD,No
702243,2024-04-22,C101197,Rawalpindi,Online,Dresses,Summer Floral Dress,1,3090,1480,15,Bank Transfer,No
704873,2025-02-23,C100502,Peshawar,Store,Kurtas,Printed Kurta,1,2370,1300,0,Wallet,No
700937,2024-11-02,C100659,Karachi,Online,Kurtas,Embroidered Kurta,2,2760,1330,25,Card,No
703822,2023-07-03,C102198,Lahore,Online,Accessories,Leather Belt,1,1200,570,10,Card,No
702001,2024-02-13,C101147,Faisalabad,Online,Jeans,Straight Leg Jeans,2,3420,1640,0,Card,No
700913,2025-03-24,C101815,Islamabad,Store,Shoes,Sneakers,1,4860,2200,0,Card,Yes
704089,2024-01-22,C101585,Peshawar,Online,Jeans,High-Waist Jeans,2,4430,2550,0,COD,No
700714,2023-09-03,C100953,Lahore,Online,Dresses,Summer Floral Dress,1,3090,1850,0,Bank Transfer,No
701781,2025-01-02,C101688,Islamabad,Online,Kurtas,Embroidered Kurta,2,2840,1570,0,COD,No
701102,2025-01-24,C100935,Lahore,Online,T-Shirts,Graphic Print Tee,1,1440,740,0,COD,No
701125,2024-03-20,C101938,Lahore,Online,kurtas,Printed Kurta,2,2440,1530,0,COD,No
703441,2023-10-08,C101830,Karachi,Online,Shoes,Boots,1,6860,4270,0,COD,Yes
702339,2025-06-24,C101617,Islamabad,Online,T-Shirts,Graphic Print Tee,1,1440,800,0,Card,No
703124,2025-02-12,C101757,Sialkot,Store,Dresses,Summer Floral Dress,2,3110,1980,0,Bank Transfer,No
702762,2025-01-06,C100888,Lahore,Online,Jeans,Ripped Jeans  ,1,3710,2150,0,Wallet,No
704126,2025-03-22,C101569,Karachi,Store,Jackets,Denim Jacket,1,5390,2600,0,Card,No
703039,2024-08-03,C101511,Lahore,Online,T-Shirts,Classic Cotton Tee,2,1180,550,0,Bank Transfer,No
702486,2024-09-12,C101750,Rawalpindi,Online,Dresses,Maxi Dress,1,4710,2310,15,COD,No
704504,2024-10-03,C100819,Karachi,Online,Jeans,High-Waist Jeans,1,4330,2680,0,COD,No
704436,2025-03-15,C101500,Rawalpindi,Online,T-Shirts,Polo Shirt,1,2220,1340,0,Wallet,No
700451,2024-04-24,C102011,Karachi,Online,Accessories,Tote Bag,1,1520,750,15,COD,No
700823,2025-06-24,C101929,Karachi,Online,Dresses,Wrap Dress,1,3960,2370,0,Card,No
703030,2025-03-28,C101646,Karachi,Online,Jackets,Puffer Jacket,3,6590,3070,0,Wallet,No
700584,2024-09-09,C100874,Rawalpindi,Online,Jeans,Straight Leg Jeans,2,3230,1760,10,Wallet,No
702595,2024-12-16,C100023,Peshawar,Online,Accessories,Leather Belt,3,1270,630,0,COD,No
705059,2024-02-18,C101456,Lahore,Online,T-Shirts,Graphic Print Tee,2,1570,760,0,Card,No
700162,2023-12-06,C100652,Rawalpindi,Store,Jackets,Bomber Jacket,2,5490,2800,30,COD,No
704176,2024-09-13,C100544,Lahore,Online,Jeans,Ripped Jeans,1,3790,1930,0,COD,No
700927,2023-11-07,C101810,Lahore,Store,Kurtas,Embroidered Kurta,2,2860,1380,25,Bank Transfer,No
702707,2023-09-06,C100953,Lahore,Online,Kurtas,Cotton Kurta,2,2030,1210,0,Wallet,No
703771,2025-06-24,C100647,Islamabad,Online,T-Shirts,Classic Cotton Tee,2,1180,600,0,Card,No
702783,2023-11-10,C101618,Sialkot,Online,Jackets,Denim Jacket,1,5630,2990,20,COD,No
703008,2023-12-03,C100106,karachi,Online,Accessories,Baseball Cap,1,870,450,20,COD,No
705073,2024-04-01,C100707,Faisalabad,Store,Dresses,Bodycon Dress,1,3930,1940,0,COD,No
701318,2025-05-23,C101212,Islamabad,Store,Dresses,Bodycon Dress,2,3870,1940,0,COD,No
704663,2024-11-28,C102141,Karachi,Store,Dresses,Wrap Dress,1,4220,2610,0,Card,No
701066,2024-05-26,C100372,Karachi,Online,Accessories,Tote Bag,3,1550,770,10,COD,No
702775,2023-11-12,C100200,Faisalabad,Store,Jeans,Ripped Jeans,1,3830,2300,0,Card,No
702553,2024-08-15,C101211,Multan,Online,Dresses,Bodycon Dress,1,4050,2160,15,COD,No
703879,2024-01-22,C101883,Faisalabad,Online,Kurtas,Festive Kurta,3,4040,2620,15,Wallet,No
700709,2024-12-11,C101583,Karachi,Online,Jackets,Bomber Jacket,2,5060,3130,20,Card,No
700004,2023-11-23,C101399,Karachi,Store,Accessories,Baseball Cap,2,920,590,15,Card,No
705103,2023-12-14,C100584,Peshawar,Online,Kurtas,Embroidered Kurta,1,2900,1330,0,COD,No
701765,2025-06-17,C100863,,Online,Dresses,Bodycon Dress,1,3860,2040,15,COD,Yes
704576,2024-02-12,C101567,Lahore,Online,T-Shirts,Oversized Tee,3,1930,930,15,Card,No
702489,2025-01-24,C100623,Karachi,Online,Jeans,Slim Fit Jeans,3,3640,2220,0,COD,Yes
700641,2025-03-02,C101673,Lahore,Store,Jeans,Slim Fit Jeans,3,3360,1620,0,COD,No
702414,2025-03-14,C100067,Karachi,Online,Accessories,Leather Belt,1,1160,540,0,COD,No
705190,2024-02-29,C100159,Faisalabad,Online,Dresses,Summer Floral Dress,2,3280,1630,0,COD,No
705101,2023-09-29,C100314,Karachi,Store,Shoes,Boots,1,6700,4150,10,COD,No
705049,2023-12-05,C101462,Lahore,Online,Jackets,Denim Jacket,3,5920,3090,20,Wallet,No
703686,2024-12-04,C101347,Karachi,Store,Jackets,Hooded Jacket,1,5090,2310,10,Card,No
700809,2023-08-14,C100748,Faisalabad,Store,Dresses,Summer Floral Dress,3,3210,1690,15,Bank Transfer,No
704820,2024-05-02,C102035,Faisalabad,Store,Shoes,Sneakers,2,4310,2690,15,COD,No
704673,2024-03-10,C100975,Islamabad,Online,Dresses,Summer Floral Dress,1,3400,2080,0,Wallet,No
701194,2024-03-07,C100970,Lahore,Store,Shoes,Boots,1,6620,3230,10,Card,No
700035,2023-11-22,C100060,RAWALPINDI,Online,Jackets,Denim Jacket,-2,5570,3450,15,Card,No
700685,2024-12-17,C101019,Karachi,Store,Kurtas,Printed Kurta,1,2410,1160,30,COD,No
701309,2025-04-21,C100257,Lahore,Online,Jeans,Slim Fit Jeans,2,3330,1820,0,Bank Transfer,No
700718,2024-03-03,C101072,Karachi,Online,Kurtas,Printed Kurta,2,2330,1430,0,COD,No
703485,2025-01-23,C101703,Islamabad,Online,Jeans,Straight Leg Jeans,1,3210,1770,0,Card,No
701755,2025-04-13,C101483,Lahore,Store,Accessories,Baseball Cap,3,900,410,10,Card,No
701552,2023-08-10,C101455,Lahore,Store,Dresses,Wrap Dress,2,4250,2730,15,COD,No
702084,2024-09-21,C100312,Lahore,Online,Accessories,Sunglasses,3,2200,1350,0,Wallet,No
704230,2025-02-01,C100184,Faisalabad,Online,Jackets,Bomber Jacket,1,5270,3240,10,Card,No
700864,2024-04-13,C101776,Rawalpindi,Store,T-Shirts,Classic Cotton Tee,3,1280,810,0,Card,No
703472,2024-12-24,C101523,Faisalabad,Online,T-Shirts,Oversized Tee,1,1770,1070,15,COD,Yes
700867,2024-06-16,C100645,Multan,Online,T-Shirts,Graphic Print Tee,2,1480,790,0,COD,No
700382,2023-11-13,C101222,Peshawar,Online,Accessories,Sunglasses,1,2200,1120,25,COD,No
700368,2023-07-18,C100377,Karachi,Online,Jeans,Ripped Jeans,3,3770,1770,0,Card,Yes
704388,2025-01-04,C100959,Islamabad,Store,Jeans,Slim Fit Jeans,1,3420,1730,0,Card,No
701544,2023-11-04,C101909,Peshawar,Store,Jeans,Slim Fit Jeans,1,3470,2200,30,COD,No
703758,2023-07-13,C100410,Rawalpindi,Store,Kurtas,Festive Kurta,2,4410,2460,0,COD,No
703872,2025-01-18,C101909,Peshawar,Online,T-Shirts,Graphic Print Tee,2,1520,810,10,COD,No
702919,2025-02-25,C100860,Faisalabad,Store,Dresses,Summer Floral Dress,3,3150,1980,0,Card,No
701452,2024-01-10,C102191,Islamabad,Store,Jeans,Ripped Jeans,1,3660,1810,0,Card,No
703924,2024-04-08,C102186,Faisalabad,Store,T-Shirts,Polo Shirt,2,2160,1090,10,Card,No
701347,2023-11-04,C101890,Lahore,Store,Kurtas,Festive Kurta,1,4250,2280,15,COD,No
700889,2024-03-06,C101245,Karachi,Store,Jeans,Slim Fit Jeans,2,3590,1820,0,COD,No
701899,2024-05-15,C101990,Lahore,Online,Dresses,Maxi Dress,2,4310,2610,0,COD,No
702968,2023-11-18,C101366,Lahore,Online,Shoes,Loafers,1,5280,2590,25,Bank Transfer,No
701767,2025-02-18,C101224,Lahore,Store,Shoes,Loafers,2,4980,2780,0,Bank Transfer,No
700379,2024-06-20,C100374,Lahore,Store,Dresses,Bodycon Dress,1,3980,2450,10,Wallet,No
700892,2025-05-20,C102062,Islamabad,Store,Dresses,Summer Floral Dress,1,3070,1610,10,Card,No
705177,2023-09-20,C100926,Lahore,Online,Dresses,Summer Floral Dress,1,3170,1980,0,Card,No
700534,2023-10-22,C100119,Islamabad,Store,Accessories,Sunglasses,1,2140,1100,15,COD,No
703909,2023-12-28,C101653,Lahore,Online,Kurtas,Festive Kurta,3,4140,2480,20,COD,No
703156,2025-01-09,C101703,Islamabad,Online,Jeans,Ripped Jeans,1,3630,1690,0,,No
700408,2024-06-07,C101111,Karachi,Online,Accessories,Tote Bag,1,1560,830,0,Card,No
700985,2024-02-21,C102005,Peshawar,Online,Jeans,Slim Fit Jeans,1,3630,1850,10,Card,No
703544,2023-11-07,C100302,Islamabad,Online,Shoes,Boots,2,6730,4280,25,Card,No
704007,2023-07-05,C100585,Islamabad,Online,Shoes,Boots,1,6780,3160,0,Card,No
704479,2025-06-05,C101581,Karachi,Online,T-Shirts,Classic Cotton Tee,1,1260,740,0,Wallet,No
700380,2025-05-07,C101432,Lahore,Online,Accessories,Leather Belt,2,1220,720,0,COD,No
701466,2024-05-11,C101780,Lahore,Store,Jeans,High-Waist Jeans,1,4330,2620,10,COD,No
702097,2023-10-18,C102008,Lahore,Online,T-Shirts,Graphic Print Tee,1,1480,940,0,Card,No
703453,2024-10-12,C101368,Lahore,Store,Dresses,Maxi Dress,1,4820,2740,0,COD,No
703268,2024-12-02,C100285,Karachi,Online,T-Shirts,Oversized Tee,2,1800,1000,15,Card,No
702273,2025-01-07,C102172,Islamabad,Store,Shoes,Boots  ,1,6540,3380,0,COD,No
700184,2023-09-15,C101240,Multan,Online,accessories,Baseball Cap,3,890,540,0,Card,No
701323,2024-03-10,C100969,Lahore,Online,Accessories,Leather Belt,2,1240,610,0,Card,No
704763,2024-07-10,C100907,Lahore,Online,Jeans,Slim Fit Jeans,1,3370,2070,0,Card,No
703221,2024-11-26,C100509,Lahore,Online,Kurtas,Embroidered Kurta,2,3000,1480,10,COD,No
701165,2024-03-03,C100298,Faisalabad,Online,Dresses,Wrap Dress  ,1,4100,2170,0,Card,No
701558,2025-01-30,C100803,Islamabad,Online,Shoes,Sandals,1,2790,1260,0,COD,No
700959,2023-10-29,C100720,Islamabad,Online,Jackets,Bomber Jacket,1,4970,2900,0,COD,No
701863,2023-07-12,C100462,Sialkot,Store,Dresses,Wrap Dress,1,3940,2470,0,Wallet,No
703122,2025-04-22,C101710,Faisalabad,Online,Accessories,Sunglasses,3,2120,1210,10,Bank Transfer,No
702610,2024-11-20,C100713,Peshawar,Online,Jeans,Slim Fit Jeans,1,3710,2060,15,Card,No
703044,2024-09-03,C100012,Rawalpindi,Online,Jackets,Denim Jacket,2,5780,3550,0,COD,No
701438,2024-12-28,C101832,Karachi,Online,Jeans,Slim Fit Jeans,1,3730,1820,0,Card,No
703358,2023-12-23,C100827,Lahore,Online,Jeans,Ripped Jeans,2,3690,2110,10,Card,No
701820,2024-07-17,C101222,Peshawar,Online,Accessories,Baseball Cap,1,890,570,0,Card,No
702989,2024-03-17,C100156,Karachi,Store,Kurtas,Embroidered Kurta,1,3000,1480,0,COD,No
701919,2025-01-26,C100345,faisalabad,Store,Jeans,Ripped Jeans,1,4100,2510,10,COD,No
703582,2024-11-24,C102072,Karachi,Store,Kurtas,Embroidered Kurta,1,2810,1420,25,Card,No
701306,2023-08-28,C102139,Multan,Online,Accessories,Baseball Cap,2,890,500,0,Bank Transfer,No
702863,2024-06-15,C100898,Lahore,Online,Jeans,Ripped Jeans,3,3810,2340,0,Wallet,No
700601,2023-07-06,C100536,Islamabad,Online,Accessories,Baseball Cap,1,970,440,15,COD,No
701929,2023-09-26,C100310,Karachi,Online,jeans,Slim Fit Jeans,2,3660,2070,0,COD,No
701907,2025-03-08,C100530,Rawalpindi,Online,Shoes,Boots,1,6770,3150,0,COD,No
701821,2024-01-26,C101356,Islamabad,Online,Kurtas,Cotton Kurta,2,1950,1090,0,Bank Transfer,No
702152,2024-04-26,C101906,,Online,Jeans,Ripped Jeans,1,3830,2130,10,COD,No
703933,2024-01-01,C101014,karachi,Store,Kurtas,Cotton Kurta,3,1910,920,0,Wallet,No
701911,2025-02-12,C100157,Rawalpindi,Online,Shoes,Boots,1,6310,3310,0,COD,No
700819,2024-12-30,C102170,Karachi,Online,jackets,Hooded Jacket,2,4950,2570,10,Bank Transfer,No
704577,2024-04-04,C100582,Lahore,Store,Accessories,Tote Bag,1,1650,860,15,Card,No
700316,2024-03-15,C101447,Islamabad,Online,Jeans,Slim Fit Jeans,1,3660,1730,0,Card,No
700447,2024-08-07,C101749,Karachi,Store,Dresses,Maxi Dress,3,4640,2540,0,Bank Transfer,No
702377,2025-01-04,C100717,Lahore,Online,Accessories,Sunglasses,1,2370,1490,0,COD,No
704662,2024-05-05,C102129,Lahore,Online,Shoes,Loafers,1,5440,2990,15,Bank Transfer,No
700779,2023-11-08,C100407,Multan,Store,Jackets,Denim Jacket,-1,5480,2900,0,COD,Yes
705117,2024-07-27,C102178,Lahore,Online,Shoes,Boots,1,6230,3620,0,Wallet,No
703158,2023-10-06,C101615,Lahore,Online,Accessories,Leather Belt,1,1280,610,0,Card,No
704424,2023-11-18,C101211,Multan,Online,Kurtas,Festive Kurta  ,2,4180,2450,15,COD,No
702164,2025-01-05,C101514,Peshawar,Online,Jackets,Bomber Jacket,1,5050,2360,0,Card,No
701436,2025-06-30,C100023,Peshawar,Online,Kurtas,Embroidered Kurta,2,2780,1380,10,Wallet,No
703626,2025-01-21,C101785,Multan,Online,T-Shirts,Oversized Tee,2,1760,870,0,COD,No
700023,2024-04-23,C100810,Lahore,Store,Dresses,Wrap Dress,1,4150,2050,0,COD,No
703492,2024-04-14,C100427,Multan,Online,T-Shirts,Graphic Print Tee,2,1470,670,0,Wallet,No
701646,2024-06-18,C101009,Karachi,Online,Accessories,Sunglasses,2,2360,1350,10,Card,No
701430,2025-04-24,C100980,Sialkot,Store,Shoes,Boots,2,6410,3180,15,COD,No
702083,2024-07-09,C101452,Multan,Store,Dresses,Bodycon Dress,2,3830,2320,10,COD,No
700570,2023-11-05,C100391,Lahore,Online,Shoes,Boots,1,6460,4040,0,COD,No
704967,2023-12-15,C100658,Islamabad,Online,Kurtas,Embroidered Kurta,2,2770,1720,15,Card,No
701419,2024-02-21,C101082,Peshawar,Online,T-Shirts,Polo Shirt,1,2350,1410,0,Card,No
703284,2024-11-26,C101531,Lahore,Store,Dresses,Bodycon Dress,3,4050,2110,25,COD,No
703236,2025-01-22,C100365,Karachi,Store,Kurtas,Printed Kurta,1,2420,1120,0,Bank Transfer,No
701203,2024-10-17,C100087,Karachi,Store,Dresses,Maxi Dress,2,4640,2440,0,Card,No
703527,2024-02-25,C102118,Lahore,Online,Accessories,Leather Belt,1,1250,580,0,COD,No
703688,2025-06-04,C100529,Karachi,Store,T-Shirts,Classic Cotton Tee,1,1190,770,15,Card,No
704927,2023-07-05,C101466,Karachi,Online,T-Shirts,Classic Cotton Tee,3,1190,730,0,Card,Yes
702994,2024-11-13,C100873,Karachi,Online,Jeans,Ripped Jeans,3,4100,2300,30,Card,No
701058,2024-10-27,C100075,Karachi,Store,jeans,Slim Fit Jeans,1,3400,2080,0,COD,No
704267,2024-09-06,C101673,Lahore,Online,Jeans,Straight Leg Jeans,2,3260,1630,0,Card,No
700467,2024-08-26,C101504,Faisalabad,Online,Shoes,Loafers,3,5120,2770,0,COD,Yes
704023,2024-08-07,C101251,Lahore,Online,Shoes,Loafers,1,5000,2910,0,Card,No
702806,2023-11-14,C100774,Lahore,Online,jackets,Puffer Jacket,1,7090,3930,20,Card,Yes
703395,2024-11-28,C100050,Lahore,Online,Jeans,Ripped Jeans,1,3900,2500,30,COD,No
700299,2023-10-05,C101216,Karachi,Store,Kurtas,Cotton Kurta,1,1920,950,0,Bank Transfer,No
701829,2023-11-13,C100975,Islamabad,Online,Jackets,Denim Jacket,2,5330,3130,0,COD,No
703259,2024-12-08,C101400,Karachi,Online,Shoes,Sneakers,2,4510,2270,10,COD,No
702680,2025-04-27,C100531,Rawalpindi,Online,Dresses,Bodycon Dress,2,4050,2100,0,Wallet,No
702987,2024-10-24,C100179,Faisalabad,Online,Jackets,Bomber Jacket,2,5110,2780,0,COD,No
704682,2023-12-09,C100731,Lahore,Store,Jackets,Denim Jacket,2,5720,2970,30,Wallet,No
701036,2023-11-22,C100361,,Store,kurtas,Embroidered Kurta,1,2790,1730,10,Wallet,No
703806,2024-05-21,C101206,Islamabad,Online,T-Shirts,Classic Cotton Tee,1,1190,680,15,COD,No
702234,2023-09-29,C101224,Lahore,Online,Accessories,Tote Bag,1,1670,790,0,Bank Transfer,No
701374,2024-12-25,C100992,Faisalabad,Online,Accessories,Sunglasses,1,2230,1030,0,Wallet,No
700518,2024-11-24,C101865,Multan,Online,Dresses,Summer Floral Dress,2,3200,1600,10,COD,No
700011,2023-09-07,C100863,Islamabad,Store,T-Shirts,Oversized Tee,1,1750,830,15,Bank Transfer,Yes
703127,2023-09-27,C100906,Karachi,Online,DRESSES,Bodycon Dress,2,3950,2020,15,Card,No
700063,2024-01-02,C101832,Karachi,Online,Jackets,Hooded Jacket,1,4970,3170,0,COD,No
702384,2024-08-20,C101686,Islamabad,Store,T-Shirts,Polo Shirt,3,2360,1440,0,COD,No
701635,2023-08-22,C101387,,Online,Kurtas,Cotton Kurta,2,1980,1020,0,COD,No
704254,2024-06-28,C100964,Sialkot,Store,T-Shirts,Oversized Tee,1,1830,960,0,COD,No
700623,2025-05-06,C100570,Karachi,Online,T-Shirts,Oversized Tee,2,1930,1170,0,COD,No
704184,2024-08-09,C100282,Lahore,Online,T-Shirts,Oversized Tee,1,1810,880,0,Bank Transfer,No
701245,2024-12-29,C100847,Rawalpindi,Store,Jackets,Puffer Jacket,1,7010,3530,0,COD,No
704653,2024-02-01,C100410,Rawalpindi,Online,Accessories,Baseball Cap,1,860,450,0,COD,No
700380,2025-05-07,C101432,Lahore,Online,T-Shirts,Classic Cotton Tee,0,1260,620,10,COD,Yes
701637,2025-06-24,C102092,Islamabad,Store,Shoes,Sneakers,1,4540,2620,0,Wallet,No
702443,2024-04-16,C101207,Karachi,Online,Jackets,Denim Jacket,1,5880,3450,0,COD,No
701877,2024-05-11,C100819,Karachi,Online,Jeans,High-Waist Jeans,1,4510,2230,10,Card,No
702409,2024-12-12,C100879,Islamabad,Online,Jackets,Bomber Jacket,1,5240,2460,0,Card,No
700318,2024-10-17,C100638,Faisalabad,Store,T-Shirts,Polo Shirt,1,2110,1300,0,COD,No
701425,2025-06-05,C102014,Karachi,Online,T-Shirts,Graphic Print Tee,1,1530,780,10,Card,No
700361,2025-01-24,C101539,Karachi,Online,Dresses,Summer Floral Dress,2,3170,1680,15,COD,Yes
703717,2025-03-18,C101743,Sialkot,Online,Dresses,Summer Floral Dress,1,3240,1890,10,COD,Yes
704046,2024-11-21,C102046,Karachi,Online,jackets,Bomber Jacket,1,4980,3110,15,Bank Transfer,No
704405,2024-03-27,C100007,Faisalabad,Store,T-Shirts,Classic Cotton Tee,3,1200,660,0,Wallet,No
701561,2024-03-12,C101300,Lahore,Online,Jeans,Straight Leg Jeans,3,3210,1880,0,COD,No
702374,2025-06-20,C101311,Peshawar,Store,Jeans,Ripped Jeans,1,3680,1890,0,Card,No
704579,2025-06-30,C101939,Lahore,Store,T-Shirts,Polo Shirt,2,2370,1170,0,Card,No
703501,2025-04-08,C100433,Multan,Store,Shoes,Boots,1,6480,4140,0,Card,No
700716,2024-01-15,C101780,Lahore,Store,Shoes,Sandals,2,2950,1670,0,Card,No
700227,2025-06-30,C101210,Faisalabad,Online,T-Shirts,Polo Shirt,2,2340,1170,0,Wallet,No
701062,2024-03-21,C100880,Karachi,Store,Jeans,Slim Fit Jeans,2,3470,1960,0,COD,No
701982,2023-12-12,C102046,Karachi,Store,Kurtas,Festive Kurta,1,4290,2630,15,COD,No
704022,2025-06-30,C101333,Sialkot,Store,Kurtas,Festive Kurta,3,4110,2430,0,Wallet,No
700858,2023-08-03,C101649,Faisalabad,Online,Shoes,Sandals,2,2950,1670,15,Wallet,No
703028,2025-04-24,C100594,Lahore,Online,T-Shirts,Polo Shirt,1,2320,1200,0,COD,No
702254,2023-09-18,C102138,Faisalabad,Store,Jeans,Straight Leg Jeans,2,3230,2010,0,COD,No
704171,2023-12-19,C100906,Karachi,Online,Kurtas,Cotton Kurta,2,1860,1120,20,COD,No
704755,2025-03-30,C100207,Rawalpindi,Online,Jeans,Slim Fit Jeans,1,3390,1900,0,Wallet,Yes
702704,2025-05-26,C100626,Faisalabad,Store,Dresses,Wrap Dress,2,4280,2710,0,Bank Transfer,Yes
704550,2024-11-06,C101137,Karachi,Online,Kurtas,Embroidered Kurta,1,3020,1730,15,Wallet,No
702562,2023-10-09,C100967,Lahore,Online,Accessories,Baseball Cap,1,900,530,0,Card,No
700950,2024-11-13,C100765,Lahore,Store,Kurtas,Printed Kurta,2,2550,1350,25,COD,No
702268,2025-04-24,C100755,Lahore,Online,T-Shirts,Polo Shirt,3,2100,1240,0,COD,No
700256,2023-11-15,C100795,,Online,Jackets,Hooded Jacket,2,4900,2760,10,Wallet,No
704779,2024-12-01,C101890,Lahore,Online,Accessories,Leather Belt,1,1230,800,30,COD,No
701391,2024-01-06,C101178,Lahore,Online,Dresses,Wrap Dress,2,4280,2360,15,COD,No
702491,2024-08-08,C101759,Peshawar,Store,Dresses,Wrap Dress,1,4220,2630,0,COD,No
704498,2024-05-04,C100048,Rawalpindi,Online,Dresses,Bodycon Dress,1,3810,2050,0,Card,No
703666,2025-06-24,C101838,Faisalabad,Store,Accessories,Baseball Cap,3,950,440,15,Wallet,No
703038,2024-06-22,C101049,Lahore,Online,Dresses,Maxi Dress,1,4740,2190,10,Card,Yes
703754,2024-06-12,C101563,Peshawar,Store,Dresses,Maxi Dress,1,4530,2640,0,Card,No
703535,2023-12-17,C100083,Lahore,Online,Jeans,Slim Fit Jeans,1,3340,1910,20,Card,No
701646,2024-06-18,C101009,Karachi,Online,Accessories,Sunglasses,2,2360,1350,10,Card,No
703023,2024-05-02,C100345,Faisalabad,Store,Jackets,Puffer Jacket,3,6620,3370,20,Card,No
701302,2025-01-17,C101311,Peshawar,Online,Jeans,High-Waist Jeans,1,4460,2530,0,COD,No
704629,2023-10-26,C100202,Islamabad,Store,Accessories,Tote Bag,3,1610,970,0,COD,No
700072,2025-01-28,C100194,Lahore,Store,Jackets,Puffer Jacket,1,7230,3540,0,COD,No
702020,2024-01-26,C101139,Rawalpindi,Store,Jackets,Hooded Jacket,1,4850,3030,0,COD,No
702249,2024-03-27,C100241,Faisalabad,Online,Shoes,Sneakers,2,4500,2840,0,COD,No
702278,2024-04-21,C101385,Lahore,Store,Jackets,Denim Jacket,1,5860,3550,15,Card,No
700522,2025-05-15,C102092,Islamabad,Store,Dresses,Summer Floral Dress,1,3090,1460,0,COD,No
700319,2025-06-26,C100957,Islamabad,Store,Shoes,Sneakers,2,4570,2650,10,COD,No
704095,2023-09-04,C100913,Sialkot,Online,T-Shirts,Classic Cotton Tee,3,1260,810,0,COD,No
700613,2024-07-15,C101499,Rawalpindi,Store,Jeans,Straight Leg Jeans,2,3400,1780,0,COD,No
702451,2024-11-25,C100774,Lahore,Store,Shoes,Boots,1,6190,3580,20,Wallet,No
702525,2024-10-04,C100391,Lahore,Store,T-Shirts,Polo Shirt,3,2370,1270,15,Card,No
705043,2024-12-11,C100587,Karachi,Online,Kurtas,Cotton Kurta,1,1990,1010,0,Card,No
702218,2023-08-30,C101593,Karachi,Store,Kurtas,Printed Kurta,2,2400,1430,0,Wallet,No
704862,2025-06-21,C101537,Faisalabad,Online,Shoes,Sandals,1,2790,1390,0,COD,No
702187,2024-01-31,C102006,Karachi,Online,Jackets,Bomber Jacket,3,5370,3470,15,COD,No
702473,2025-05-10,C100708,Karachi,Store,T-Shirts,Oversized Tee,1,1800,810,15,Card,No
702265,2024-10-11,C100417,Faisalabad,Online,Shoes,Loafers,1,5350,2480,0,Card,No
702020,2024-01-26,C101139,Rawalpindi,Store,Jeans,Straight Leg Jeans,1,3320,1710,0,COD,No
704502,2024-03-06,C101543,Lahore,Store,Kurtas,Embroidered Kurta,3,2880,1820,0,COD,No
700551,2023-09-30,C101798,Islamabad,Store,T-Shirts,Polo Shirt,2,2270,1170,0,Card,No
705048,2024-03-23,C100682,Lahore,Store,Accessories,Baseball Cap,1,940,540,0,COD,No
700342,2025-03-20,C100423,lahore,Store,Accessories,Tote Bag,2,1610,790,0,COD,No
703300,2023-12-21,C101805,Rawalpindi,Online,Jeans,High-Waist Jeans,1,4210,2160,30,COD,No
705002,2024-02-13,C100299,Rawalpindi,Store,Shoes,Boots,1,6180,3590,0,COD,No
703245,2023-07-22,C100163,Lahore,Store,T-Shirts,Graphic Print Tee,1,1490,810,10,Wallet,No
700132,2024-05-02,C100329,Karachi,Store,Accessories,Tote Bag,1,1560,910,0,COD,Yes
702267,2025-02-01,C100212,Lahore,Online,Shoes,Sandals,1,2670,1660,0,Card,No
702549,2025-05-07,C101647,Faisalabad,Store,Jeans,Straight Leg Jeans,2,3260,2100,10,Card,No
703342,2025-01-02,C101117,Faisalabad,Online,Shoes,Loafers,2,5310,3320,10,COD,No
700343,2025-04-20,C101484,Islamabad,Online,T-Shirts,Graphic Print Tee,2,1510,750,20,COD,No
701074,2024-03-04,C102034,Lahore,Online,Shoes,Sneakers,1,4620,2480,0,COD,No
702825,2024-07-10,C101926,Karachi,Store,Kurtas,Printed Kurta,3,2500,1310,10,COD,No
702904,2023-09-07,C101426,Lahore,Online,Jackets,Denim Jacket,1,5550,2830,0,COD,No
703088,2024-12-30,C100291,Lahore,Online,Shoes,Sneakers,2,4510,2460,30,Wallet,No
704315,2025-06-28,C102015,Islamabad,Online,Accessories,Sunglasses,2,2250,1280,15,COD,No
704895,2025-03-29,C100858,Karachi,Store,T-Shirts,Classic Cotton Tee,3,1210,680,0,COD,No
702238,2025-03-02,C101489,,Online,Jeans,Straight Leg Jeans,1,3200,2020,0,Card,No
701738,2024-04-19,C100048,Rawalpindi,Online,Shoes,Sneakers,1,4820,2360,20,COD,No
704118,2025-02-16,C100165,Karachi,Store,Jackets,Hooded Jacket,3,4950,3010,0,Card,No
702756,2024-12-28,C100097,Lahore,Online,Jeans,Ripped Jeans,1,4090,1880,15,Card,No
702758,2024-08-30,C101446,Peshawar,Store,kurtas,Festive Kurta,1,4470,2750,0,Wallet,No
703281,2023-11-18,C101864,Islamabad,Online,Jeans,High-Waist Jeans,1,4170,2100,0,COD,No
705093,2025-04-16,C100181,Peshawar,Online,Kurtas,Festive Kurta,2,4260,2640,0,Card,No
703124,2025-02-12,C101757,Sialkot,Store,Jeans,Straight Leg Jeans,3,3230,1800,0,Bank Transfer,Yes
702858,2024-03-01,C101839,Faisalabad,Store,T-Shirts,Oversized Tee,1,1840,910,0,COD,No
704094,2024-01-15,C101966,Rawalpindi,Online,Jackets,Puffer Jacket,1,6870,3730,0,COD,No
704679,2025-06-12,C101092,Karachi,Online,T-Shirts,Graphic Print Tee,1,1480,700,15,Bank Transfer,No
700754,2023-08-20,C101981,Karachi,Online,Jackets,Hooded Jacket,1,4610,2470,10,Wallet,No
700545,2025-02-26,C100943,Karachi,Online,Jeans,Slim Fit Jeans  ,1,3400,1630,15,COD,No
702430,2024-03-23,C101376,Rawalpindi,Store,Shoes,Loafers,2,5060,2660,10,COD,No
701091,2025-02-04,C101999,Islamabad,Store,Shoes,Boots,1,6210,4000,10,Card,No
704565,2024-07-30,C100605,Faisalabad,Online,Dresses,Wrap Dress,3,4120,2380,0,COD,Yes
700433,2024-01-14,C101620,Lahore,Store,Accessories,Leather Belt,1,1250,640,0,Bank Transfer,No
704918,2024-08-24,C101056,Peshawar,Online,Jeans,High-Waist Jeans,1,4390,2810,0,COD,No
703012,2024-11-28,C100394,Lahore,Online,shoes,Sandals,2,2950,1600,20,Bank Transfer,No
703372,2023-12-12,C100155,Rawalpindi,Online,Jeans,Slim Fit Jeans,2,3770,1930,0,COD,No
701091,2025-02-04,C101999,Islamabad,Store,Shoes,Sandals,1,2790,1670,10,Card,No
700385,2025-01-10,C100152,Lahore,Online,Kurtas,Cotton Kurta,2,1930,1140,0,Bank Transfer,No
703462,2024-09-18,C100093,,Store,accessories,Sunglasses,3,2110,1000,10,Card,No
702818,2025-06-05,C100170,Karachi,Online,Kurtas,Printed Kurta,2,2420,1290,0,Card,No
700340,2025-01-29,C101279,Islamabad,Online,Shoes,Sneakers,2,4530,2810,0,Card,No
705034,2024-06-29,C101245,Karachi,Online,Accessories,Baseball Cap,1,900,450,0,COD,No
704917,2024-04-18,C101189,Rawalpindi,Online,Dresses,Summer Floral Dress,1,3050,1870,0,Wallet,No
702569,2023-07-25,C101164,Lahore,Online,Accessories,Tote Bag,1,1720,850,0,COD,No
703357,2024-01-20,C100209,Islamabad,Online,Shoes,Sandals,1,2720,1400,0,COD,No
704793,2025-01-19,C100828,Multan,Store,T-Shirts,Oversized Tee,1,1840,1070,15,Card,No
703079,2024-11-05,C101016,Rawalpindi,Store,Jeans,Slim Fit Jeans,1,3520,2040,20,,No
702646,2023-12-12,C101797,KARACHI,Online,Kurtas,Cotton Kurta,3,1980,930,20,COD,No
704311,2024-01-30,C101865,Multan,Online,T-Shirts,Polo Shirt,1,2120,1200,10,Bank Transfer,No
704408,2023-08-20,C100141,Karachi,Store,Jeans,Straight Leg Jeans,3,3230,2050,10,Bank Transfer,No
704941,2024-08-06,C100089,Islamabad,Online,Kurtas,Printed Kurta,3,2310,1210,0,Wallet,No
704589,2024-08-25,C101802,Lahore,Online,Jeans,Slim Fit Jeans,1,3660,1820,0,Wallet,No
700901,2024-08-16,C102183,Lahore,Store,Accessories,Tote Bag,3,1600,990,15,COD,No
704681,2024-10-28,C101710,Faisalabad,Online,Accessories,Leather Belt,1,1270,770,10,Card,No
702301,2025-06-28,C100021,Karachi,Store,Shoes,Sneakers,2,4460,2060,10,Card,No
703701,2023-12-31,C100913,Sialkot,Online,T-Shirts,Classic Cotton Tee,1,1240,660,20,COD,No
702898,2023-11-12,C101179,Lahore,Store,Jeans,Slim Fit Jeans,1,3650,2120,20,COD,No
700599,2024-11-21,C102042,Islamabad,Online,Kurtas,Embroidered Kurta,1,2950,1620,15,Card,No
704860,2023-07-04,C100647,Islamabad,Store,T-Shirts,Graphic Print Tee,2,1510,890,0,COD,No
701046,2024-11-13,C100973,Peshawar,Online,Jeans,Slim Fit Jeans,2,3670,2050,15,COD,No
702468,2025-05-08,C100151,Peshawar,Store,Dresses,Bodycon Dress,2,3880,2210,0,COD,Yes
703994,2023-11-18,C100399,Karachi,Online,Jeans,High-Waist Jeans,1,4000,1860,0,COD,Yes
702298,2023-08-21,C100162,Lahore,Online,Shoes,Sneakers,3,4810,2260,0,COD,No
702316,2024-07-12,C100226,Lahore,Online,Kurtas,Embroidered Kurta,1,2860,1440,0,Card,No
702903,2023-12-27,C100373,Karachi,Online,T-Shirts,Oversized Tee,2,1800,960,20,Card,No
703976,2023-10-04,C101259,Sialkot,Online,Kurtas,Embroidered Kurta,1,2660,1620,0,Card,No
700944,2025-03-04,C101249,Peshawar,Store,T-Shirts,Polo Shirt,1,2270,1030,0,COD,No
700486,2025-06-06,C100085,Lahore,Store,Shoes,Sneakers,2,4460,2740,0,COD,No
700752,2023-11-04,C101216,Karachi,Online,Jeans,Straight Leg Jeans,1,3310,1830,10,Bank Transfer,No
702850,2024-03-13,C101774,Islamabad,Online,Shoes,Loafers,3,5360,3090,0,COD,No
702748,2025-04-18,C102199,Rawalpindi,Store,T-Shirts,Classic Cotton Tee,1,1160,620,10,Card,No
703498,2023-08-02,C100409,Sialkot,Store,T-Shirts,Classic Cotton Tee,2,1270,700,15,Card,No
702264,2025-01-21,C100325,Rawalpindi,Online,Jeans,High-Waist Jeans,3,4460,2270,0,COD,Yes
700725,2024-07-05,C100873,Karachi,Online,Dresses,Maxi Dress,1,4640,2830,0,COD,No
700039,2024-12-22,C102059,Lahore,Store,Dresses,Summer Floral Dress,3,3190,1610,25,Wallet,Yes
703915,2024-08-18,C101799,Islamabad,Store,Jeans,High-Waist Jeans,2,3990,2350,0,Card,No
704345,2025-02-20,C101009,Karachi,Store,Jackets,Puffer Jacket,1,6490,3510,0,Card,No
705111,2023-12-10,C101369,Karachi,Online,Jackets,Hooded Jacket,1,5150,3150,20,Bank Transfer,No
703080,2023-08-04,C102191,Islamabad,Store,Jeans,Slim Fit Jeans,2,3370,1880,0,Wallet,No
703057,2023-07-14,C101305,Peshawar,Online,T-Shirts,Classic Cotton Tee,1,1230,580,0,Wallet,No
701192,2024-12-10,C101639,Rawalpindi,Store,T-Shirts,Oversized Tee,3,1740,1030,10,,No
700260,2025-03-17,C101410,Multan,Online,T-Shirts,Graphic Print Tee,1,1600,980,15,Card,No
701060,2024-06-20,C101805,Rawalpindi,Store,JEANS,High-Waist Jeans,2,4080,1950,0,Card,No
704275,2023-08-24,C101786,Karachi,Store,Accessories,Baseball Cap,1,920,530,15,COD,No
704429,2024-06-12,C101472,Lahore,Store,T-Shirts,Graphic Print Tee,2,1480,730,0,COD,No
701693,2024-03-08,C101853,Faisalabad,Online,Jackets,Puffer Jacket,1,6980,4490,0,Card,No
700268,2025-01-14,C101731,Lahore,Store,Accessories,Leather Belt,2,1140,620,10,COD,No
705013,2023-09-11,C100040,Karachi,Store,Shoes,Sandals,2,3020,1550,10,Card,No
701794,2025-03-20,C101080,Lahore,Store,Kurtas,Cotton Kurta,2,1820,940,0,COD,No
704436,2025-03-15,C101500,rawalpindi,Online,Jeans,Ripped Jeans,1,4010,2490,0,Wallet,No
704877,2024-11-21,C100263,Lahore,Store,Shoes,Boots,1,6490,2950,30,Card,No
704078,2025-04-07,C101389,,Store,Shoes,Loafers,1,5340,2870,10,COD,Yes
702586,2024-12-18,C101389,Lahore,Online,Jeans,High-Waist Jeans,1,4280,2620,10,COD,No
703812,2024-09-11,C100917,,Online,Kurtas,Printed Kurta,2,2420,1540,0,COD,No
704005,2023-11-15,C100088,Lahore,Online,Kurtas,Festive Kurta,2,4530,2940,15,COD,No
703366,2025-03-03,C101601,Lahore,Store,Accessories,Baseball Cap,-2,890,520,0,Card,No
702616,2023-08-22,C100356,Faisalabad,Online,T-Shirts,Classic Cotton Tee,1,1230,740,0,Bank Transfer,No
700303,2024-04-20,C102125,Karachi,Store,T-Shirts,Polo Shirt,3,2230,1420,0,Card,No
700094,2025-03-01,C100166,Multan,Online,Jeans,Ripped Jeans,1,3980,2370,0,Bank Transfer,Yes
702359,2024-11-11,C101871,Karachi,Online,Accessories,Leather Belt,1,1220,620,15,Bank Transfer,No
700921,2023-12-25,C100544,Lahore,Store,Accessories,Sunglasses,2,2180,1020,25,Wallet,No
702929,2025-02-11,C101769,Multan,Store,Accessories,Leather Belt,1,1200,560,10,Card,No
703937,2024-08-12,C101874,Peshawar,Online,Accessories,Sunglasses,1,2220,1150,15,Wallet,No
702375,2024-11-21,C100565,Rawalpindi,Store,Accessories,Baseball Cap,1,880,500,0,COD,No
703056,2025-01-15,C100573,Faisalabad,Online,Jeans,Slim Fit Jeans,1,3410,2100,0,Card,No
704319,2023-07-05,C102142,Faisalabad,Online,Accessories,Sunglasses,1,2180,1170,0,COD,No
702773,2024-12-28,C101915,Lahore,Store,Kurtas,Cotton Kurta,3,2040,1310,0,Card,No
702168,2024-05-17,C101850,Lahore,Store,Kurtas,Printed Kurta,3,2360,1520,20,Bank Transfer,Yes
703596,2024-01-02,C102083,Lahore,Store,Jeans,Ripped Jeans,1,3800,1960,0,COD,No
701079,2024-12-17,C101819,Islamabad,Store,Jeans,Ripped Jeans  ,1,3900,2080,0,COD,No
704120,2025-02-12,C100827,Lahore,Online,Jeans,Slim Fit Jeans,1,3530,2210,15,Wallet,No
701279,2023-09-23,C100998,Sialkot,Online,Jackets,Bomber Jacket,1,5140,2400,10,Card,No
704613,2025-02-28,C100713,Peshawar,Online,Jackets,Denim Jacket,2,5660,2640,0,Card,No
700634,2024-08-29,C100219,Karachi,Store,Dresses,Summer Floral Dress,2,3050,1390,0,COD,No
700662,2024-10-04,C102141,Karachi,Store,Jeans,Slim Fit Jeans,1,3610,1840,0,COD,No
702880,2024-11-21,C100296,Sialkot,Online,T-Shirts,Classic Cotton Tee,2,1150,580,20,COD,No
702092,2025-05-19,C101322,Lahore,Store,T-Shirts,Classic Cotton Tee,2,1220,680,20,Wallet,No
700125,2025-04-09,C101225,Peshawar,Online,Dresses,Wrap Dress,1,4280,2070,10,Card,Yes
701442,2024-09-04,C100659,Karachi,Online,Shoes,Sneakers,1,4440,2670,0,COD,No
700543,2023-11-08,C101365,Islamabad,Store,Kurtas,Printed Kurta,3,2550,1320,15,COD,No
703721,2023-08-12,C100993,Lahore,Online,Jeans,High-Waist Jeans,1,4220,2230,10,Wallet,No
704931,2023-09-22,C100323,Islamabad,Online,Accessories,Leather Belt,1,1210,720,0,Card,No
705136,2025-03-08,C100593,Islamabad,Store,Shoes,Sandals,1,2980,1680,0,COD,No
701269,2024-03-28,C102127,Karachi,Online,Dresses,Maxi Dress,1,4830,2840,15,Card,No
700473,2025-05-16,C102089,Karachi,Store,Dresses,Bodycon Dress,2,3790,2110,0,Card,No
700826,2024-11-28,C100208,Lahore,Online,Accessories,Baseball Cap,1,860,410,20,Wallet,No
703280,2025-06-16,C100144,Karachi,Store,T-Shirts,Polo Shirt,1,2100,1110,0,,No
704648,2024-09-15,C102034,,Online,Accessories,Tote Bag,1,1690,1060,0,Wallet,No
703066,2024-02-04,C101939,Lahore,Online,T-Shirts,Polo Shirt,2,2150,1120,0,Bank Transfer,No
704355,2024-12-11,C100428,Lahore,Online,Jeans,Straight Leg Jeans,1,3180,2060,10,Bank Transfer,No
701189,2025-03-05,C101162,Multan,Online,Jackets,Hooded Jacket,1,5180,2650,0,COD,No
702524,2023-09-22,C101742,LAHORE,Store,Dresses,Bodycon Dress,2,3740,2400,0,Card,No
704071,2023-10-11,C100119,Islamabad,Store,Accessories,Baseball Cap,1,890,420,0,COD,No
703898,2024-08-30,C101653,Lahore,Online,Jackets,Denim Jacket,1,5670,3500,0,Card,No
703614,2023-09-04,C100128,Lahore,Store,T-Shirts,Graphic Print Tee,3,1450,940,0,Wallet,No
700822,2025-02-03,C100557,Karachi,Online,T-Shirts,Classic Cotton Tee,1,1200,770,0,COD,No
701485,2024-02-25,C100816,Peshawar,Store,Jackets,Hooded Jacket,1,4720,2540,0,Card,No
700706,2023-12-02,C100769,Islamabad,Online,Kurtas,Festive Kurta,1,4270,2690,0,COD,No
703940,2024-06-25,C100729,islamabad,Online,Jeans,High-Waist Jeans,1,4110,1980,0,COD,Yes
702085,2024-09-27,C101525,Lahore,Store,T-Shirts,Polo Shirt,2,2150,1010,15,Card,No
702896,2024-01-21,C100075,Karachi,Store,Kurtas,Embroidered Kurta,2,2660,1430,0,COD,No
704675,2025-02-24,C100346,Sialkot,Online,Accessories,Tote Bag,3,1650,910,0,COD,No
701714,2024-09-28,C100787,Karachi,Store,Jeans,High-Waist Jeans,1,4140,2420,0,COD,No
700879,2024-04-09,C100863,Islamabad,Online,Shoes,Loafers,1,5190,3040,0,Card,No
702993,2024-11-22,C101894,Karachi,Online,Kurtas,Festive Kurta,3,4150,1990,20,Card,Yes
704599,2024-02-08,C100695,Islamabad,Online,Shoes,Sneakers,1,4770,2620,0,Wallet,No
704670,2024-05-30,C102097,Karachi,Online,T-Shirts,Polo Shirt,1,2210,1180,10,Card,No
704233,2025-05-21,C102170,Karachi,Online,Jeans,Slim Fit Jeans,2,3610,2140,0,COD,No
701673,2024-10-25,C102009,Rawalpindi,Online,Accessories,Sunglasses,1,2370,1400,0,,No
703147,2023-12-06,C100896,Karachi,Online,Accessories,Tote Bag,1,1700,850,20,Card,No
702186,2023-11-23,C101245,Karachi,Store,T-Shirts,Classic Cotton Tee,1,1220,740,25,Card,No
703377,2024-02-11,C100156,Karachi,Online,Dresses,Bodycon Dress,3,3920,2120,0,COD,No
700787,2024-05-20,C100386,Rawalpindi,Online,Shoes,Boots,2,6500,3270,0,COD,No
703888,2024-04-17,C102018,Islamabad,Online,Shoes,Loafers,1,5240,2440,20,Wallet,No
700281,2025-06-29,C101142,Multan,Online,jeans,High-Waist Jeans,1,4190,2210,0,COD,No
701331,2024-04-28,C101285,Peshawar,Online,Dresses,Summer Floral Dress,3,3160,1590,0,Card,No
700362,2025-05-24,C101781,Faisalabad,Online,Kurtas,Embroidered Kurta,1,2670,1290,0,COD,No
702350,2023-11-18,C101847,Rawalpindi,Online,Shoes,Boots,1,6520,3640,10,COD,No
700032,2024-10-17,C102038,Islamabad,Online,Shoes,Loafers,1,4990,2650,0,Card,No
702207,2023-09-24,C101322,Lahore,Store,Jackets,Puffer Jacket,3,6790,4110,0,Bank Transfer,No
700275,2024-08-26,C101903,Lahore,Online,kurtas,Printed Kurta,3,2500,1540,10,Card,No
702193,2023-07-02,C102191,Islamabad,Online,Accessories,Tote Bag,1,1700,880,0,Bank Transfer,No
702063,2025-04-05,C100669,Karachi,Store,Dresses,Summer Floral Dress,3,3080,1900,0,Bank Transfer,No
700437,2023-10-18,C101636,Karachi,Online,Jackets,Denim Jacket,2,5510,3390,10,Card,Yes
703260,2023-07-30,C101250,LAHORE,Online,Kurtas,Embroidered Kurta,2,3020,1840,0,COD,No
701170,2025-02-21,C101628,,Online,Dresses,Wrap Dress,1,4010,1930,0,COD,No
703647,2024-04-04,C101299,Karachi,Online,T-Shirts,Polo Shirt,2,2250,1450,10,COD,No
703671,2024-01-03,C100061,Karachi,Store,Jackets,Puffer Jacket,1,7200,3520,0,Wallet,No
703539,2025-06-22,C100691,Peshawar,Online,Accessories,Tote Bag,2,1630,970,0,COD,No
705061,2024-01-26,C101836,Lahore,Store,Jackets,Puffer Jacket,1,6610,3070,0,Card,No
701377,2025-01-20,C101387,Karachi,Store,Kurtas,Festive Kurta,2,4410,2410,0,Card,No
700335,2023-08-08,C101457,Karachi,Online,Dresses,Bodycon Dress,2,4010,2410,0,Wallet,No
700895,2024-06-20,C101377,Multan,Store,Kurtas,Printed Kurta,1,2310,1070,0,Card,No
700095,2023-10-30,C102086,Karachi,Online,Kurtas,Festive Kurta,1,4210,2510,0,Bank Transfer,No
704881,2024-12-19,C100294,Multan,Store,Shoes,Loafers,1,5450,2880,25,,No
703727,2023-12-13,C100072,multan,Online,Jeans,High-Waist Jeans,1,4320,2640,15,COD,No
703896,2024-01-11,C101267,Sialkot,Store,Shoes,Sneakers,1,4450,2690,15,Bank Transfer,No
703553,2025-05-29,C100231,Karachi,Online,T-Shirts,Classic Cotton Tee,1,1210,720,10,Card,No
704660,2025-04-02,C101975,Lahore,Store,Kurtas,Printed Kurta,1,2560,1240,0,Wallet,No
703145,2025-02-19,C102096,Lahore,Store,Shoes,Loafers,3,5140,2760,0,Wallet,No
700154,2024-11-27,C100566,Faisalabad,Online,Jackets,Puffer Jacket,2,7310,3850,10,Wallet,No
702510,2025-01-18,C101841,Islamabad,Online,Kurtas,Festive Kurta,3,4380,1980,0,COD,No
705114,2023-08-07,C100345,Faisalabad,Store,Shoes,Sneakers,2,4780,2380,0,COD,No
705198,2024-03-07,C100680,Lahore,Store,Accessories,Baseball Cap,1,910,440,0,Bank Transfer,No
704728,2024-07-16,C101357,Karachi,Online,Shoes,Boots,2,6410,3410,0,COD,Yes
701943,2023-10-25,C100309,Lahore,Store,Accessories,Tote Bag,1,1690,960,10,COD,Yes
704807,2023-12-16,C100860,Faisalabad,Online,Accessories,Baseball Cap,1,890,460,10,COD,Yes
700988,2024-07-27,C100654,Multan,Store,Kurtas,Printed Kurta,1,2280,1070,0,COD,No
700003,2024-07-01,C100760,Rawalpindi,Online,Kurtas,Cotton Kurta,1,1970,1090,0,COD,No
701528,2023-09-11,C100913,Sialkot,Online,Dresses,Bodycon Dress,2,4030,1860,0,Wallet,Yes
703190,2023-10-08,C100072,Multan,Online,Jeans,Straight Leg Jeans,2,3290,2040,0,Card,No
702236,2023-08-30,C100287,Karachi,Online,T-Shirts,Graphic Print Tee,1,1530,870,15,COD,No
704784,2024-01-26,C100128,Lahore,Online,Jeans,High-Waist Jeans,1,4000,2290,0,Card,No
700303,2024-04-20,C102125,Karachi,Store,Accessories,Sunglasses,2,2340,1480,10,Card,No
704668,2025-06-20,C100860,Faisalabad,Online,Jeans,High-Waist Jeans,1,4500,2460,0,Card,No
704827,2025-04-04,C101088,Karachi,Store,Accessories,Baseball Cap,1,930,500,20,COD,No
702723,2024-05-07,C102062,Islamabad,Store,Kurtas,Printed Kurta,1,2360,1340,15,COD,No
702006,2023-11-04,C100300,Faisalabad,Store,Jackets,Puffer Jacket,1,7260,4690,0,COD,No
703083,2023-07-25,C101754,Karachi,Online,Kurtas,Festive Kurta,1,4180,1900,10,COD,No
701466,2024-05-11,C101780,Lahore,Store,Accessories,Baseball Cap,1,950,600,20,COD,No
702672,2024-08-12,C100996,Islamabad,Online,Kurtas,Cotton Kurta,2,2050,1130,0,COD,No
701469,2024-05-07,C101776,Rawalpindi,Online,Accessories,Baseball Cap,1,950,580,10,Bank Transfer,No
701927,2025-04-04,C100824,Multan,Online,T-Shirts,Polo Shirt,2,2350,1310,20,Bank Transfer,No
700344,2024-01-17,C101889,Karachi,Online,Jeans,High-Waist Jeans,2,4340,2290,0,Card,Yes
700100,2023-10-25,C100420,Rawalpindi,Store,Kurtas,Embroidered Kurta,1,2690,1690,0,COD,No
704080,2024-02-14,C100124,Lahore,Online,Shoes,Loafers  ,1,5550,2880,0,Wallet,No
702431,2024-05-29,C101601,Lahore,Online,Kurtas,Cotton Kurta,3,1810,1170,15,COD,Yes
701464,2023-12-18,C101371,Sialkot,Online,Dresses,Wrap Dress,2,4020,2340,25,Card,No
704141,2023-11-05,C100790,Lahore,Online,Accessories,Baseball Cap,1,870,430,0,Card,No
704911,2024-07-05,C101787,Rawalpindi,Store,T-Shirts,Graphic Print Tee,1,1520,690,0,COD,No
704656,2025-02-05,C101710,Faisalabad,Online,Kurtas,Embroidered Kurta,1,2710,1690,0,Bank Transfer,Yes
701332,2024-07-21,C101817,Karachi,Store,Kurtas,Festive Kurta,1,4000,2060,0,Wallet,No
701778,2024-01-20,C101460,Faisalabad,Store,Accessories,Sunglasses,1,2320,1320,0,COD,No
703321,2024-12-30,C101075,Karachi,Store,Jeans,Straight Leg Jeans,2,3100,1490,0,Card,No
701233,2024-04-23,C100436,Lahore,Online,Dresses,Maxi Dress  ,3,4360,2020,15,COD,Yes
700674,2025-03-26,C101774,Islamabad,Online,Jackets,Hooded Jacket,1,5180,3080,0,COD,No
701874,2024-06-19,C100637,Rawalpindi,Online,jeans,Ripped Jeans,1,3730,1860,0,COD,No
703206,2024-02-18,C100560,Lahore,Store,Dresses,Bodycon Dress,1,3640,1900,15,Wallet,No
701303,2025-05-26,C101840,Lahore,Online,Dresses,Summer Floral Dress,2,3040,1680,0,Card,No
703657,2025-04-28,C100325,Rawalpindi,Online,Dresses,Maxi Dress,3,4750,2270,10,Card,No
704024,2024-03-02,C101808,Karachi,Online,Accessories,Sunglasses,2,2120,1110,0,Bank Transfer,No
700713,2024-10-11,C102124,Karachi,Online,Dresses,Wrap Dress,3,4210,2240,0,Wallet,No
703102,2024-08-13,C102170,Karachi,Store,T-Shirts,Oversized Tee,3,1870,910,0,COD,Yes
702172,2024-11-04,C101724,Karachi,Online,kurtas,Printed Kurta,1,2300,1380,0,Card,No
702901,2025-05-10,C101484,Islamabad,Store,Accessories,Leather Belt,1,1290,760,20,Card,No
700532,2023-08-07,C101653,Lahore,Store,Accessories,Tote Bag,1,1540,810,0,COD,No
703768,2023-10-08,C100237,Faisalabad,Online,Accessories,Sunglasses,1,2300,1460,10,Card,No
700277,2024-11-25,C100643,Lahore,Online,Dresses,Wrap Dress,1,3850,2060,15,Card,No
703861,2025-06-01,C100844,Lahore,Store,Accessories,Tote Bag,1,1700,950,0,COD,No
703807,2023-10-14,C100994,Peshawar,Online,Kurtas,Embroidered Kurta,2,2910,1830,0,COD,No
700678,2024-09-24,C101229,Lahore,Store,Kurtas,Printed Kurta,3,2380,1370,0,COD,No
704390,2023-09-27,C100459,Islamabad,Online,Dresses,Bodycon Dress,1,3760,2270,10,Card,No
702728,2024-05-18,C101282,Karachi,Online,T-Shirts,Graphic Print Tee,1,1600,1030,10,COD,No
705045,2024-05-28,C100408,Lahore,Online,T-Shirts,Polo Shirt,1,2110,1340,0,COD,No
704412,2023-07-08,C100970,Lahore,Online,T-Shirts,Classic Cotton Tee,2,1270,590,0,Card,No
703064,2024-03-01,C100969,Lahore,Online,Jeans,Slim Fit Jeans,1,3740,2090,10,Bank Transfer,No
703155,2024-12-23,C100203,Lahore,Online,Jeans,Straight Leg Jeans,3,3250,2100,15,COD,No
700225,2024-03-16,C100420,Rawalpindi,Store,Jeans,Straight Leg Jeans  ,1,3140,1490,0,Wallet,No
701149,2023-07-17,C100397,Karachi,Store,T-Shirts,Graphic Print Tee,1,1570,1000,0,Card,No
704916,2023-12-24,C101361,Karachi,Online,Shoes,Sandals,2,2940,1520,0,COD,No
700376,2023-09-26,C101364,Karachi,Online,Kurtas,Printed Kurta,1,2410,1290,0,Card,No
703905,2025-01-09,C102144,Karachi,Online,Jackets,Hooded Jacket,2,4580,2560,0,COD,No
703182,2024-09-27,C100921,Multan,Store,Dresses,Maxi Dress,3,4610,2130,0,Card,No
701057,2024-12-16,C102151,Lahore,Store,Jackets,Bomber Jacket,1,5490,2780,25,Wallet,No
700475,2025-05-16,C100100,Peshawar,Online,Dresses,Maxi Dress,2,4720,3020,0,COD,No
701654,2023-07-03,C101757,Sialkot,Online,Jeans,High-Waist Jeans,2,4350,2540,0,COD,No
703307,2024-06-22,C101105,Faisalabad,Online,Kurtas,Printed Kurta,1,2300,1260,0,Wallet,No
704955,2024-04-04,C100701,Karachi,Store,Accessories,Sunglasses,2,2260,1390,10,Card,No
701321,2023-12-28,C100296,Sialkot,Store,Shoes,Loafers,1,4970,3200,20,Card,No
703792,2024-06-22,C101724,Karachi,Online,Jeans,Slim Fit Jeans,1,3660,2040,10,Card,No
703083,2023-07-25,C101754,Karachi,Online,T-Shirts,Graphic Print Tee,1,1620,970,10,COD,No
700735,2024-07-28,C101290,Karachi,Online,Kurtas,Cotton Kurta,2,1910,980,0,COD,No
703495,2024-08-29,C101336,Lahore,Online,Dresses,Summer Floral Dress,2,3090,1830,0,COD,Yes
704096,2024-04-19,C100860,Faisalabad,Store,Kurtas,Embroidered Kurta,1,3000,1870,15,COD,No
703382,2024-04-23,C102140,Peshawar,Online,kurtas,Printed Kurta,3,2390,1180,0,Bank Transfer,No
701343,2024-12-12,C100128,Lahore,Store,Jackets,Bomber Jacket,3,5460,2550,30,Card,No
701712,2023-10-29,C101620,Lahore,Online,Accessories,Sunglasses,1,2340,1270,0,COD,No
702668,2024-11-24,C101924,Lahore,Online,Jeans,Ripped Jeans,2,3850,2490,25,COD,No
704101,2023-10-06,C100972,Lahore,Online,Jeans,Ripped Jeans,1,3870,2250,0,COD,No
703293,2024-04-16,C101404,Lahore,Store,Kurtas,Embroidered Kurta,1,2820,1660,15,Card,No
701836,2023-07-21,C101946,Lahore,Online,T-Shirts,Graphic Print Tee,3,1480,780,0,COD,No
705036,2025-03-28,C101278,Multan,Store,Dresses,Bodycon Dress,3,3880,2050,0,Wallet,No
701314,2024-04-06,C100087,Karachi,Store,Accessories,Sunglasses,1,2270,1030,20,COD,No
700728,2023-10-23,C101718,Rawalpindi,Store,Jackets,Hooded Jacket,1,4570,2540,10,Bank Transfer,No
701009,2024-01-24,C100135,Lahore,Store,Jackets,Hooded Jacket,2,4760,2230,0,COD,No
701606,2025-03-20,C100731,Lahore,Online,Accessories,Sunglasses,1,2260,1250,10,Wallet,No
704444,2023-10-26,C100313,Karachi,Online,Jackets,Denim Jacket,2,5880,3200,0,COD,No
702271,2024-07-25,C101342,Karachi,Store,Shoes,Loafers,1,5410,3030,0,Card,Yes
704657,2024-07-31,C102158,Karachi,Online,Dresses,Summer Floral Dress,1,3450,1800,0,Card,No
702076,2025-04-09,C101517,Sialkot,Store,Shoes,Loafers,2,5030,2390,15,COD,No
702283,2025-01-05,C101083,Multan,Online,Jackets,Puffer Jacket,1,6560,3230,15,COD,No
705134,2023-10-21,C101245,Karachi,Online,Jeans,Slim Fit Jeans,3,3460,1840,0,COD,No
704967,2023-12-15,C100658,Islamabad,Online,Jeans,Straight Leg Jeans,1,3220,1880,0,Card,No
701217,2023-08-20,C101496,Multan,Online,T-Shirts,Graphic Print Tee,1,1520,690,0,Wallet,No
703842,2024-02-20,C101226,Karachi,Online,Jackets,Bomber Jacket,1,5440,2930,10,Bank Transfer,No
704416,2024-08-21,C101742,Lahore,Online,Jackets,Bomber Jacket,2,5220,2870,0,Card,No
702118,2024-05-27,C100914,Sialkot,Store,T-Shirts,Polo Shirt,1,2110,1110,10,COD,No
700272,2024-11-07,C101735,Faisalabad,Online,T-Shirts,Polo Shirt,1,2270,1220,25,COD,No
704583,2024-12-18,C101503,Karachi,Store,Accessories,Baseball Cap,1,920,520,20,COD,No
704681,2024-10-28,C101710,Faisalabad,Online,Jeans,Straight Leg Jeans,1,3430,1920,0,Card,No
702627,2025-05-14,C100067,Karachi,Online,T-Shirts,Graphic Print Tee,2,1480,780,0,Wallet,No
701716,2024-06-11,C101646,Karachi,Online,Accessories,Baseball Cap,3,930,540,10,COD,No
705090,2024-12-06,C100016,Islamabad,Online,Jeans,High-Waist Jeans,1,4040,2390,0,COD,No
700238,2024-10-12,C101269,Karachi,Online,Jeans,Ripped Jeans,2,3890,1890,0,Bank Transfer,No
704105,2024-12-17,C101127,Rawalpindi,Online,Accessories,Tote Bag,1,1680,960,0,COD,No
700864,2024-04-13,C101776,Rawalpindi,Store,Kurtas,Printed Kurta,2,2350,1290,15,Card,No
701929,2023-09-26,C100310,Karachi,Online,Dresses,Summer Floral Dress,1,3430,2150,0,COD,Yes
700166,2025-04-06,C100430,Peshawar,Online,Shoes,Sneakers,1,4520,2630,10,Card,Yes
702216,2023-07-10,C102118,Lahore,Store,Kurtas,Festive Kurta  ,1,4370,2340,10,Card,No
700305,2024-01-25,C100794,Lahore,Online,Accessories,Baseball Cap,1,890,530,0,Card,No
704707,2025-05-31,C101350,Faisalabad,Online,Shoes,Boots,2,6800,3550,10,Card,No
701713,2024-12-03,C101692,Lahore,Online,Jeans,Slim Fit Jeans,3,3570,1760,20,COD,No
701539,2024-10-12,C102157,Karachi,Online,Accessories,Leather Belt,1,1240,760,0,COD,No
701495,2024-05-31,C101753,Faisalabad,Online,Dresses,Wrap Dress,1,4110,2320,0,COD,No
701515,2025-03-16,C101871,Karachi,Online,Dresses,Bodycon Dress,1,3660,2240,10,Card,No
702427,2024-07-09,C101019,Karachi,Store,T-Shirts,Polo Shirt,1,2320,1190,0,Card,No
701568,2025-04-24,C101385,Lahore,Online,T-Shirts,Graphic Print Tee,2,1520,970,0,COD,No
701187,2025-01-21,C100635,Lahore,Online,Jackets,Denim Jacket,1,5810,2890,0,Card,No
700338,2023-11-02,C101180,Faisalabad,Online,Jackets,Bomber Jacket,2,5540,2830,15,COD,Yes
700827,2024-06-02,C100484,Lahore,Store,Accessories,Leather Belt,1,1260,580,0,COD,Yes
704570,2025-06-02,C101817,Karachi,Online,Kurtas,Printed Kurta,1,2480,1460,0,COD,No
700442,2024-05-27,C100376,Peshawar,Store,Jeans,Straight Leg Jeans,1,3220,1840,0,COD,No
702590,2023-07-28,C100826,Islamabad,Online,T-Shirts,Polo Shirt,1,2340,1340,0,Card,No
702798,2024-03-23,C100852,multan,Online,Kurtas,Embroidered Kurta,1,2780,1600,0,COD,No
705182,2024-02-26,C101913,Islamabad,Online,Shoes,Loafers,1,5580,2760,0,Card,Yes
703546,2025-06-21,C101634,Sialkot,Online,Accessories,Baseball Cap,1,960,460,0,COD,Yes
700960,2024-07-26,C101815,Islamabad,Online,T-Shirts,Polo Shirt,3,2370,1090,0,Wallet,No
701221,2025-01-13,C101922,Karachi,Online,Jackets,Puffer Jacket,3,6470,3020,0,Wallet,No
703690,2023-09-27,C101026,Sialkot,Online,Kurtas,Cotton Kurta,2,2040,1060,0,COD,No
702444,2024-06-25,C100597,Islamabad,Online,Jeans,High-Waist Jeans,1,4000,2540,0,COD,No
702984,2024-01-31,C101102,Faisalabad,Store,jackets,Puffer Jacket,1,6720,4160,0,COD,No
702890,2024-02-29,C100094,Karachi,Store,Shoes,Boots,1,6560,4190,0,COD,No
702706,2023-07-30,C100787,Karachi,Online,T-Shirts,Classic Cotton Tee,1,1270,760,0,Bank Transfer,No
701070,2025-03-03,C101653,Lahore,Online,Shoes,Boots,1,6580,3930,0,COD,Yes
703834,2024-06-11,C101075,,Store,Dresses,Wrap Dress,2,4300,2780,0,Card,No
704220,2024-01-11,C101596,Lahore,Store,Shoes,Sandals,1,2990,1620,10,Card,No
703613,2025-01-02,C101695,Islamabad,Online,Jackets,Hooded Jacket,2,4940,2940,15,Card,No
701383,2025-05-28,C100586,Lahore,Store,Shoes,Sandals,2,2820,1290,15,Card,No
700589,2024-02-25,C101617,Islamabad,Store,Jeans,Ripped Jeans,1,3780,2280,10,,No
701677,2023-08-23,C101972,Faisalabad,Online,Accessories,Sunglasses,1,2280,1390,10,Card,Yes
702859,2024-10-09,C100498,Karachi,Store,Dresses,Summer Floral Dress,1,3240,1690,15,Card,No
701585,2023-07-22,C100210,Rawalpindi,Store,Accessories,Baseball Cap,1,870,430,10,COD,No
702544,2024-09-12,C100272,Lahore,Online,Jeans,Ripped Jeans,2,3810,1930,10,Card,No
700844,2025-06-06,C102055,Karachi,Online,Dresses,Summer Floral Dress,1,3200,1630,0,Wallet,No
702145,2024-05-17,C100050,Lahore,Online,Dresses,Bodycon Dress,2,3980,2120,15,Card,No
704541,2023-10-17,C100287,Karachi,Store,Jeans,Straight Leg Jeans,3,3140,1430,0,Wallet,No
700014,2025-04-27,C101271,Karachi,Store,Accessories,Tote Bag,3,1530,770,15,COD,No
701357,2025-01-24,C100713,Peshawar,Online,Dresses,Maxi Dress,1,4320,2730,0,Card,No
701665,2025-05-14,C100037,Karachi,Online,T-Shirts,Graphic Print Tee,2,1580,960,15,Wallet,No
701842,2024-12-13,C100723,Sialkot,Online,Kurtas,Embroidered Kurta,1,2890,1720,0,Card,No
702620,2024-01-06,C102157,Karachi,Online,Kurtas,Festive Kurta,1,4440,2290,0,Bank Transfer,No
703979,2023-12-26,C102066,Islamabad,Store,T-Shirts,Polo Shirt,1,2140,1090,0,COD,No
701752,2024-12-16,C101104,Lahore,Online,T-Shirts,Graphic Print Tee,1,1510,690,20,Card,No
704416,2024-08-21,C101742,Lahore,Online,Dresses,Summer Floral Dress,3,3260,1520,15,Card,No
705156,2024-06-30,C101488,Peshawar,Online,Jeans,High-Waist Jeans,2,4270,2610,0,Bank Transfer,No
700325,2023-08-02,C100897,Lahore,Online,Jackets,Puffer Jacket,1,7080,3920,0,Card,Yes
701607,2025-06-23,C101753,Faisalabad,Store,Dresses,Bodycon Dress,2,3790,2010,10,COD,No
704143,2023-12-09,C101462,Lahore,Store,T-Shirts,Polo Shirt,2,2330,1070,10,Card,No
700705,2024-02-10,C101378,Islamabad,Store,T-Shirts,Oversized Tee,2,1830,920,0,Bank Transfer,No
701587,2025-01-23,C100897,Lahore,Online,Dresses,Summer Floral Dress,2,3230,1500,0,Card,No
704805,2024-02-29,C101817,Karachi,Online,Shoes,Sandals,1,2680,1390,0,COD,Yes
704936,2023-12-09,C100252,Karachi,Online,Jackets,Hooded Jacket,2,4890,3060,20,COD,No
704647,2024-12-14,C101891,Faisalabad,Store,Kurtas,Printed Kurta,1,2480,1120,10,Card,No
701909,2024-04-01,C101198,Karachi,Store,T-Shirts,Oversized Tee,-1,1920,980,10,Wallet,No
705199,2024-03-26,C100587,Karachi,Store,Jeans,High-Waist Jeans,2,4180,1920,0,COD,No
704732,2025-06-21,C101321,Karachi,Store,T-Shirts,Oversized Tee,1,1780,870,0,Wallet,No
701750,2024-07-14,C100846,Karachi,Online,T-Shirts,Classic Cotton Tee,2,1180,740,0,COD,No
702415,2024-12-13,C101833,Lahore,Online,T-Shirts,Oversized Tee,2,1840,880,30,Bank Transfer,No
703713,2025-06-22,C101628,Lahore,Store,Shoes,Sandals,1,2900,1670,0,Card,No
702263,2023-11-26,C101973,Karachi,Store,Jeans,Ripped Jeans,1,3650,1750,30,Card,No
702497,2025-01-13,C100875,Peshawar,Store,Kurtas,Printed Kurta,1,2540,1550,0,COD,No
700408,2024-06-07,C101111,Karachi,Online,dresses,Summer Floral Dress,2,3420,1970,0,Card,No
703345,2023-07-30,C102178,Lahore,Online,Kurtas,Cotton Kurta,3,1830,1050,0,Card,No
704763,2024-07-10,C100907,Lahore,Online,T-Shirts,Oversized Tee,3,1730,960,0,Card,No
702358,2023-10-13,C101758,Peshawar,Store,Kurtas,Cotton Kurta,2,1970,1180,0,COD,No
701800,2024-06-13,C101125,Islamabad,Store,Kurtas,Embroidered Kurta,1,2740,1690,0,Card,No
704896,2024-12-22,C101107,Karachi,Store,Jackets,Denim Jacket,1,5880,3090,25,COD,No
702482,2025-04-13,C101745,Islamabad,Online,Shoes,Sneakers,2,4590,2940,10,COD,No
704949,2024-10-24,C101972,Faisalabad,Online,Accessories,Leather Belt,3,1230,650,0,COD,No
701393,2025-05-14,C100693,Karachi,Store,Kurtas,Cotton Kurta,3,1890,1030,0,Bank Transfer,No
702256,2024-06-26,C101600,Peshawar,Online,Shoes,Boots,1,6560,3470,0,COD,No
705171,2023-11-18,C100593,Islamabad,Store,Jeans,Ripped Jeans,1,3860,2180,0,Card,No
701087,2024-08-08,C101667,Lahore,Online,Accessories,Sunglasses,1,2320,1130,15,COD,Yes
702360,2024-02-17,C100011,Peshawar,Online,T-Shirts,Graphic Print Tee,2,1470,900,15,COD,Yes
700946,2025-03-05,C102001,Karachi,Online,Kurtas,Embroidered Kurta,3,2690,1670,0,Card,No
704300,2023-11-23,C101395,Lahore,Store,Shoes,Sandals,2,2940,1830,10,Card,Yes
704631,2024-07-15,C100827,Lahore,Online,Kurtas,Festive Kurta,1,4160,2430,0,COD,No
702565,2024-09-10,C101927,Rawalpindi,Store,T-Shirts,Classic Cotton Tee,1,1230,640,0,COD,No
703684,2024-12-19,C102042,,Online,Jeans,Ripped Jeans,1,3750,1800,25,Card,No
704469,2024-02-14,C102008,Lahore,Online,Jackets,Denim Jacket,1,5510,2590,10,Bank Transfer,No
701543,2023-12-22,C100714,Faisalabad,Store,Dresses,Wrap Dress,1,4020,2580,0,Card,No
700898,2024-11-22,C101540,Multan,Store,Accessories,Leather Belt,3,1240,750,0,COD,No
700142,2023-11-19,C100863,Islamabad,Online,Kurtas,Festive Kurta,2,4050,2610,20,Wallet,No
701407,2025-03-07,C100498,Karachi,Online,Shoes,Loafers,3,5030,3040,0,COD,No
700042,2024-05-09,C100774,Lahore,Store,Kurtas,Festive Kurta  ,3,4060,2560,10,,No
701334,2024-02-24,C100049,Lahore,Store,Dresses,Bodycon Dress,1,4010,1960,0,Wallet,Yes
700327,2023-09-17,C101387,Karachi,Store,Kurtas,Festive Kurta,1,4080,2190,0,Card,No
703157,2023-07-18,C100285,Karachi,Online,Jackets,Denim Jacket,3,5490,3210,0,Wallet,No
701095,2024-07-08,C100528,Faisalabad,Online,Dresses,Summer Floral Dress,3,3380,2180,0,Wallet,No
705146,2024-01-18,C101646,Karachi,Online,Accessories,Tote Bag,2,1620,1020,0,COD,Yes
704372,2024-10-08,C101013,Sialkot,Online,Jackets,Hooded Jacket,1,4800,2340,10,Card,No
701073,2024-10-29,C101311,Peshawar,Online,Kurtas,Cotton Kurta,2,2000,960,0,COD,No
701391,2024-01-06,C101178,Lahore,Online,Jackets,Hooded Jacket,1,5130,3120,0,COD,No
704399,2023-12-13,C101751,Lahore,Online,Jeans,Straight Leg Jeans,1,3360,1780,25,COD,No
704308,2023-12-18,C101151,Multan,Store,T-Shirts,Oversized Tee,1,1860,1170,10,COD,No
700429,2024-07-10,C100891,Sialkot,Online,Accessories,Sunglasses,-1,2160,1370,0,Card,Yes
704352,2024-06-12,C100313,KARACHI,Online,Kurtas,Embroidered Kurta,1,2730,1490,0,COD,No
702311,2025-05-01,C101573,Multan,Online,Dresses,Summer Floral Dress,1,3280,2010,0,Card,No
700674,2025-03-26,C101774,Islamabad,Online,Dresses,Maxi Dress,1,4780,2470,0,COD,No
702558,2025-02-01,C100170,Karachi,Store,Shoes,Sneakers,1,4530,2150,0,COD,No
703782,2025-03-17,C101791,Karachi,Store,Dresses,Bodycon Dress,3,3760,1870,10,COD,No
703499,2024-03-14,C100806,Rawalpindi,Store,Jackets,Hooded Jacket,1,5120,3100,0,Wallet,No
702835,2024-07-31,C101197,Rawalpindi,Store,T-Shirts,Oversized Tee,2,1750,1110,0,COD,No
700559,2025-04-04,C100182,Islamabad,Online,Dresses,Summer Floral Dress,2,3300,1930,0,Card,No
703709,2024-12-11,C101485,Lahore,Store,Shoes,Sneakers,1,4510,2040,0,Card,No
702660,2024-10-07,C101535,Karachi,Store,Jeans,Slim Fit Jeans,1,3440,2180,10,COD,No
703483,2023-09-20,C100396,Multan,Online,Kurtas,Embroidered Kurta,1,2810,1810,0,Card,No
705037,2025-06-03,C101247,Lahore,Store,Kurtas,Embroidered Kurta,2,2710,1270,0,Card,No
703425,2023-12-10,C101578,Sialkot,Online,Dresses,Summer Floral Dress,2,3090,1900,10,COD,No
704071,2023-10-11,C100119,Islamabad,Store,Jeans,High-Waist Jeans,1,4070,2550,15,COD,No
704994,2024-01-11,C100445,Rawalpindi,Online,Accessories,Leather Belt  ,3,1150,720,10,Card,No
702502,2024-12-14,C101553,Karachi,Online,Jeans,Straight Leg Jeans,2,3380,2080,10,Card,No
704501,2024-12-19,C101591,Lahore,Store,Shoes,Loafers,2,5250,2810,10,Card,No
702657,2025-03-22,C101946,Lahore,Online,T-Shirts,Graphic Print Tee,1,1480,830,10,Wallet,No
700658,2025-03-29,C100457,Karachi,Store,Shoes,Boots,1,6700,3850,10,Card,No
701338,2024-08-28,C102124,Karachi,Store,Dresses,Summer Floral Dress,1,3100,1410,0,Wallet,No
703935,2024-06-03,C101327,Islamabad,Online,Kurtas,Embroidered Kurta,3,2870,1750,10,Bank Transfer,No
701715,2025-03-03,C100809,Sialkot,Online,Jackets,Puffer Jacket,2,7040,3680,0,COD,No
702542,2024-11-30,C100229,Lahore,Store,kurtas,Cotton Kurta,2,1840,840,25,Bank Transfer,No
701345,2025-01-20,C102180,Faisalabad,Online,T-Shirts,Graphic Print Tee,2,1510,730,0,COD,No
704296,2025-02-01,C100953,Lahore,Store,T-Shirts,Classic Cotton Tee,1,1270,590,15,Bank Transfer,No
702373,2024-07-22,C101510,Lahore,Online,T-Shirts,Classic Cotton Tee,1,1160,690,0,COD,Yes
702321,2024-06-21,C100896,Karachi,Store,Accessories,Sunglasses,3,2270,1360,0,Card,No
702868,2025-04-05,C100075,Karachi,Online,Accessories,Leather Belt,2,1270,630,15,Wallet,No
704324,2023-10-06,C101269,Karachi,Online,Accessories,Baseball Cap,2,880,430,0,Card,No
701025,2023-07-25,C101505,Islamabad,Online,T-Shirts,Classic Cotton Tee,1,1220,570,0,Card,No
704241,2024-04-03,C101705,Sialkot,Store,Jeans,High-Waist Jeans,2,4290,2450,0,COD,No
703829,2024-06-18,C100708,Karachi,Store,Dresses,Bodycon Dress,1,3710,1840,15,Wallet,No
704766,2024-01-29,C102093,Lahore,Online,jackets,Hooded Jacket,2,4590,2440,15,COD,No
702891,2024-08-12,C100713,Peshawar,Online,TSHIRTS,Classic Cotton Tee,1,1270,810,0,Wallet,No
700285,2023-11-06,C100312,Lahore,Online,Accessories,Baseball Cap,1,870,430,15,Card,No
703132,2025-06-02,C101367,Lahore,Store,Accessories,Leather Belt,1,1260,650,15,Card,No
701471,2024-10-19,C102140,Peshawar,Online,Kurtas,Printed Kurta,2,2570,1330,0,Bank Transfer,No
700377,2023-08-21,C101439,Sialkot,Online,T-Shirts,Oversized Tee,1,1810,1080,0,Card,No
702466,2024-03-15,C101701,Sialkot,Online,Jackets,Puffer Jacket,2,7000,4400,0,COD,No
701458,2023-08-08,C100220,Karachi,Store,Jeans,High-Waist Jeans,2,4530,2440,0,Wallet,No
701135,2024-11-05,C100184,Faisalabad,Online,Dresses,Summer Floral Dress,2,3350,2020,15,COD,No
704938,2023-08-25,C101828,Peshawar,Online,Shoes,Boots,2,6520,3490,10,Card,No
702622,2025-02-07,C102064,Karachi,Store,Shoes,Sneakers,2,4820,2860,0,,Yes
701041,2024-04-14,C102126,Karachi,Online,T-Shirts,Polo Shirt,2,2190,1260,10,Card,No
700875,2024-10-12,C102116,Karachi,Online,JEANS,Ripped Jeans,1,4030,2440,0,Wallet,No
705001,2024-09-12,C102101,Lahore,Online,Dresses,Bodycon Dress,1,4060,2160,0,Wallet,No
701066,2024-05-26,C100372,Karachi,Online,Dresses,Summer Floral Dress,1,3190,1840,15,COD,No
703660,2024-10-29,C101002,Lahore,Store,T-Shirts,Graphic Print Tee,1,1610,1040,0,Card,No
701122,2024-10-13,C101531,Lahore,Online,Jeans,High-Waist Jeans,1,4030,2320,15,COD,No
702164,2025-01-05,C101514,Peshawar,Online,Accessories,Sunglasses,3,2290,1030,0,Card,No
703176,2024-02-22,C102109,Lahore,Online,Shoes,Boots,2,6300,3390,10,COD,No
701212,2024-05-29,C100051,Lahore,Online,Kurtas,Printed Kurta,1,2440,1580,10,COD,No
702147,2023-11-20,C102052,Karachi,Store,Accessories,Sunglasses,1,2160,1130,20,Card,No
700886,2025-01-13,C101334,Sialkot,Online,Jackets,Bomber Jacket,1,5380,3090,0,Wallet,No
702223,2024-10-18,C101540,Multan,Online,Accessories,Baseball Cap,1,900,550,0,Card,No
701576,2024-10-13,C101965,Lahore,Online,T-Shirts,Polo Shirt,1,2340,1220,0,Wallet,No
704842,2024-06-03,C101752,Peshawar,Store,Dresses,Bodycon Dress,1,3650,2080,0,COD,No
701686,2024-08-06,C100191,Lahore,Online,T-Shirts,Classic Cotton Tee,1,1210,750,0,COD,No
702096,2025-04-02,C101785,Multan,Online,Accessories,Tote Bag,1,1570,790,0,COD,No
703487,2024-09-05,C100419,Peshawar,Store,accessories,Baseball Cap,1,930,490,0,Card,No
701641,2024-10-02,C101368,Lahore,Online,Dresses,Maxi Dress,1,4580,2780,15,Card,No
702571,2024-01-16,C102015,Islamabad,Store,Shoes,Loafers,1,5310,3380,0,COD,No
703908,2025-06-04,C100158,Rawalpindi,Online,T-Shirts,Oversized Tee,1,1800,940,0,Bank Transfer,No
704490,2025-02-07,C102010,Lahore,Online,Accessories,Tote Bag,3,1700,1020,15,COD,No
703731,2023-08-16,C100284,Islamabad,Online,Accessories,Sunglasses,1,2210,1280,10,Bank Transfer,No
703988,2024-03-11,C101451,Islamabad,Online,Jeans,High-Waist Jeans,1,4100,2240,0,COD,No
703215,2023-07-10,C101048,MULTAN,Store,T-Shirts,Oversized Tee,2,1760,1100,0,Card,No
702869,2023-09-13,C101739,Faisalabad,Online,T-Shirts,Oversized Tee,1,1720,820,0,Card,No
700957,2024-12-09,C101931,Islamabad,Store,Accessories,Sunglasses,3,2280,1330,0,Card,No
703059,2025-03-28,C100401,Peshawar,Online,T-Shirts,Graphic Print Tee,3,1590,730,0,Card,No
701974,2025-01-24,C100704,Karachi,Store,Jackets,Denim Jacket,1,5390,3040,0,COD,No
703980,2023-11-09,C100409,,Online,Jeans,Ripped Jeans,1,3870,2080,20,Bank Transfer,Yes
702264,2025-01-21,C100325,Rawalpindi,Online,Jeans,High-Waist Jeans,3,4460,2270,0,COD,Yes
702197,2025-04-18,C100481,Lahore,Online,Kurtas,Printed Kurta,2,2570,1640,15,Wallet,No
704553,2024-06-21,C101039,Lahore,Store,Accessories,Leather Belt,2,1250,590,15,Card,No
702369,2025-01-12,C101894,Karachi,Store,Dresses,Bodycon Dress,1,3690,2280,0,Bank Transfer,No
701963,2025-04-24,C100127,Lahore,Online,SHOES,Boots,2,6560,4230,0,COD,No
700986,2024-06-01,C101217,Islamabad,Online,Dresses,Wrap Dress,1,4080,2510,0,COD,No
700245,2025-01-27,C100217,Lahore,Store,Jeans,Ripped Jeans,2,3650,2180,0,Wallet,No
704714,2023-10-19,C100216,Lahore,Store,Shoes,Sneakers,1,4380,2740,0,COD,No
703259,2024-12-08,C101400,Karachi,Online,Accessories,Baseball Cap,1,960,540,15,COD,No
705034,2024-06-29,C101245,Karachi,Online,Dresses,Wrap Dress,2,3850,2080,0,COD,No
704127,2024-03-24,C101717,Islamabad,Online,Dresses,Bodycon Dress,1,4070,2260,10,Card,No
705046,2024-08-25,C100381,Peshawar,Online,Kurtas,Embroidered Kurta,1,2750,1750,0,Card,No
704889,2025-05-19,C102084,Rawalpindi,Store,Kurtas,Printed Kurta,2,2420,1150,0,COD,No
700811,2025-05-11,C101717,Islamabad,Online,Jeans,Slim Fit Jeans,2,3700,1920,10,Card,No
704059,2024-12-25,C100664,Karachi,Online,Jackets,Bomber Jacket,1,5400,2810,25,COD,Yes
702474,2023-12-28,C100670,Lahore,Online,Kurtas,Printed Kurta,2,2300,1150,10,Card,No
703758,2023-07-13,C100410,Rawalpindi,Store,Dresses,Wrap Dress,1,3950,2440,0,COD,No
704848,2023-11-24,C100036,Lahore,Store,Accessories,Sunglasses,1,2210,1180,0,COD,No
700153,2025-04-27,C100510,Lahore,Store,Jeans,High-Waist Jeans,1,4260,2450,10,COD,No
703445,2024-11-17,C101496,Multan,Online,Dresses,Summer Floral Dress,2,3400,2010,15,COD,No
702328,2025-03-16,C100940,Karachi,Online,Jeans,Slim Fit Jeans,1,3760,2220,10,Card,No
704898,2024-12-17,C101891,Faisalabad,Store,T-Shirts,Oversized Tee,1,1860,850,10,Wallet,No
704296,2025-02-01,C100953,Lahore,Store,Jackets,Bomber Jacket,2,5150,2420,0,Bank Transfer,No
704408,2023-08-20,C100141,Karachi,Store,T-Shirts,Classic Cotton Tee,1,1210,600,0,Bank Transfer,No
702347,2025-06-05,C101798,Islamabad,Store,Accessories,Leather Belt,1,1180,670,0,COD,No
701553,2024-02-17,C100068,Lahore,Online,Jackets,Hooded Jacket,2,4890,2840,15,Card,Yes
700885,2023-09-08,C100051,Lahore,Store,T-Shirts,Oversized Tee,1,1830,870,0,COD,No
704001,2025-04-02,C100413,Peshawar,Online,Shoes,Sandals,1,2660,1460,15,COD,No
700698,2023-12-30,C101597,Lahore,Store,Jackets,Puffer Jacket,1,7250,3470,0,Wallet,No
702644,2023-07-30,C101710,Faisalabad,Online,Jeans,Straight Leg Jeans,1,3260,1630,0,COD,No
701341,2023-11-27,C100097,Lahore,Online,Kurtas,Embroidered Kurta,2,2670,1270,20,COD,No
703834,2024-06-11,C101075,Karachi,Store,Shoes,Sandals,2,2790,1380,0,Card,No
702166,2025-06-04,C100273,Islamabad,Online,Dresses,Maxi Dress,1,4730,2230,0,COD,Yes
703287,2024-11-20,C101025,Karachi,Store,Kurtas,Printed Kurta,-1,2520,1410,0,Card,No
704608,2024-08-29,C100729,Islamabad,Online,T-Shirts,Classic Cotton Tee,3,1180,590,0,COD,No
702807,2024-09-11,C100902,Lahore,Store,T-Shirts,Classic Cotton Tee,1,1250,610,10,Card,No
703298,2024-10-25,C100167,Faisalabad,Online,Shoes,Sandals,1,2760,1540,10,Card,No
703186,2024-06-17,C101823,Islamabad,Store,T-Shirts,Graphic Print Tee,1,1520,820,0,Wallet,No
703100,2024-08-21,C100243,Islamabad,Online,Dresses,Bodycon Dress,2,4030,2150,0,COD,No
703163,2024-05-01,C100383,Karachi,Store,Accessories,Tote Bag,1,1620,980,0,Wallet,No
703115,2025-06-07,C100406,Karachi,Store,Accessories,Baseball Cap,1,910,540,0,Card,No
704276,2024-01-02,C102058,Lahore,Online,Jeans,High-Waist Jeans,1,4250,2630,0,COD,No
700991,2023-07-27,C100828,Multan,Online,Dresses,Wrap Dress,1,4260,2590,0,Wallet,No
701141,2024-04-18,C100124,Lahore,Store,T-Shirts,Graphic Print Tee,1,1590,890,0,Wallet,No
704159,2025-01-12,C101284,Peshawar,Store,Jackets,Puffer Jacket,1,6570,3640,0,Card,No
700453,2023-10-25,C101011,Islamabad,Online,Accessories,Baseball Cap,2,860,460,10,Card,Yes
702943,2023-08-31,C100887,Lahore,Online,Dresses,Bodycon Dress,2,3960,1950,10,Card,No
704207,2024-09-21,C100917,,Online,Accessories,Baseball Cap,3,950,550,10,COD,No
704034,2025-05-01,C102063,Lahore,Store,Jeans,Slim Fit Jeans,1,3420,1560,10,Card,No
700015,2024-08-15,C101212,Islamabad,Online,T-Shirts,Polo Shirt,3,2300,1250,0,COD,No
701609,2025-05-30,C100490,Rawalpindi,Online,Accessories,Baseball Cap,3,860,420,10,Card,No
702683,2024-03-04,C100324,Multan,Online,Accessories,Sunglasses,3,2260,1150,0,COD,Yes
703475,2024-10-13,C100037,Karachi,Store,Jackets,Hooded Jacket,2,4840,2970,15,COD,Yes
704929,2023-07-24,C101218,Rawalpindi,Online,Shoes,Sneakers,1,4440,2690,15,COD,No
705120,2025-04-07,C102137,Faisalabad,Store,Shoes,Sandals,-2,2800,1770,0,COD,No
701068,2024-07-01,C100942,Lahore,Store,Jackets,Denim Jacket,1,5270,2410,0,COD,No
703941,2023-08-06,C101197,Rawalpindi,Store,Accessories,Sunglasses,2,2230,1160,0,COD,No
700950,2024-11-13,C100765,Lahore,Store,Jeans,Ripped Jeans,2,3980,2510,10,COD,Yes
701724,2024-05-21,C100278,Multan,Online,Dresses,Wrap Dress,1,4130,2180,15,Bank Transfer,No
703292,2024-07-15,C100937,Lahore,Online,Accessories,Sunglasses,2,2370,1140,0,Card,No
700775,2024-09-16,C101245,Karachi,Store,Jackets,Denim Jacket,2,5690,2830,10,COD,No
704122,2023-10-26,C101974,Lahore,Store,Kurtas,Embroidered Kurta,1,2840,1690,10,Card,No
702826,2025-05-13,C101631,Multan,Online,T-Shirts,Oversized Tee,1,1860,1130,0,Wallet,No
703106,2024-09-01,C101260,Lahore,Store,Jeans,Ripped Jeans,3,4000,1870,0,Card,Yes
701733,2024-01-26,C101634,Sialkot,Online,Jackets,Puffer Jacket,1,6990,3740,0,Card,Yes
700103,2025-06-26,C100653,Lahore,Online,Kurtas,Cotton Kurta  ,3,1910,1230,0,Card,No
702585,2024-11-27,C101845,Islamabad,Store,Kurtas,Cotton Kurta,3,1950,1190,0,COD,No
700343,2025-04-20,C101484,Islamabad,Online,Jackets,Hooded Jacket,3,5100,3290,15,COD,No
703638,2024-01-23,C101690,Faisalabad,Store,Jackets,Puffer Jacket,1,6830,4000,0,Card,No
700948,2023-09-01,C100186,Karachi,Online,Shoes,Boots,1,6670,4310,0,Card,No
701557,2023-10-11,C101990,Lahore,Online,Jeans,High-Waist Jeans,3,4480,2680,0,Card,No
700921,2023-12-25,C100544,Lahore,Store,T-Shirts,Polo Shirt,2,2140,1210,25,Wallet,No
703523,2023-11-12,C100093,Karachi,Online,Kurtas,Printed Kurta,2,2350,1070,20,Card,No
700447,2024-08-07,C101749,Karachi,Store,Shoes,Boots,1,6630,3060,0,Bank Transfer,No
703369,2024-04-21,C100668,,Online,Shoes,Sandals,1,2700,1620,0,Wallet,No
704052,2024-04-02,C100777,Lahore,Online,Kurtas,Printed Kurta,2,2510,1340,15,COD,No
701916,2024-03-06,C100536,Islamabad,Online,Shoes,Loafers,1,4950,2750,0,Bank Transfer,No
703432,2025-06-15,C101269,Karachi,Online,Jeans,Ripped Jeans,1,3810,1820,0,Bank Transfer,No
701050,2024-02-15,C100147,Islamabad,Online,Shoes,Sandals,1,2850,1430,0,Bank Transfer,No
700912,2023-07-01,C101623,Lahore,Online,Shoes,Sneakers,3,4780,2860,0,Wallet,No
703329,2023-10-05,C100216,Lahore,Online,T-Shirts,Graphic Print Tee,1,1490,700,0,,Yes
704128,2023-12-28,C100353,Islamabad,Store,Jackets,Hooded Jacket,2,4960,2490,30,COD,No
704130,2024-10-27,C100603,Rawalpindi,Online,Accessories,Tote Bag,1,1590,780,0,COD,No
700349,2023-12-05,C100876,Karachi,Online,Kurtas,Printed Kurta,3,2540,1560,10,Wallet,No
704799,2024-09-12,C101099,Lahore,Online,Jeans,Straight Leg Jeans,2,3220,1510,0,Card,No
700322,2024-02-09,C101922,Karachi,Online,Jackets,Hooded Jacket,1,5080,2650,0,Bank Transfer,No
703886,2024-06-03,C101333,Sialkot,Online,Dresses,Maxi Dress,1,4300,2730,10,COD,No
700884,2025-02-11,C101698,Sialkot,Online,Jackets,Bomber Jacket,1,5000,2360,0,Card,No
700217,2024-02-20,C101160,Lahore,Online,T-Shirts,Oversized Tee,1,1780,960,0,Card,No
701663,2023-07-15,C100590,Peshawar,Online,dresses,Summer Floral Dress,3,3090,1980,15,COD,No
700792,2024-01-12,C101121,Lahore,Store,Dresses,Wrap Dress,1,3990,2360,0,COD,No
702501,2025-05-18,C100511,Multan,Store,Shoes,Sneakers,1,4630,2950,0,COD,Yes
700609,2024-09-22,C102016,Karachi,Store,Jeans,Ripped Jeans,2,4010,1880,15,COD,No
704630,2024-01-02,C102136,Karachi,Online,Jeans,Ripped Jeans,2,3750,1710,0,COD,No
700650,2025-02-14,C101649,Faisalabad,Store,TSHIRTS,Graphic Print Tee,1,1550,890,0,Card,No
703000,2024-06-11,C101532,Islamabad,Store,Jeans,Ripped Jeans,2,3650,1900,0,Bank Transfer,No
701228,2023-10-29,C101183,Lahore,Online,Accessories,Baseball Cap,1,920,430,0,COD,No
701248,2024-12-31,C102051,Lahore,Online,Jackets,Puffer Jacket,3,6580,4060,10,COD,No
700815,2025-01-11,C100773,Multan,Store,T-Shirts,Oversized Tee,1,1850,1170,0,Bank Transfer,No
702176,2024-08-26,C100986,Karachi,Store,accessories,Baseball Cap,2,970,510,0,COD,No
700814,2025-05-08,C101212,Islamabad,Store,Kurtas,Cotton Kurta,3,1880,900,15,COD,No
702106,2025-03-30,C100213,Faisalabad,Store,Jeans,High-Waist Jeans,1,4260,2760,0,COD,No
700200,2025-03-14,C100294,Multan,Store,Dresses,Wrap Dress,1,4100,2260,0,Card,No
700967,2023-07-31,C100484,Lahore,Store,T-Shirts,Oversized Tee,1,1790,1080,0,COD,No
704456,2025-02-23,C100157,Rawalpindi,Online,Kurtas,Cotton Kurta,3,2020,970,0,COD,No
700951,2023-09-27,C100449,Islamabad,Online,Dresses,Summer Floral Dress,1,3080,1580,0,COD,No
701391,2024-01-06,C101178,Lahore,Online,Jackets,Denim Jacket,3,5680,3060,10,COD,No
701857,2025-01-01,C101999,Islamabad,Online,T-Shirts,Classic Cotton Tee,1,1150,530,0,Card,No
705138,2024-10-11,C101797,Karachi,Store,Accessories,Tote Bag,3,1700,790,15,Card,No
704210,2023-12-24,C100183,Karachi,Online,Kurtas,Cotton Kurta,2,1970,1000,25,COD,No
703407,2024-04-13,C100934,Faisalabad,Online,Jeans,Slim Fit Jeans,1,3740,2160,10,COD,No
700290,2024-12-11,C100450,Lahore,Store,Shoes,Sneakers,1,4540,2420,20,COD,No
704184,2024-08-09,C100282,Lahore,Online,Accessories,Tote Bag,1,1720,870,0,Bank Transfer,No
703859,2024-07-06,C101923,Karachi,Store,T-Shirts,Polo Shirt,2,2330,1120,0,Wallet,No
702185,2025-06-22,C100383,Karachi,Online,T-Shirts,Oversized Tee,2,1850,970,0,Wallet,No
701651,2024-07-12,C101929,Karachi,Online,Kurtas,Cotton Kurta,1,2000,1090,0,COD,No
702155,2024-09-25,C101344,Sialkot,Store,Dresses,Bodycon Dress,1,3970,1890,15,Card,No
704429,2024-06-12,C101472,Lahore,Store,Accessories,Tote Bag,3,1670,910,0,COD,No
701695,2023-09-14,C101593,Karachi,Online,Shoes,Sandals,1,3010,1450,0,Card,No
700338,2023-11-02,C101180,Faisalabad,Online,Accessories,Tote Bag,2,1580,1030,15,COD,No
705024,2023-09-17,C100209,Islamabad,Online,Kurtas,Festive Kurta,1,4200,2570,10,Bank Transfer,No
704251,2024-05-01,C100174,Lahore,Online,Shoes,Sandals,1,2950,1620,0,COD,No
704428,2025-05-22,C101873,Sialkot,Online,T-Shirts,Classic Cotton Tee,1,1230,570,15,COD,No
704791,2024-05-06,C100611,Rawalpindi,Store,T-Shirts,Graphic Print Tee,1,1570,810,20,COD,No
700680,2024-10-14,C101140,Karachi,Store,Jackets,Denim Jacket,3,5860,2920,15,COD,No
701412,2025-01-29,C101452,Multan,Online,Accessories,Baseball Cap,2,910,560,0,COD,No
702885,2025-05-04,C102140,Peshawar,Store,Dresses,Bodycon Dress,2,3710,2170,0,COD,Yes
702003,2024-02-04,C102091,Multan,Online,Shoes,Boots,3,6370,3420,0,COD,No
704085,2024-07-26,C101218,Rawalpindi,Online,shoes,Boots,1,6920,4270,0,Card,No
703184,2024-03-14,C101927,Rawalpindi,Store,Dresses,Maxi Dress,1,4530,2760,0,COD,No
703202,2025-04-16,C100063,Faisalabad,Online,Accessories,Sunglasses,1,2230,1300,0,Card,No
701965,2024-06-09,C101269,Karachi,Online,Dresses,Maxi Dress,2,4580,2840,0,Card,No
701980,2024-12-15,C101853,Faisalabad,Store,Accessories,Leather Belt,2,1280,730,15,Wallet,No
704174,2023-07-23,C100973,Peshawar,Store,Accessories,Sunglasses,1,2180,1220,0,COD,No
702435,2024-03-06,C101918,Islamabad,Online,Dresses,Summer Floral Dress,1,3210,2060,0,COD,Yes
704860,2023-07-04,C100647,Islamabad,Store,Dresses,Bodycon Dress,1,4100,2090,15,COD,No
702010,2023-08-24,C100848,Lahore,Store,Jackets,Denim Jacket,1,5670,2870,15,COD,No
700075,2024-01-31,C100726,Lahore,Online,Kurtas,Cotton Kurta,3,1920,1110,0,Card,No
702051,2025-03-05,C101324,Karachi,Online,T-Shirts,Graphic Print Tee,2,1570,800,0,COD,No
701817,2024-10-08,C100315,Karachi,Online,Shoes,Boots,1,6740,3840,0,Bank Transfer,No
704944,2024-10-20,C100665,Rawalpindi,Online,T-Shirts,Classic Cotton Tee,1,1210,570,0,COD,No
700677,2024-08-19,C102062,Islamabad,Store,Kurtas,Cotton Kurta,1,1870,910,0,COD,No
701816,2025-05-20,C100144,Karachi,Online,Kurtas,Printed Kurta,2,2440,1260,0,Card,Yes
700576,2024-08-18,C101742,Lahore,Store,T-Shirts,Oversized Tee,2,1710,1090,0,COD,No
703341,2024-04-29,C100093,Karachi,Store,Jackets,Puffer Jacket,1,6820,3850,15,COD,No
701970,2024-11-19,C100599,Islamabad,Store,Jackets,Puffer Jacket,1,6800,3130,10,,No
702717,2024-07-03,C101805,Rawalpindi,Online,T-Shirts,Polo Shirt,1,2350,1090,15,Card,No
703744,2024-02-03,C101081,Peshawar,Online,Shoes,Loafers,1,5090,2620,0,Bank Transfer,Yes
700715,2024-10-30,C101167,Islamabad,Store,Jackets,Bomber Jacket,1,5350,2790,0,Bank Transfer,No
701779,2023-11-26,C102172,Islamabad,Store,Jeans,Slim Fit Jeans,1,3340,1990,0,Card,No
703082,2024-12-05,C102188,Karachi,Store,Shoes,Sneakers,1,4730,2350,20,Wallet,No
703924,2024-04-08,C102186,Faisalabad,Store,Accessories,Leather Belt,2,1150,630,10,Card,No
703839,2023-07-23,C101708,Multan,Online,Dresses,Wrap Dress,1,4120,2320,0,COD,No
700210,2024-05-09,C101791,Karachi,Online,Shoes,Boots,1,6220,3960,0,COD,No
700842,2024-09-26,C101382,Islamabad,Online,Dresses,Maxi Dress,1,4680,2850,0,Card,No
700586,2024-09-19,C100198,Lahore,Online,Dresses,Summer Floral Dress,2,3330,1800,0,COD,No
700720,2023-11-22,C101092,karachi,Online,Shoes,Loafers,2,5450,2800,0,COD,No
700251,2024-09-30,C100075,Karachi,Store,Jeans,High-Waist Jeans,1,4250,2160,10,Bank Transfer,No
702412,2024-11-07,C100970,Lahore,Store,Kurtas,Cotton Kurta,1,2020,1300,20,Card,No
704348,2023-11-23,C100573,Faisalabad,Store,Jackets,Hooded Jacket,1,4830,2250,10,COD,No
704618,2025-01-31,C100951,Lahore,Online,Kurtas,Embroidered Kurta,1,2830,1430,0,COD,No
704907,2025-06-18,C102136,Karachi,Online,Shoes,Sandals,3,2680,1270,0,Card,No
701746,2024-12-09,C101622,Faisalabad,Online,T-Shirts,Classic Cotton Tee,2,1170,580,10,Card,No
701542,2024-05-08,C101364,Karachi,Store,Dresses,Maxi Dress,1,4690,2640,0,Wallet,No
701775,2023-08-31,C100298,Faisalabad,Online,Shoes,Boots,1,6340,3990,0,Card,No
702820,2024-01-09,C100087,Karachi,Online,Jackets,Bomber Jacket,1,5340,3310,0,Card,No
704796,2024-06-14,C100913,Sialkot,Store,Shoes,Sandals,1,2920,1690,0,Card,No
701582,2024-07-18,C101525,Lahore,Online,Shoes,Boots,1,6320,3760,0,Card,No
701215,2025-01-27,C101525,Lahore,Online,Jackets,Denim Jacket  ,1,5450,2770,10,Card,No
701000,2025-04-23,C101013,Sialkot,Online,Dresses,Bodycon Dress,2,4100,1920,10,Card,No
702348,2023-08-31,C100782,Karachi,Online,Jeans,Ripped Jeans,2,4000,2300,0,Card,No
704909,2024-04-25,C100606,Multan,Store,T-Shirts,Polo Shirt,1,2290,1120,0,Card,No
703753,2025-06-19,C100316,Karachi,Store,Kurtas,Festive Kurta,2,4230,2120,0,Card,No
701201,2023-08-21,C100024,Faisalabad,Store,Accessories,Tote Bag,2,1690,1090,0,Card,No
701708,2025-03-21,C100342,Faisalabad,Store,T-Shirts,Classic Cotton Tee,3,1170,730,10,Bank Transfer,No
702820,2024-01-09,C100087,Karachi,Online,Shoes,Boots,1,7020,4090,10,Card,Yes
704403,2023-10-06,C100388,Lahore,Store,Jackets,Bomber Jacket,2,5330,2570,10,Bank Transfer,No
700056,2024-03-14,C101745,Islamabad,Store,T-Shirts,Classic Cotton Tee,2,1200,550,0,COD,No
702049,2023-08-21,C101308,Lahore,Store,T-Shirts,Oversized Tee,2,1730,920,15,Card,No
703704,2024-11-06,C100916,Lahore,Store,Kurtas,Embroidered Kurta,1,2980,1730,0,COD,No
700964,2025-05-31,C100303,Islamabad,Online,Kurtas,Cotton Kurta,1,1820,1130,0,COD,No
702767,2023-07-17,C101073,Peshawar,Store,Tshirts,Oversized Tee,1,1910,1160,0,Card,No
700996,2024-11-05,C101797,Karachi,Store,Jeans,Ripped Jeans,1,4050,2420,0,Bank Transfer,No
700672,2025-04-14,C102138,Faisalabad,Online,Dresses,Maxi Dress,2,4420,2120,15,Card,No
701038,2024-04-09,C101974,Lahore,Store,T-Shirts,Oversized Tee,1,1790,850,15,Wallet,No
700496,2023-10-20,C101161,Rawalpindi,Online,Accessories,Tote Bag,1,1620,950,0,COD,No
702686,2024-02-23,C101126,Islamabad,Online,Shoes,Sandals,1,2710,1630,0,COD,No
702689,2025-02-05,C101289,Islamabad,Online,Jackets,Hooded Jacket,1,5150,3100,0,Card,No
700479,2024-02-25,C101683,Karachi,Online,Dresses,Bodycon Dress,1,3740,1760,0,Wallet,Yes
704680,2024-07-18,C100241,FAISALABAD,Store,Accessories,Sunglasses,1,2130,1000,0,Wallet,No
701996,2024-06-14,C100541,Islamabad,Store,Accessories,Baseball Cap,2,870,510,10,COD,No
701216,2023-08-14,C100204,Lahore,Store,Dresses,Summer Floral Dress,2,3110,2010,10,Card,No
703933,2024-01-01,C101014,Karachi,Store,Dresses,Maxi Dress,3,4540,2320,15,Wallet,No
704350,2025-03-25,C100329,KARACHI,Online,Accessories,Baseball Cap  ,1,960,580,10,Card,No
702305,2024-01-30,C100497,Islamabad,Store,Shoes,Loafers,2,4950,3100,0,COD,No
701244,2024-08-27,C101859,,Online,Dresses,Bodycon Dress,1,3950,2020,0,COD,No
704059,2024-12-25,C100664,Karachi,Online,Kurtas,Printed Kurta,3,2520,1220,10,COD,No
705145,2024-04-29,C101724,Karachi,Store,Accessories,Baseball Cap,2,880,430,0,Wallet,No
702981,2025-01-17,C101154,Islamabad,Online,Accessories,Leather Belt,2,1150,620,10,Card,No
700191,2025-01-04,C101353,Karachi,Online,Kurtas,Printed Kurta,1,2390,1190,15,COD,No
704099,2025-04-14,C101016,Rawalpindi,Online,Accessories,Baseball Cap,2,940,440,10,COD,Yes
702730,2023-08-22,C100168,Karachi,Store,Accessories,Baseball Cap,3,880,560,10,COD,No
704024,2024-03-02,C101808,Karachi,Online,Jeans,High-Waist Jeans,1,4390,1990,0,Bank Transfer,No
703367,2024-04-04,C100129,Islamabad,Online,Jeans,High-Waist Jeans,1,4300,1940,0,COD,No
703284,2024-11-26,C101531,Lahore,Store,Jeans,Straight Leg Jeans,1,3210,1840,30,COD,No
701705,2023-11-30,C100860,Faisalabad,Online,Shoes,Sandals,2,2940,1660,30,Bank Transfer,No
700369,2025-01-29,C101019,Karachi,Store,Jeans,Ripped Jeans,1,3710,1800,0,COD,No
701503,2023-07-19,C100110,Karachi,Online,Jeans,Ripped Jeans,1,3720,1890,0,Card,No
701822,2024-02-13,C101710,Faisalabad,Store,Shoes,Sneakers,1,4350,2360,0,Card,No
702147,2023-11-20,C102052,Karachi,Store,T-Shirts,Polo Shirt,3,2110,1300,15,Card,No
702448,2024-04-16,C101198,,Store,Shoes,Boots,2,6670,4130,0,Card,No
703070,2024-02-25,C102099,Lahore,Store,Jeans,Ripped Jeans,1,3740,2410,0,Wallet,No
700791,2023-10-02,C100042,Rawalpindi,Online,Accessories,Baseball Cap,1,860,530,0,COD,No
703243,2024-09-10,C101324,Karachi,Store,Shoes,Sneakers,1,4710,2720,0,COD,No
704877,2024-11-21,C100263,Lahore,Store,Jeans,Ripped Jeans,2,3820,2190,25,Card,No
701033,2023-12-06,C101483,Lahore,Store,Jeans,High-Waist Jeans,1,4390,2660,20,Wallet,No
703779,2024-01-25,C100521,Karachi,Online,Kurtas,Embroidered Kurta,1,3000,1690,10,COD,No
703283,2025-02-13,C101854,Multan,Online,Kurtas,Printed Kurta,1,2450,1400,0,Card,No
703967,2025-02-27,C101740,LAHORE,Online,Accessories,Baseball Cap,3,890,430,0,,No
700642,2024-09-20,C101963,Lahore,Store,Kurtas,Festive Kurta,1,4320,2790,0,,Yes
704344,2024-05-18,C101526,Karachi,Store,Dresses,Summer Floral Dress,3,3200,1860,10,COD,No
704794,2025-04-17,C101895,Lahore,Store,Dresses,Summer Floral Dress,2,3140,1790,10,COD,No
700428,2023-10-11,C101135,Karachi,Online,Jeans,Straight Leg Jeans,3,3160,1740,15,Card,No
701161,2023-10-19,C101504,Faisalabad,Store,Shoes,Sandals,3,2960,1660,0,COD,No
704263,2024-01-18,C100555,Lahore,Store,Accessories,Baseball Cap,1,920,580,0,COD,No
701712,2023-10-29,C101620,Lahore,Online,jackets,Denim Jacket,2,5380,2690,0,COD,No
703269,2024-08-11,C100234,Peshawar,Store,Accessories,Tote Bag,1,1700,1010,15,COD,No
700389,2024-02-23,C100363,Lahore,Online,Jeans,High-Waist Jeans,1,4070,2430,0,Wallet,No
704468,2024-12-13,C100653,Lahore,Store,Shoes,Sneakers,1,4850,2940,20,COD,Yes
703370,2024-08-22,C100881,Islamabad,Online,Jeans,Ripped Jeans,3,4020,2190,0,Bank Transfer,No
705016,2024-06-29,C101005,Karachi,Online,Shoes,Sneakers,1,4750,2690,0,Wallet,No
704731,2023-09-11,C101161,,Store,Jackets,Denim Jacket,2,5550,2970,10,Card,No
702073,2024-11-16,C102051,Lahore,Store,T-Shirts,Graphic Print Tee,2,1550,700,15,COD,Yes
701727,2024-07-15,C101371,Sialkot,Store,T-Shirts,Oversized Tee,1,1850,1160,0,Card,No
702912,2025-03-12,C102188,Karachi,Online,Kurtas,Cotton Kurta,1,1810,1060,0,Card,No
704115,2023-12-19,C101138,Lahore,Store,Shoes,Loafers,1,5430,3200,25,Wallet,No
704764,2025-01-31,C101302,Faisalabad,Online,Accessories,Tote Bag,3,1590,1010,0,Card,No
701063,2023-09-08,C100078,Islamabad,Online,Shoes,Sneakers,3,4370,2490,10,Wallet,No
704005,2023-11-15,C100088,Lahore,Online,Kurtas,Festive Kurta,2,4530,2940,15,COD,No
703046,2024-10-11,C101219,Lahore,Store,Accessories,Baseball Cap,1,900,420,10,COD,No
703368,2025-06-19,C100532,Karachi,Online,Kurtas,Cotton Kurta,1,1900,1230,0,Card,No
704705,2024-06-23,C101009,Karachi,Online,Shoes,Sandals,1,2910,1560,10,Wallet,No
705142,2025-02-11,C102032,Karachi,Store,T-Shirts,Polo Shirt,2,2120,960,0,Card,No
700282,2025-03-02,C101525,Lahore,Online,Shoes,Loafers,2,5570,3510,0,COD,No
702023,2024-10-14,C102197,Islamabad,Store,T-Shirts,Classic Cotton Tee,2,1290,800,10,COD,No
704701,2024-12-12,C100135,Lahore,Store,Jackets,Denim Jacket,1,5840,3270,30,Card,No
703846,2025-04-23,C100348,Islamabad,Store,Dresses,Bodycon Dress,2,4080,2070,0,Card,No
704727,2024-08-06,C101868,Islamabad,Online,Shoes,Sneakers,3,4440,2280,15,,No
704272,2023-09-06,C100270,Lahore,Online,Kurtas,Printed Kurta,3,2500,1550,0,Bank Transfer,No
705163,2024-01-23,C100098,Lahore,Online,Jackets,Bomber Jacket,2,5370,3060,10,COD,No
701410,2023-12-21,C102051,LAHORE,Store,Jackets,Puffer Jacket,2,6910,3370,0,COD,No
702324,2023-07-13,C101107,Karachi,Online,Jeans,Slim Fit Jeans,1,3640,1710,0,Wallet,No
701499,2023-08-07,C101674,Faisalabad,Online,Jeans,Straight Leg Jeans,2,3320,1790,0,Bank Transfer,Yes
700356,2023-12-10,C100480,Karachi,Online,Kurtas,Festive Kurta,1,4330,2230,20,Card,No
703759,2023-08-08,C101400,Karachi,Online,T-Shirts,Graphic Print Tee,2,1440,930,15,COD,No
703737,2024-09-17,C101890,Lahore,Online,Jeans,High-Waist Jeans,1,4410,2230,0,COD,No
700124,2024-05-24,C101845,Islamabad,Online,Dresses,Summer Floral Dress,1,3290,1830,0,Wallet,No
701373,2025-01-19,C100174,Lahore,Online,Jackets,Bomber Jacket,1,4950,2340,0,Bank Transfer,No
702815,2023-09-30,C101147,Faisalabad,Online,T-Shirts,Polo Shirt,3,2310,1340,10,Wallet,No
704667,2024-08-19,C100212,Lahore,Online,Jeans,Slim Fit Jeans  ,2,3670,1920,0,COD,No
702841,2024-02-03,C101423,Karachi,Online,T-Shirts,Graphic Print Tee,2,1560,910,0,Card,No
703429,2024-05-25,C102095,,Online,Jeans,Slim Fit Jeans,1,3610,1650,0,Bank Transfer,No
703113,2024-12-06,C102166,Peshawar,Online,Jeans,Ripped Jeans,2,3650,2210,30,Bank Transfer,No
700568,2024-08-21,C101761,,Store,Accessories,Sunglasses,1,2260,1360,10,COD,No
703035,2024-04-02,C100371,Karachi,Online,Kurtas,Printed Kurta,2,2430,1340,20,COD,No
702028,2023-09-14,C101269,Karachi,Online,Jeans,Ripped Jeans,3,4090,1900,0,COD,No
701096,2023-11-19,C101771,Faisalabad,Online,Jeans,High-Waist Jeans,1,4290,2430,15,Card,No
704066,2025-02-20,C101838,Faisalabad,Store,Jackets,Bomber Jacket,1,5240,3350,0,Wallet,No
703362,2024-05-23,C100094,Karachi,Store,Jeans,High-Waist Jeans,2,4000,2280,20,Card,Yes
700519,2024-03-22,C100531,Rawalpindi,Online,Shoes,Sandals,2,2800,1420,0,COD,No
704751,2024-03-14,C100739,Karachi,Online,Jackets,Denim Jacket,1,5480,2730,0,Wallet,No
702906,2025-02-18,C101508,Lahore,Online,Accessories,Baseball Cap,3,890,430,0,Bank Transfer,No
701381,2024-01-27,C101164,Lahore,Online,Shoes,Sandals,1,2770,1720,0,COD,No
701327,2025-01-06,C100408,Lahore,Online,Shoes,Sneakers,2,4740,2280,15,Card,No
704495,2023-09-15,C102014,Karachi,Store,T-Shirts,Oversized Tee,1,1820,1110,0,COD,No
704611,2025-01-01,C100597,Islamabad,Store,Kurtas,Printed Kurta,3,2400,1320,0,Card,No
700515,2023-07-17,C101993,,Store,Jeans,Ripped Jeans,1,3980,1920,15,Bank Transfer,No
704445,2023-10-16,C101691,Peshawar,Store,Jeans,Ripped Jeans,1,4100,1950,0,Bank Transfer,No
700228,2024-12-06,C101316,Islamabad,Online,Kurtas,Printed Kurta,1,2530,1400,0,Bank Transfer,No
702893,2024-02-19,C102057,Karachi,Online,Shoes,Sneakers,1,4500,2700,10,COD,No
702082,2025-01-16,C101581,Karachi,Store,Dresses,Wrap Dress,1,3850,2360,0,COD,No
700945,2024-05-12,C100641,Faisalabad,Online,Kurtas,Embroidered Kurta,1,2760,1290,0,Wallet,No
701106,2024-02-28,C102082,Rawalpindi,Store,Dresses,Wrap Dress,1,4310,2740,0,COD,No
700845,2024-01-24,C101709,Karachi,Online,Jeans,High-Waist Jeans,1,4070,2070,10,COD,Yes
704652,2025-03-13,C101493,Faisalabad,Online,Jeans,Slim Fit Jeans,1,3580,1670,10,Card,No
701579,2024-01-08,C101878,Islamabad,Online,Jackets,Puffer Jacket,3,7220,3510,0,COD,No
705156,2024-06-30,C101488,Peshawar,Online,T-Shirts,Classic Cotton Tee,2,1290,600,0,Bank Transfer,No
702175,2024-03-08,C101554,LAHORE,Online,kurtas,Cotton Kurta,2,1930,1040,10,Wallet,No
700814,2025-05-08,C101212,Islamabad,Store,Jeans,Ripped Jeans,2,3750,1790,0,COD,No
700718,2024-03-03,C101072,Karachi,Online,Jeans,Straight Leg Jeans,1,3380,1590,0,COD,No
700469,2024-10-12,C100138,Faisalabad,Online,Shoes,Loafers,1,5440,2750,0,COD,No
704331,2024-11-19,C100483,Karachi,Store,Kurtas,Embroidered Kurta,2,2900,1610,30,Wallet,No
703563,2024-07-29,C102080,Karachi,Online,Accessories,Tote Bag,1,1660,750,0,,No
704284,2025-02-09,C100981,Faisalabad,Store,Dresses,Summer Floral Dress,1,3120,1430,0,Wallet,No
703183,2023-11-20,C102035,Faisalabad,Online,Accessories,Baseball Cap,3,870,400,0,Wallet,No
703253,2024-02-09,C101839,Faisalabad,Online,Shoes,Sandals,2,2980,1380,15,COD,No
703681,2023-10-16,C101351,Multan,Online,Kurtas,Cotton Kurta,2,2050,1290,0,COD,No
704573,2024-06-14,C100164,Islamabad,Online,Dresses,Summer Floral Dress,1,3250,1820,0,COD,Yes
704442,2025-04-12,C101909,Peshawar,Store,Jeans,Ripped Jeans,2,3800,2080,20,COD,No
702155,2024-09-25,C101344,Sialkot,Store,Accessories,Sunglasses,1,2220,1240,0,Card,No
703707,2024-05-11,C102078,Karachi,Online,Dresses,Wrap Dress,1,3830,1810,0,Wallet,No
702130,2025-03-07,C101711,Karachi,Online,Jeans,Ripped Jeans,2,3660,2220,0,COD,No
702331,2025-05-17,C100016,Islamabad,Online,Shoes,Sandals,1,2760,1680,15,Bank Transfer,No
703172,2025-03-14,C101114,Sialkot,Store,T-Shirts,Graphic Print Tee,1,1460,800,0,Bank Transfer,No
703097,2025-05-26,C101715,Faisalabad,Online,Dresses,Bodycon Dress,3,3740,1750,0,COD,No
702245,2024-07-15,C102155,Multan,Online,Kurtas,Cotton Kurta,2,1830,1130,0,COD,No
704891,2024-03-12,C101123,Lahore,Online,Dresses,Bodycon Dress,1,3940,2090,0,Card,No
703308,2024-12-26,C100300,Faisalabad,Store,Jeans,Straight Leg Jeans,1,3320,1540,25,COD,No
701099,2024-11-01,C101028,Faisalabad,Online,Jackets,Puffer Jacket,1,6480,3790,20,COD,No
705084,2025-02-06,C101496,MULTAN,Online,Jeans,Straight Leg Jeans,1,3200,1790,0,Card,No
701119,2023-07-31,C101731,Lahore,Store,jeans,Ripped Jeans,2,3810,1840,0,Bank Transfer,No
702042,2023-12-19,C100162,Lahore,Online,Shoes,Sneakers,2,4780,2810,10,Card,No
700622,2025-06-20,C101483,Lahore,Store,Accessories,Leather Belt  ,2,1180,740,0,Card,No
704089,2024-01-22,C101585,Peshawar,Online,Shoes,Sandals,2,2950,1820,10,COD,No
702788,2024-08-13,C100517,Faisalabad,Online,Accessories,Leather Belt,1,1160,660,0,COD,No
701040,2024-01-15,C102095,Karachi,Store,T-Shirts,Oversized Tee,1,1760,850,0,COD,Yes
702857,2023-07-12,C100723,Sialkot,Store,T-Shirts,Classic Cotton Tee,1,1190,690,0,Wallet,No
703849,2024-03-08,C101864,Islamabad,Store,Accessories,Sunglasses,2,2180,1390,0,COD,No
704491,2024-06-22,C100275,Karachi,Online,Shoes,Sneakers,1,4410,2540,0,Card,No
703929,2023-10-28,C101781,Faisalabad,Online,Jackets,Hooded Jacket,1,4830,2430,0,Card,No
704998,2024-07-14,C101327,Islamabad,Online,Shoes,Sneakers,1,4600,2500,0,COD,No
702565,2024-09-10,C101927,rawalpindi,Store,Shoes,Sneakers,1,4840,3140,0,COD,No
702158,2023-08-29,C101282,Karachi,Store,T-Shirts,Classic Cotton Tee,2,1280,790,15,,No
700862,2024-11-02,C101119,Peshawar,Online,Shoes,Boots,1,6220,3150,10,Card,No
702436,2025-01-09,C101537,Faisalabad,Online,Accessories,Baseball Cap,1,960,570,0,Card,No
703633,2024-08-28,C101853,Faisalabad,Online,Jeans,High-Waist Jeans,1,4180,2140,10,Card,No
704726,2023-12-14,C101535,Karachi,Online,Shoes,Boots,1,6710,4140,20,COD,No
701156,2024-03-29,C100396,Multan,Online,Dresses,Bodycon Dress,3,3660,1990,0,Bank Transfer,Yes
700836,2024-05-15,C102141,Karachi,Online,Kurtas,Festive Kurta,2,4260,2230,15,Card,No
701261,2023-09-18,C102189,Peshawar,Store,Accessories,Sunglasses,3,2310,1150,0,Bank Transfer,No
704214,2024-04-22,C101500,Rawalpindi,Store,Jeans,Straight Leg Jeans,1,3210,2050,15,Card,No
700481,2025-04-19,C100221,Karachi,Store,T-Shirts,Graphic Print Tee,2,1620,830,0,Card,No
702229,2023-09-11,C100725,Lahore,Store,T-Shirts,Classic Cotton Tee,2,1260,720,0,Card,No
704422,2025-06-15,C100713,Peshawar,Online,Dresses,Summer Floral Dress,1,3290,2080,0,COD,No
703346,2023-09-08,C100565,Rawalpindi,Online,T-Shirts,Oversized Tee,2,1730,1120,0,COD,No
702531,2024-02-19,C100057,Islamabad,Store,Kurtas,Embroidered Kurta,1,2880,1680,0,COD,No
701445,2024-07-12,C100005,SIALKOT,Store,T-Shirts,Oversized Tee,1,1750,920,0,Wallet,No
700519,2024-03-22,C100531,Rawalpindi,Online,Accessories,Leather Belt,1,1280,690,10,COD,No
700026,2024-08-19,C101518,Lahore,Online,Accessories,Tote Bag,2,1580,1030,0,Wallet,No
704574,2024-11-05,C100566,Faisalabad,Online,Accessories,Baseball Cap,3,890,550,15,Card,No
702161,2024-12-31,C100990,Islamabad,Online,Kurtas,Festive Kurta,1,4470,2610,20,Card,No
702561,2024-08-17,C100100,Peshawar,Online,T-Shirts,Graphic Print Tee,1,1520,980,0,COD,No
703662,2023-12-14,C100383,Karachi,Online,Shoes,Boots,3,6320,3570,15,Card,No
704826,2025-02-15,C101588,Karachi,Online,Jeans,Straight Leg Jeans,3,3240,1610,0,COD,No
702607,2024-02-26,C100156,Karachi,Online,accessories,Sunglasses,2,2120,1250,0,COD,No
704661,2025-03-17,C102032,Karachi,Online,Kurtas,Embroidered Kurta,2,2740,1610,0,COD,No
704881,2024-12-19,C100294,Multan,Store,t-shirts,Graphic Print Tee,1,1600,900,20,Wallet,No
700695,2024-06-28,C102091,Multan,Store,Dresses,Wrap Dress,2,3870,1990,0,COD,Yes
701645,2024-10-24,C100910,Faisalabad,Online,Jeans,Straight Leg Jeans,2,3160,1890,0,COD,No
704366,2023-11-11,C100179,FAISALABAD,Store,Dresses,Wrap Dress,2,4020,2260,25,COD,Yes
702027,2025-04-18,C102129,LAHORE,Store,Dresses,Maxi Dress,2,4720,2950,10,COD,No
702576,2024-08-31,C101999,Islamabad,Store,Dresses,Maxi Dress,3,4840,2210,0,Card,Yes
703685,2025-02-05,C100017,Lahore,Store,Jackets,Puffer Jacket,3,6490,3030,0,Card,No
700055,2024-12-19,C101335,Multan,Online,Kurtas,Printed Kurta,2,2550,1490,10,Card,Yes
701476,2024-03-10,C100784,Sialkot,Store,Shoes,Sneakers,1,4790,2330,0,COD,No
700200,2025-03-14,C100294,Multan,Store,Jeans,Straight Leg Jeans,1,3310,2130,0,Card,No
701259,2024-08-03,C102129,Lahore,Store,T-Shirts,Classic Cotton Tee,1,1230,590,15,Card,No
701618,2024-07-09,C100072,Multan,Online,Dresses,Summer Floral Dress,3,3160,1810,0,COD,Yes
703775,2023-10-15,C102083,Lahore,Online,Kurtas,Printed Kurta,1,2510,1150,0,Card,No
704640,2024-08-27,C101908,Faisalabad,Online,Jackets,Hooded Jacket,1,4730,3050,0,COD,No
701289,2025-01-07,C101727,Multan,Store,Shoes,Loafers,1,5450,2980,0,Card,No
701835,2025-04-03,C100917,Lahore,Online,Kurtas,Embroidered Kurta,2,2760,1710,0,Card,No
701581,2024-07-27,C101409,Rawalpindi,Online,T-Shirts,Oversized Tee,1,1750,1070,15,COD,No
700167,2023-08-30,C100470,Karachi,Online,Dresses,Summer Floral Dress,1,3440,1760,0,COD,No
702795,2023-11-16,C100544,Lahore,Online,T-Shirts,Graphic Print Tee,2,1480,760,15,COD,Yes
700310,2024-03-22,C101511,Lahore,Online,Jackets,Puffer Jacket,1,6530,3970,0,Bank Transfer,No
701969,2023-12-28,C102138,Faisalabad,Store,Jackets,Denim Jacket,2,5700,3270,0,COD,No
702303,2023-09-13,C100091,Rawalpindi,Online,Jackets,Denim Jacket,3,5920,3780,10,Bank Transfer,No
704042,2024-10-26,C100774,Lahore,Online,Shoes,Boots,2,6870,3410,10,COD,Yes
705098,2024-03-22,C100858,Karachi,Online,Jackets,Hooded Jacket,1,4840,3000,0,Bank Transfer,No
704863,2025-06-10,C100632,Lahore,Online,T-Shirts,Polo Shirt,1,2350,1280,10,Card,No
704283,2023-08-18,C100373,Karachi,Online,Dresses,Wrap Dress,1,4290,2430,0,Card,No
704757,2025-01-27,C100302,Islamabad,Online,Kurtas,Cotton Kurta,1,1860,1080,0,COD,No
700462,2025-04-12,C102083,Lahore,Online,Kurtas,Cotton Kurta,2,1810,1100,0,Card,No
700681,2023-10-13,C101076,Islamabad,Store,Accessories,Tote Bag,3,1520,760,0,COD,No
702613,2024-11-28,C101327,Islamabad,Store,Shoes,Loafers,3,5460,3420,20,Wallet,Yes
700981,2025-04-04,C100652,Rawalpindi,Store,Accessories,Tote Bag,2,1620,1040,15,Card,No
702535,2025-04-04,C101087,Faisalabad,Online,Accessories,Sunglasses,2,2260,1160,20,Bank Transfer,No
702517,2024-01-01,C101404,Lahore,Online,Shoes,Sneakers,1,4500,2380,0,COD,No
702938,2023-12-13,C100838,Karachi,Store,Jackets,Bomber Jacket,2,5400,3470,10,COD,No
702559,2023-07-14,C100330,Faisalabad,Online,Dresses,Wrap Dress,1,3960,2140,0,COD,No
704995,2023-09-06,C101025,Karachi,Online,Jeans,High-Waist Jeans,1,4180,2270,0,COD,No
702608,2023-11-26,C100898,Lahore,Online,Jackets,Hooded Jacket,1,5000,2770,15,COD,No
700677,2024-08-19,C102062,Islamabad,Store,T-Shirts,Oversized Tee,1,1740,990,10,COD,No
704964,2024-10-03,C101995,Faisalabad,Store,Kurtas,Printed Kurta,1,2300,1060,0,Wallet,No
704626,2024-12-05,C101817,Karachi,Online,Dresses,Maxi Dress,1,4370,2400,10,Bank Transfer,No
704031,2025-06-19,C101421,Karachi,Store,Shoes,Sandals,1,2700,1300,0,Card,Yes
703337,2024-05-30,C101838,faisalabad,Store,Jeans,Slim Fit Jeans,1,3640,1990,20,COD,No
704053,2024-05-06,C100726,Lahore,Online,jackets,Puffer Jacket,3,6920,3590,20,Bank Transfer,No
701673,2024-10-25,C102009,Rawalpindi,Online,Jackets,Bomber Jacket,1,5460,3170,10,COD,No
700248,2023-07-13,C100005,Sialkot,Store,Shoes,Sandals,1,2680,1580,10,COD,No
703777,2024-06-17,C100746,Karachi,Store,Jeans,High-Waist Jeans,2,4120,2560,0,Bank Transfer,No
701029,2025-05-03,C100129,,Store,Dresses,Summer Floral Dress,1,3410,1890,0,Card,No
700614,2024-06-06,C101200,Islamabad,Online,Tshirts,Oversized Tee,2,1850,950,0,COD,No
700554,2025-02-02,C101761,Lahore,Store,Shoes,Sandals,1,2980,1870,0,Wallet,No
702870,2023-11-10,C100805,Lahore,Store,Accessories,Baseball Cap,1,880,470,0,Card,Yes
703665,2024-05-10,C100863,Islamabad,Store,Jackets,Puffer Jacket,2,7160,4130,20,COD,No
700813,2025-01-10,C101378,Islamabad,Store,Accessories,Baseball Cap,2,970,610,0,Bank Transfer,No
705048,2024-03-23,C100682,Lahore,Store,Shoes,Sneakers,1,4690,2600,0,COD,No
702137,2025-05-03,C100170,Karachi,Store,Dresses,Wrap Dress,2,4230,2670,15,Card,Yes
702038,2023-12-02,C101347,Karachi,Online,Accessories,Leather Belt,1,1230,690,20,Bank Transfer,No
703831,2024-02-29,C101717,Islamabad,Store,Jackets,Hooded Jacket,2,4780,2600,0,Card,No
703152,2023-08-04,C100091,Rawalpindi,Store,Accessories,Baseball Cap,1,950,520,0,Card,No
703032,2024-03-09,C101506,Faisalabad,Store,Jackets,Bomber Jacket,2,4980,2970,0,COD,No
705018,2024-04-22,C102139,Multan,Store,Kurtas,Embroidered Kurta,2,2680,1730,15,COD,No
700108,2025-01-01,C101537,Faisalabad,Store,Shoes,Sneakers,1,4490,2100,10,Card,No
701707,2025-01-03,C100455,Lahore,Online,Jackets,Hooded Jacket,2,5030,2680,0,Card,No
702520,2023-12-31,C100381,Peshawar,Online,Shoes,Sneakers,3,4480,2270,10,Card,No
700204,2024-05-28,C101526,KARACHI,Online,T-Shirts,Oversized Tee,1,1900,1160,20,COD,No
701862,2025-04-30,C101871,Karachi,Store,Kurtas,Cotton Kurta,1,1880,930,0,COD,No
704639,2025-05-17,C100089,Islamabad,Store,T-Shirts,Graphic Print Tee,1,1430,650,0,COD,Yes
702311,2025-05-01,C101573,Multan,Online,Accessories,Baseball Cap,2,910,570,10,Card,No
703247,2023-10-17,C101231,Islamabad,Online,Jeans,Slim Fit Jeans,1,3380,1560,10,Wallet,No
702936,2024-04-16,C102072,Karachi,Store,Kurtas,Embroidered Kurta,2,2810,1650,10,COD,No
704908,2023-09-17,C101496,Multan,Store,Kurtas,Printed Kurta,2,2470,1330,0,Card,Yes
702069,2024-08-23,C101611,Faisalabad,Store,Dresses,Bodycon Dress,2,3880,1780,0,Card,No
701595,2025-06-25,C101915,lahore,Online,T-Shirts,Classic Cotton Tee,2,1200,610,0,Bank Transfer,No
702971,2023-11-09,C100187,Lahore,Online,Jackets,Bomber Jacket,1,5210,2570,20,COD,No
700953,2024-02-19,C100858,Karachi,Store,Jackets,Bomber Jacket,2,5490,2710,10,Card,Yes
703811,2024-01-25,C100217,Lahore,Online,Accessories,Baseball Cap,1,890,550,0,COD,No
702066,2025-05-25,C101946,Lahore,Store,Accessories,Tote Bag,2,1550,770,0,COD,No
700581,2024-04-22,C102064,Karachi,Online,Shoes,Sandals,1,2700,1640,15,COD,No
704978,2024-02-08,C102000,Multan,Online,Jackets,Hooded Jacket,1,5090,3160,0,Card,No
703473,2024-10-02,C101981,Karachi,Online,Accessories,Sunglasses,2,2260,1360,0,COD,No
701465,2024-04-01,C101996,Karachi,Store,T-Shirts,Graphic Print Tee,1,1560,930,0,COD,No
702067,2025-03-08,C100359,Islamabad,Store,Jeans,Slim Fit Jeans,1,3760,2030,0,COD,No
700138,2024-06-22,C100599,Islamabad,Online,Shoes,Loafers,1,5470,3240,0,Card,Yes
700797,2023-12-20,C100580,Karachi,Online,Jeans,Straight Leg Jeans,1,3120,1920,0,Card,No
703164,2024-10-26,C100731,Lahore,Online,Accessories,Sunglasses,2,2220,1430,0,Card,No
703734,2023-11-04,C100992,Faisalabad,Store,Jeans,High-Waist Jeans,1,4430,2470,25,Card,Yes
703453,2024-10-12,C101368,Lahore,Store,accessories,Sunglasses,1,2130,970,0,COD,No
700046,2023-07-11,C100844,LAHORE,Online,Dresses,Wrap Dress,1,3970,2200,0,Bank Transfer,Yes
705042,2025-02-06,C102166,Peshawar,Online,Jackets,Denim Jacket  ,1,5650,2860,0,Wallet,No
700139,2023-10-04,C100409,Sialkot,Online,Shoes,Sneakers,1,4700,2820,0,COD,No
703375,2024-02-22,C101075,Karachi,Online,Dresses,Maxi Dress,1,4640,2410,0,Bank Transfer,No
700154,2024-11-27,C100566,Faisalabad,Online,Shoes,Loafers,1,5450,2460,10,Wallet,No
703815,2023-08-26,C100908,Lahore,Online,Shoes,Loafers,3,5170,2690,0,COD,No
701768,2025-01-19,C101347,Karachi,Online,Shoes,Boots,1,6940,4200,0,COD,Yes
703960,2024-12-13,C101318,Faisalabad,Online,Jeans,Slim Fit Jeans,2,3360,1970,20,Bank Transfer,No
702193,2023-07-02,C102191,Islamabad,Online,Dresses,Maxi Dress,1,4370,2760,0,Bank Transfer,No
704868,2024-09-15,C102152,Faisalabad,Store,Shoes,Loafers,1,5240,2900,10,Wallet,No
700089,2023-10-14,C100782,Karachi,Online,Jackets,Bomber Jacket,2,5250,3340,0,Card,No
703835,2025-03-21,C100643,Lahore,Store,Dresses,Summer Floral Dress,2,3130,1750,0,Wallet,Yes
700516,2024-04-10,C101947,Peshawar,Online,Dresses,Wrap Dress,1,3920,2390,15,Wallet,No
704072,2023-09-15,C101437,Islamabad,Online,Kurtas,Embroidered Kurta,2,2710,1350,10,Wallet,No
704750,2023-10-15,C102081,Lahore,Online,Dresses,Bodycon Dress,1,3750,2160,0,Bank Transfer,No
703508,2025-03-06,C101010,Rawalpindi,Store,T-Shirts,Polo Shirt,1,2170,1380,0,COD,No
702134,2023-11-13,C102185,Lahore,Online,Jeans,Ripped Jeans,1,3970,1840,0,Bank Transfer,No
700850,2024-07-05,C100720,Islamabad,Store,Accessories,Tote Bag,2,1570,810,10,Wallet,No
703337,2024-05-30,C101838,Faisalabad,Store,Kurtas,Festive Kurta,1,4050,1960,0,COD,No
701568,2025-04-24,C101385,Lahore,Online,Shoes,Loafers,1,5000,2530,10,COD,No
704890,2023-11-16,C101023,Islamabad,Online,Tshirts,Oversized Tee,1,1850,1100,15,Wallet,No
704227,2024-03-14,C100386,Rawalpindi,Online,Jeans,Slim Fit Jeans,3,3480,2080,15,Card,No
701085,2024-04-28,C100443,Lahore,Online,Shoes,Sandals,1,2970,1460,10,Card,No
700234,2023-12-12,C100860,Faisalabad,Online,Jackets,Denim Jacket,3,5380,2560,30,Card,No
703054,2024-03-13,C102070,Multan,Store,Shoes,Boots,2,6510,2940,0,Card,No
701666,2024-06-13,C102140,peshawar,Online,Kurtas,Cotton Kurta,1,1860,1030,0,COD,No
700612,2025-06-04,C100877,KARACHI,Online,Dresses,Summer Floral Dress,3,3120,1470,0,COD,Yes
703340,2023-12-26,C101376,Rawalpindi,Online,Jackets,Hooded Jacket,1,5060,3030,0,COD,No
702438,2023-11-18,C100276,Karachi,Online,Jeans,Ripped Jeans,3,3790,2340,0,COD,No
700860,2023-11-13,C100147,Islamabad,Online,Jeans,Straight Leg Jeans,1,3320,1730,15,COD,No
704202,2025-04-18,C100264,Peshawar,Store,T-Shirts,Graphic Print Tee,1,1580,990,10,Card,No
700903,2025-02-18,C102151,Lahore,Online,Accessories,Sunglasses,2,2370,1220,0,COD,Yes
700461,2024-09-04,C101715,Faisalabad,Store,T-Shirts,Oversized Tee,1,1810,900,0,Card,No
700915,2023-08-29,C101895,Lahore,Store,Accessories,Tote Bag,2,1620,830,0,Card,No
703573,2024-01-22,C100910,Faisalabad,Online,Jeans,Straight Leg Jeans,2,3120,1570,0,COD,No
703839,2023-07-23,C101708,Multan,Online,Dresses,Summer Floral Dress,2,3160,2010,10,COD,No
700701,2023-10-10,C101776,Rawalpindi,Online,Jeans,Ripped Jeans,3,3690,1900,10,Wallet,No
703093,2025-02-13,C101815,Islamabad,Online,Accessories,Baseball Cap,2,930,530,0,Wallet,No
701518,2025-06-04,C100484,Lahore,Online,Dresses,Wrap Dress,1,4320,2360,0,COD,No
703630,2025-01-08,C102188,Karachi,Online,Kurtas,Festive Kurta,1,4500,2640,0,COD,No
701364,2025-01-14,C102167,Karachi,Store,Jackets,Hooded Jacket,1,4970,3170,15,COD,No
702492,2024-05-03,C101401,Lahore,Online,Shoes,Boots,1,6950,3960,0,Bank Transfer,No
703461,2024-11-29,C100796,Lahore,Online,Jeans,Slim Fit Jeans,2,3330,1680,15,COD,No
700910,2024-01-21,C101606,Sialkot,Store,T-Shirts,Graphic Print Tee,2,1580,910,0,Wallet,No
701235,2023-12-24,C101134,Sialkot,Store,Dresses,Wrap Dress,2,4110,2220,10,Card,Yes
704234,2025-02-27,C100998,Sialkot,Online,Shoes,Loafers,2,5160,2720,0,Card,No
701011,2024-09-13,C100034,Karachi,Online,Kurtas,Cotton Kurta,3,1960,1120,0,COD,No
704450,2024-11-27,C101038,Karachi,Store,Jackets,Denim Jacket,2,5560,2680,20,Card,No
701053,2024-05-01,C100110,Karachi,Online,Shoes,Sandals,1,3000,1520,0,Card,No
703537,2023-08-23,C101232,Lahore,Online,T-Shirts,Graphic Print Tee,1,1540,700,0,Bank Transfer,No
701342,2024-01-21,C101572,Islamabad,Store,Kurtas,Embroidered Kurta,1,2670,1540,0,Bank Transfer,No
703103,2023-09-08,C101720,Lahore,Online,Kurtas,Embroidered Kurta,2,2740,1340,0,COD,No
701939,2025-02-24,C101461,Islamabad,Online,Dresses,Summer Floral Dress,1,3090,1840,0,Card,Yes
701939,2025-02-24,C101461,Islamabad,Online,T-Shirts,Graphic Print Tee,1,1550,970,0,Card,No
701089,2024-10-29,C101909,Peshawar,Online,Jackets,Denim Jacket,1,5820,3690,0,Bank Transfer,No
702743,2024-02-15,C102058,Lahore,Store,Accessories,Sunglasses,1,2230,1400,0,COD,No
702986,2025-01-11,C101871,Karachi,Store,Jackets,Bomber Jacket,2,5440,3030,0,COD,No
704160,2024-05-13,C101356,Islamabad,Store,Kurtas,Embroidered Kurta,3,2680,1690,20,Bank Transfer,No
702590,2023-07-28,C100826,Islamabad,Online,Dresses,Wrap Dress,1,3980,2080,0,Card,No
701683,2023-07-16,C100380,Islamabad,Online,Dresses,Wrap Dress,2,4180,2410,0,Bank Transfer,No
700516,2024-04-10,C101947,Peshawar,Online,T-Shirts,Polo Shirt,1,2140,1310,0,Wallet,No
702423,2024-11-26,C101745,Islamabad,Online,Kurtas,Printed Kurta,3,2490,1240,20,Card,No
702657,2025-03-22,C101946,Lahore,Online,Dresses,Wrap Dress,1,4300,2190,0,Wallet,No
700169,2024-09-12,C101891,Faisalabad,Store,Kurtas,Embroidered Kurta,1,2930,1560,0,Wallet,Yes
703646,2024-02-28,C101009,Karachi,Online,T-Shirts,Graphic Print Tee,2,1490,840,0,Wallet,No
702469,2024-06-23,C100321,Karachi,Online,T-Shirts,Classic Cotton Tee,2,1200,730,0,Card,No
703822,2023-07-03,C102198,Lahore,Online,Dresses,Summer Floral Dress,1,3290,1870,0,Card,No
702618,2024-10-11,C100076,Karachi,Store,Shoes,Sneakers,1,4720,2750,0,COD,No
705098,2024-03-22,C100858,Karachi,Online,Tshirts,Graphic Print Tee,3,1550,1000,10,Bank Transfer,No
700347,2024-09-18,C100725,Lahore,Store,Jeans,Ripped Jeans,1,3990,2130,0,COD,No
701207,2023-10-09,C101335,Multan,Store,accessories,Leather Belt,1,1290,650,0,Card,No
702824,2025-03-30,C100427,Multan,Store,Jackets,Hooded Jacket,3,5020,2940,0,Card,Yes
702159,2024-03-03,C100571,Multan,Store,Accessories,Baseball Cap,1,890,540,0,COD,No
702362,2024-12-12,C100480,Karachi,Online,Jeans,Slim Fit Jeans,1,3370,1930,0,Wallet,No
702645,2024-11-16,C100208,Lahore,Online,Jackets,Bomber Jacket,1,5570,3190,30,Card,No
701387,2024-12-25,C100272,Lahore,Online,Jeans,Slim Fit Jeans,1,3530,2230,10,COD,No
700308,2024-02-25,C100481,Lahore,Store,T-Shirts,Polo Shirt,3,2100,1230,0,COD,No
701685,2024-11-04,C100712,Faisalabad,Online,Shoes,Sandals,2,2770,1280,0,COD,No
703848,2025-01-24,C101038,Karachi,Store,T-Shirts,Oversized Tee,1,1800,980,0,Bank Transfer,No
703376,2023-07-23,C101811,Karachi,Store,Dresses,Wrap Dress,2,4230,2240,0,Wallet,No
701580,2025-05-20,C100362,Lahore,Store,T-Shirts,Graphic Print Tee,1,1460,780,20,Card,No
702337,2025-06-04,C101186,Karachi,Store,Shoes,Loafers,1,4960,2880,0,COD,No
704862,2025-06-21,C101537,Faisalabad,Online,Kurtas,Embroidered Kurta,1,2760,1680,0,COD,No
702824,2025-03-30,C100427,Multan,Store,Accessories,Sunglasses,1,2150,1210,0,Card,No
700898,2024-11-22,C101540,Multan,Store,Jackets,Hooded Jacket,1,4790,2940,0,COD,No
704910,2023-12-14,C101845,Islamabad,Online,Accessories,Baseball Cap,1,880,560,15,COD,No
705173,2024-07-05,C100473,Lahore,Online,Jeans,Straight Leg Jeans,1,3430,1790,0,COD,No
700497,2024-05-04,C101119,Peshawar,Online,Dresses,Bodycon Dress,2,3920,2320,10,Bank Transfer,No
700999,2024-07-05,C100010,Karachi,Store,Jeans,Slim Fit Jeans,1,3470,1870,0,COD,No
700562,2025-06-17,C100412,Lahore,Online,Jeans,High-Waist Jeans,1,4390,2830,0,COD,No
701906,2024-05-19,C101001,Karachi,Online,Dresses,Bodycon Dress,1,4040,1990,20,Card,No
700042,2024-05-09,C100774,Lahore,Store,Accessories,Baseball Cap,1,890,500,0,COD,No
700235,2023-11-30,C101952,Faisalabad,Online,DRESSES,Maxi Dress,1,4280,2350,20,COD,No
702138,2024-07-04,C100006,Faisalabad,Online,Accessories,Leather Belt,1,1140,710,0,COD,No
704104,2025-01-17,C101484,Islamabad,Store,Jeans,Ripped Jeans,2,3990,2310,0,Card,No
701209,2023-12-30,C100423,lahore,Online,Shoes,Loafers,1,5540,3570,10,Card,No
704789,2023-07-26,C101114,Sialkot,Online,Shoes,Loafers,1,5010,3150,0,COD,No
700411,2025-01-22,C101675,Peshawar,Online,Shoes,Sandals,2,2990,1530,10,COD,No
701861,2023-07-07,C101838,Faisalabad,Store,Jeans,High-Waist Jeans,1,4490,2880,0,Bank Transfer,No
700442,2024-05-27,C100376,Peshawar,Store,T-Shirts,Oversized Tee,1,1820,910,0,COD,Yes
702223,2024-10-18,C101540,Multan,Online,T-Shirts,Classic Cotton Tee,2,1300,760,0,Card,No
702410,2025-02-02,C101757,Sialkot,Online,Jeans,High-Waist Jeans,2,4420,2600,10,COD,No
702929,2025-02-11,C101769,Multan,Store,Kurtas,Printed Kurta,2,2400,1460,0,Card,No
703597,2024-01-21,C100191,Lahore,Online,Jackets,Hooded Jacket,1,5000,2740,0,Card,No
701372,2023-07-21,C100241,Faisalabad,Online,Dresses,Bodycon Dress,3,4030,2120,10,COD,No
703775,2023-10-15,C102083,Lahore,Online,Jackets,Denim Jacket,1,5870,3270,0,Card,No
703738,2024-11-26,C100863,Islamabad,Store,Dresses,Maxi Dress,2,4360,2540,10,Card,No
704438,2023-07-08,C100298,Faisalabad,Online,t-shirts,Classic Cotton Tee,1,1220,700,0,Card,No
702628,2024-12-30,C101162,Multan,Online,Jeans,Ripped Jeans,1,4080,2650,15,Bank Transfer,No
700627,2024-11-29,C101500,Rawalpindi,Store,Jeans,Straight Leg Jeans,3,3440,1830,30,Card,No
702171,2024-06-09,C100233,Islamabad,Online,Kurtas,Festive Kurta,1,4200,1910,15,COD,No
701988,2025-03-23,C100302,Islamabad,Online,Dresses,Wrap Dress,1,3840,2370,0,Card,No
704054,2024-02-12,C100469,Islamabad,Online,Jeans,High-Waist Jeans,1,3990,1820,10,Card,No
700666,2024-12-02,C100437,Islamabad,Store,Accessories,Tote Bag,1,1670,1070,20,COD,No
703914,2024-06-28,C101719,Multan,Online,Accessories,Leather Belt,2,1290,830,0,COD,No
702442,2025-04-27,C100251,Multan,Store,Kurtas,Cotton Kurta,3,1940,1120,0,Wallet,No
703011,2024-07-12,C101871,,Store,T-Shirts,Classic Cotton Tee,3,1270,680,0,COD,No
703085,2024-01-21,C101780,Lahore,Store,Jackets,Puffer Jacket,3,6780,3080,0,Card,No
703043,2024-01-09,C102054,Karachi,Store,Shoes,Sandals,1,2670,1470,0,Wallet,No
700113,2024-12-25,C101387,Karachi,Online,Accessories,Baseball Cap,3,950,470,15,Card,No
700571,2024-03-16,C101074,Multan,Online,Shoes,Loafers,2,5280,3190,0,Card,No
700639,2024-07-01,C101695,Islamabad,Store,Accessories,Leather Belt,2,1170,710,0,Card,No
702017,2024-03-01,C101336,Lahore,Online,Dresses,Summer Floral Dress,3,3100,1700,0,Card,No
702597,2025-01-26,C100874,Rawalpindi,Store,Accessories,Sunglasses,1,2330,1280,0,COD,No
703476,2024-01-09,C100042,Rawalpindi,Store,Jackets,Bomber Jacket,2,5420,2890,0,COD,No
703196,2025-03-25,C101815,Islamabad,Store,Kurtas,Embroidered Kurta,1,2670,1290,0,COD,No
701739,2024-10-27,C101386,Rawalpindi,Online,T-Shirts,Oversized Tee,1,1840,1150,15,COD,No
701383,2025-05-28,C100586,Lahore,Store,Jeans,High-Waist Jeans,1,4270,2020,15,Card,No
700163,2024-08-08,C100631,Multan,Online,T-Shirts,Graphic Print Tee,1,1500,970,0,COD,No
702234,2023-09-29,C101224,Lahore,Online,Accessories,Baseball Cap,2,950,580,0,Bank Transfer,No
703982,2025-01-28,C100196,Islamabad,Online,Jackets,Bomber Jacket,1,5050,2450,0,Card,Yes
704203,2024-12-08,C100379,Rawalpindi,Store,Shoes,Sandals,1,2670,1400,10,COD,Yes
702613,2024-11-28,C101327,Islamabad,Store,Jeans,Ripped Jeans,3,3620,2000,20,Wallet,No
700421,2024-04-23,C100260,Lahore,Store,Jeans,Slim Fit Jeans,1,3590,2220,0,COD,No
701476,2024-03-10,C100784,Sialkot,Store,T-Shirts,Classic Cotton Tee,1,1260,670,0,COD,No
703540,2023-09-25,C101368,Lahore,Store,Dresses,Maxi Dress,1,4480,2330,0,COD,No
702600,2024-11-21,C101351,Multan,Online,Jackets,Puffer Jacket,1,7150,3470,0,Card,No
703541,2024-03-21,C101262,Karachi,Online,accessories,Tote Bag,2,1700,1000,15,Card,No
700830,2024-03-18,C100953,Lahore,Store,Accessories,Leather Belt,1,1200,600,0,Card,No
704402,2025-04-11,C101210,Faisalabad,Online,Kurtas,Embroidered Kurta,1,2710,1250,0,Bank Transfer,No
700528,2023-12-08,C101530,Karachi,Online,Jackets,Puffer Jacket,1,7030,4490,10,COD,No
702284,2024-03-16,C101684,Lahore,Online,T-Shirts,Oversized Tee,1,1880,870,15,Card,No
700561,2025-06-19,C101056,Peshawar,Online,Accessories,Baseball Cap,1,950,600,0,COD,No
705075,2024-10-18,C100867,Faisalabad,Online,Jeans,Ripped Jeans,1,3750,1930,0,COD,No
702969,2024-01-15,C100049,Lahore,Online,Shoes,Sneakers,2,4800,3010,10,Card,No
700592,2025-03-26,C101495,Islamabad,Store,Dresses,Summer Floral Dress,2,3280,2060,0,Card,No
704541,2023-10-17,C100287,Karachi,Store,T-Shirts,Classic Cotton Tee,2,1230,780,0,Wallet,No
701614,2024-03-03,C101216,Karachi,Online,Accessories,Baseball Cap,2,940,480,0,COD,No
702793,2025-06-13,C100078,Islamabad,Store,T-Shirts,Graphic Print Tee,1,1540,910,0,COD,No
700649,2024-04-12,C101045,Karachi,Store,Accessories,Leather Belt,1,1200,700,0,Wallet,No
705067,2024-06-29,C101823,Islamabad,Online,Dresses,Summer Floral Dress,1,3160,1740,0,Bank Transfer,No
702975,2024-05-26,C100900,Karachi,Store,Kurtas,Printed Kurta,1,2320,1290,0,Bank Transfer,No
704496,2023-07-20,C100253,Lahore,Online,T-Shirts,Polo Shirt,1,2140,1040,0,Card,No
703310,2024-04-05,C102028,Islamabad,Online,T-Shirts,Classic Cotton Tee,2,1180,720,10,Card,No
700260,2025-03-17,C101410,Multan,Online,kurtas,Festive Kurta,3,4300,2420,0,Card,No
702062,2023-10-01,C101275,Karachi,Online,Shoes,Boots,1,6230,2930,15,COD,No
700815,2025-01-11,C100773,Multan,Store,Jackets,Puffer Jacket,1,6560,3950,10,Bank Transfer,No
702845,2023-10-13,C100355,Islamabad,Online,Dresses,Wrap Dress,1,4310,2300,0,Bank Transfer,No
702010,2023-08-24,C100848,Lahore,Store,Shoes,Sneakers,1,4650,2740,0,COD,No
701392,2025-01-10,C100027,Lahore,Store,Jeans,Slim Fit Jeans,2,3420,1890,10,Card,No
702088,2023-07-24,C101762,Lahore,Store,T-Shirts,Oversized Tee,1,1810,930,15,Card,No
702841,2024-02-03,C101423,Karachi,Online,Jeans,Slim Fit Jeans,2,3610,1840,0,Card,No
700494,2024-12-09,C100851,Lahore,Online,Jeans,Slim Fit Jeans,1,3720,1900,0,Card,No
704804,2024-09-05,C100276,Karachi,Online,Dresses,Maxi Dress,2,4600,2130,0,,No
704957,2023-07-13,C100118,Karachi,Online,Accessories,Tote Bag,1,1580,900,15,Card,No
702162,2024-09-02,C100647,Islamabad,Online,Jeans,Straight Leg Jeans,1,3430,2200,0,Bank Transfer,No
703833,2025-01-21,C100999,Karachi,Online,Jeans,High-Waist Jeans,1,4220,2600,0,COD,No
704619,2024-04-17,C100347,Lahore,Store,Jeans,Slim Fit Jeans,1,0,2340,15,Wallet,No
700479,2024-02-25,C101683,Karachi,Online,jackets,Bomber Jacket,1,5220,2950,0,Wallet,No
704510,2025-05-03,C101117,Faisalabad,Online,Jeans,Straight Leg Jeans,1,3190,1740,0,COD,No
701517,2024-07-06,C101985,Peshawar,Store,Jeans,Slim Fit Jeans,1,3480,2160,15,COD,No
704919,2024-11-23,C100435,Lahore,Online,Jackets,Puffer Jacket,1,6990,4320,10,Wallet,No
703066,2024-02-04,C101939,Lahore,Online,Jeans,Slim Fit Jeans,1,3350,1710,0,Bank Transfer,No
700774,2024-03-22,C101386,Rawalpindi,Online,Jeans,Ripped Jeans,1,4070,1850,0,COD,No
704857,2024-01-08,C100823,Rawalpindi,Store,T-Shirts,Classic Cotton Tee,2,1170,690,15,Card,No
700044,2024-10-22,C100388,Lahore,Online,Kurtas,Festive Kurta,2,4030,2590,0,Card,No
702317,2023-08-31,C100241,Faisalabad,Store,Shoes,Sneakers,3,4650,2420,0,Card,No
705189,2024-05-25,C101014,Karachi,Store,Jeans,Slim Fit Jeans,1,3660,2250,15,COD,No
701637,2025-06-24,C102092,Islamabad,Store,T-Shirts,Classic Cotton Tee,1,1240,790,15,Wallet,No
702413,2024-11-25,C100155,Rawalpindi,Online,Kurtas,Embroidered Kurta,1,2980,1920,20,Card,No
700252,2023-12-21,C101561,Islamabad,Online,Jeans,Straight Leg Jeans,1,3350,1820,0,COD,No
704812,2024-01-29,C100748,Faisalabad,Store,kurtas,Embroidered Kurta,1,2840,1490,15,Card,No
701605,2023-09-17,C100993,Lahore,Store,T-Shirts,Polo Shirt,1,2250,1380,0,Card,No
701241,2023-09-24,C100284,Islamabad,Online,Dresses,Maxi Dress,2,4630,2560,15,Wallet,No
700691,2024-03-17,C100680,Lahore,Online,T-Shirts,Oversized Tee,1,1830,970,0,Card,No
705106,2024-03-31,C100492,Rawalpindi,Online,Accessories,Baseball Cap,3,890,440,0,COD,No
701206,2024-11-05,C100051,Lahore,Online,Jackets,Hooded Jacket,3,4920,2540,10,Card,No
701554,2024-10-30,C100029,Rawalpindi,Online,T-Shirts,Oversized Tee,1,1720,970,0,COD,No
704746,2025-02-17,C101765,Lahore,Store,T-Shirts,Graphic Print Tee,1,1580,730,0,Card,No
702875,2025-03-09,C101715,Faisalabad,Store,Shoes,Loafers,3,5250,2710,0,Wallet,No
702568,2024-07-11,C101891,Faisalabad,Online,Shoes,Loafers,2,5170,2850,0,COD,No
700577,2023-11-20,C100025,Lahore,Online,Accessories,Baseball Cap,1,900,410,15,COD,No
700051,2024-09-13,C100230,Lahore,Store,T-Shirts,Polo Shirt,2,2360,1060,0,COD,No
705094,2024-06-21,C101647,Faisalabad,Online,Jeans,Slim Fit Jeans,1,3550,1980,0,COD,No
704759,2024-07-24,C101770,Islamabad,Online,Dresses,Bodycon Dress,1,3630,1930,15,COD,Yes
700579,2024-05-08,C100490,Rawalpindi,Online,Jackets,Hooded Jacket,1,4590,2130,10,COD,No
704294,2025-05-02,C100094,Karachi,Online,Jeans,Slim Fit Jeans,2,3660,1860,20,COD,No
701115,2023-11-13,C100833,Rawalpindi,Online,Kurtas,Cotton Kurta,1,1820,920,10,COD,No
704368,2023-12-03,C101795,Karachi,Online,Jeans,Ripped Jeans,1,3920,1920,25,Card,No
703856,2024-09-15,C101408,Multan,Store,T-Shirts,Classic Cotton Tee,2,1160,600,0,COD,No
700775,2024-09-16,C101245,Karachi,Store,Shoes,Sandals,1,2850,1430,15,,No
703514,2024-07-02,C100828,Multan,Online,Shoes,Sandals,1,2980,1720,0,,No
704497,2024-11-26,C101995,Faisalabad,Online,Dresses,Summer Floral Dress,1,3230,1960,20,Wallet,No
702221,2025-05-08,C101125,Islamabad,Store,Dresses,Wrap Dress,1,4250,2640,10,Card,No
702871,2024-05-11,C102018,Islamabad,Store,T-Shirts,Graphic Print Tee  ,3,1560,830,15,COD,No
703720,2024-03-07,C101812,Faisalabad,Store,Jackets,Bomber Jacket,3,5270,2950,10,COD,No
700829,2023-10-28,C100387,Sialkot,Online,Shoes,Sandals,2,2830,1530,0,Wallet,No
702404,2023-10-30,C100065,Islamabad,Online,Dresses,Bodycon Dress,2,4040,2130,0,Wallet,No
704131,2025-02-16,C102183,Lahore,Store,Dresses,Summer Floral Dress,1,3400,2080,15,COD,No
704210,2023-12-24,C100183,Karachi,Online,Jackets,Hooded Jacket,2,4580,2660,15,COD,No
704648,2024-09-15,C102034,Lahore,Online,Kurtas,Festive Kurta,1,4490,2120,15,Wallet,No
700027,2025-03-26,C101891,Faisalabad,Online,TSHIRTS,Polo Shirt,3,2180,1280,0,COD,No
703428,2023-07-19,C101808,Karachi,Online,Shoes,Boots,2,6580,3980,0,COD,No
700299,2023-10-05,C101216,Karachi,Store,Jeans,Straight Leg Jeans,1,3150,1980,0,Bank Transfer,No
705014,2023-08-07,C101460,Faisalabad,Online,Accessories,Tote Bag  ,1,1640,780,0,Bank Transfer,No
703944,2023-08-10,C101922,Karachi,Store,Kurtas,Embroidered Kurta,2,2960,1600,0,Bank Transfer,No
704888,2024-03-21,C100969,Lahore,Online,Shoes,Sneakers,2,4680,2970,10,Bank Transfer,No
703584,2025-06-29,C101389,Lahore,Online,Jeans,Ripped Jeans,1,3840,1950,10,Card,No
700797,2023-12-20,C100580,Karachi,Online,Jackets,Bomber Jacket,1,5540,2790,30,Card,No
702484,2023-09-19,C100756,Karachi,Online,Kurtas,Cotton Kurta,1,1810,1030,0,COD,No
705154,2024-08-12,C101460,Faisalabad,Store,Shoes,Sneakers,1,4280,2540,0,Bank Transfer,No
702766,2023-12-18,C100283,Lahore,Store,T-Shirts,Graphic Print Tee,2,1570,770,20,Card,No
701018,2024-03-04,C100850,Lahore,Online,Jackets,Denim Jacket,1,5940,3780,0,Wallet,No
703482,2024-12-12,C101786,Karachi,Store,T-Shirts,Oversized Tee,2,1780,1020,10,Wallet,No
701867,2024-10-20,C100718,Rawalpindi,Online,jackets,Denim Jacket,1,5750,3280,0,Card,No
700504,2025-02-09,C100198,Lahore,Store,Jackets,Bomber Jacket,1,5100,2340,0,COD,No
704841,2023-08-02,C101720,Lahore,Store,Shoes,Sneakers,1,4440,2630,0,Wallet,No
704631,2024-07-15,C100827,Lahore,Online,Dresses,Wrap Dress,1,4030,2120,0,COD,No
703734,2023-11-04,C100992,Faisalabad,Store,Jackets,Puffer Jacket,2,7090,3430,20,Card,No
704371,2025-01-02,C101660,Lahore,Store,Shoes,Sneakers,2,4600,2090,0,Card,No
701110,2025-04-27,C101622,Faisalabad,Store,Shoes,Loafers,2,5100,2300,0,Wallet,Yes
700554,2025-02-02,C101761,Lahore,Store,Dresses,Maxi Dress,1,4370,2680,0,Wallet,Yes
700434,2024-01-28,C101865,Multan,Online,Accessories,Tote Bag,1,1560,1000,0,COD,No
702557,2024-12-08,C100207,Rawalpindi,Online,Jeans,Slim Fit Jeans,1,3490,1710,0,Bank Transfer,No
702006,2023-11-04,C100300,Faisalabad,Store,T-Shirts,Graphic Print Tee,1,1610,770,25,COD,No
702916,2023-07-31,C101278,Multan,Online,Accessories,Tote Bag,1,1730,950,0,COD,No
704359,2023-12-24,C100881,Islamabad,Store,Dresses,Wrap Dress,1,4070,2430,30,COD,Yes
704035,2024-11-27,C102039,Faisalabad,Store,Shoes,Boots,1,6270,4070,20,COD,No
703527,2024-02-25,C102118,Lahore,Online,Jackets,Bomber Jacket,3,5160,2910,0,COD,No
704177,2023-12-07,C100179,Faisalabad,Store,Accessories,Tote Bag,1,1600,1020,15,COD,No
703207,2024-09-14,C102155,Multan,Online,Shoes,Sneakers,3,4510,2560,0,Card,No
701163,2023-07-22,C101517,Sialkot,Store,Accessories,Tote Bag,1,1590,970,0,Bank Transfer,No
700039,2024-12-22,C102059,Lahore,Store,Jackets,Hooded Jacket,2,5110,2790,15,Wallet,No
700450,2024-10-12,C100650,Karachi,Store,Jeans,Ripped Jeans,2,3810,1730,15,Card,No
704319,2023-07-05,C102142,Faisalabad,Online,Jackets,Puffer Jacket,1,6820,3320,15,COD,No
700551,2023-09-30,C101798,Islamabad,Store,Jeans,High-Waist Jeans,2,4190,2480,0,Card,No
703175,2025-01-04,C101237,Karachi,Store,Dresses,Bodycon Dress,1,4030,2200,10,Wallet,Yes
702060,2025-03-25,C100089,Islamabad,Store,Dresses,Wrap Dress,2,4220,1970,0,Card,No
703550,2024-08-31,C101812,faisalabad,Online,Dresses,Summer Floral Dress,2,3240,2010,0,Card,No
701937,2025-03-28,C102134,Islamabad,Online,T-Shirts,Graphic Print Tee,3,1480,800,0,COD,No
704336,2023-07-04,C101117,Faisalabad,Store,Dresses,Maxi Dress,1,4820,3090,0,COD,No
704830,2023-08-26,C100919,Islamabad,Online,Accessories,Baseball Cap,1,910,510,0,Card,No
704152,2023-11-07,C101447,Islamabad,Online,Accessories,Leather Belt,2,1260,650,10,Wallet,No
704542,2025-06-08,C101685,lahore,Store,Accessories,Tote Bag,2,1650,750,0,COD,No
704107,2024-07-18,C100078,Islamabad,Online,Accessories,Sunglasses,1,2310,1330,0,Wallet,No
703169,2024-05-25,C101808,Karachi,Online,Dresses,Summer Floral Dress,2,3200,1810,20,COD,Yes
700180,2024-02-20,C101738,Islamabad,Online,Accessories,Baseball Cap,1,910,590,0,COD,No
702840,2024-01-18,C100740,Lahore,Online,Jeans,Ripped Jeans,1,3630,2030,0,COD,No
700973,2024-04-28,C100376,,Online,Accessories,Tote Bag,1,1610,900,20,COD,No
701285,2025-04-28,C101038,Karachi,Online,Kurtas,Printed Kurta,3,2530,1290,20,COD,No
703489,2024-05-07,C101724,Karachi,Online,T-Shirts,Classic Cotton Tee,1,1160,750,0,COD,No
704946,2024-08-19,C100327,Islamabad,Online,T-Shirts,Polo Shirt,1,2380,1380,0,Bank Transfer,No
700240,2025-05-03,C102069,Islamabad,Store,Jackets,Puffer Jacket,3,6470,3480,20,Card,No
703021,2024-06-30,C101727,Multan,Online,Jeans,Slim Fit Jeans,2,3420,1680,0,Card,No
704464,2023-12-10,C100679,Karachi,Store,Jeans,High-Waist Jeans,3,4320,2030,25,COD,No
702502,2024-12-14,C101553,,Online,Dresses,Summer Floral Dress,1,3410,1740,20,Card,No
703087,2023-11-23,C101440,Lahore,Online,Jeans,Slim Fit Jeans,2,3640,2190,30,Wallet,No
700422,2025-01-18,C100734,Lahore,Online,Jeans,Ripped Jeans,2,3680,2340,10,Bank Transfer,No
700764,2024-10-03,C100482,Islamabad,Online,Kurtas,Embroidered Kurta,3,3000,1370,0,Card,No
702610,2024-11-20,C100713,Peshawar,Online,Dresses,Wrap Dress,2,4190,2540,15,Card,No
703884,2023-09-30,C100749,Multan,Online,Kurtas,Printed Kurta,1,2570,1330,10,COD,No
700123,2024-07-02,C100905,Rawalpindi,Online,Shoes,Sneakers,1,4440,2720,0,Card,No
702669,2024-12-03,C101019,Karachi,Store,Kurtas,Festive Kurta,2,4250,2350,15,Card,No
703323,2025-03-09,C100708,Karachi,Online,Jeans,Ripped Jeans,2,3960,2280,0,Card,No
701328,2025-01-21,C100573,Faisalabad,Online,Shoes,Sandals,1,2840,1340,0,COD,No
702608,2023-11-26,C100898,Lahore,Online,Jackets,Denim Jacket,1,5250,2720,0,COD,No
704652,2025-03-13,C101493,faisalabad,Online,Shoes,Sneakers,0,4600,2350,0,Card,Yes
705169,2025-01-03,C101946,Lahore,Store,Accessories,Leather Belt,3,1260,670,0,COD,No
704901,2023-11-28,C100322,Karachi,Store,Jeans,High-Waist Jeans,1,4080,2620,0,COD,No
705181,2024-12-28,C100046,Karachi,Store,Jeans,High-Waist Jeans,0,4070,2480,15,COD,No
703497,2025-04-13,C100293,Lahore,Online,Accessories,Tote Bag,2,1530,730,10,COD,No
703746,2025-05-13,C100436,Lahore,Online,Shoes,Sandals,1,2770,1290,15,Card,No
700004,2023-11-23,C101399,Karachi,Store,Dresses,Wrap Dress,1,4010,2340,15,Card,No
700106,2023-07-06,C101979,Lahore,Store,Kurtas,Festive Kurta,1,4020,2580,15,COD,No
700250,2024-11-30,C100772,,Online,Jeans,High-Waist Jeans,1,4160,2530,0,Card,No
701442,2024-09-04,C100659,Karachi,Online,Dresses,Wrap Dress,2,4310,2200,0,COD,No
701223,2024-09-14,C100544,Lahore,Online,T-Shirts,Polo Shirt,2,2340,1340,0,Card,No
700876,2025-05-08,C101528,Lahore,Online,T-Shirts,Polo Shirt,1,2230,1150,10,Card,No
701188,2023-12-08,C100322,Karachi,Online,Jackets,Bomber Jacket,1,5580,3430,15,Wallet,No
702506,2024-06-23,C101179,Lahore,Store,Dresses,Summer Floral Dress,1,3290,1720,0,Bank Transfer,No
701406,2024-01-10,C101972,Faisalabad,Online,Jackets,Hooded Jacket,1,4670,2690,0,Wallet,No
703667,2025-06-06,C101931,Islamabad,Online,Dresses,Bodycon Dress,2,3920,1870,0,Card,No
704259,2024-02-07,C101002,Lahore,Online,Kurtas,Printed Kurta,2,2450,1350,0,COD,No
704933,2024-07-12,C101057,Lahore,Online,Kurtas,Embroidered Kurta,2,2710,1320,0,Card,No
704627,2024-09-19,C101062,Lahore,Online,Shoes,Sandals,2,2780,1790,15,COD,No
700254,2025-05-05,C101355,Lahore,Store,Dresses,Maxi Dress,1,4690,2230,0,COD,No
703083,2023-07-25,C101754,Karachi,Online,Dresses,Wrap Dress,1,4100,2380,0,COD,No
702345,2024-09-28,C100168,Karachi,Online,Shoes,Boots,3,6960,3160,10,COD,No
700358,2024-07-13,C102060,Sialkot,Store,Kurtas,Printed Kurta,1,2290,1240,10,COD,No
705025,2023-10-27,C100624,Sialkot,Store,Dresses,Bodycon Dress,1,3670,1850,0,Card,No
704618,2025-01-31,C100951,Lahore,Online,Jeans,Slim Fit Jeans,1,3350,1770,10,COD,Yes
703004,2023-11-08,C100299,Rawalpindi,Store,Kurtas,Cotton Kurta,2,1960,1230,20,COD,No
701569,2024-02-22,C101617,Islamabad,Online,Jeans,Ripped Jeans,2,3770,1940,0,Wallet,No
702037,2023-10-31,C100381,Peshawar,Online,Accessories,Tote Bag,2,1560,940,0,Card,No
703990,2024-02-28,C100809,Sialkot,Store,Shoes,Sneakers,3,4540,2500,0,COD,No
700281,2025-06-29,C101142,Multan,Online,dresses,Wrap Dress,1,4020,1940,0,COD,No
704580,2024-05-01,C101634,Sialkot,Online,Kurtas,Festive Kurta,1,4170,2010,10,COD,No
703992,2024-12-29,C100553,Peshawar,Online,Shoes,Sneakers,2,4660,2910,0,Wallet,No
703753,2025-06-19,C100316,Karachi,Store,Dresses,Maxi Dress,2,4470,2530,0,Card,No
702113,2024-11-15,C101721,Lahore,Store,T-Shirts,Polo Shirt,1,2090,1240,0,Card,No
700971,2024-03-24,C100475,Karachi,Online,Dresses,Bodycon Dress,3,3610,2030,10,Card,Yes
700347,2024-09-18,C100725,Lahore,Store,Kurtas,Printed Kurta,1,2350,1340,0,COD,No
702903,2023-12-27,C100373,Karachi,Online,Shoes,Sandals,1,2920,1840,0,Card,No
703781,2024-09-07,C102095,karachi,Store,Kurtas,Festive Kurta,1,4230,2470,0,COD,No
701922,2023-10-13,C102084,Rawalpindi,Online,Dresses,Summer Floral Dress,1,3060,1580,0,Card,No
700740,2024-05-27,C100748,Faisalabad,Store,T-Shirts,Oversized Tee,2,1820,1110,0,Card,Yes
701763,2024-11-15,C101175,Faisalabad,Online,Jeans,High-Waist Jeans,2,4000,1880,0,Bank Transfer,No
700747,2024-08-20,C100822,KARACHI,Store,Accessories,Sunglasses,1,2170,1380,0,Card,No
702921,2024-01-30,C100863,Islamabad,Online,Jackets,Denim Jacket,2,5660,2940,0,Card,No
703279,2024-04-29,C100597,Islamabad,Online,kurtas,Festive Kurta,1,4090,2600,0,COD,No
704219,2024-11-19,C101720,Lahore,Online,Shoes,Boots,2,6610,4270,10,Wallet,Yes
700914,2024-11-03,C101282,Karachi,Store,Jeans,Slim Fit Jeans,1,3720,1860,25,COD,No
702777,2024-03-24,C101636,Karachi,Store,Shoes,Sneakers,1,4760,2570,0,COD,No
704389,2024-08-12,C101927,Rawalpindi,Online,T-Shirts,Oversized Tee,1,1870,980,0,COD,No
701032,2025-06-29,C101435,Sialkot,Store,T-Shirts,Polo Shirt,1,2340,1120,10,Card,No
701931,2023-10-19,C101624,Karachi,Online,Accessories,Baseball Cap,2,890,430,0,Bank Transfer,No
702459,2024-04-26,C101496,multan,Online,Accessories,Sunglasses,3,2130,1170,20,Wallet,No
703027,2024-04-21,C101940,Lahore,Online,Shoes,Boots,1,6700,3440,15,,No
702809,2025-06-02,C101044,,Store,Jeans,Slim Fit Jeans,3,3490,1630,0,Card,Yes
702042,2023-12-19,C100162,Lahore,Online,Jackets,Hooded Jacket,1,4970,2950,20,Card,No
702211,2024-05-27,C100773,Multan,Store,Jeans,Straight Leg Jeans,1,3380,1590,0,Card,No
703149,2023-10-30,C102068,Lahore,Store,Dresses,Wrap Dress,1,4070,2590,15,Card,No
701292,2024-05-21,C100648,Rawalpindi,Store,Kurtas,Embroidered Kurta,1,2850,1850,0,COD,Yes
703634,2024-01-11,C100660,Karachi,Store,Jackets,Bomber Jacket,1,5260,2510,0,COD,No
702003,2024-02-04,C102091,Multan,Online,T-Shirts,Oversized Tee,1,1840,890,0,,No
703534,2024-09-23,C100005,Sialkot,Store,Shoes,Boots,2,6990,3210,0,Bank Transfer,Yes
704496,2023-07-20,C100253,Lahore,Online,Jeans,Slim Fit Jeans,2,3350,1570,0,Card,No
701100,2024-02-21,C102078,Karachi,Online,jackets,Puffer Jacket,1,6650,3280,0,Wallet,Yes
700724,2025-05-02,C101480,Karachi,Online,Accessories,Tote Bag,3,1630,970,0,Bank Transfer,No
703336,2024-10-08,C100863,Islamabad,Store,Shoes,Sandals,1,2880,1360,0,Card,No
700446,2024-09-05,C101846,Karachi,Online,Jeans,Ripped Jeans,2,3730,1690,10,COD,No
701415,2023-12-23,C101339,Karachi,Online,Jeans,Straight Leg Jeans,3,3170,1700,0,COD,No
703291,2023-12-25,C100906,Karachi,Store,Kurtas,Cotton Kurta,3,1980,1000,20,COD,No
705155,2023-07-10,C100813,Islamabad,Online,T-Shirts,Graphic Print Tee,1,1480,930,0,COD,No
703949,2024-10-10,C100569,Islamabad,Online,Kurtas,Festive Kurta,1,4050,2410,0,Bank Transfer,No
702631,2024-06-23,C101833,Lahore,Online,Jeans,Slim Fit Jeans,1,3480,2240,0,Bank Transfer,No
701827,2024-04-10,C101019,Karachi,Store,Jeans,High-Waist Jeans,2,4140,2260,0,Wallet,No
703741,2025-04-24,C101798,Islamabad,Online,Dresses,Bodycon Dress,2,4080,2130,10,Card,Yes
704979,2025-05-13,C101290,Karachi,Store,T-Shirts,Graphic Print Tee,1,1620,870,0,COD,No
702414,2025-03-14,C100067,Karachi,Online,Jeans,Straight Leg Jeans,3,3130,1670,0,COD,No
704209,2025-05-20,C100469,Islamabad,Online,T-Shirts,Classic Cotton Tee,3,1280,790,0,COD,No
700435,2025-06-25,C100745,Karachi,Store,Shoes,Sandals,1,2830,1420,0,COD,No
702815,2023-09-30,C101147,Faisalabad,Online,Dresses,Summer Floral Dress,1,3290,1750,15,Wallet,No
704915,2025-02-16,C101968,Karachi,Online,Dresses,Summer Floral Dress,2,3380,1850,0,Card,Yes
700280,2024-11-07,C101364,Karachi,Online,Accessories,Tote Bag,2,1670,960,20,COD,No
701017,2025-05-09,C102008,lahore,Store,SHOES,Sandals,1,2950,1730,10,COD,No
701448,2023-08-18,C100905,Rawalpindi,Online,Accessories,Leather Belt,1,1150,660,15,Wallet,No
703575,2023-07-31,C101789,Lahore,Online,Dresses,Summer Floral Dress,2,3280,1740,0,Wallet,No
703104,2024-06-23,C100970,Lahore,Online,Shoes,Sandals,1,3020,1740,0,Card,No
704380,2024-05-20,C101352,Karachi,Online,Dresses,Summer Floral Dress,1,3400,1560,0,Card,No
705063,2025-03-03,C100229,Lahore,Store,Shoes,Sandals,1,2780,1600,0,Wallet,No
702797,2024-08-31,C101581,Karachi,Store,Shoes,Loafers,2,5030,2830,0,COD,No
703642,2024-05-26,C102119,Lahore,Online,Dresses,Wrap Dress,1,4040,2090,10,COD,No
701424,2023-07-20,C101509,Faisalabad,Store,Jeans,Straight Leg Jeans,1,3320,1810,10,Card,No
704167,2023-12-18,C101009,Karachi,Online,Accessories,Leather Belt,3,1230,730,25,Bank Transfer,No
703041,2023-09-04,C100232,,Online,Accessories,Sunglasses,3,2350,1310,0,Wallet,No
702734,2025-04-08,C100347,Lahore,Online,Shoes,Sneakers,1,4430,2130,10,Bank Transfer,No
700370,2024-10-03,C100397,Karachi,Store,Accessories,Baseball Cap,1,880,440,15,Bank Transfer,No
701132,2023-12-24,C100270,Lahore,Online,T-Shirts,Graphic Print Tee,3,1550,900,15,Card,No
704965,2023-09-17,C100406,Karachi,Store,Dresses,Bodycon Dress,1,3850,2460,0,COD,No
700232,2023-11-18,C100380,Islamabad,Store,Accessories,Tote Bag,1,1650,780,20,Card,No
701754,2024-03-25,C101751,Lahore,Store,Dresses,Summer Floral Dress,3,3210,1490,0,Wallet,No
703579,2023-08-08,C100858,karachi,Online,Jeans,Ripped Jeans,3,3770,2250,0,COD,No
704421,2024-08-04,C100652,Rawalpindi,Store,T-Shirts,Oversized Tee,1,1730,1040,0,Wallet,Yes
702453,2025-01-15,C101464,Rawalpindi,Online,Accessories,Tote Bag,1,1630,890,15,,No
702161,2024-12-31,C100990,,Online,Accessories,Tote Bag,3,1570,870,30,Card,No
703972,2025-02-03,C101348,Karachi,Online,Jackets,Bomber Jacket,2,5050,2570,0,Bank Transfer,No
701346,2024-03-17,C101426,Lahore,Store,Accessories,Sunglasses,2,2100,990,0,COD,No
700087,2025-06-28,C102095,Karachi,Store,T-Shirts,Oversized Tee,2,1870,1050,10,Card,No
704375,2024-07-30,C101172,Lahore,Store,Shoes,Boots,2,6940,4450,0,COD,No
701375,2024-11-16,C102157,Karachi,Store,Jeans,Straight Leg Jeans,1,3130,1930,10,Card,No
702933,2025-03-09,C100158,Rawalpindi,Online,Dresses,Maxi Dress,1,4560,2110,0,Wallet,No
701477,2025-02-08,C100562,Multan,Online,Kurtas,Cotton Kurta,1,1870,1180,0,COD,No
702759,2023-07-05,C100388,Lahore,Online,Dresses,Bodycon Dress,2,3890,2010,0,Card,No
701522,2024-06-27,C102112,Lahore,Online,Kurtas,Printed Kurta,2,2570,1580,0,Card,No
703012,2024-11-28,C100394,Lahore,Online,Accessories,Sunglasses,1,2290,1430,10,Bank Transfer,No
703173,2024-07-11,C100811,LAHORE,Store,Kurtas,Cotton Kurta,3,2020,1110,0,Card,No
703333,2024-10-29,C101454,Karachi,Store,Jeans,Ripped Jeans,2,3720,1970,0,Card,No
703470,2023-07-19,C101223,RAWALPINDI,Online,Accessories,Tote Bag,3,1520,930,0,COD,No
704604,2025-05-29,C101295,Karachi,Online,T-Shirts,Graphic Print Tee,2,1500,760,10,Wallet,No
703840,2024-09-24,C100184,Faisalabad,Store,Jeans,Ripped Jeans,2,3640,2330,0,Card,No
703770,2024-07-14,C100085,lahore,Store,Accessories,Baseball Cap,2,870,500,0,COD,No
700956,2024-03-15,C100722,Lahore,Online,Accessories,Baseball Cap,1,970,450,0,COD,Yes
703116,2024-10-22,C101087,Faisalabad,Store,Shoes,Sneakers,1,4470,2450,15,Card,No
701612,2023-10-21,C102127,Karachi,Online,Kurtas,Embroidered Kurta,1,2990,1770,0,COD,No
700220,2023-12-06,C100088,Lahore,Online,Kurtas,Embroidered Kurta,1,2980,1750,0,COD,No
701093,2025-01-02,C101038,Karachi,Store,Kurtas,Printed Kurta,1,2560,1220,0,Card,No
703838,2023-07-11,C101588,Karachi,Online,Dresses,Maxi Dress,2,4840,2680,15,Card,Yes
702293,2023-09-10,C101318,Faisalabad,Online,T-Shirts,Classic Cotton Tee,1,1170,700,10,COD,No
703524,2024-07-26,C100845,Peshawar,Online,Dresses,Summer Floral Dress,3,3370,1820,0,,No
704984,2023-10-12,C101122,Multan,Store,Dresses,Maxi Dress,1,4480,2510,0,Wallet,No
701209,2023-12-30,C100423,Lahore,Online,Dresses,Summer Floral Dress,2,3340,1890,0,Card,No
700532,2023-08-07,C101653,Lahore,Store,Kurtas,Printed Kurta,2,2540,1280,0,COD,No
700862,2024-11-02,C101119,Peshawar,Online,Jackets,Puffer Jacket,1,7070,4520,10,Card,No
700216,2023-07-18,C100827,Lahore,Online,Shoes,Boots,1,6930,4280,0,COD,No
703700,2023-08-09,C100354,Karachi,Store,Accessories,Sunglasses,3,2340,1390,0,COD,No
704002,2024-09-14,C100757,Peshawar,Store,Jeans,Straight Leg Jeans,1,3040,1810,0,Card,No
703737,2024-09-17,C101890,Lahore,Online,Jackets,Puffer Jacket,2,7170,4570,15,COD,No
704373,2024-12-02,C101019,Karachi,Store,Dresses,Maxi Dress,3,4440,2290,0,COD,No
700828,2024-05-25,C101555,Faisalabad,Store,Shoes,Sneakers,2,4600,2920,0,COD,No
702465,2025-04-27,C100746,Karachi,Online,Shoes,Loafers,1,5430,3410,0,COD,Yes
700247,2024-05-09,C100206,,Store,Kurtas,Festive Kurta,2,4220,2310,15,Wallet,No
705057,2024-06-14,C100206,Lahore,Store,Shoes,Sandals,1,2810,1330,0,Bank Transfer,No
705174,2024-04-21,C100195,Lahore,Online,Accessories,Baseball Cap,3,890,520,15,Wallet,No
704355,2024-12-11,C100428,Lahore,Online,Accessories,Baseball Cap,2,960,580,10,Bank Transfer,No
702024,2024-11-15,C101574,Lahore,Store,Jackets,Denim Jacket,1,5740,2750,15,Card,No
702938,2023-12-13,C100838,Karachi,Store,Jackets,Hooded Jacket,2,4860,2600,0,COD,No
701592,2023-08-20,C101046,Lahore,Online,Dresses,Wrap Dress,3,3980,1960,0,Card,No
704491,2024-06-22,C100275,Karachi,Online,T-Shirts,Oversized Tee,2,1840,1150,0,Card,No
701181,2023-08-11,C100299,Rawalpindi,Store,Dresses,Summer Floral Dress,3,3440,1790,0,Wallet,No
705076,2024-08-04,C100843,Karachi,Store,Kurtas,Printed Kurta,1,2420,1530,0,Card,No
702048,2023-11-08,C101969,islamabad,Online,Kurtas,Printed Kurta,2,2480,1400,15,COD,No
702140,2023-11-21,C100779,Multan,Store,Shoes,Sneakers,2,4510,2690,20,Bank Transfer,No
700729,2023-10-06,C100412,Lahore,Online,Shoes,Loafers,1,5190,2790,10,Wallet,No
703368,2025-06-19,C100532,Karachi,Online,T-Shirts,Classic Cotton Tee,1,1180,750,15,Card,No
704155,2024-04-29,C100284,Islamabad,Online,Jeans,Straight Leg Jeans,1,3200,1450,20,,No
704021,2024-12-31,C101776,Rawalpindi,Store,T-Shirts,Polo Shirt,3,2250,1390,10,COD,No
701543,2023-12-22,C100714,Faisalabad,Store,T-Shirts,Oversized Tee,1,1890,1050,15,Card,No
703400,2023-12-13,C100190,Peshawar,Online,Shoes,Loafers,1,5380,2520,0,Bank Transfer,No
702251,2024-08-23,C100356,Faisalabad,Online,Accessories,Sunglasses,1,2290,1280,0,COD,No
703801,2024-10-01,C100226,Lahore,Online,Jackets,Hooded Jacket,2,4880,3060,0,COD,No
703493,2024-06-30,C101217,Islamabad,Online,Jeans,Slim Fit Jeans,3,3530,2190,15,Card,No
703622,2024-12-24,C100977,Karachi,Online,Kurtas,Cotton Kurta  ,2,1970,1250,0,COD,No
702419,2024-02-10,C101978,Faisalabad,Store,Dresses,Maxi Dress,1,4450,2400,15,COD,No
702006,2023-11-04,C100300,Faisalabad,Store,Jackets,Denim Jacket,3,5880,3670,15,COD,No
703276,2024-09-05,C101127,Rawalpindi,Store,T-Shirts,Oversized Tee,1,1830,940,10,COD,No
701034,2025-03-27,C101891,Faisalabad,Online,Accessories,Tote Bag,2,1670,930,0,Card,No
703938,2025-02-20,C100863,Islamabad,Store,Kurtas,Printed Kurta,1,2310,1330,0,COD,No
702661,2025-03-09,C101668,Lahore,Online,Jeans,High-Waist Jeans,3,4390,2510,0,COD,No
703474,2024-08-17,C101869,Multan,Online,Kurtas,Cotton Kurta,1,1920,1240,0,Card,No
704159,2025-01-12,C101284,Peshawar,Store,Dresses,Bodycon Dress,1,4100,2210,10,Card,No
701890,2025-04-12,C102115,Peshawar,Store,Jeans,High-Waist Jeans,3,4350,2670,15,Wallet,No
701450,2024-01-11,C100611,Rawalpindi,Online,Shoes,Loafers,1,5410,2470,0,Card,Yes
700080,2025-04-25,C100323,Islamabad,Store,T-Shirts,Oversized Tee,3,1780,930,10,COD,No
701462,2024-03-09,C101833,Lahore,Online,Kurtas,Cotton Kurta,2,1900,1010,0,COD,Yes
703814,2024-06-13,C100218,Peshawar,Online,Jeans,Slim Fit Jeans,2,3380,1770,0,COD,No
702642,2025-06-24,C101940,Lahore,Online,Accessories,Sunglasses,1,2320,1100,0,COD,No
702701,2025-04-14,C101714,Karachi,Store,Kurtas,Cotton Kurta,2,2020,1150,0,Bank Transfer,No
703836,2025-05-02,C100556,Karachi,Store,Jeans,Straight Leg Jeans,3,3350,1600,0,COD,No
702902,2025-05-02,C100332,Rawalpindi,Online,t-shirts,Classic Cotton Tee,1,1220,610,15,COD,No
701257,2025-01-25,C100386,Rawalpindi,Online,T-Shirts,Classic Cotton Tee,1,1180,740,10,Card,No
702459,2024-04-26,C101496,Multan,Online,T-Shirts,Polo Shirt,3,2330,1410,10,Wallet,No
704976,2023-09-23,C100875,Peshawar,Store,T-Shirts,Graphic Print Tee,1,1590,1030,0,COD,No
703300,2023-12-21,C101805,RAWALPINDI,Online,Accessories,Tote Bag,1,1630,740,20,COD,No
702979,2023-12-02,C101769,Multan,Online,Jeans,Slim Fit Jeans,1,3650,1990,25,COD,Yes
702319,2023-11-29,C102066,Islamabad,Online,Accessories,Tote Bag,2,1630,770,25,Card,No
701128,2025-01-12,C100597,Islamabad,Online,Shoes,Boots,1,6780,4150,0,Card,No
703871,2023-08-06,C101488,Peshawar,Online,Accessories,Sunglasses,1,2170,1040,0,Card,Yes
705030,2025-03-07,C101474,Islamabad,Store,Accessories,Sunglasses,2,2290,1420,10,,No
703674,2024-06-12,C100273,Islamabad,Online,Accessories,Tote Bag,2,1680,830,10,COD,No
703598,2025-01-08,C102048,Lahore,Store,Jeans,Slim Fit Jeans,2,3490,1590,0,Card,No
700822,2025-02-03,C100557,Karachi,Online,T-Shirts,Polo Shirt,2,2170,1330,10,COD,No
703609,2024-07-24,C101421,Karachi,Store,Dresses,Bodycon Dress,2,3960,2020,15,Card,No
701109,2024-09-19,C100329,Karachi,Online,Jeans,High-Waist Jeans,1,4130,2520,0,Card,No
703001,2023-07-17,C100676,Peshawar,Online,Jeans,Ripped Jeans,1,3850,2240,10,Wallet,No
700598,2024-06-25,C100847,Rawalpindi,Online,Dresses,Wrap Dress,3,4270,1950,0,COD,Yes
701789,2024-03-07,C102127,Karachi,Online,Jeans,Ripped Jeans,3,0,2210,0,,No
700489,2024-02-09,C102082,Rawalpindi,Online,T-Shirts,Classic Cotton Tee,1,1270,610,0,COD,No
700969,2024-11-11,C100021,Karachi,Store,Jeans,Ripped Jeans,3,3780,2430,20,COD,No
702472,2023-09-25,C100844,Lahore,Online,T-Shirts,Classic Cotton Tee,1,1270,810,0,Card,No
702111,2024-03-12,C101547,Faisalabad,Online,Kurtas,Printed Kurta,2,2550,1420,15,Bank Transfer,No
703120,2025-02-14,C102193,Lahore,Store,Dresses,Bodycon Dress,1,4070,2280,0,Card,Yes
703766,2025-05-28,C100743,Lahore,Online,Accessories,Baseball Cap,3,940,580,10,COD,No
704618,2025-01-31,C100951,Lahore,Online,Jackets,Hooded Jacket,2,5150,2860,15,COD,No
702701,2025-04-14,C101714,Karachi,Store,Jeans,Straight Leg Jeans,1,3070,1970,10,Bank Transfer,No
702696,2024-11-26,C101501,SIALKOT,Online,Kurtas,Cotton Kurta,1,1850,1060,15,Card,No
701446,2024-05-15,C100954,Sialkot,Store,Kurtas,Cotton Kurta,1,1980,1170,15,Card,No
701753,2024-12-07,C100160,Lahore,Online,Kurtas,Cotton Kurta,1,1990,1050,0,COD,No
700180,2024-02-20,C101738,ISLAMABAD,Online,Shoes,Loafers,1,5420,2950,10,COD,No
703239,2023-08-29,C100195,Lahore,Online,T-Shirts,Oversized Tee,2,1720,950,0,COD,Yes
701604,2023-07-18,C101100,Lahore,Online,Shoes,Sandals,3,2670,1640,0,COD,No
700196,2023-09-19,C100056,Karachi,Online,Jeans,High-Waist Jeans,1,4330,2430,0,Bank Transfer,No
700862,2024-11-02,C101119,Peshawar,Online,Jackets,Bomber Jacket,1,5490,2780,20,Card,No
703005,2023-08-11,C100237,Faisalabad,Online,T-Shirts,Graphic Print Tee,1,1500,820,0,Card,No
700392,2024-03-19,C100749,Multan,Online,Dresses,Bodycon Dress,2,3790,2350,0,Card,No
704309,2025-03-08,C101127,Rawalpindi,Store,Dresses,Wrap Dress,1,4240,2380,0,COD,No
704795,2025-03-24,C101481,Lahore,Online,Jeans,High-Waist Jeans,1,4460,2530,0,Wallet,No
701599,2025-02-28,C100467,Sialkot,Online,T-Shirts,Oversized Tee,1,1780,850,0,Card,No
704818,2025-06-07,C100958,Karachi,Online,T-Shirts,Oversized Tee,2,1840,910,15,Card,No
703476,2024-01-09,C100042,Rawalpindi,Store,Jackets,Denim Jacket,1,5910,3490,0,COD,No
700320,2024-06-23,C100512,Lahore,Online,Dresses,Maxi Dress,1,4310,2060,0,COD,No
703802,2024-07-04,C101558,Rawalpindi,Online,Dresses,Maxi Dress,3,4780,2470,0,Card,No
700976,2025-06-21,C101729,Karachi,Online,Shoes,Boots,1,6850,3490,0,Wallet,Yes
700203,2024-02-20,C101810,,Store,Kurtas,Cotton Kurta,1,1980,910,0,Card,No
704534,2025-01-06,C100241,Faisalabad,Online,Jackets,Puffer Jacket,2,6900,3650,0,COD,No
700773,2023-07-13,C101646,Karachi,Online,Shoes,Sneakers,1,4830,2400,0,COD,No
701753,2024-12-07,C100160,Lahore,Online,Jackets,Hooded Jacket,1,4850,2380,15,COD,No
703512,2023-11-10,C100639,Multan,Store,Shoes,Sandals,1,2700,1530,0,Card,No
704256,2023-09-09,C100650,Karachi,Online,DRESSES,Summer Floral Dress,2,3280,1620,0,COD,No
701830,2023-08-05,C101842,Lahore,Online,Jeans,High-Waist Jeans,2,4010,2240,10,COD,No
701485,2024-02-25,C100816,Peshawar,Store,Kurtas,Festive Kurta,1,4240,2550,0,Card,No
700687,2025-03-10,C102106,Rawalpindi,Store,Accessories,Baseball Cap,1,970,570,0,Wallet,No
701572,2024-09-07,C101422,Karachi,Store,Shoes,Boots,1,6640,3370,0,Wallet,No
702328,2025-03-16,C100940,Karachi,Online,Accessories,Leather Belt,1,1150,690,10,Card,No
702843,2023-08-06,C101216,Karachi,Store,T-Shirts,Graphic Print Tee,3,1560,800,0,Card,No
701304,2024-10-02,C100224,Karachi,Online,T-Shirts,Classic Cotton Tee  ,2,1250,580,0,Card,No
703921,2024-03-14,C101690,Faisalabad,Online,Dresses,Maxi Dress,2,4420,2270,0,COD,No
700580,2025-01-11,C101357,Karachi,Online,Jackets,Bomber Jacket,1,5410,2770,0,Card,No
703206,2024-02-18,C100560,Lahore,Store,Dresses,Wrap Dress,3,3950,2350,0,Wallet,Yes
704236,2023-07-16,C101238,Lahore,Online,Dresses,Summer Floral Dress,1,3300,2050,0,Card,No
703588,2023-12-17,C100284,Islamabad,Store,Jeans,Ripped Jeans,2,3810,2110,0,COD,No
703601,2024-08-09,C101782,Karachi,Store,Dresses,Maxi Dress,2,4670,2240,0,COD,No
700884,2025-02-11,C101698,Sialkot,Online,Jeans,Ripped Jeans,3,3670,2170,0,Card,No
704150,2025-01-13,C100629,Faisalabad,Online,Jackets,Puffer Jacket,1,7000,4500,0,Card,No
701239,2024-08-31,C100061,Karachi,Store,Accessories,Tote Bag,2,1670,780,0,COD,No
700817,2024-10-26,C102048,Lahore,Online,Jeans,Straight Leg Jeans,1,3260,1870,0,Wallet,No
702139,2025-04-17,C101117,Faisalabad,Online,Shoes,Sandals,3,2940,1740,10,Card,No
703855,2024-03-22,C100455,LAHORE,Online,Accessories,Baseball Cap,2,890,540,0,Wallet,No
702501,2025-05-18,C100511,Multan,Store,Kurtas,Cotton Kurta,1,1880,1020,10,COD,No
703705,2024-07-20,C101426,,Online,T-Shirts,Oversized Tee,1,1850,950,0,Card,No
702242,2023-10-08,C100691,Peshawar,Online,T-Shirts,Oversized Tee,3,1870,880,0,Card,No
703187,2024-04-28,C102158,Karachi,Online,Shoes,Boots,2,6370,3690,10,COD,Yes
703302,2024-08-06,C101940,Lahore,Store,Kurtas,Printed Kurta,3,2430,1170,0,Card,No
702900,2025-02-05,C100949,Karachi,Online,Kurtas,Cotton Kurta  ,1,1850,1120,0,Card,No
701019,2025-04-24,C102170,Karachi,Store,Jeans,Straight Leg Jeans,2,3420,1660,0,Card,No
700090,2024-02-02,C102150,Rawalpindi,Store,Shoes,Boots,3,6770,4310,0,COD,No
704715,2024-01-10,C100521,Karachi,Online,Jeans,Ripped Jeans,1,3770,2030,0,Card,No
702732,2025-01-16,C101325,Multan,Store,Shoes,Boots,1,6800,3420,0,Card,No
701045,2023-09-24,C101913,Islamabad,Online,Jeans,Straight Leg Jeans,3,3460,1720,0,Card,No
703292,2024-07-15,C100937,Lahore,Online,Shoes,Loafers,1,5170,2810,0,Card,No
701684,2023-10-01,C100196,Islamabad,Online,Shoes,Sandals,1,3000,1740,0,Bank Transfer,No
701148,2024-05-11,C101048,Multan,Online,Dresses,Wrap Dress,1,3880,2320,15,COD,No
703374,2024-06-20,C101617,Islamabad,Store,Accessories,Tote Bag,1,1680,990,10,COD,No
704588,2025-06-27,C100957,Islamabad,Online,Jeans,Straight Leg Jeans,1,3040,1920,0,Card,No
700977,2023-10-10,C101444,LAHORE,Online,T-Shirts,Oversized Tee,2,1880,870,0,COD,No
704914,2023-10-29,C100894,Faisalabad,Online,Accessories,Leather Belt,1,1150,740,15,Wallet,No
701698,2025-06-01,C101241,Karachi,Online,Dresses,Maxi Dress,2,4830,2320,0,Card,No
705175,2025-06-05,C100181,Peshawar,Online,Dresses,Wrap Dress,2,3870,2270,0,Card,No
702603,2025-05-07,C101868,Islamabad,Online,Accessories,Sunglasses,1,2160,1200,15,Wallet,No
701005,2023-11-07,C101212,Islamabad,Store,Accessories,Tote Bag,2,1700,860,10,Card,No
704725,2023-10-03,C100746,Karachi,Store,Jackets,Bomber Jacket,1,5160,3270,0,Card,No
703289,2023-10-09,C100040,Karachi,Online,Jeans,Slim Fit Jeans,1,3610,1990,0,Card,No
703882,2023-08-20,C100100,Peshawar,Store,Kurtas,Printed Kurta,1,2490,1490,0,Card,No
704427,2023-10-17,C101941,,Store,Shoes,Boots,2,6650,3510,0,Bank Transfer,Yes
702634,2023-11-22,C100138,Faisalabad,Online,TSHIRTS,Oversized Tee,1,1770,1110,0,COD,No
701594,2025-04-27,C101369,Karachi,Online,T-Shirts,Classic Cotton Tee,1,1170,750,10,Card,No
700332,2024-12-29,C101615,Lahore,Online,T-Shirts,Classic Cotton Tee,1,1270,610,0,COD,No
704586,2025-04-24,C100340,Lahore,Online,Accessories,Sunglasses,1,2330,1380,15,COD,No
704853,2024-10-29,C101817,Karachi,Store,Dresses,Wrap Dress,3,3870,2190,0,Card,No
704686,2024-04-04,C100097,Lahore,Store,Shoes,Loafers,2,5420,2580,10,COD,No
705179,2024-07-15,C101316,Islamabad,Online,Kurtas,Printed Kurta,2,2490,1300,0,Card,No
704812,2024-01-29,C100748,Faisalabad,Store,Accessories,Leather Belt,1,1220,730,0,Card,No
704398,2024-01-13,C101239,Lahore,Store,Shoes,Sandals,1,2850,1460,0,Card,No
703101,2025-06-22,C101445,Islamabad,Online,Shoes,Loafers,1,5080,2850,0,Bank Transfer,No
701766,2025-03-31,C100101,Rawalpindi,Online,Shoes,Boots,1,6660,4240,15,Card,Yes
702266,2024-06-05,C101369,Karachi,Online,Kurtas,Printed Kurta,1,2520,1260,0,COD,No
702282,2024-08-24,C100644,Islamabad,Online,Jackets,Denim Jacket,1,5270,3290,0,Card,No
700780,2023-10-07,C101957,Lahore,Store,T-Shirts,Polo Shirt,2,2340,1340,0,Card,No
704244,2024-11-12,C101784,Lahore,Online,Jeans,Straight Leg Jeans,1,3090,1700,15,Bank Transfer,No
700102,2024-04-30,C101381,Lahore,Store,T-Shirts,Polo Shirt,3,2350,1300,10,Wallet,No
700404,2023-10-20,C100170,Karachi,Store,T-Shirts,Polo Shirt,2,2230,1380,0,COD,Yes
703999,2023-07-21,C100663,Lahore,Online,Shoes,Boots,3,6200,3100,0,COD,No
705012,2024-09-09,C101755,Islamabad,Online,Kurtas,Festive Kurta,2,4140,2390,0,COD,No
700038,2023-07-17,C102017,Lahore,Online,T-Shirts,Oversized Tee,3,1880,1130,0,Wallet,No
702286,2024-04-05,C102001,Karachi,Store,Dresses,Wrap Dress,1,4270,2760,0,Bank Transfer,No
703913,2023-09-09,C100935,Lahore,Store,Dresses,Bodycon Dress,1,3660,2090,0,COD,No
702814,2024-07-04,C100160,Lahore,Online,Dresses,Wrap Dress,3,4260,2240,15,COD,No
703305,2025-03-17,C101815,Islamabad,Store,Jackets,Hooded Jacket,2,4860,2830,0,COD,No
704376,2024-10-13,C100763,Lahore,Store,Dresses,Maxi Dress,3,4800,2750,0,Card,No
704609,2025-01-21,C100539,Multan,Online,Kurtas,Festive Kurta,2,4350,2680,0,COD,No
702104,2023-12-20,C100956,Faisalabad,Store,Accessories,Baseball Cap,2,900,470,30,COD,No
702932,2025-03-11,C101973,Karachi,Online,Shoes,Sandals,1,2670,1670,0,Wallet,No
702183,2023-09-27,C100198,Lahore,Online,Kurtas,Printed Kurta,1,2330,1490,0,Card,No
704182,2025-04-28,C100013,Multan,Store,Accessories,Tote Bag,3,1610,750,15,Wallet,No
702821,2024-03-02,C101891,Faisalabad,Store,Shoes,Loafers,1,5380,2720,10,Wallet,No
702905,2024-05-27,C101482,Islamabad,Store,Kurtas,Printed Kurta,2,2510,1600,10,Card,No
704813,2024-02-06,C100553,Peshawar,Online,T-Shirts,Classic Cotton Tee,3,1240,650,0,COD,No
702478,2024-12-10,C101800,Islamabad,Store,Jeans,High-Waist Jeans,1,4530,2840,15,Wallet,No
704271,2024-11-07,C101946,Lahore,Online,Dresses,Summer Floral Dress,1,3200,1940,10,COD,No
704764,2025-01-31,C101302,Faisalabad,Online,T-Shirts,Polo Shirt,1,2150,1350,0,Card,No
703106,2024-09-01,C101260,,Store,Dresses,Maxi Dress,2,4340,2350,0,Card,No
704829,2025-06-05,C100444,Karachi,Online,Jeans,Ripped Jeans,1,4010,1810,0,Card,No
704136,2024-06-01,C100277,Islamabad,Online,T-Shirts,Oversized Tee,1,1790,900,0,Bank Transfer,No
704108,2024-06-03,C101527,Karachi,Online,T-Shirts,Classic Cotton Tee,1,1140,560,0,COD,No
700033,2025-05-29,C100804,Lahore,Online,Dresses,Maxi Dress,3,4660,2660,15,Card,Yes
701979,2024-11-16,C100811,Lahore,Online,Jackets,Puffer Jacket,1,6920,3890,20,COD,No
703793,2025-01-26,C101994,Karachi,Online,Shoes,Sandals,2,2690,1640,10,Card,No
704064,2024-12-31,C100033,Karachi,Online,Jeans,Straight Leg Jeans,3,3060,1450,25,COD,No
701114,2024-09-27,C102049,Karachi,Online,Shoes,Loafers,1,5470,2610,0,COD,No
700890,2025-01-13,C100918,Karachi,Online,T-Shirts,Oversized Tee,1,1850,960,0,COD,No
701208,2024-02-21,C101863,Islamabad,Online,Dresses,Wrap Dress,1,3940,2550,15,Wallet,Yes
700181,2023-12-30,C101941,Karachi,Store,Kurtas,Printed Kurta,2,2290,1420,0,Bank Transfer,No
704926,2023-09-04,C101829,Karachi,Store,Shoes,Sandals,1,2770,1450,0,COD,No
705124,2023-08-11,C100992,Faisalabad,Store,Kurtas,Embroidered Kurta,1,2970,1740,10,Bank Transfer,No
701119,2023-07-31,C101731,Lahore,Store,Tshirts,Graphic Print Tee,3,1600,830,10,Bank Transfer,No
704689,2024-05-08,C100298,Faisalabad,Online,Dresses,Bodycon Dress,1,3990,2430,0,Bank Transfer,No
700652,2025-04-02,C102065,Peshawar,Online,T-Shirts,Polo Shirt,1,2360,1390,10,Card,No
700724,2025-05-02,C101480,Karachi,Online,Dresses,Maxi Dress,3,4510,2340,20,Bank Transfer,No
701348,2024-04-12,C101229,Lahore,Online,Shoes,Loafers,1,5200,3180,20,Bank Transfer,No
704964,2024-10-03,C101995,Faisalabad,Store,Jeans,Slim Fit Jeans,1,3600,2240,0,Wallet,No
700565,2024-08-07,C101865,Multan,Store,Kurtas,Printed Kurta,1,2330,1480,0,Card,No
705103,2023-12-14,C100584,Peshawar,Online,Kurtas,Printed Kurta,2,2290,1260,30,COD,No
701153,2024-01-17,C102044,Sialkot,Online,Jeans,Slim Fit Jeans,1,3490,2180,0,COD,No
703929,2023-10-28,C101781,Faisalabad,Online,Shoes,Sneakers,3,4710,2830,0,Card,Yes
701390,2025-01-15,C101534,Lahore,Online,Jackets,Hooded Jacket,1,5160,2610,0,Card,No
705101,2023-09-29,C100314,karachi,Store,Accessories,Baseball Cap,1,900,550,0,COD,No
703317,2023-09-01,C100342,,Store,T-Shirts,Oversized Tee,3,1920,940,0,Bank Transfer,No
704467,2024-12-16,C101516,Lahore,Online,Jackets,Hooded Jacket,2,4600,2380,15,COD,No
703591,2024-01-18,C100080,rawalpindi,Online,Jackets,Bomber Jacket,1,5600,2710,0,Card,No
704601,2023-07-19,C100088,Lahore,Online,Kurtas,Festive Kurta,1,4370,2660,15,COD,No
703279,2024-04-29,C100597,Islamabad,Online,T-Shirts,Oversized Tee,1,1840,1030,0,COD,No
702944,2025-06-12,C100094,Karachi,Store,T-Shirts,Classic Cotton Tee,1,1230,770,0,COD,Yes
702030,2025-06-02,C100418,Lahore,Store,Kurtas,Embroidered Kurta,2,2930,1650,0,COD,No
700279,2023-12-12,C101952,Faisalabad,Store,kurtas,Printed Kurta,1,2540,1360,15,Wallet,No
703100,2024-08-21,C100243,Islamabad,Online,Kurtas,Festive Kurta,1,4390,2250,0,COD,No
701259,2024-08-03,C102129,Lahore,Store,Shoes,Sneakers,2,4630,2800,0,Card,No
703926,2024-08-23,C101455,Lahore,Store,Kurtas,Embroidered Kurta,2,2990,1590,0,Wallet,No
703217,2024-12-15,C101189,Rawalpindi,Online,Jackets,Hooded Jacket,1,4680,2970,15,COD,Yes
702063,2025-04-05,C100669,Karachi,Store,Accessories,Baseball Cap,2,930,460,10,Bank Transfer,Yes
702327,2023-10-18,C100738,KARACHI,Store,Shoes,Loafers,1,5170,2730,0,COD,No
702521,2023-10-30,C100234,Peshawar,Online,T-Shirts,Polo Shirt,3,2300,1430,0,COD,Yes
700359,2023-09-04,C100573,Faisalabad,Store,Kurtas,Festive Kurta,2,4490,2790,0,COD,No
700107,2024-03-19,C102083,Lahore,Online,Jackets,Denim Jacket,1,5510,2630,0,Card,No
704775,2023-08-08,C100412,Lahore,Online,T-Shirts,Classic Cotton Tee,2,1170,660,0,Card,No
701948,2025-01-25,C101923,Karachi,Online,Shoes,Sneakers,1,4280,1980,0,COD,No
702670,2025-02-17,C100176,Karachi,Store,Jackets,Puffer Jacket,1,7000,3180,0,Wallet,No
700395,2024-01-07,C100496,Karachi,Online,Jackets,Puffer Jacket,1,6980,4190,10,Card,No
700291,2024-07-05,C101985,Peshawar,Online,Kurtas,Printed Kurta,1,2400,1450,0,COD,No
702676,2024-05-30,C101085,Faisalabad,Online,Shoes,Sandals,3,2840,1650,20,Wallet,No
702461,2023-08-26,C101795,Karachi,Online,T-Shirts,Graphic Print Tee,1,1530,870,0,Card,No
704456,2025-02-23,C100157,Rawalpindi,Online,Jackets,Bomber Jacket,2,5220,2710,0,COD,No
703969,2023-09-25,C101780,Lahore,Online,Jeans,Ripped Jeans,1,4030,2220,0,Card,No
701830,2023-08-05,C101842,Lahore,Online,Dresses,Bodycon Dress,2,3670,2340,10,COD,No
702166,2025-06-04,C100273,Islamabad,Online,Accessories,Tote Bag,3,1670,900,0,COD,No
704216,2024-01-21,C101242,Karachi,Online,Dresses,Maxi Dress,2,4440,2080,0,Card,No
702931,2023-07-18,C100276,Karachi,Online,Dresses,Summer Floral Dress  ,1,3440,2230,0,COD,No
701868,2023-11-09,C102095,Karachi,Online,T-Shirts,Graphic Print Tee,2,1570,750,0,Wallet,No
701180,2024-03-22,C100322,Karachi,Online,T-Shirts,Classic Cotton Tee,3,1190,620,0,Card,No
702520,2023-12-31,C100381,Peshawar,Online,Dresses,Wrap Dress,2,4130,2190,0,Card,No
700968,2023-11-06,C100756,Karachi,Online,Accessories,Baseball Cap,1,920,500,20,Bank Transfer,No
704760,2024-10-17,C100531,Rawalpindi,Online,Jeans,Straight Leg Jeans,2,3050,1500,0,Bank Transfer,No
702556,2025-03-12,C101378,Islamabad,Store,Kurtas,Printed Kurta,1,2390,1370,0,Bank Transfer,Yes
702431,2024-05-29,C101601,Lahore,Online,Dresses,Bodycon Dress,1,3910,2110,15,COD,No
700359,2023-09-04,C100573,Faisalabad,Store,Dresses,Summer Floral Dress,1,3360,1860,0,COD,Yes
704840,2023-11-15,C100722,Lahore,Online,Kurtas,Printed Kurta,1,2340,1410,20,,No
700745,2024-05-17,C100194,Lahore,Store,Accessories,Leather Belt,2,1190,660,20,Card,No
701882,2023-12-27,C100571,Multan,Store,Jackets,Bomber Jacket,3,5340,3430,15,COD,No
705121,2024-09-21,C101978,Faisalabad,Online,Kurtas,Embroidered Kurta,2,2910,1470,15,Card,No
705070,2024-03-04,C100448,Lahore,Online,Jeans,Ripped Jeans,1,3770,1760,0,Card,No
702053,2025-03-13,C102132,Sialkot,Store,T-Shirts,Classic Cotton Tee,2,1210,740,0,COD,Yes
702538,2025-01-09,C101114,Sialkot,Store,Dresses,Wrap Dress,1,3850,1770,0,COD,No
702511,2023-07-31,C101085,Faisalabad,Store,Shoes,Boots,1,6240,3880,10,Wallet,No
703854,2024-07-19,C101982,Multan,Store,Shoes,Sneakers,1,4590,2880,0,COD,No
702276,2023-07-15,C100245,Multan,Store,Jeans,Straight Leg Jeans,2,3370,1850,0,COD,No
704348,2023-11-23,C100573,Faisalabad,Store,Kurtas,Cotton Kurta,3,2020,1260,15,COD,No
700901,2024-08-16,C102183,Lahore,Store,T-Shirts,Polo Shirt,3,2300,1210,0,COD,No
704778,2025-03-17,C101818,Karachi,Store,Jeans,High-Waist Jeans,2,4410,1980,0,COD,No
701894,2024-01-07,C102052,Karachi,Online,T-Shirts,Graphic Print Tee,1,1570,980,0,Wallet,No
701064,2023-12-28,C101618,Sialkot,Store,Shoes,Loafers,2,5530,2600,10,Card,No
700236,2024-11-18,C100711,Rawalpindi,Store,Accessories,Leather Belt,2,1140,520,20,COD,No
702483,2025-05-30,C101866,Peshawar,Online,T-Shirts,Polo Shirt,3,2230,1110,0,,No
701313,2024-09-10,C100467,Sialkot,Store,Shoes,Loafers,3,5060,2980,10,Wallet,No
700463,2025-05-29,C100698,Rawalpindi,Store,Jeans,High-Waist Jeans,1,4410,2850,15,Card,No
702519,2024-07-27,C100993,,Store,Dresses,Wrap Dress,2,3850,2440,0,Card,No
701699,2025-06-04,C100819,Karachi,Store,T-Shirts,Graphic Print Tee,2,1430,910,15,COD,No
703723,2024-08-31,C100430,Peshawar,Store,Kurtas,Printed Kurta,1,2530,1270,0,Card,No
704532,2023-12-26,C100439,Islamabad,Online,Dresses,Bodycon Dress,3,3640,2030,0,Card,No
701952,2023-08-05,C102148,Faisalabad,Online,Kurtas,Embroidered Kurta,3,2670,1670,0,COD,No
701202,2023-09-17,C101190,KARACHI,Store,Shoes,Loafers,1,5500,2820,0,COD,No
700640,2025-04-20,C100520,Multan,Store,Kurtas,Cotton Kurta,1,1850,890,15,Card,Yes
700490,2024-01-07,C100880,Karachi,Online,kurtas,Festive Kurta,2,4040,2190,10,Card,No
703336,2024-10-08,C100863,Islamabad,Store,Jeans,Straight Leg Jeans,1,3420,1580,15,Card,No
700418,2023-09-22,C100302,Islamabad,Online,Jeans,Slim Fit Jeans,1,3620,1850,0,COD,No
700484,2024-12-22,C100710,Sialkot,Online,Dresses,Bodycon Dress,3,3810,2470,25,Bank Transfer,No
701346,2024-03-17,C101426,Lahore,Store,dresses,Bodycon Dress,1,3650,2140,0,COD,No
702861,2023-12-29,C100435,Lahore,Store,Shoes,Boots,1,7000,4410,0,COD,No
703853,2025-02-18,C100414,Lahore,Store,DRESSES,Maxi Dress,1,4280,2280,10,COD,No
703660,2024-10-29,C101002,Lahore,Store,Jackets,Bomber Jacket,1,5370,3130,10,Card,No
704689,2024-05-08,C100298,Faisalabad,Online,Kurtas,Printed Kurta,3,2330,1490,20,Bank Transfer,No
704727,2024-08-06,C101868,Islamabad,Online,Kurtas,Embroidered Kurta,1,2860,1650,0,COD,No
702719,2025-05-06,C102083,Lahore,Store,Accessories,Tote Bag,2,1580,780,20,Wallet,No
701035,2023-10-04,C101222,Peshawar,Store,Shoes,Boots,1,6830,3960,0,COD,No
703223,2024-11-30,C100403,Lahore,Online,jackets,Hooded Jacket,1,4810,3020,0,Wallet,No
703602,2024-05-08,C101990,Lahore,Store,Dresses,Bodycon Dress,1,3760,2340,10,COD,No
700549,2023-08-07,C101650,Karachi,Online,Jeans,Slim Fit Jeans,1,3380,1710,10,COD,No
701521,2024-04-04,C100614,Karachi,Online,Accessories,Leather Belt,2,1280,760,10,Wallet,No
700512,2024-08-15,C100936,Sialkot,Store,Dresses,Bodycon Dress,1,3960,2250,10,COD,No
700794,2024-02-10,C101195,Lahore,Store,Accessories,Sunglasses,1,2270,1440,0,Card,No
701947,2023-10-08,C101957,Lahore,Online,Accessories,Baseball Cap,1,920,460,10,COD,No
701538,2024-03-02,C101545,Karachi,Online,Kurtas,Cotton Kurta,2,1840,1000,0,Card,Yes
702030,2025-06-02,C100418,LAHORE,Store,DRESSES,Bodycon Dress,1,3730,2010,0,COD,No
700441,2024-04-07,C101279,Islamabad,Online,Dresses,Wrap Dress,2,4110,2660,0,COD,No
703560,2025-04-09,C101137,Karachi,Online,T-Shirts,Classic Cotton Tee  ,3,1290,790,0,COD,Yes
702647,2025-02-24,C100065,Islamabad,Store,T-Shirts,Graphic Print Tee,3,1610,840,15,Card,No
702637,2024-09-30,C100645,Multan,Online,Shoes,Sneakers,2,4460,2180,0,Card,No
705092,2025-04-28,C100107,Karachi,Online,Jeans,Ripped Jeans,1,3870,1930,10,,No
704440,2024-01-16,C101078,Islamabad,Online,Jeans,High-Waist Jeans,3,4500,2920,0,Wallet,No
700647,2024-06-02,C100832,Karachi,Online,T-Shirts,Graphic Print Tee,2,1520,900,15,Card,Yes
701402,2024-08-07,C101007,Karachi,Online,T-Shirts,Classic Cotton Tee,1,1300,640,0,COD,No
703544,2023-11-07,C100302,Islamabad,Online,Jeans,Ripped Jeans,1,4100,2320,15,Card,No
704937,2024-10-25,C100571,Multan,Store,Shoes,Loafers,1,5520,3420,15,COD,Yes
704859,2023-09-19,C101797,,Online,Accessories,Baseball Cap,1,930,420,0,COD,No
704108,2024-06-03,C101527,Karachi,Online,Dresses,Maxi Dress,1,4770,2690,0,COD,No
701013,2024-08-14,C101478,Karachi,Online,Kurtas,Embroidered Kurta,1,2790,1810,0,COD,No
701453,2024-04-16,C101472,Lahore,Online,Jeans,Ripped Jeans,3,4070,1930,15,Wallet,No
702691,2025-02-10,C101072,Karachi,Online,T-Shirts,Classic Cotton Tee,1,1220,580,0,COD,No
701616,2025-05-14,C101586,Karachi,Online,Jeans,Slim Fit Jeans,3,3630,2350,10,Card,Yes
704662,2024-05-05,C102129,Lahore,Online,T-Shirts,Oversized Tee,1,1780,1060,0,Bank Transfer,No
701179,2025-05-31,C100743,Lahore,Online,T-Shirts,Polo Shirt,1,2130,1320,15,Card,No
700414,2024-12-09,C101760,Karachi,Online,Dresses,Bodycon Dress,1,3750,2000,25,COD,Yes
700424,2024-01-28,C100703,Multan,Online,T-Shirts,Graphic Print Tee,1,1570,740,0,COD,No
700425,2025-06-25,C101106,Lahore,Online,T-Shirts,Oversized Tee,1,1860,1160,0,COD,No
701271,2023-09-03,C101435,Sialkot,Store,Kurtas,Printed Kurta,1,2390,1090,0,Card,No
703408,2023-09-07,C101847,Rawalpindi,Online,Jeans,Straight Leg Jeans,2,3040,1910,0,Bank Transfer,No
705196,2023-11-26,C101571,Islamabad,Online,Shoes,Boots,2,6870,3700,0,Card,No
704298,2024-06-28,C101376,Rawalpindi,Online,Accessories,Baseball Cap,1,870,390,0,Card,No
702904,2023-09-07,C101426,Lahore,Online,Shoes,Loafers,1,5220,3120,0,COD,No
704213,2024-06-23,C100835,Islamabad,Online,Shoes,Boots,1,6220,3770,10,Card,No
703431,2025-06-10,C100414,Lahore,Online,Jeans,High-Waist Jeans,1,4280,2630,15,Card,No
700124,2024-05-24,C101845,Islamabad,Online,Accessories,Sunglasses,2,2320,1370,0,Wallet,No
702498,2024-07-25,C100659,,Online,Accessories,Sunglasses,1,2340,1220,0,Card,No
701480,2023-10-04,C101715,Faisalabad,Online,Jeans,Straight Leg Jeans,1,3070,1550,15,COD,No
702119,2025-02-27,C100731,Lahore,Online,Accessories,Leather Belt,1,1240,600,15,Card,No
701658,2024-12-04,C101931,Islamabad,Store,Dresses,Bodycon Dress,2,3960,2210,0,Wallet,No
703090,2024-09-26,C101162,Multan,Store,Jeans,Straight Leg Jeans,1,3290,2130,0,Card,No
700853,2023-11-10,C101723,Islamabad,Store,Jackets,Denim Jacket,1,5250,2460,0,COD,No
702090,2025-01-31,C101958,Multan,Store,Jackets,Denim Jacket,1,5230,3320,15,COD,No
704863,2025-06-10,C100632,Lahore,Online,Dresses,Maxi Dress,1,4390,2810,10,Card,Yes
703850,2023-12-29,C100766,Lahore,Online,Jackets,Puffer Jacket,1,7100,4420,25,Wallet,No
703919,2023-10-27,C100253,Lahore,Online,T-Shirts,Oversized Tee,3,1830,1040,0,Card,No
700137,2024-11-19,C100528,Faisalabad,Online,Shoes,Boots,2,6300,3290,0,Wallet,Yes
704996,2025-06-14,C100388,Lahore,Online,T-Shirts,Graphic Print Tee  ,1,1620,930,0,Card,No
702489,2025-01-24,C100623,Karachi,Online,Jackets,Hooded Jacket,2,4660,2720,0,COD,No
701647,2023-11-08,C100417,Faisalabad,Online,Shoes,Loafers,3,5610,3280,20,Wallet,No
701610,2025-02-08,C101968,Karachi,Online,T-Shirts,Polo Shirt,3,2160,1320,0,Wallet,No
700576,2024-08-18,C101742,Lahore,Store,Kurtas,Printed Kurta,1,2300,1310,0,COD,No
703957,2024-02-01,C102140,Peshawar,Online,Dresses,Maxi Dress,1,4730,2560,0,Card,No
704438,2023-07-08,C100298,Faisalabad,Online,t-shirts,Classic Cotton Tee,1,1220,700,0,Card,No
703448,2024-03-07,C102176,Karachi,Store,Jeans,Slim Fit Jeans,1,3630,2060,0,Card,No
703241,2025-04-16,C102193,Lahore,Online,Shoes,Sneakers,2,4480,2120,15,COD,No
701318,2025-05-23,C101212,Islamabad,Store,T-Shirts,Polo Shirt,1,2220,1420,0,COD,No
700998,2024-12-27,C100407,Multan,Online,Accessories,Baseball Cap,1,870,560,30,COD,No
701771,2024-04-24,C101220,Lahore,Online,T-Shirts,Oversized Tee,1,1760,1140,10,COD,No
700721,2025-06-18,C100950,Islamabad,Online,Accessories,Tote Bag,2,1550,860,0,Card,No
704759,2024-07-24,C101770,Islamabad,Online,Accessories,Tote Bag,1,1710,790,10,COD,No
702764,2024-11-04,C101213,Karachi,Online,Shoes,Sandals,2,2920,1530,0,COD,No
702005,2024-01-02,C100191,Lahore,Store,JEANS,High-Waist Jeans,3,4340,2200,15,Card,No
701610,2025-02-08,C101968,Karachi,Online,T-Shirts,Oversized Tee,1,1740,1070,0,Wallet,No
702997,2024-08-18,C100357,Faisalabad,Online,Accessories,Baseball Cap,3,950,570,0,Card,No
700821,2024-04-24,C102082,Rawalpindi,Online,T-Shirts,Polo Shirt,1,2130,1120,15,Card,No
702664,2023-10-26,C101113,Peshawar,Online,Jeans,Ripped Jeans,3,3770,2110,0,Card,No
703718,2023-10-27,C101978,Faisalabad,Online,T-Shirts,Graphic Print Tee,3,1430,820,10,Bank Transfer,No
703261,2023-12-15,C101445,Islamabad,Online,Jeans,Straight Leg Jeans,1,3120,1790,10,Card,No
701642,2023-10-26,C101216,Karachi,Online,Shoes,Sandals,1,3010,1480,0,COD,No
704245,2023-07-25,C101865,Multan,Online,Jeans,Straight Leg Jeans,2,3220,1590,0,Wallet,No
703414,2024-06-28,C100911,Multan,Online,T-Shirts,Oversized Tee,1,1810,830,10,Wallet,No
704552,2025-01-30,C100638,Faisalabad,Store,Kurtas,Festive Kurta,1,4110,1860,0,COD,No
704099,2025-04-14,C101016,Rawalpindi,Online,T-Shirts,Polo Shirt,2,2180,1060,15,COD,No
702277,2025-01-20,C100732,LAHORE,Online,Shoes,Sneakers,1,4400,2050,0,COD,No
701622,2023-10-07,C100011,Peshawar,Store,Jackets,Hooded Jacket,3,5080,3010,0,COD,No
700621,2023-08-08,C100311,Karachi,Store,T-Shirts,Oversized Tee,2,1760,980,0,Wallet,No
702135,2024-10-18,C100863,Islamabad,Store,Shoes,Loafers,1,5150,3310,0,COD,No
702626,2025-01-09,C100369,Peshawar,Online,Jackets,Puffer Jacket,2,6530,3160,0,Card,No
703237,2025-02-24,C101851,,Store,Dresses,Maxi Dress,1,4850,2420,0,COD,Yes
700669,2024-10-19,C100973,Peshawar,Store,Accessories,Baseball Cap,3,940,570,0,COD,No
701427,2025-01-04,C100616,Faisalabad,Online,Kurtas,Printed Kurta,1,2320,1060,0,Card,No
700690,2024-10-25,C101074,Multan,Store,Jackets,Puffer Jacket,2,6760,3750,15,COD,No
704036,2024-05-22,C102151,Lahore,Online,Kurtas,Embroidered Kurta,2,2970,1540,15,COD,No
702302,2024-02-11,C100269,Lahore,Store,Shoes,Sandals,1,2840,1830,10,COD,No
702678,2025-02-24,C100924,Lahore,Online,T-Shirts,Oversized Tee,1,1910,890,0,Bank Transfer,No
704723,2025-06-13,C102056,Sialkot,Online,Shoes,Loafers,3,5200,3110,0,Bank Transfer,No
702308,2023-11-13,C100431,Faisalabad,Online,Accessories,Sunglasses  ,2,2360,1250,20,Card,No
701073,2024-10-29,C101311,Peshawar,Online,T-Shirts,Graphic Print Tee,1,1530,750,0,COD,No
702258,2024-10-06,C101940,Lahore,Online,Jackets,Bomber Jacket,1,5340,2850,15,COD,No
704025,2024-12-01,C101489,Karachi,Store,Shoes,Boots,2,6540,3720,15,COD,No
703264,2024-08-31,C101997,Karachi,Online,Accessories,Leather Belt,2,1220,610,0,COD,No
703020,2023-11-24,C101652,Lahore,Online,Shoes,Boots,1,6460,4020,10,COD,No
703713,2025-06-22,C101628,Lahore,Store,Shoes,Sneakers,3,4350,1990,0,Card,No
703285,2023-08-31,C101689,Karachi,Store,Kurtas,Festive Kurta,1,4060,2100,0,COD,No
703486,2024-10-15,C100715,Lahore,Online,Shoes,Sneakers,1,4830,2810,15,Card,No
700049,2023-10-27,C101596,Lahore,Online,T-Shirts,Graphic Print Tee,1,1470,930,10,Card,No
702336,2024-03-06,C102118,Lahore,Store,Shoes,Boots,1,6270,2980,10,COD,No
700536,2023-09-22,C101776,Rawalpindi,Online,Dresses,Maxi Dress,1,4770,3060,0,Card,No
703707,2024-05-11,C102078,Karachi,Online,Accessories,Tote Bag,3,1540,930,0,Wallet,No
704800,2025-04-13,C102025,Karachi,Store,accessories,Tote Bag,1,1700,1050,20,COD,No
704968,2024-09-06,C102042,Islamabad,Store,Dresses,Bodycon Dress,1,3700,1780,0,Card,No
703094,2024-12-10,C101260,Lahore,Online,Jackets,Bomber Jacket,1,5480,2850,15,Card,No
700187,2024-08-30,C100010,Karachi,Online,Kurtas,Embroidered Kurta,1,2960,1750,0,COD,No
704607,2024-08-26,C101705,Sialkot,Online,T-Shirts,Polo Shirt,-2,2100,1230,0,Card,No
702336,2024-03-06,C102118,LAHORE,Store,Kurtas,Festive Kurta,2,4350,2030,15,COD,No
700129,2023-12-28,C101556,Peshawar,Store,Shoes,Boots,1,6980,3870,0,COD,No
704754,2024-03-25,C100792,Karachi,Online,Shoes,Boots,1,6760,4010,0,Bank Transfer,No
700503,2025-06-03,C101137,Karachi,Store,Jeans,High-Waist Jeans,1,4530,2860,0,COD,No
700817,2024-10-26,C102048,Lahore,Online,Jeans,Slim Fit Jeans,3,3330,1580,0,Wallet,Yes
705124,2023-08-11,C100992,Faisalabad,Store,Jeans,Straight Leg Jeans,2,3380,2040,0,Bank Transfer,No
702129,2024-01-01,C100745,Karachi,Store,Kurtas,Cotton Kurta,1,1870,1200,15,Bank Transfer,No
701172,2024-04-14,C101742,Lahore,Store,T-Shirts,Oversized Tee,1,1800,930,10,Bank Transfer,No
704343,2023-10-13,C100848,Lahore,Online,T-Shirts,Oversized Tee,2,1760,1060,0,Bank Transfer,No
703534,2024-09-23,C100005,Sialkot,Store,T-Shirts,Oversized Tee,1,1710,950,10,Bank Transfer,No
700942,2024-08-03,C101647,Faisalabad,Online,Jeans,High-Waist Jeans,1,4430,2100,0,Card,No
700375,2023-07-14,C100087,Karachi,Store,Accessories,Leather Belt,1,1200,760,10,COD,No
701256,2024-07-27,C100731,Lahore,Online,T-Shirts,Classic Cotton Tee,2,1150,670,0,Wallet,No
704111,2024-01-01,C100673,Rawalpindi,Store,Accessories,Baseball Cap,3,890,510,10,COD,No
704915,2025-02-16,C101968,Karachi,Online,accessories,Tote Bag,1,1680,870,0,Card,No
701565,2025-05-30,C101229,Lahore,Store,Dresses,Bodycon Dress,3,3660,2360,10,Card,No
700975,2024-02-04,C101759,Peshawar,Store,Kurtas,Embroidered Kurta,3,2910,1320,15,COD,No
700269,2024-12-29,C102119,Lahore,Store,Kurtas,Embroidered Kurta,1,2850,1830,30,Card,No
700948,2023-09-01,C100186,Karachi,Online,Jackets,Puffer Jacket,2,7290,4630,0,Card,Yes
702382,2025-05-31,C101607,Karachi,Online,Kurtas,Cotton Kurta,3,1990,1220,20,COD,No
701449,2025-01-18,C101361,Karachi,Online,Dresses,Bodycon Dress,1,4050,2230,0,COD,No
700765,2025-04-04,C101724,Karachi,Online,kurtas,Embroidered Kurta,2,2830,1520,15,Bank Transfer,No
702416,2023-09-04,C100386,Rawalpindi,Online,Jeans,High-Waist Jeans,1,4260,2750,0,COD,Yes
702755,2024-03-01,C100436,Lahore,Online,Dresses,Wrap Dress,1,4230,2590,0,COD,No
703689,2023-08-16,C101853,Faisalabad,Online,Dresses,Summer Floral Dress,2,3430,1780,0,Wallet,No
701251,2024-03-17,C100066,Islamabad,Store,Dresses,Summer Floral Dress,2,3450,1720,0,Wallet,Yes
702350,2023-11-18,C101847,Rawalpindi,Online,Kurtas,Printed Kurta,1,2420,1250,30,COD,No
702052,2023-11-28,C101556,peshawar,Online,Dresses,Bodycon Dress,1,3960,2170,0,Wallet,No
700137,2024-11-19,C100528,Faisalabad,Online,T-Shirts,Graphic Print Tee,1,1520,780,0,Wallet,Yes
704019,2025-05-11,C100804,Lahore,Store,Shoes,Boots,1,6740,3370,0,COD,No
702230,2025-02-02,C100877,Karachi,Online,Shoes,Boots,1,6570,4220,0,Card,Yes
702123,2024-09-13,C101598,Faisalabad,Store,T-Shirts,Graphic Print Tee,1,1620,860,0,Card,No
701700,2024-08-31,C101162,Multan,Online,Shoes,Sandals,2,2700,1670,0,Wallet,No
705128,2024-05-10,C100100,Peshawar,Store,Kurtas,Festive Kurta,1,4140,2020,15,COD,No
704640,2024-08-27,C101908,Faisalabad,Online,Kurtas,Cotton Kurta,2,1990,970,0,COD,No
703827,2023-10-17,C101400,Karachi,Online,T-Shirts,Polo Shirt,3,2280,1380,15,Card,No
703309,2024-09-26,C100624,Sialkot,Online,Kurtas,Festive Kurta,3,4180,2010,0,Card,No
702477,2023-07-27,C102068,Lahore,Online,T-Shirts,Oversized Tee,1,1760,910,0,COD,No
700731,2024-10-13,C101891,Faisalabad,Store,Jeans,Straight Leg Jeans,3,3430,2120,15,COD,No
701905,2024-03-20,C101220,Lahore,Store,Shoes,Sneakers,1,4570,2200,0,Card,No
704975,2024-07-26,C102073,Multan,Online,Dresses,Summer Floral Dress,2,3410,1900,10,Card,No
704183,2025-02-22,C100234,Peshawar,Online,kurtas,Festive Kurta,1,4030,2360,0,Card,No
704055,2024-07-18,C101051,Lahore,Online,Accessories,Tote Bag,2,1680,1080,0,Wallet,No
703911,2024-02-29,C101190,Karachi,Online,Jeans,High-Waist Jeans,1,4140,2160,0,Card,No
700281,2025-06-29,C101142,Multan,Online,Accessories,Baseball Cap,3,860,530,10,COD,No
703406,2025-03-12,C101290,KARACHI,Online,jeans,Ripped Jeans,2,3830,2390,0,Wallet,No
704647,2024-12-14,C101891,Faisalabad,Store,Dresses,Summer Floral Dress,1,3130,1900,0,Card,No
700638,2024-12-08,C100888,lahore,Online,Jeans,High-Waist Jeans,2,4420,2520,0,Card,No
702848,2024-05-21,C100544,Lahore,Online,Kurtas,Festive Kurta,2,4400,2100,0,COD,No
702556,2025-03-12,C101378,,Store,Accessories,Baseball Cap,1,900,450,0,Bank Transfer,No
703857,2023-07-24,C100703,Multan,Online,Dresses,Summer Floral Dress,1,3380,1860,0,Card,No
704093,2024-07-22,C100677,Karachi,Online,Accessories,Baseball Cap,3,960,590,0,COD,No
702326,2024-11-28,C100746,Karachi,Online,Accessories,Leather Belt,2,1280,820,15,COD,No
704529,2024-01-03,C100902,Lahore,Online,Jeans,High-Waist Jeans,1,4110,2160,0,Card,Yes
700151,2024-11-29,C100329,Karachi,Online,T-Shirts,Graphic Print Tee,2,1560,940,0,Wallet,No
704211,2025-05-27,C101003,Lahore,Online,Kurtas,Cotton Kurta,1,1930,1010,10,Wallet,No
703712,2024-07-18,C101294,Karachi,Store,Shoes,Loafers,1,5320,3240,15,Wallet,Yes
700871,2024-04-03,C100762,Lahore,Online,T-Shirts,Oversized Tee,2,1850,1110,15,Wallet,No
703286,2023-11-06,C100652,Rawalpindi,Online,Jeans,Ripped Jeans,2,3810,2430,15,Card,No
701531,2024-03-01,C101561,Islamabad,Online,T-Shirts,Graphic Print Tee,2,1450,720,0,COD,No
701532,2023-11-26,C100706,Faisalabad,Online,Jeans,Slim Fit Jeans,2,3480,1700,0,Card,No
703853,2025-02-18,C100414,Lahore,Store,T-Shirts,Polo Shirt,1,2110,1080,0,COD,Yes
702172,2024-11-04,C101724,Karachi,Online,Dresses,Wrap Dress,1,4300,2480,0,Card,Yes
702886,2024-11-07,C100492,Rawalpindi,Online,Kurtas,Festive Kurta,1,4350,2680,15,Wallet,Yes
701415,2023-12-23,C101339,Karachi,Online,T-Shirts,Graphic Print Tee,1,1570,950,0,COD,No
703049,2024-12-20,C100707,Faisalabad,Online,Kurtas,Festive Kurta,1,4490,2520,0,COD,No
701080,2023-12-16,C101176,Karachi,Online,Kurtas,Embroidered Kurta,2,2720,1670,20,Card,No
704050,2023-12-18,C100870,Faisalabad,Store,Shoes,Sneakers,3,4320,2600,10,Wallet,No
700806,2024-11-08,C100006,FAISALABAD,Online,Kurtas,Printed Kurta,2,2400,1150,15,Wallet,No
703703,2024-06-25,C100666,Faisalabad,Store,Kurtas,Embroidered Kurta,1,2900,1730,10,Bank Transfer,No
702635,2023-10-14,C101765,Lahore,Store,DRESSES,Wrap Dress,2,4080,1960,0,Card,No
704971,2025-04-12,C101160,Lahore,Online,Jackets,Denim Jacket,1,5360,2760,15,COD,No
700581,2024-04-22,C102064,Karachi,Online,Shoes,Loafers,2,5250,3410,0,COD,No
701787,2025-04-24,C100821,Islamabad,Online,Kurtas,Embroidered Kurta,2,2800,1790,15,COD,No
701427,2025-01-04,C100616,Faisalabad,Online,Shoes,Loafers,1,5470,3390,15,Card,No
703122,2025-04-22,C101710,Faisalabad,Online,Dresses,Bodycon Dress,3,3720,2200,20,Bank Transfer,No
705084,2025-02-06,C101496,Multan,Online,Jackets,Puffer Jacket,1,6940,3910,0,Card,No
702143,2023-08-13,C100189,Karachi,Store,Kurtas,Embroidered Kurta,3,3010,1470,15,Card,No
700237,2024-05-23,C101867,Lahore,Online,Shoes,Loafers,3,5540,3030,15,COD,Yes
703220,2023-11-20,C100497,Islamabad,Store,Shoes,Boots,2,6940,3530,10,Card,No
702202,2024-01-24,C100071,Karachi,Store,Shoes,Sneakers,2,4700,2340,0,Card,No
701496,2023-10-28,C100194,Lahore,Online,Jeans,Ripped Jeans,2,3980,2330,0,Card,No
704556,2024-08-21,C101715,Faisalabad,Online,Kurtas,Printed Kurta,3,2520,1370,0,COD,No
702173,2023-10-01,C101730,Sialkot,Store,Kurtas,Cotton Kurta,3,1890,1010,0,Card,No
704989,2023-09-03,C101340,lahore,Store,Kurtas,Cotton Kurta,1,1980,1040,15,COD,No
702495,2024-06-05,C100489,Islamabad,Online,Kurtas,Cotton Kurta,2,1820,890,0,COD,No
703916,2024-08-28,C100658,Islamabad,Online,Kurtas,Festive Kurta,1,4450,2270,0,Bank Transfer,No
700275,2024-08-26,C101903,Lahore,Online,Kurtas,Cotton Kurta,1,1930,1180,0,Card,No
702110,2023-09-23,C100386,Rawalpindi,Online,T-Shirts,Graphic Print Tee,1,1430,840,0,Card,No
702599,2023-09-28,C101805,Rawalpindi,Online,Kurtas,Cotton Kurta,1,1850,1200,0,COD,No
700391,2023-10-28,C101390,Peshawar,Store,T-Shirts,Graphic Print Tee,1,1450,700,0,Bank Transfer,No
702663,2024-02-17,C101048,Multan,Online,Dresses,Wrap Dress,1,4100,2030,0,Card,No
704677,2025-02-03,C100270,Lahore,Store,Jeans,Straight Leg Jeans,1,3080,1820,10,COD,No
704860,2023-07-04,C100647,Islamabad,Store,Dresses,Summer Floral Dress,3,3190,1860,0,COD,No
702605,2024-10-08,C101492,Rawalpindi,Online,Dresses,Wrap Dress,3,4180,2320,0,COD,No
701083,2024-08-31,C100210,Rawalpindi,Online,T-Shirts,Polo Shirt,1,2360,1260,0,Card,Yes
703384,2023-11-01,C101062,Lahore,Online,Shoes,Loafers,1,5490,2820,10,Card,No
703233,2023-07-25,C100391,Lahore,Store,Kurtas,Cotton Kurta,3,1990,960,15,COD,No
704855,2024-07-02,C101821,Karachi,Store,Kurtas,Printed Kurta,1,2360,1240,0,COD,No
700164,2023-11-18,C102187,Islamabad,Store,Accessories,Baseball Cap,1,950,460,20,Wallet,No
703990,2024-02-28,C100809,Sialkot,Store,Kurtas,Printed Kurta,1,2450,1550,0,COD,No
701039,2025-02-07,C100889,Rawalpindi,Online,Accessories,Sunglasses,3,2240,1340,0,Wallet,No
704775,2023-08-08,C100412,Lahore,Online,shoes,Boots,1,6800,3840,15,Card,No
703372,2023-12-12,C100155,Rawalpindi,Online,Shoes,Sandals,3,2680,1710,25,COD,No
701176,2024-01-22,C101203,Rawalpindi,Online,T-Shirts,Polo Shirt,1,2150,1180,0,Bank Transfer,No
703835,2025-03-21,C100643,Lahore,Store,Dresses,Wrap Dress,1,3810,2200,10,Wallet,No
700785,2024-10-10,C101588,Karachi,Store,Shoes,Boots,1,6870,3340,15,Bank Transfer,No
704106,2024-05-22,C100254,Lahore,Online,Shoes,Sneakers,1,4470,2180,10,Card,No
702200,2023-11-23,C100100,Peshawar,Online,Jeans,Straight Leg Jeans,2,3110,1850,25,Card,No
701083,2024-08-31,C100210,Rawalpindi,Online,Shoes,Sneakers,1,4820,2670,10,Card,No
703770,2024-07-14,C100085,Lahore,Store,Jeans,Ripped Jeans,1,3780,1810,0,COD,No
704492,2025-04-04,C101850,Lahore,Online,Accessories,Baseball Cap,1,910,470,0,Card,No
702607,2024-02-26,C100156,,Online,Dresses,Summer Floral Dress,1,3340,2010,0,COD,Yes
703002,2024-07-07,C100824,Multan,Online,Kurtas,Festive Kurta,2,4450,2670,0,Card,No
703838,2023-07-11,C101588,Karachi,Online,Jeans,High-Waist Jeans,2,4070,2100,0,Card,No
703923,2024-01-12,C101226,Karachi,Store,Shoes,Sandals,1,2980,1570,0,COD,Yes
703143,2024-09-06,C100162,Lahore,Online,Shoes,Loafers,1,4960,2900,0,Card,Yes
701669,2023-09-10,C101644,Lahore,Online,Jeans,Slim Fit Jeans,1,3450,1750,10,Card,No
701920,2023-10-21,C102018,Islamabad,Store,T-Shirts,Polo Shirt,1,2290,1390,0,Wallet,No
703094,2024-12-10,C101260,Lahore,Online,Jackets,Puffer Jacket,1,6500,3290,10,Card,Yes
700142,2023-11-19,C100863,Islamabad,Online,Kurtas,Embroidered Kurta,1,2820,1720,25,Wallet,No
704423,2025-05-15,C101561,Islamabad,Online,Dresses,Summer Floral Dress,1,3060,1880,15,Card,No
704955,2024-04-04,C100701,Karachi,Store,Accessories,Tote Bag,1,1680,930,15,Card,No
703902,2024-09-29,C101400,Karachi,Store,Shoes,Sneakers,1,4760,2740,0,Card,No
702244,2025-02-21,C100088,Lahore,Store,Shoes,Boots,1,6850,4380,0,Card,No
703940,2024-06-25,C100729,ISLAMABAD,Online,Dresses,Bodycon Dress,1,3840,2380,0,COD,No
702933,2025-03-09,C100158,Rawalpindi,Online,T-Shirts,Polo Shirt,1,2190,1080,15,Wallet,No
700278,2024-12-30,C101817,Karachi,Store,T-Shirts,Oversized Tee,2,1890,890,15,COD,No
703641,2025-03-20,C102132,Sialkot,Online,Shoes,Loafers,2,5000,2540,0,Card,Yes
703790,2023-08-08,C101088,Karachi,Online,Shoes,Sneakers,1,4740,2150,0,Card,No
701884,2025-03-28,C101502,Karachi,Online,Dresses,Wrap Dress,3,4020,2390,0,COD,No
701087,2024-08-08,C101667,Lahore,Online,Kurtas,Embroidered Kurta,1,2810,1350,0,COD,No
704609,2025-01-21,C100539,Multan,Online,Jackets,Bomber Jacket,2,5360,2440,0,COD,No
702568,2024-07-11,C101891,Faisalabad,Online,T-Shirts,Classic Cotton Tee  ,1,1180,540,0,COD,Yes
701813,2023-11-09,C101073,Peshawar,Online,Jackets,Bomber Jacket,1,5500,2570,20,COD,No
702948,2024-12-20,C100091,Rawalpindi,Store,Accessories,Leather Belt,2,1180,730,20,Bank Transfer,No
701221,2025-01-13,C101922,Karachi,Online,Kurtas,Embroidered Kurta,2,2730,1310,0,Wallet,No
702897,2025-05-19,C101073,Peshawar,Online,Shoes,Loafers,2,5550,2940,0,COD,Yes
702289,2024-08-31,C100840,Lahore,Online,Kurtas,Printed Kurta,3,2580,1160,0,Card,No
704849,2024-08-14,C100439,Islamabad,Online,Dresses,Maxi Dress,2,4740,2530,0,COD,No
702633,2025-01-21,C101126,Islamabad,Online,Dresses,Wrap Dress,2,4280,2310,0,Bank Transfer,Yes
700859,2024-03-12,C101979,Lahore,Online,Shoes,Loafers,2,5100,3190,0,COD,No
704874,2024-07-22,C101340,Lahore,Online,Dresses,Maxi Dress,1,4740,2940,0,COD,No
704038,2024-03-26,C101299,,Online,shoes,Loafers,1,5520,3090,15,Bank Transfer,No
702235,2025-03-31,C101576,Faisalabad,Online,Jeans,Straight Leg Jeans,1,3110,1990,0,Card,No
702776,2024-04-07,C101167,Islamabad,Store,Shoes,Sneakers,1,4370,2200,10,Card,No
700119,2024-11-09,C100188,Faisalabad,Store,T-Shirts,Polo Shirt,1,2340,1350,20,Bank Transfer,No
701106,2024-02-28,C102082,Rawalpindi,Store,T-Shirts,Oversized Tee,3,1890,1030,0,COD,Yes
701290,2023-12-15,C100576,Peshawar,Online,Dresses,Maxi Dress,1,4360,2210,20,COD,No
701012,2024-02-14,C101921,Karachi,Online,Kurtas,Printed Kurta,2,2540,1480,0,COD,No
704691,2024-09-06,C101567,Lahore,Online,Kurtas,Cotton Kurta,1,1940,950,0,Bank Transfer,No
700458,2024-08-08,C101955,Sialkot,Store,Dresses,Summer Floral Dress,1,3330,1510,0,Card,No
700667,2024-01-24,C102187,,Store,Shoes,Sandals,1,2770,1530,0,COD,No
701340,2023-07-29,C101819,Islamabad,Store,Accessories,Leather Belt,1,1240,750,0,COD,No
701309,2025-04-21,C100257,Lahore,Online,Dresses,Maxi Dress,1,4430,2130,20,Bank Transfer,No
704429,2024-06-12,C101472,Lahore,Store,T-Shirts,Graphic Print Tee,2,1480,730,0,COD,No
703977,2024-05-27,C100809,Sialkot,Online,Accessories,Sunglasses,1,2270,1310,0,COD,No
702919,2025-02-25,C100860,Faisalabad,Store,Dresses,Summer Floral Dress,3,3150,1980,0,Card,No
701002,2024-07-21,C102175,Islamabad,Online,Shoes,Boots,1,6200,3170,0,COD,Yes
702518,2024-10-26,C101233,Rawalpindi,Store,Kurtas,Cotton Kurta,1,1950,1010,0,COD,No
703816,2025-05-01,C101229,Lahore,Store,Shoes,Boots,3,6600,3210,10,Card,No
701965,2024-06-09,C101269,Karachi,Online,Kurtas,Festive Kurta,2,4260,2260,0,Card,No
700665,2024-11-22,C100976,Karachi,Online,Kurtas,Printed Kurta,1,2420,1440,0,Card,No
703386,2024-09-14,C101316,Islamabad,Online,JEANS,High-Waist Jeans,3,4310,2610,0,COD,No
704058,2024-10-19,C101220,Lahore,Store,Jeans,Ripped Jeans,1,3770,1920,0,COD,No
704658,2025-01-28,C101643,Lahore,Store,SHOES,Loafers,1,5150,3320,0,Wallet,No
700147,2023-07-14,C101556,Peshawar,Online,Kurtas,Cotton Kurta,2,1950,1190,0,Card,No
702448,2024-04-16,C101198,Karachi,Store,Kurtas,Cotton Kurta,1,1830,1110,0,Card,No
702926,2023-07-11,C100641,Faisalabad,Online,Shoes,Boots,1,6470,3990,0,COD,No
702287,2023-09-20,C100468,lahore,Online,Accessories,Tote Bag,1,1680,1000,0,COD,No
701946,2023-11-10,C100246,Islamabad,Online,Jackets,Bomber Jacket,1,5350,3330,30,Wallet,No
704012,2025-01-07,C100209,Islamabad,Online,Shoes,Loafers,2,5420,2670,0,COD,No
700719,2025-04-01,C101078,Islamabad,Online,Accessories,Tote Bag,3,1690,1010,10,Bank Transfer,No
704903,2023-07-07,C100482,Islamabad,Store,Accessories,Tote Bag,2,1640,900,0,Wallet,No
703813,2025-05-08,C100021,Karachi,Online,Kurtas,Cotton Kurta,2,1850,1160,15,COD,No
703388,2024-09-12,C101058,Islamabad,Online,T-Shirts,Polo Shirt,1,2200,1340,0,COD,No
704653,2024-02-01,C100410,Rawalpindi,Online,Accessories,Sunglasses,1,2340,1210,10,COD,No
704692,2023-07-07,C101601,Lahore,Store,T-Shirts,Classic Cotton Tee,2,1140,690,0,Bank Transfer,No
704547,2023-11-21,C100816,Peshawar,Online,Jeans,Ripped Jeans,1,3640,1910,0,COD,No
700133,2025-04-22,C100012,Rawalpindi,Store,Jeans,Straight Leg Jeans,2,3260,1480,0,Card,No
704715,2024-01-10,C100521,Karachi,Online,T-Shirts,Classic Cotton Tee,1,1210,670,0,Card,No
702200,2023-11-23,C100100,Peshawar,Online,Kurtas,Embroidered Kurta,2,2980,1500,0,Card,No
700406,2024-07-04,C101216,Karachi,Online,Kurtas,Embroidered Kurta,1,2830,1450,15,COD,No
702147,2023-11-20,C102052,Karachi,Store,T-Shirts,Classic Cotton Tee,1,1290,640,20,Card,No
700392,2024-03-19,C100749,Multan,Online,Jeans,Slim Fit Jeans,2,3390,1680,0,Card,No
703184,2024-03-14,C101927,Rawalpindi,Store,Shoes,Sandals,1,2750,1600,0,COD,Yes
705118,2023-08-27,C100065,Islamabad,Online,Accessories,Sunglasses,1,2270,1420,0,COD,Yes
703651,2025-06-04,C100157,Rawalpindi,Store,Accessories,Baseball Cap,2,930,500,0,COD,No
702475,2024-08-07,C101838,Faisalabad,Online,Accessories,Tote Bag,1,1540,730,0,COD,No
702011,2024-10-02,C100267,Lahore,Store,Jeans,Straight Leg Jeans,1,3440,1660,0,COD,No
704519,2025-03-07,C100804,Lahore,Store,Kurtas,Embroidered Kurta,1,2960,1780,0,Card,No
704441,2023-11-10,C100411,rawalpindi,Store,T-Shirts,Classic Cotton Tee,2,1240,800,0,Card,No
703379,2024-10-17,C101011,Islamabad,Online,Shoes,Sandals,2,2740,1240,0,Card,No
704914,2023-10-29,C100894,Faisalabad,Online,Shoes,Sneakers  ,1,4440,2400,0,Wallet,No
703565,2023-08-03,C101980,Multan,Online,Accessories,Sunglasses,1,2350,1430,15,Bank Transfer,No
704360,2024-11-03,C100811,Lahore,Online,T-Shirts,Oversized Tee,2,1800,1160,20,COD,No
701707,2025-01-03,C100455,Lahore,Online,Accessories,Sunglasses,2,2290,1080,0,Card,No
700251,2024-09-30,C100075,Karachi,Store,Accessories,Sunglasses,1,2290,1170,10,Bank Transfer,No
702757,2023-12-24,C101855,Sialkot,Online,Jackets,Hooded Jacket,1,5020,2680,0,Card,No
703263,2023-08-13,C100860,Faisalabad,Store,Kurtas,Festive Kurta,1,4340,2380,10,COD,No
701712,2023-10-29,C101620,Lahore,Online,Jeans,Straight Leg Jeans,2,3420,2210,0,COD,No
701276,2024-08-13,C102001,Karachi,Online,Shoes,Boots,1,6560,3100,0,COD,No
701393,2025-05-14,C100693,Karachi,Store,Kurtas,Cotton Kurta,3,1890,1030,0,Bank Transfer,No
705079,2023-11-27,C101842,Lahore,Online,Kurtas,Embroidered Kurta,1,2950,1530,15,Wallet,No
702102,2024-07-02,C101466,Karachi,Online,T-Shirts,Classic Cotton Tee,1,1280,600,0,Card,No
704560,2024-03-13,C101896,Rawalpindi,Store,Kurtas,Cotton Kurta,1,2010,1230,0,Bank Transfer,No
701204,2024-05-16,C101969,Islamabad,Online,Dresses,Maxi Dress,2,4500,2580,20,Bank Transfer,No
702144,2024-01-06,C100570,Karachi,Online,Jeans,High-Waist Jeans,1,4490,2590,0,Card,No
701316,2025-03-29,C100098,Lahore,Online,T-Shirts,Classic Cotton Tee,1,1150,650,0,,No
703119,2025-01-29,C100075,Karachi,Online,Kurtas,Printed Kurta,2,2330,1170,0,COD,No
702081,2025-04-18,C102072,Karachi,Store,T-Shirts,Oversized Tee,1,1790,1050,0,COD,No
703558,2024-10-13,C101940,Lahore,Online,Jeans,High-Waist Jeans,1,4070,2520,10,Card,No
701396,2024-07-05,C101033,Peshawar,Online,Jackets,Bomber Jacket,1,5070,2630,10,COD,No
704168,2024-03-18,C101104,Lahore,Online,T-Shirts,Polo Shirt,1,2200,1090,0,Card,Yes
704311,2024-01-30,C101865,Multan,Online,Dresses,Summer Floral Dress,3,3430,1850,10,Bank Transfer,Yes
702059,2024-08-21,C101853,Faisalabad,Store,Jeans,Ripped Jeans,1,3900,2230,0,Bank Transfer,No
700682,2024-08-07,C100156,Karachi,Store,Shoes,Sandals,1,2690,1310,0,Card,No
702146,2023-10-05,C101561,Islamabad,Online,Kurtas,Embroidered Kurta,1,3000,1460,0,COD,No
702265,2024-10-11,C100417,Faisalabad,Online,Jeans,Slim Fit Jeans,1,3430,1800,0,Card,No
704512,2023-09-05,C102030,Lahore,Online,Jeans,High-Waist Jeans,1,4210,2460,0,Card,Yes
700909,2025-03-16,C100075,Karachi,Store,Jeans,Slim Fit Jeans,2,3440,1930,0,COD,No
702865,2025-02-15,C101125,Islamabad,Online,Shoes,Sneakers,1,4640,2800,0,Card,No
701991,2023-07-15,C100860,Faisalabad,Store,Accessories,Tote Bag,1,1520,720,15,COD,No
703556,2024-03-30,C100068,Lahore,Store,Dresses,Maxi Dress,1,4320,2260,0,COD,No
702306,2024-11-08,C100936,Sialkot,Online,Jackets,Bomber Jacket,1,5330,2670,30,COD,No
704032,2024-06-20,C100622,Sialkot,Online,Dresses,Bodycon Dress,1,4060,2320,0,COD,No
702145,2024-05-17,C100050,Lahore,Online,Jeans,Slim Fit Jeans,1,3450,2010,15,Card,No
703609,2024-07-24,C101421,Karachi,Store,Jeans,Slim Fit Jeans,2,3590,2260,0,Card,Yes
700349,2023-12-05,C100876,Karachi,Online,Jeans,High-Waist Jeans,1,4100,2060,10,Wallet,No
702904,2023-09-07,C101426,Lahore,Online,T-Shirts,Polo Shirt,2,2340,1240,0,COD,No
704011,2025-06-21,C101947,Peshawar,Store,T-Shirts,Graphic Print Tee,1,1580,800,0,COD,No
700012,2024-07-15,C101332,Islamabad,Online,Accessories,Tote Bag,1,1680,960,0,COD,No
704345,2025-02-20,C101009,Karachi,Store,Jackets,Bomber Jacket,1,5320,2700,15,Card,No
701200,2025-01-12,C101617,Islamabad,Online,Accessories,Leather Belt,1,1180,690,0,Wallet,No
702828,2023-09-09,C100488,Islamabad,Online,Accessories,Leather Belt,1,1260,570,0,Card,No
704270,2025-05-24,C100969,Lahore,Store,T-Shirts,Oversized Tee,1,1900,1180,20,Card,No
701300,2024-12-19,C101964,Faisalabad,Store,T-Shirts,Classic Cotton Tee,1,1240,600,30,COD,No
700766,2024-01-18,C100915,Sialkot,Store,Shoes,Boots,1,6940,3800,15,Bank Transfer,No
705054,2024-11-17,C101992,Karachi,Store,Accessories,Baseball Cap,1,910,430,20,Card,No
704611,2025-01-01,C100597,Islamabad,Store,T-Shirts,Oversized Tee,1,1910,940,15,Card,No
701353,2023-08-20,C101520,Karachi,Store,Accessories,Tote Bag,2,1670,810,15,Card,Yes
700921,2023-12-25,C100544,Lahore,Store,T-Shirts,Graphic Print Tee,1,1610,800,30,Wallet,No
703322,2025-01-24,C100953,Lahore,Online,Shoes,Sandals,3,2980,1550,0,Wallet,No
705163,2024-01-23,C100098,Lahore,Online,Dresses,Summer Floral Dress,1,3220,1940,0,COD,Yes
701084,2023-12-25,C102014,Karachi,Online,Shoes,Sneakers,1,4820,2410,0,COD,No
703982,2025-01-28,C100196,Islamabad,Online,Accessories,Tote Bag,1,1560,920,0,,No
704051,2023-07-23,C100805,LAHORE,Online,Jeans,Slim Fit Jeans,2,3720,2400,0,COD,No
702893,2024-02-19,C102057,Karachi,Online,T-Shirts,Oversized Tee,1,1750,1100,0,COD,No
702778,2025-03-13,C100624,Sialkot,Online,Kurtas,Embroidered Kurta,1,2970,1860,0,Card,No
701249,2024-02-07,C102140,Peshawar,Online,Kurtas,Embroidered Kurta,1,2950,1460,0,Bank Transfer,No
703305,2025-03-17,C101815,Islamabad,Store,Accessories,Sunglasses,1,2300,1040,15,COD,No
700818,2024-08-07,C100956,Faisalabad,Store,T-Shirts,Oversized Tee,3,1800,1070,0,COD,No
702137,2025-05-03,C100170,Karachi,Store,Accessories,Tote Bag,1,1680,790,0,Card,No
702992,2023-10-22,C101847,Rawalpindi,Store,Kurtas,Embroidered Kurta,2,2940,1740,0,COD,No
702682,2024-10-17,C102086,Karachi,Online,Jackets,Bomber Jacket,3,5380,3260,0,COD,No
703112,2023-08-28,C100388,Lahore,Online,Dresses,Bodycon Dress,1,3810,2000,10,Wallet,No
704771,2024-06-20,C101297,Lahore,Online,Kurtas,Embroidered Kurta,1,2730,1640,0,Card,No
705155,2023-07-10,C100813,Islamabad,Online,Jeans,Ripped Jeans,1,3880,1910,0,COD,No
700157,2024-06-13,C101098,Multan,Store,Dresses,Summer Floral Dress,2,3310,1490,0,COD,No
700741,2025-05-27,C101119,Peshawar,Store,Dresses,Summer Floral Dress,1,3380,2150,10,Card,No
701524,2023-12-25,C101388,Peshawar,Online,Jackets,Hooded Jacket,3,5150,2720,0,Card,No
704719,2024-12-01,C101504,Faisalabad,Store,Shoes,Boots,3,6970,3420,25,Wallet,No
704899,2025-02-11,C102112,Lahore,Online,Jackets,Denim Jacket,1,5930,3300,10,Wallet,No
703633,2024-08-28,C101853,Faisalabad,Online,Shoes,Loafers,2,5200,3280,0,Card,No
702309,2024-10-31,C101446,Peshawar,Store,Accessories,Baseball Cap,1,940,450,0,Card,No
702418,2024-03-08,C100387,,Store,Dresses,Maxi Dress,1,4540,2830,0,Card,No
701523,2024-07-07,C101192,multan,Store,Dresses,Wrap Dress,1,3830,1860,10,COD,No
701705,2023-11-30,C100860,Faisalabad,Online,Jackets,Hooded Jacket,1,5070,2660,20,Bank Transfer,No
701151,2024-04-09,C100573,,Online,Jeans,Straight Leg Jeans,1,3090,1920,0,COD,No
704594,2024-03-22,C101892,Islamabad,Store,Shoes,Sneakers,1,4510,2520,0,COD,Yes
703490,2025-03-10,C100786,Faisalabad,Store,Kurtas,Festive Kurta,1,4000,2040,0,Card,No
704238,2025-06-11,C100428,Lahore,Store,Dresses,Bodycon Dress,3,3670,2050,0,Wallet,No
703948,2025-05-23,C101916,Rawalpindi,Store,Dresses,Summer Floral Dress,1,3280,2000,15,Bank Transfer,No
703256,2024-10-31,C100285,Karachi,Online,Kurtas,Embroidered Kurta,1,2900,1590,0,COD,No
700746,2024-07-24,C100139,Lahore,Online,Kurtas,Printed Kurta,3,2370,1520,0,Wallet,No
701960,2024-01-24,C100249,Karachi,Online,Kurtas,Festive Kurta,1,4000,2050,10,COD,No
704293,2024-01-30,C102144,Karachi,Online,Shoes,Loafers,3,5610,3440,0,COD,No
703969,2023-09-25,C101780,Lahore,Online,Jeans,High-Waist Jeans,1,4350,2530,0,Card,No
700556,2025-05-09,C101725,Lahore,Online,Kurtas,Festive Kurta,1,4040,2320,0,COD,No
703686,2024-12-04,C101347,Karachi,Store,Jackets,Bomber Jacket,2,5090,2300,20,Card,No
703490,2025-03-10,C100786,Faisalabad,Store,T-Shirts,Classic Cotton Tee,1,1180,690,0,Card,No
702542,2024-11-30,C100229,LAHORE,Store,Dresses,Maxi Dress,2,4290,2400,30,Bank Transfer,No
701049,2024-09-03,C102058,Lahore,Online,Kurtas,Cotton Kurta,2,1860,1130,10,COD,No
701860,2023-10-01,C100416,Lahore,Store,Shoes,Sneakers,1,4550,2590,10,Card,Yes
700396,2024-02-10,C101140,Karachi,Online,Jackets,Denim Jacket,1,5490,2570,0,Card,No
700111,2023-09-12,C100795,Karachi,Store,Accessories,Sunglasses,1,2290,1290,10,Card,No
700879,2024-04-09,C100863,Islamabad,Online,Jeans,Slim Fit Jeans,1,3360,1740,20,Card,No
700720,2023-11-22,C101092,Karachi,Online,Accessories,Leather Belt,1,1160,640,25,COD,No
704367,2024-02-02,C101246,Islamabad,Store,Shoes,Sneakers  ,1,4680,2540,15,COD,No
703670,2025-06-16,C100070,Lahore,Online,Shoes,Sneakers,1,4280,2150,10,Wallet,No
700661,2023-11-28,C100478,Islamabad,Store,Kurtas,Embroidered Kurta,1,2710,1630,15,COD,No
704274,2024-04-29,C101322,Lahore,Online,Accessories,Sunglasses,2,2200,1080,10,Card,No
701928,2024-10-14,C101500,Rawalpindi,Store,Kurtas,Printed Kurta,3,2420,1460,0,Card,No
700367,2024-03-06,C100967,Lahore,Store,Kurtas,Printed Kurta,2,2320,1400,0,Wallet,No
704672,2024-01-02,C100398,Karachi,Store,T-Shirts,Oversized Tee,3,1940,1080,10,Bank Transfer,No
704595,2025-05-25,C100003,Rawalpindi,Online,Shoes,Sneakers,1,4320,2230,0,COD,No
700739,2024-12-06,C100258,lahore,Store,Dresses,Bodycon Dress,2,3980,1830,15,Card,No
703542,2024-06-01,C101299,Karachi,Online,Shoes,Sandals,1,2810,1790,0,COD,No
702437,2025-04-02,C100879,Islamabad,Store,T-Shirts,Classic Cotton Tee,3,1180,750,0,Card,No
701270,2024-02-10,C100690,Karachi,Store,Dresses,Summer Floral Dress,1,3130,1600,0,Wallet,No
700464,2024-04-30,C102008,Lahore,Online,Jeans,High-Waist Jeans,1,4240,2180,10,COD,No
704776,2025-03-03,C101615,Lahore,Online,Jackets,Bomber Jacket,1,5110,2480,10,COD,No
704899,2025-02-11,C102112,Lahore,Online,Jeans,Straight Leg Jeans,3,3320,1590,15,Wallet,No
703176,2024-02-22,C102109,Lahore,Online,Jeans,Ripped Jeans,2,3940,1970,0,COD,No
704415,2025-06-04,C100178,Peshawar,Online,T-Shirts,Polo Shirt,1,2300,1320,0,COD,No
703470,2023-07-19,C101223,Rawalpindi,Online,JEANS,Straight Leg Jeans,1,3320,1600,0,COD,No
705028,2025-06-20,C100578,Multan,Online,Accessories,Leather Belt,3,1230,770,0,COD,Yes
702991,2023-07-31,C100999,Karachi,Online,Dresses,Summer Floral Dress,1,3250,1820,0,Bank Transfer,No
704752,2024-11-13,C101669,Multan,Online,Jeans,Slim Fit Jeans,1,3470,1690,10,,No
704571,2024-10-22,C102102,Faisalabad,Online,Dresses,Wrap Dress  ,1,4000,2140,0,Card,No
701800,2024-06-13,C101125,Islamabad,Store,Accessories,Tote Bag,1,1630,810,0,Card,No
702003,2024-02-04,C102091,Multan,Online,Accessories,Leather Belt,1,1150,610,0,COD,No
702880,2024-11-21,C100296,Sialkot,Online,Kurtas,Festive Kurta,1,4090,2480,30,COD,No
704340,2024-01-13,C100168,Karachi,Store,Jackets,Denim Jacket,2,5520,2640,0,COD,No
700834,2024-11-25,C100431,Faisalabad,Store,Accessories,Sunglasses,1,2090,1310,15,Card,No
701362,2024-12-31,C100342,Faisalabad,Online,Dresses,Summer Floral Dress,2,3250,1560,0,Card,No
703845,2024-08-26,C101469,,Store,Kurtas,Cotton Kurta,2,1820,1100,0,,No
704162,2024-11-05,C102129,Lahore,Store,Jeans,High-Waist Jeans,1,4110,2060,15,Bank Transfer,No
704926,2023-09-04,C101829,Karachi,Store,T-Shirts,Polo Shirt,1,2220,1140,0,COD,No
702439,2024-11-04,C100659,KARACHI,Store,t-shirts,Polo Shirt,2,2330,1330,15,COD,No
702136,2024-10-19,C102180,Faisalabad,Online,Kurtas,Cotton Kurta,1,1960,1180,0,Card,No
705072,2024-06-06,C101332,Islamabad,Online,Accessories,Baseball Cap,1,890,440,0,COD,No
704493,2024-03-02,C102134,Islamabad,Store,Shoes,Boots,1,6370,3640,10,Bank Transfer,No
704843,2024-03-06,C101508,Lahore,Online,T-Shirts,Oversized Tee,1,1760,1010,10,Bank Transfer,Yes
702709,2025-06-02,C100368,Karachi,Online,Jeans,Ripped Jeans,2,3790,2150,0,Wallet,No
704277,2025-02-18,C100371,Karachi,Online,Shoes,Loafers,2,5200,3360,0,Card,No
704404,2023-10-22,C101593,Karachi,Online,Dresses,Wrap Dress,1,4170,2680,0,Wallet,No
701689,2023-07-14,C102058,Lahore,Online,Dresses,Maxi Dress,2,4600,2350,0,Wallet,No
703274,2024-03-10,C101946,Lahore,Store,Jackets,Hooded Jacket,1,4690,2320,0,Wallet,No
704683,2023-08-11,C100302,Islamabad,Online,Accessories,Leather Belt,1,1180,590,0,Card,No
700274,2025-01-06,C100801,Karachi,Store,Jackets,Denim Jacket,1,5910,3580,0,Bank Transfer,No
700006,2025-06-18,C101469,Lahore,Online,Dresses,Bodycon Dress,2,3740,2410,0,Card,No
702139,2025-04-17,C101117,,Online,Kurtas,Festive Kurta,1,4220,2090,0,Card,No
701330,2024-10-09,C101090,Lahore,Store,Shoes,Boots,2,6860,3630,0,Card,No
705063,2025-03-03,C100229,Lahore,Store,Accessories,Baseball Cap,1,940,530,0,Wallet,No
704372,2024-10-08,C101013,Sialkot,Online,Kurtas,Embroidered Kurta,1,2670,1640,15,Card,No
704400,2025-01-22,C100237,Faisalabad,Store,Jackets,Denim Jacket,1,5240,3300,0,Card,No
704040,2024-04-03,C100464,Islamabad,Online,Shoes,Boots,1,6860,3470,0,Card,No
702546,2023-12-25,C101045,Karachi,Online,Jackets,Puffer Jacket,1,6920,3270,10,COD,No
700949,2024-12-20,C101931,Islamabad,Store,Jackets,Denim Jacket,1,5940,3830,15,COD,No
701490,2025-04-28,C101578,Sialkot,Store,Dresses,Summer Floral Dress,2,3390,2120,10,Wallet,No
704901,2023-11-28,C100322,Karachi,Store,Shoes,Sneakers,2,4570,2910,0,COD,No
701583,2024-08-25,C101235,Lahore,Online,Dresses,Summer Floral Dress,1,3400,1890,15,COD,No
702930,2023-09-05,C100232,Sialkot,Online,Jeans,Slim Fit Jeans,1,3450,1670,0,COD,No
700267,2024-10-15,C102185,Lahore,Store,Kurtas,Cotton Kurta,2,1900,870,0,,No
701803,2024-10-13,C102151,Lahore,Online,Jackets,Denim Jacket,1,5930,3700,0,Card,No
704437,2025-05-31,C101047,Faisalabad,Online,Dresses,Maxi Dress,1,4420,2670,15,Card,No
702662,2025-02-07,C100942,Lahore,Online,Jackets,Bomber Jacket,1,5440,3100,0,Card,No
703769,2024-03-01,C100356,Faisalabad,Online,T-Shirts,Classic Cotton Tee,1,1270,690,0,Wallet,No
701268,2024-08-04,C101658,Karachi,Store,accessories,Baseball Cap,2,900,510,0,COD,No
702608,2023-11-26,C100898,LAHORE,Online,Jeans,Slim Fit Jeans,1,3480,1660,10,COD,No
701291,2023-08-23,C100251,Multan,Online,Kurtas,Cotton Kurta,1,1950,1210,0,Bank Transfer,Yes
702754,2024-07-18,C100983,Karachi,Online,T-Shirts,Classic Cotton Tee,1,1270,620,0,Wallet,No
700651,2025-01-18,C101046,Lahore,Online,Shoes,Sandals,1,2850,1630,0,Card,No
701013,2024-08-14,C101478,Karachi,Online,Kurtas,Festive Kurta,2,4030,2140,10,COD,No
704896,2024-12-22,C101107,Karachi,Store,Jackets,Hooded Jacket,1,5090,2470,30,COD,No
703350,2024-10-11,C100663,Lahore,Online,Kurtas,Embroidered Kurta,1,3020,1590,0,COD,No
700110,2024-04-10,C100869,Lahore,Online,Shoes,Boots,3,6560,2960,15,Card,No
703529,2023-09-11,C101685,Lahore,Online,Accessories,Tote Bag,3,1650,810,10,Card,No
703617,2023-10-19,C100849,Sialkot,Online,Kurtas,Printed Kurta,1,2290,1050,10,COD,No
704776,2025-03-03,C101615,Lahore,Online,Jackets,Denim Jacket,2,5820,3600,0,COD,No
700466,2024-04-20,C100910,Faisalabad,Online,Jackets,Puffer Jacket,3,6790,3380,10,Card,No
704110,2023-08-20,C100631,Multan,Store,Shoes,Loafers,3,5270,2750,0,COD,No
700825,2023-08-02,C101223,Rawalpindi,Store,T-Shirts,Polo Shirt,1,2200,1120,0,Bank Transfer,Yes
703413,2024-11-29,C102064,Karachi,Online,Kurtas,Cotton Kurta,1,1990,1190,15,COD,No
705025,2023-10-27,C100624,Sialkot,Store,Accessories,Tote Bag,3,1650,760,0,Card,No
702173,2023-10-01,C101730,Sialkot,Store,Jackets,Puffer Jacket,1,6470,4170,0,Card,Yes
703015,2024-12-27,C101869,Multan,Store,T-Shirts,Polo Shirt,1,2190,1330,20,COD,No
700983,2024-04-11,C101789,Lahore,Online,Dresses,Maxi Dress,1,4340,2500,10,Card,No
701319,2024-10-09,C101851,Peshawar,Store,Kurtas,Embroidered Kurta,1,2790,1600,0,COD,No
704200,2025-01-23,C101391,Multan,Online,Dresses,Bodycon Dress,2,4020,1990,0,COD,No
700275,2024-08-26,C101903,Lahore,Online,Accessories,Baseball Cap,1,930,430,15,Card,No
704577,2024-04-04,C100582,Lahore,Store,Dresses,Maxi Dress,1,4660,2570,0,Card,No
703991,2025-06-30,C100163,Lahore,Store,Accessories,Sunglasses,1,2340,1180,15,Card,No
702526,2023-10-25,C100597,Islamabad,Online,Accessories,Sunglasses,1,2230,1070,10,Bank Transfer,No
700313,2023-08-05,C100483,Karachi,Store,Accessories,Leather Belt,1,1170,590,0,Card,No
701162,2024-02-29,C101693,Faisalabad,Online,Accessories,Sunglasses,1,2200,1190,0,Bank Transfer,No
704008,2025-04-07,C101368,Lahore,Store,Accessories,Leather Belt,2,1150,720,15,COD,No
704449,2025-02-09,C101469,Lahore,Online,Accessories,Sunglasses,2,2290,1390,0,COD,No
703733,2024-09-30,C100894,Faisalabad,Online,Accessories,Leather Belt,1,1180,620,0,COD,No
701395,2024-02-29,C102045,Lahore,Online,Shoes,Sneakers,3,4560,2330,0,COD,No
701593,2024-10-08,C100031,Sialkot,Online,Jackets,Puffer Jacket,1,6620,3160,0,COD,No
702566,2023-11-30,C100007,Faisalabad,Store,Accessories,Sunglasses,1,2250,1360,0,Card,No
700607,2024-03-29,C101682,Faisalabad,Online,Kurtas,Cotton Kurta,1,1920,1030,10,COD,Yes
700839,2024-06-22,C101194,Multan,Online,Jeans,Ripped Jeans,3,3760,2300,10,Bank Transfer,Yes
703057,2023-07-14,C101305,Peshawar,Online,Accessories,Baseball Cap,2,860,410,0,Wallet,No
700495,2023-08-14,C100255,Faisalabad,Store,Kurtas,Embroidered Kurta,1,2890,1450,0,Card,No
702821,2024-03-02,C101891,Faisalabad,Store,SHOES,Sandals,2,2880,1360,0,Wallet,No
703987,2023-07-17,C100723,Sialkot,Store,Jeans,High-Waist Jeans,1,4270,2300,0,COD,No
701228,2023-10-29,C101183,,Online,Accessories,Leather Belt,1,1150,540,10,COD,No
700951,2023-09-27,C100449,Islamabad,Online,Kurtas,Cotton Kurta,1,1960,930,0,COD,Yes
702180,2025-02-05,C101304,Multan,Online,Dresses,Bodycon Dress,1,3980,2170,0,COD,Yes
703788,2023-12-04,C101588,Karachi,Online,Accessories,Leather Belt,3,1230,670,10,Card,No
700691,2024-03-17,C100680,Lahore,Online,T-Shirts,Oversized Tee,1,1830,970,0,Card,No
702378,2024-03-08,C100517,Faisalabad,Store,Shoes,Sandals,3,2770,1430,15,COD,Yes
700073,2024-04-30,C100643,Lahore,Online,Dresses,Wrap Dress,1,4010,2310,15,COD,No
704299,2023-08-27,C102183,Lahore,Online,Jeans,Straight Leg Jeans,1,3050,1720,0,COD,No
700168,2024-08-23,C101598,Faisalabad,Store,Dresses,Maxi Dress,2,4500,2910,0,Card,No
704209,2025-05-20,C100469,Islamabad,Online,Accessories,Sunglasses,1,2100,1120,20,COD,No
700536,2023-09-22,C101776,Rawalpindi,Online,Jackets,Puffer Jacket,1,7240,4220,0,Card,Yes
700434,2024-01-28,C101865,Multan,Online,Shoes,Sneakers,1,4440,2290,0,COD,No
701795,2023-10-03,C101586,Karachi,Online,T-Shirts,Classic Cotton Tee,1,1160,650,0,Bank Transfer,No
700361,2025-01-24,C101539,Karachi,Online,Shoes,Loafers,1,4970,2850,0,COD,No
700224,2023-10-31,C101139,Rawalpindi,Online,T-Shirts,Graphic Print Tee,3,1440,770,0,COD,No
700179,2025-06-04,C100542,Multan,Online,Dresses,Maxi Dress,2,4760,2370,0,COD,No
702811,2023-12-11,C101799,Islamabad,Store,Jeans,Straight Leg Jeans,1,3100,1840,0,Card,No
701021,2024-06-17,C101213,Karachi,Store,T-Shirts,Polo Shirt,1,2280,1210,0,COD,No
703808,2024-01-05,C100057,Islamabad,Online,kurtas,Cotton Kurta,1,1900,1060,15,COD,No
703552,2024-11-23,C101817,Karachi,Online,kurtas,Cotton Kurta,1,1870,920,20,Card,No
705055,2025-05-12,C102137,Faisalabad,Online,Kurtas,Printed Kurta,1,2520,1570,15,Bank Transfer,No
703219,2023-07-19,C101257,Faisalabad,Online,T-Shirts,Classic Cotton Tee,1,1260,610,0,COD,No
701961,2024-09-24,C101527,Karachi,Online,T-Shirts,Graphic Print Tee,2,1570,800,0,Bank Transfer,No
704390,2023-09-27,C100459,Islamabad,Online,Kurtas,Embroidered Kurta,1,2970,1440,0,Card,No
702836,2024-08-22,C101151,multan,Online,Shoes,Boots,1,6840,3130,10,COD,No
704186,2025-06-26,C101991,Rawalpindi,Store,Kurtas,Cotton Kurta,2,1980,1250,0,Card,No
702493,2024-03-23,C101988,Sialkot,Online,Jackets,Hooded Jacket,1,5180,3320,0,Bank Transfer,No
700590,2024-08-15,C101802,Lahore,Online,Accessories,Tote Bag,1,1610,770,0,Card,No
703194,2024-11-20,C102140,Peshawar,Online,Shoes,Loafers,2,5240,2830,15,Wallet,No
705168,2023-08-27,C100369,Peshawar,Store,T-Shirts,Classic Cotton Tee,1,1230,720,0,COD,No
701146,2025-06-25,C101799,ISLAMABAD,Online,Shoes,Boots,1,6860,3680,0,COD,No
703465,2025-05-04,C101218,Rawalpindi,Online,Dresses,Wrap Dress,1,3830,2210,10,Card,No
705099,2024-02-03,C100288,Islamabad,Online,Accessories,Baseball Cap,1,900,460,0,COD,No
704100,2025-02-16,C100706,Faisalabad,Online,Jackets,Hooded Jacket,1,4840,2390,10,COD,No
704725,2023-10-03,C100746,Karachi,Store,Jeans,Slim Fit Jeans,1,3750,2370,0,Card,No
703008,2023-12-03,C100106,Karachi,Online,Jackets,Bomber Jacket,2,5130,2370,15,COD,No
702150,2024-06-02,C101543,Lahore,Online,Jeans,High-Waist Jeans,1,4110,1980,0,COD,No
701850,2025-01-17,C102011,Karachi,Online,Jeans,Straight Leg Jeans,1,3120,1650,15,Wallet,No
702098,2024-11-18,C100779,Multan,Store,T-Shirts,Polo Shirt,1,2350,1370,15,COD,No
700119,2024-11-09,C100188,Faisalabad,Store,Jackets,Denim Jacket,1,5790,2880,30,Bank Transfer,No
702873,2025-04-03,C100369,PESHAWAR,Online,Kurtas,Printed Kurta,2,2330,1380,20,Wallet,No
704047,2025-05-08,C100739,Karachi,Online,Dresses,Maxi Dress,1,4470,2240,15,Wallet,No
704507,2024-08-27,C101464,Rawalpindi,Online,Kurtas,Cotton Kurta,3,1890,1130,0,COD,No
703606,2024-12-17,C100995,Karachi,Online,Jeans,Slim Fit Jeans,2,3760,1850,30,Card,No
700693,2023-07-17,C102157,Karachi,Online,Kurtas,Festive Kurta,1,4300,2710,0,COD,No
700618,2025-03-20,C100706,Faisalabad,Online,T-Shirts,Classic Cotton Tee,1,1280,650,0,Bank Transfer,No
701515,2025-03-16,C101871,Karachi,Online,Accessories,Sunglasses,2,2260,1210,15,Card,No
704983,2025-06-28,C100509,Lahore,Online,Dresses,Bodycon Dress,1,3780,1990,0,Wallet,No
703996,2025-03-15,C102112,Lahore,Store,Shoes,Loafers,1,4960,2240,0,Card,No
701111,2024-02-22,C101506,Faisalabad,Online,Kurtas,Embroidered Kurta,1,2770,1600,15,COD,No
704409,2023-10-29,C101465,Rawalpindi,Online,Jeans,Straight Leg Jeans,1,3300,2060,0,Card,No
705063,2025-03-03,C100229,Lahore,Store,Kurtas,Festive Kurta,1,4140,2120,0,Wallet,No
701805,2024-08-26,C101123,Lahore,Online,Accessories,Baseball Cap,1,920,510,0,Card,No
704347,2023-09-17,C102032,Karachi,Online,Jeans,Ripped Jeans,1,3740,2040,0,COD,Yes
703905,2025-01-09,C102144,Karachi,Online,Jeans,Straight Leg Jeans,2,3160,1740,10,COD,Yes
704523,2024-08-15,C101262,Karachi,Online,Accessories,Sunglasses,1,2240,1420,0,Card,No
701138,2024-06-29,C101720,Lahore,Online,Accessories,Tote Bag,2,1680,960,0,Wallet,No
702709,2025-06-02,C100368,Karachi,Online,Kurtas,Printed Kurta,1,2450,1280,15,Wallet,No
703464,2023-09-29,C101058,Islamabad,Online,Jeans,Straight Leg Jeans,1,3110,1970,15,Wallet,No
702528,2025-02-06,C100124,Lahore,Online,Kurtas,Festive Kurta,1,4440,2850,0,Bank Transfer,No
704334,2023-11-27,C100418,Lahore,Store,Accessories,Leather Belt,1,1220,750,10,COD,No
700421,2024-04-23,C100260,Lahore,Store,Accessories,Tote Bag,1,1720,890,15,COD,No
702952,2025-04-21,C101218,Rawalpindi,Online,T-Shirts,Classic Cotton Tee,1,1140,550,20,Card,No
703246,2025-02-13,C101324,Karachi,Online,Kurtas,Festive Kurta,1,4170,2570,0,COD,No
700586,2024-09-19,C100198,Lahore,Online,Jeans,Straight Leg Jeans,2,3220,1460,0,COD,No
702989,2024-03-17,C100156,Karachi,Store,Shoes,Boots,2,6990,4530,10,COD,No
701295,2023-12-16,C101271,Karachi,Online,Kurtas,Embroidered Kurta,3,2850,1760,10,COD,No
702285,2024-09-16,C100234,Peshawar,Online,Dresses,Bodycon Dress,1,3820,2270,0,COD,Yes
702386,2023-08-13,C100631,Multan,Store,Jeans,Slim Fit Jeans,3,3530,1640,0,Card,No
702299,2025-03-11,C101304,Multan,Online,Jackets,Hooded Jacket,3,5160,2500,0,Bank Transfer,No
703686,2024-12-04,C101347,Karachi,Store,Jeans,High-Waist Jeans,3,4170,2300,30,Card,No
700723,2024-05-10,C100953,Lahore,Online,T-Shirts,Classic Cotton Tee,1,1200,760,20,COD,No
703712,2024-07-18,C101294,Karachi,Store,Accessories,Tote Bag,2,1680,960,0,Wallet,No
705038,2024-01-16,C102099,Lahore,Store,Jeans,High-Waist Jeans,2,4240,1940,0,Bank Transfer,Yes
703518,2025-03-06,C100156,Karachi,Store,Accessories,Sunglasses,1,2170,1250,10,COD,No
700887,2025-01-21,C100041,Multan,Online,Jeans,High-Waist Jeans,1,4460,2420,0,COD,No
705121,2024-09-21,C101978,Faisalabad,Online,T-Shirts,Classic Cotton Tee,3,1250,610,0,Card,No
700423,2024-07-16,C100647,Islamabad,Online,Kurtas,Festive Kurta,1,4380,2370,0,Wallet,No
703656,2024-01-22,C101746,Faisalabad,Online,Shoes,Sandals,1,2890,1850,0,COD,Yes
703293,2024-04-16,C101404,Lahore,Store,Jackets,Denim Jacket,1,5290,2640,0,Card,No
701031,2025-06-22,C101781,Faisalabad,Online,Shoes,Loafers,3,5440,3390,0,COD,No
700595,2025-05-09,C101971,Sialkot,Store,Kurtas,Embroidered Kurta,1,2920,1680,0,COD,No
704466,2023-07-26,C102001,Karachi,Online,Accessories,Baseball Cap,1,870,400,0,COD,No
702577,2023-12-27,C101898,Lahore,Online,Jeans,Straight Leg Jeans,2,3430,2020,20,,No
702056,2024-06-03,C100654,Multan,Online,Jeans,Slim Fit Jeans,1,3710,1760,0,Card,No
701178,2024-09-01,C100848,Lahore,Online,Jeans,High-Waist Jeans,1,4260,2140,0,Wallet,No
704666,2024-02-28,C100289,Lahore,Store,Jeans,High-Waist Jeans,1,4420,2580,0,Wallet,No
700675,2024-09-18,C100412,Lahore,Online,T-Shirts,Oversized Tee,1,1820,980,10,Card,No
700230,2024-02-09,C101758,Peshawar,Online,Shoes,Boots,1,6750,3680,0,Card,Yes
703603,2025-05-22,C100873,Karachi,Online,T-Shirts,Oversized Tee,3,1780,1150,0,Wallet,No
704192,2025-05-30,C101535,Karachi,Store,Shoes,Sneakers,1,4670,2990,15,COD,No
703502,2025-06-14,C100033,Karachi,Online,T-Shirts,Graphic Print Tee,1,1500,910,0,COD,No
703170,2024-03-13,C100465,Rawalpindi,Store,Dresses,Maxi Dress,1,4580,2850,0,COD,No
702420,2023-10-03,C100156,Karachi,Online,Jeans,Straight Leg Jeans,1,3380,1780,0,Bank Transfer,No
704854,2025-02-07,C100328,Islamabad,Online,Accessories,Sunglasses,3,2200,1240,0,COD,No
700298,2023-12-01,C102040,Karachi,Store,Jackets,Bomber Jacket,1,5090,2480,30,Bank Transfer,No
703774,2023-12-12,C101162,Multan,Store,T-Shirts,Polo Shirt,3,2230,1020,30,COD,No
702323,2023-07-30,C100969,Lahore,Online,T-Shirts,Graphic Print Tee,3,1440,660,10,COD,No
704922,2024-07-24,C101496,Multan,Online,Jeans,Ripped Jeans,3,4050,2520,0,COD,No
700782,2024-03-02,C101253,Islamabad,Online,T-Shirts,Graphic Print Tee,2,1600,830,0,COD,No
700084,2024-12-21,C100539,Multan,Online,Jeans,Straight Leg Jeans,2,3340,1610,25,Card,No
702107,2024-12-12,C102064,Karachi,Online,Kurtas,Embroidered Kurta,1,2660,1440,30,Card,No
705109,2023-08-31,C102125,Karachi,Store,T-Shirts,Oversized Tee,2,1840,850,0,Card,No
701885,2023-07-21,C102166,Peshawar,Online,Kurtas,Festive Kurta,1,4280,2050,0,Card,No
703936,2024-07-24,C101913,Islamabad,Store,Accessories,Leather Belt,1,1210,750,0,COD,No
702715,2025-06-18,C101527,Karachi,Store,Kurtas,Embroidered Kurta,2,2810,1620,10,COD,No
704864,2023-08-12,C100787,Karachi,Store,Dresses,Summer Floral Dress,2,3210,1610,10,Card,No
700955,2024-10-04,C100285,Karachi,Store,T-Shirts,Graphic Print Tee,1,1500,970,0,Bank Transfer,No
703526,2023-09-30,C100863,Islamabad,Online,Accessories,Leather Belt,1,1210,760,0,COD,No
703990,2024-02-28,C100809,Sialkot,Store,Accessories,Sunglasses,1,2190,1380,10,COD,No
700140,2024-06-16,C101755,Islamabad,Store,Shoes,Sandals,2,2920,1560,10,Card,No
703087,2023-11-23,C101440,Lahore,Online,Jeans,Slim Fit Jeans,2,3640,2190,30,Wallet,No
703873,2023-09-14,C101446,Peshawar,Store,Kurtas,Printed Kurta,1,2340,1240,0,Wallet,No
702005,2024-01-02,C100191,Lahore,Store,Jackets,Hooded Jacket,3,4880,2610,0,Card,No
701590,2023-09-20,C101618,Sialkot,Online,T-Shirts,Graphic Print Tee,2,1510,750,0,Card,No
705176,2023-09-05,C101698,Sialkot,Online,Jeans,Ripped Jeans,2,4080,2520,0,Card,Yes
702635,2023-10-14,C101765,Lahore,Store,Jackets,Puffer Jacket,1,6780,3100,0,Card,No
705158,2023-12-07,C100525,Karachi,Online,Jackets,Hooded Jacket,1,5090,3170,10,Card,No
704358,2023-10-11,C100764,Peshawar,Store,Jeans,Slim Fit Jeans,3,3550,1830,0,COD,No
701431,2025-04-23,C101944,Multan,Online,Dresses,Maxi Dress,1,4690,2430,15,Card,No
703121,2023-10-14,C101062,Lahore,Online,Dresses,Bodycon Dress,1,3790,2220,0,COD,No
703942,2025-02-16,C101162,Multan,Online,T-Shirts,Classic Cotton Tee,2,1260,740,0,Card,No
702830,2025-01-25,C101792,Lahore,Online,T-Shirts,Polo Shirt,1,2090,1040,0,COD,No
704790,2024-11-25,C102081,Lahore,Online,Jackets,Denim Jacket,1,5910,3390,15,Bank Transfer,No
700696,2024-02-01,C100048,Rawalpindi,Online,Jackets,Hooded Jacket,1,5120,2540,10,Wallet,No
704222,2023-10-08,C102093,Lahore,Online,Kurtas,Cotton Kurta  ,2,1860,1140,15,Card,No
700377,2023-08-21,C101439,Sialkot,Online,Jeans,Slim Fit Jeans,1,3650,1690,0,Card,No
702681,2023-07-15,C101045,Karachi,Online,Accessories,Leather Belt,1,1140,520,0,Wallet,No
702226,2025-06-24,C101525,Lahore,Store,Accessories,Baseball Cap,2,940,580,10,Card,No
702195,2025-02-20,C101985,Peshawar,Store,Jeans,Straight Leg Jeans,2,3120,1570,0,Wallet,No
705130,2023-07-10,C101861,Sialkot,Online,Accessories,Tote Bag,1,1660,890,0,Bank Transfer,No
702188,2023-12-29,C101872,Sialkot,Online,Jeans,High-Waist Jeans,2,4110,2370,15,COD,No
703329,2023-10-05,C100216,Lahore,Online,Shoes,Loafers,1,5390,3190,0,Card,No
701812,2024-10-19,C102085,karachi,Store,Jeans,High-Waist Jeans,1,4410,2720,0,COD,No
704974,2025-03-02,C100556,Karachi,Store,Jeans,Slim Fit Jeans,3,3690,2250,0,Wallet,No
700893,2024-12-18,C101636,Karachi,Online,Dresses,Maxi Dress,1,4450,2390,25,Wallet,No
705013,2023-09-11,C100040,Karachi,Store,Dresses,Bodycon Dress,1,3960,1980,0,Card,No
704544,2025-06-06,C100150,Multan,Store,Accessories,Leather Belt,1,1200,690,0,COD,No
705174,2024-04-21,C100195,Lahore,Online,Jeans,Straight Leg Jeans,2,3250,1530,10,Wallet,No
703416,2024-01-28,C100075,Karachi,Online,Shoes,Boots,1,6660,3960,10,COD,No
702433,2025-01-29,C101842,Lahore,Online,Jackets,Denim Jacket,1,5580,2850,0,COD,No
700540,2023-08-26,C101397,Peshawar,Online,Accessories,Sunglasses,1,2210,1310,0,Bank Transfer,No
702488,2023-09-13,C102153,Faisalabad,Online,Accessories,Sunglasses,1,2370,1120,0,Bank Transfer,No
702900,2025-02-05,C100949,,Online,T-Shirts,Classic Cotton Tee,0,1180,560,0,Card,No
701550,2024-09-18,C101565,Karachi,Online,T-Shirts,Classic Cotton Tee,1,1270,620,0,Bank Transfer,No
700910,2024-01-21,C101606,Sialkot,Store,Jackets,Hooded Jacket,3,4940,2530,0,Wallet,No
700573,2023-08-13,C101795,Karachi,Store,Dresses,Wrap Dress,1,4080,2290,0,Card,No
702380,2025-03-05,C101731,Lahore,Store,Shoes,Sneakers,1,4390,2070,0,COD,No
700931,2024-02-25,C101898,Lahore,Online,Jackets,Hooded Jacket,1,5170,3360,0,,Yes
700387,2024-03-14,C101998,Multan,Online,SHOES,Loafers,2,5090,2810,10,Bank Transfer,No
703421,2025-03-18,C101598,Faisalabad,Online,Jeans,Ripped Jeans,2,3780,2050,0,Wallet,No
702092,2025-05-19,C101322,Lahore,Store,Shoes,Boots,3,6700,3620,10,Wallet,No
702068,2023-07-25,C101995,Faisalabad,Online,Dresses,Wrap Dress,1,4100,2310,0,COD,No
700372,2024-05-09,C101385,Lahore,Online,Shoes,Sandals,3,2680,1270,15,Card,No
703254,2023-08-03,C100431,Faisalabad,Online,T-Shirts,Classic Cotton Tee,1,1170,570,10,Card,No
703959,2025-03-24,C100452,Rawalpindi,Online,Jeans,Ripped Jeans,1,3760,2020,0,Card,No
701792,2025-06-08,C100145,Karachi,Online,T-Shirts,Classic Cotton Tee,1,1180,630,0,Bank Transfer,No
704532,2023-12-26,C100439,Islamabad,Online,Dresses,Maxi Dress,2,4500,2170,10,Card,No
703469,2023-12-23,C102103,Peshawar,Online,Jackets,Bomber Jacket,0,5560,2720,30,COD,No
704837,2024-10-04,C100787,Karachi,Store,Jackets,Hooded Jacket,1,5110,2730,0,Card,No
701102,2025-01-24,C100935,Lahore,Online,Accessories,Tote Bag,1,1710,900,0,COD,No
704842,2024-06-03,C101752,PESHAWAR,Store,Dresses,Maxi Dress  ,2,4830,2430,0,COD,No
700465,2025-04-26,C100230,Lahore,Store,Shoes,Loafers,2,5360,3190,15,Card,No
704450,2024-11-27,C101038,Karachi,Store,T-Shirts,Polo Shirt,1,2300,1120,25,Card,No
701872,2023-09-24,C100510,,Store,Shoes,Sandals,1,2800,1540,0,Card,No
702007,2024-01-03,C102091,Multan,Online,Accessories,Baseball Cap,2,920,590,0,Card,No
700670,2023-10-04,C100694,Peshawar,Online,Accessories,Baseball Cap,2,920,470,0,Card,No
702847,2024-04-19,C100016,Islamabad,Store,Dresses,Wrap Dress,1,4060,2610,10,Card,No
702151,2024-10-17,C100595,Karachi,Online,Dresses,Wrap Dress,1,4120,2190,15,COD,Yes
703517,2024-04-29,C100774,Lahore,Store,kurtas,Festive Kurta,2,4190,2440,0,Wallet,No
700710,2024-02-26,C100505,Faisalabad,Online,Jackets,Hooded Jacket,1,4970,2590,10,Card,No
704875,2023-12-02,C101188,Lahore,Online,Kurtas,Cotton Kurta,1,1970,1000,20,COD,No
703983,2024-06-15,C101161,Rawalpindi,Store,Kurtas,Embroidered Kurta,1,2860,1530,0,Bank Transfer,No
704223,2023-08-12,C101608,Karachi,Store,Kurtas,Printed Kurta,1,2500,1290,0,Card,No
700990,2025-05-11,C101815,Islamabad,Store,Kurtas,Festive Kurta,1,4150,2600,10,Wallet,No
700556,2025-05-09,C101725,Lahore,Online,T-Shirts,Classic Cotton Tee,1,1290,740,20,COD,No
702848,2024-05-21,C100544,Lahore,Online,Dresses,Maxi Dress,1,4340,2510,0,COD,No
701251,2024-03-17,C100066,Islamabad,Store,Accessories,Baseball Cap,1,890,450,0,Wallet,No
703463,2025-05-23,C100892,Lahore,Store,T-Shirts,Classic Cotton Tee,2,1280,750,0,COD,No
704103,2023-08-18,C100977,Karachi,Store,Shoes,Sneakers  ,3,4360,2440,0,Card,No
700495,2023-08-14,C100255,Faisalabad,Store,Accessories,Baseball Cap,1,880,500,15,Card,No
703205,2024-05-10,C100849,Sialkot,Store,Kurtas,Embroidered Kurta,2,2820,1760,10,COD,No
700057,2025-06-13,C100229,Lahore,Online,Accessories,Leather Belt,1,1280,650,0,Wallet,No
700825,2023-08-02,C101223,Rawalpindi,Store,T-Shirts,Oversized Tee,2,1730,1060,0,Bank Transfer,No
702626,2025-01-09,C100369,Peshawar,Online,Jackets,Denim Jacket,1,5830,3320,15,Card,No
703601,2024-08-09,C101782,Karachi,Store,T-Shirts,Graphic Print Tee,1,1470,730,10,COD,No
704148,2024-12-12,C101940,Lahore,Online,Shoes,Loafers,1,5590,3350,0,Card,No
700695,2024-06-28,C102091,Multan,Store,Kurtas,Printed Kurta,1,2320,1500,0,COD,No
701990,2023-07-10,C101189,Rawalpindi,Store,Jeans,Straight Leg Jeans,1,3320,1890,15,Bank Transfer,No
704015,2025-04-06,C101213,Karachi,Online,Shoes,Sandals,2,2890,1790,15,COD,Yes
701288,2023-11-19,C101845,Islamabad,Store,Shoes,Boots,1,6880,3760,20,COD,No
703326,2023-10-01,C100049,Lahore,Store,Shoes,Boots,2,6900,3310,15,Card,No
705194,2023-08-05,C101597,Lahore,Store,Dresses,Wrap Dress,1,3820,2190,0,Card,No
700545,2025-02-26,C100943,Karachi,Online,Dresses,Wrap Dress,3,4290,2600,0,COD,No
700148,2024-01-17,C102146,Lahore,Online,Kurtas,Cotton Kurta,1,1850,1160,15,Card,No
702312,2023-09-20,C100211,Islamabad,Store,Jackets,Bomber Jacket,2,5350,2710,0,COD,No
703608,2023-12-13,C100196,Islamabad,Online,Dresses,Summer Floral Dress,3,3300,1880,15,COD,No
704285,2023-10-07,C100003,Rawalpindi,Online,Jeans,High-Waist Jeans,2,4480,2810,10,Wallet,No
704897,2025-03-23,C100687,Sialkot,Online,Accessories,Tote Bag,2,1560,720,0,Bank Transfer,No
704302,2025-03-17,C101475,islamabad,Online,T-Shirts,Classic Cotton Tee,1,1160,650,0,COD,No
702782,2023-07-03,C100397,Karachi,Online,T-Shirts,Oversized Tee,2,1940,1080,0,COD,No
701644,2025-01-07,C101944,Multan,Store,SHOES,Sneakers,1,4640,2490,0,COD,No
704999,2024-10-19,C101293,Karachi,Store,Jeans,Straight Leg Jeans,2,3250,1670,0,Wallet,No
703809,2024-01-05,C100822,Karachi,Store,Kurtas,Cotton Kurta,2,1990,1180,10,Wallet,No
701370,2024-01-30,C100827,Lahore,Store,Accessories,Baseball Cap,2,900,470,10,Wallet,No
704591,2025-05-08,C100092,Karachi,Online,T-Shirts,Graphic Print Tee,2,1490,970,15,Card,No
702404,2023-10-30,C100065,Islamabad,Online,Shoes,Sandals,3,2930,1510,10,Wallet,No
703708,2024-11-12,C100363,Lahore,Online,Kurtas,Festive Kurta,1,4160,2460,15,Wallet,No
703042,2024-07-14,C100005,Sialkot,Online,T-Shirts,Polo Shirt,1,2380,1450,0,Card,No
702928,2023-07-22,C100809,Sialkot,Store,Jeans,Straight Leg Jeans,2,3120,1430,0,COD,Yes
704950,2024-01-28,C101482,Islamabad,Online,Accessories,Leather Belt,2,1150,610,0,COD,No
704458,2023-12-26,C100402,Faisalabad,Online,Kurtas,Festive Kurta,2,4250,2080,20,COD,No
701437,2024-07-02,C100339,Peshawar,Online,Accessories,Tote Bag,2,1650,870,15,Card,No
700294,2023-12-15,C100637,Rawalpindi,Online,Kurtas,Cotton Kurta,2,1880,1130,0,Wallet,No
701981,2023-10-31,C100869,Lahore,Online,Accessories,Sunglasses,1,2330,1180,0,COD,No
704149,2025-01-27,C100739,Karachi,Online,Accessories,Leather Belt,2,1200,580,10,COD,Yes
701702,2023-09-26,C100616,Faisalabad,Store,Accessories,Tote Bag,1,1630,820,10,COD,No
701823,2024-05-01,C101207,Karachi,Store,T-Shirts,Polo Shirt,2,2320,1360,0,COD,No
702567,2025-04-21,C100051,Lahore,Online,Shoes,Boots,1,6310,3840,20,COD,Yes
701430,2025-04-24,C100980,Sialkot,Store,T-Shirts,Oversized Tee,1,1870,1060,0,COD,No
704215,2025-01-10,C100872,Sialkot,Online,T-Shirts,Oversized Tee,2,1880,1200,0,Card,No
702876,2023-12-07,C101362,Islamabad,Store,T-Shirts,Polo Shirt,1,2230,1190,30,COD,No
700961,2024-12-23,C100902,lahore,Store,T-Shirts,Oversized Tee,1,1910,1000,15,COD,Yes
703278,2025-06-17,C101757,Sialkot,Online,T-Shirts,Polo Shirt,2,2330,1340,10,Card,No
700699,2024-09-11,C101752,Peshawar,Store,Shoes,Loafers,2,5260,3150,0,COD,No
703714,2023-08-04,C100569,Islamabad,Store,Shoes,Boots,3,6290,4070,10,COD,No
704170,2024-04-23,C100590,Peshawar,Online,Jackets,Puffer Jacket,2,7330,3610,20,COD,No
702377,2025-01-04,C100717,Lahore,Online,Kurtas,Embroidered Kurta,2,2980,1660,10,COD,No
702844,2024-02-23,C100741,Lahore,Online,Jeans,Ripped Jeans,1,4050,2540,0,Bank Transfer,No
701047,2024-11-25,C100354,Karachi,Online,Jeans,Straight Leg Jeans,2,3050,1870,15,Bank Transfer,Yes
702959,2024-06-03,C102155,Multan,Store,Dresses,Wrap Dress,1,4020,2290,0,COD,No
701325,2024-03-08,C100580,Karachi,Online,Accessories,Tote Bag,1,1590,990,0,Card,No
700409,2024-11-30,C100870,Faisalabad,Store,Jackets,Hooded Jacket,1,4670,2670,20,Card,No
702158,2023-08-29,C101282,Karachi,Store,Shoes,Boots,1,6820,4100,0,Card,Yes
703274,2024-03-10,C101946,Lahore,Store,T-Shirts,Graphic Print Tee,2,1570,820,15,Wallet,No
701196,2024-01-18,C101700,Peshawar,Online,Accessories,Tote Bag,1,1720,860,0,COD,No
704900,2023-11-05,C100564,Rawalpindi,Online,Accessories,Leather Belt,1,1180,640,20,Wallet,No
704154,2024-04-27,C101727,multan,Online,Shoes,Loafers,1,5360,3400,15,Card,No
705132,2024-06-01,C100353,Islamabad,Store,T-Shirts,Graphic Print Tee  ,1,1530,920,0,COD,No
701296,2024-05-22,C100539,Multan,Store,T-Shirts,Polo Shirt,1,2330,1350,20,Card,No
701411,2024-02-15,C100275,Karachi,Online,Jeans,High-Waist Jeans,1,4000,2600,0,COD,No
701351,2023-10-16,C100708,Karachi,Online,Kurtas,Printed Kurta,2,2340,1330,0,Card,No
701241,2023-09-24,C100284,Islamabad,Online,Jeans,Straight Leg Jeans,1,3070,1500,0,Wallet,No
704897,2025-03-23,C100687,sialkot,Online,Kurtas,Printed Kurta,1,2510,1300,10,Bank Transfer,No
704369,2024-12-30,C100399,KARACHI,Store,Jackets,Hooded Jacket,2,4780,2730,0,COD,No
704664,2024-09-01,C102156,Lahore,Store,T-Shirts,Graphic Print Tee,3,1510,950,10,Card,No
702181,2025-03-26,C100426,Lahore,Online,Accessories,Leather Belt,1,1240,760,0,Card,No
700219,2024-11-18,C100474,Karachi,Online,Jackets,Denim Jacket,1,5870,2920,0,COD,Yes
704231,2024-04-23,C102051,Lahore,Online,Accessories,Leather Belt,2,1160,550,15,Bank Transfer,No
704535,2024-04-15,C100072,Multan,Online,T-Shirts,Oversized Tee,1,1730,930,10,Card,No
704600,2024-07-14,C100036,Lahore,Online,Dresses,Summer Floral Dress,1,3090,1820,0,COD,No
704463,2023-10-01,C100369,Peshawar,Store,Jeans,Slim Fit Jeans,1,3760,1760,0,Bank Transfer,Yes
700959,2023-10-29,C100720,Islamabad,Online,Dresses,Bodycon Dress,1,3830,2320,0,COD,No
700189,2025-03-15,C100369,Peshawar,Online,Accessories,Leather Belt,1,1220,770,10,COD,No
704985,2025-01-18,C101179,Lahore,Online,Accessories,Sunglasses,2,2270,1060,0,Card,No
700802,2024-02-18,C100320,Peshawar,Online,Jackets,Bomber Jacket,2,5300,3180,0,COD,No
702031,2024-01-03,C101460,Faisalabad,Online,Shoes,Loafers,1,5240,2770,0,Card,No
700075,2024-01-31,C100726,Lahore,Online,Jeans,Ripped Jeans,3,3710,2260,0,Card,No
704916,2023-12-24,C101361,Karachi,Online,Dresses,Bodycon Dress,2,3870,2030,15,COD,Yes
703624,2025-05-27,C100445,Rawalpindi,Online,Jeans,High-Waist Jeans,1,4540,2690,0,Card,No
700061,2023-08-17,C101492,Rawalpindi,Online,T-Shirts,Polo Shirt,2,2210,1020,15,COD,No
700390,2024-05-15,C101484,Islamabad,Store,Shoes,Sneakers,3,4470,2630,15,Card,No
701355,2023-10-15,C100030,Faisalabad,Online,Shoes,Sandals,1,2760,1240,0,COD,Yes
702249,2024-03-27,C100241,Faisalabad,Online,Jeans,Ripped Jeans  ,2,3900,2330,0,COD,No
702181,2025-03-26,C100426,Lahore,Online,Jackets,Bomber Jacket,2,5240,3180,0,Card,No
703525,2024-08-05,C100560,Lahore,Online,T-Shirts,Classic Cotton Tee,1,1180,650,15,COD,No
704828,2023-09-26,C100688,Faisalabad,Store,Kurtas,Embroidered Kurta,1,2760,1340,10,COD,No
702434,2023-09-23,C100882,Peshawar,Store,Kurtas,Festive Kurta,2,4530,2190,0,COD,No
704395,2025-04-25,C101708,Multan,Online,Dresses,Wrap Dress,1,4010,2600,10,COD,No
700943,2024-05-25,C101413,Sialkot,Online,Shoes,Loafers,1,5440,2680,20,Card,No
701664,2025-03-28,C100274,Rawalpindi,Store,T-Shirts,Graphic Print Tee,2,1440,830,0,Card,No
702572,2023-12-26,C100964,Sialkot,Store,Accessories,Tote Bag,2,1540,770,20,Bank Transfer,No
702518,2024-10-26,C101233,Rawalpindi,Store,jackets,Bomber Jacket,1,4990,3070,0,COD,No
704036,2024-05-22,C102151,Lahore,Online,Kurtas,Cotton Kurta,3,1930,1130,0,COD,No
702419,2024-02-10,C101978,Faisalabad,Store,Accessories,Tote Bag,1,1530,990,0,COD,No
702439,2024-11-04,C100659,Karachi,Store,Jackets,Denim Jacket,2,5520,2550,20,COD,No
702624,2024-02-09,C101753,Faisalabad,Store,Dresses,Bodycon Dress,2,3700,1900,0,COD,No
701388,2024-05-16,C101583,Karachi,Store,Kurtas,Printed Kurta,1,2320,1360,0,COD,No
703112,2023-08-28,C100388,Lahore,Online,Shoes,Sneakers,1,4420,2030,0,Wallet,No
701017,2025-05-09,C102008,lahore,Store,SHOES,Sandals,1,2950,1730,10,COD,No
703599,2025-04-03,C102048,Lahore,Online,Shoes,Sneakers,1,4780,2460,20,Wallet,Yes
705118,2023-08-27,C100065,Islamabad,Online,Kurtas,Printed Kurta,3,2410,1090,0,COD,No
701067,2023-10-01,C102119,Lahore,Store,Kurtas,Printed Kurta,1,2520,1520,0,Card,No
702087,2024-11-24,C100652,Rawalpindi,Online,Jackets,Puffer Jacket,1,7080,3490,20,Bank Transfer,No
704362,2023-08-02,C101400,Karachi,Store,T-Shirts,Polo Shirt,3,2280,1220,0,Card,No
703270,2023-12-09,C102083,Lahore,Online,T-Shirts,Classic Cotton Tee,1,1280,720,15,COD,Yes
703889,2024-08-26,C100562,Multan,Online,Accessories,Tote Bag,3,1620,1030,10,COD,No
703369,2024-04-21,C100668,Karachi,Online,Accessories,Tote Bag,1,1560,760,0,Wallet,No
702450,2024-09-03,C101997,Karachi,Online,Dresses,Wrap Dress,1,4260,2360,10,Card,No
702101,2023-12-04,C100252,Karachi,Store,Accessories,Baseball Cap,3,940,600,15,Wallet,No
703450,2023-12-16,C101798,Islamabad,Store,Accessories,Sunglasses,1,2360,1430,30,COD,No
704056,2024-04-08,C101321,Karachi,Online,Jeans,High-Waist Jeans,1,4430,2250,0,COD,No
703955,2025-06-01,C101362,Islamabad,Store,T-Shirts,Classic Cotton Tee,1,1150,580,0,Card,No
704778,2025-03-17,C101818,Karachi,Store,Shoes,Sneakers,3,4800,2260,15,COD,No
700608,2024-11-16,C100684,Islamabad,Store,Shoes,Loafers,2,5540,2780,15,Card,Yes
700847,2025-01-22,C100241,Faisalabad,Store,Jackets,Hooded Jacket,1,5160,2910,0,COD,No
701527,2024-09-19,C101592,Sialkot,Online,Jackets,Hooded Jacket,1,5120,2680,0,COD,No
703631,2024-06-15,C100386,Rawalpindi,Store,accessories,Leather Belt,2,1180,620,0,COD,No
703893,2023-10-10,C101714,Karachi,Online,Kurtas,Cotton Kurta,1,2000,950,0,Wallet,No
700619,2024-10-22,C100256,Faisalabad,Online,Kurtas,Cotton Kurta,1,2030,1250,0,Wallet,No
704737,2024-02-07,C100858,KARACHI,Online,Shoes,Sneakers,1,4300,2720,0,Wallet,No
701253,2023-12-08,C100013,Multan,Store,Jackets,Hooded Jacket,3,4930,3110,15,COD,Yes
700720,2023-11-22,C101092,Karachi,Online,Accessories,Sunglasses,1,2290,1230,0,COD,No
702714,2024-05-01,C100553,Peshawar,Online,Kurtas,Printed Kurta,1,2540,1460,0,COD,No
703682,2024-08-31,C100831,Islamabad,Store,Dresses,Wrap Dress,1,3860,1930,15,COD,No
701756,2025-06-07,C100327,Islamabad,Online,Shoes,Sneakers,1,4750,3020,0,COD,Yes
705163,2024-01-23,C100098,Lahore,Online,Kurtas,Cotton Kurta,3,1930,870,15,COD,No
703007,2024-09-21,C100482,Islamabad,Online,Accessories,Tote Bag,2,1600,770,0,Wallet,No
705069,2025-01-16,C100697,Islamabad,Online,Accessories,Leather Belt,2,1290,730,0,Card,No
704142,2025-01-11,C100803,Islamabad,Online,Kurtas,Festive Kurta,2,4220,2490,0,Card,No
703931,2024-10-08,C101729,Karachi,Online,Accessories,Leather Belt,3,1180,760,0,COD,No
704172,2024-09-03,C100371,Karachi,Store,Kurtas,Embroidered Kurta,2,2860,1690,0,Wallet,No
701123,2025-01-12,C101947,Peshawar,Store,Jackets,Bomber Jacket,1,5300,2960,0,COD,No
701174,2025-03-11,C100563,Islamabad,Online,Shoes,Boots,1,6760,4290,0,Card,Yes
704383,2024-02-01,C101381,Lahore,Store,T-Shirts,Classic Cotton Tee,2,1240,780,0,COD,Yes
700920,2023-10-26,C101364,Karachi,Online,Jeans,High-Waist Jeans,1,4290,2040,0,Card,No
702344,2023-12-02,C100070,Lahore,Store,Shoes,Sneakers,2,4570,2290,10,COD,No
700461,2024-09-04,C101715,Faisalabad,Store,Kurtas,Cotton Kurta,3,2040,1280,0,Card,No
700700,2024-01-31,C101838,Faisalabad,Online,Accessories,Baseball Cap,2,970,530,0,Bank Transfer,No
704561,2025-03-07,C100169,Sialkot,Online,Accessories,Leather Belt,3,1270,580,0,COD,No
704208,2023-10-01,C100924,LAHORE,Online,Kurtas,Embroidered Kurta,1,2770,1480,0,COD,No
700786,2024-10-11,C101485,Lahore,Online,Accessories,Tote Bag,2,1720,950,10,Bank Transfer,No
704064,2024-12-31,C100033,Karachi,Online,Shoes,Boots,3,6460,3950,0,COD,No
700981,2025-04-04,C100652,Rawalpindi,Store,Dresses,Bodycon Dress,1,4070,2170,20,Card,No
704954,2024-05-12,C100080,Rawalpindi,Online,Shoes,Sneakers,1,4480,2420,0,Wallet,No
700807,2025-01-16,C100450,Lahore,Store,Jeans,Slim Fit Jeans,2,3520,1930,0,Bank Transfer,No
701680,2023-07-14,C100482,Islamabad,Store,Jackets,Denim Jacket,3,5550,2920,15,Wallet,No
704357,2025-04-17,C100945,Lahore,Online,T-Shirts,Graphic Print Tee,2,1610,910,20,Card,No
701201,2023-08-21,C100024,Faisalabad,Store,T-Shirts,Polo Shirt,1,2230,1210,0,Card,No
701940,2025-06-17,C101870,Karachi,Store,Accessories,Leather Belt,2,1140,600,0,COD,No
702797,2024-08-31,C101581,Karachi,Store,Kurtas,Cotton Kurta,1,2010,1070,10,COD,No
701588,2024-05-27,C100066,Islamabad,Online,T-Shirts,Polo Shirt,1,2210,1370,0,Card,No
701309,2025-04-21,C100257,Lahore,Online,Accessories,Leather Belt,2,1180,710,0,Bank Transfer,No
701439,2023-12-10,C100965,Karachi,Store,Jackets,Denim Jacket,2,5730,2750,20,Wallet,No
703908,2025-06-04,C100158,Rawalpindi,Online,T-Shirts,Graphic Print Tee,2,1520,970,0,Bank Transfer,No
704501,2024-12-19,C101591,Lahore,Store,Kurtas,Cotton Kurta,1,1820,840,15,,No
704295,2024-05-07,C101160,Lahore,Online,Kurtas,Cotton Kurta,1,1910,1210,0,Card,No
703683,2024-01-17,C101203,Rawalpindi,Online,Kurtas,Embroidered Kurta,1,2880,1500,0,Card,No
704324,2023-10-06,C101269,Karachi,Online,Shoes,Boots,1,6650,3650,0,Card,No
703703,2024-06-25,C100666,Faisalabad,Store,T-Shirts,Polo Shirt,1,2260,1110,10,Bank Transfer,No
700547,2025-04-22,C100360,Peshawar,Online,Accessories,Tote Bag,1,1640,880,15,Card,No
704451,2025-02-25,C100775,Multan,Online,T-Shirts,Graphic Print Tee,1,1520,880,0,COD,No
704572,2024-11-17,C100249,Karachi,Online,Jackets,Bomber Jacket,3,5300,2770,15,COD,No
701088,2023-10-31,C100016,ISLAMABAD,Store,Accessories,Leather Belt,2,1180,630,0,COD,No
701849,2024-01-20,C101379,Karachi,Store,Dresses,Summer Floral Dress,1,3130,2000,0,Card,No
703005,2023-08-11,C100237,Faisalabad,Online,Shoes,Sandals,1,2850,1630,0,Card,No
700833,2023-07-12,C100729,Islamabad,Online,T-Shirts,Graphic Print Tee,1,1520,910,0,COD,No
701337,2024-11-13,C101563,peshawar,Online,Jackets,Denim Jacket,1,5810,3520,30,Bank Transfer,Yes
702443,2024-04-16,C101207,Karachi,Online,Kurtas,Cotton Kurta  ,2,1880,1000,0,COD,No
705097,2024-04-27,C102191,Islamabad,Online,T-Shirts,Graphic Print Tee,1,1560,970,15,COD,Yes
700383,2024-08-11,C100310,Karachi,Online,Shoes,Sandals,2,2930,1690,15,COD,No
702693,2024-02-08,C101530,Karachi,Online,Shoes,Sneakers,1,4400,2720,0,COD,No
701394,2023-07-04,C100294,,Online,Jeans,Ripped Jeans,2,3920,2060,0,Card,No
703645,2025-06-01,C101167,Islamabad,Online,T-Shirts,Polo Shirt,1,2180,1220,0,Bank Transfer,No
702342,2024-12-08,C101769,Multan,Store,Kurtas,Embroidered Kurta,2,2750,1770,0,Card,No
705188,2024-01-23,C101446,Peshawar,Online,Shoes,Sandals,1,2700,1410,0,,Yes
702901,2025-05-10,C101484,Islamabad,Store,Dresses,Bodycon Dress,1,4010,2380,0,Card,No
700683,2024-07-13,C100183,Karachi,Store,T-Shirts,Oversized Tee,2,1910,1230,15,Card,No
704516,2024-10-02,C101835,Lahore,Online,Jeans,Slim Fit Jeans,3,3340,1910,15,COD,No
702455,2024-04-20,C100179,Faisalabad,Online,Jeans,High-Waist Jeans,1,4410,2570,10,COD,No
703427,2024-08-13,C100345,Faisalabad,Online,Jackets,Hooded Jacket,1,5030,3130,10,Card,No
701919,2025-01-26,C100345,Faisalabad,Store,Jackets,Hooded Jacket,3,4600,2530,0,COD,No
700182,2024-08-11,C102046,Karachi,Store,Dresses,Wrap Dress,1,4290,2490,0,COD,No
703139,2024-11-22,C100938,Peshawar,Online,Kurtas,Printed Kurta,2,2280,1470,15,Card,No
702649,2023-12-28,C102153,Faisalabad,Online,Dresses,Wrap Dress,2,3890,1980,0,COD,No
701393,2025-05-14,C100693,Karachi,Store,T-Shirts,Graphic Print Tee,2,1510,700,10,Bank Transfer,No
701415,2023-12-23,C101339,Karachi,Online,Kurtas,Printed Kurta,1,2500,1310,0,COD,No
703675,2024-03-30,C101797,Karachi,Online,Kurtas,Printed Kurta,1,2470,1220,0,COD,No
700655,2024-03-15,C101461,Islamabad,Store,shoes,Sneakers,1,4520,2290,10,COD,No
704582,2024-01-03,C101377,Multan,Store,Jackets,Hooded Jacket,1,5150,2760,0,Card,No
700284,2024-09-01,C101667,Lahore,Online,Jeans,Ripped Jeans,3,4100,2560,0,COD,No
702059,2024-08-21,C101853,Faisalabad,Store,Accessories,Tote Bag,1,1670,770,0,Bank Transfer,No
700360,2023-12-31,C100472,,Online,Accessories,Tote Bag,3,1690,1030,10,COD,No
700820,2024-07-26,C101452,MULTAN,Online,Kurtas,Cotton Kurta,1,1920,1090,10,Card,No
703987,2023-07-17,C100723,sialkot,Store,Kurtas,Printed Kurta,1,2430,1300,0,COD,No
701999,2024-04-15,C102044,,Store,Kurtas,Festive Kurta,2,4110,2060,10,Wallet,No
702212,2024-09-21,C100701,Karachi,Online,T-Shirts,Graphic Print Tee,1,1460,900,10,COD,No
700307,2024-01-22,C100908,Lahore,Online,Accessories,Leather Belt,1,1290,660,0,Bank Transfer,No
701821,2024-01-26,C101356,Islamabad,Online,Jeans,Straight Leg Jeans,2,3050,1790,0,Bank Transfer,No
703033,2024-11-22,C101151,Multan,Online,Kurtas,Printed Kurta,1,2500,1490,15,Bank Transfer,No
704006,2023-08-27,C102070,Multan,Online,Shoes,Sandals,1,2940,1640,0,Card,No
701507,2025-05-21,C100963,Lahore,Online,Jeans,Ripped Jeans,1,3670,1680,0,,No
700880,2025-01-30,C102051,Lahore,Store,jeans,Straight Leg Jeans,1,3430,1960,10,Card,No
704293,2024-01-30,C102144,Karachi,Online,Jackets,Hooded Jacket,1,4640,2130,0,COD,No
701161,2023-10-19,C101504,Faisalabad,Store,Dresses,Bodycon Dress,3,3820,2010,0,COD,No
700856,2024-07-09,C101535,Karachi,Store,Jackets,Puffer Jacket,1,6980,3870,10,COD,No
701418,2024-05-22,C100655,Karachi,Online,Dresses,Maxi Dress,2,4450,2640,15,Wallet,No
704082,2023-09-05,C101039,Lahore,Online,T-Shirts,Classic Cotton Tee,3,1250,770,0,COD,No
703147,2023-12-06,C100896,Karachi,Online,Dresses,Maxi Dress,1,4650,2820,0,Card,No
702374,2025-06-20,C101311,Peshawar,Store,Accessories,Baseball Cap,1,870,560,0,Card,No
702273,2025-01-07,C102172,Islamabad,Store,Accessories,Tote Bag,2,1590,880,10,COD,No
702593,2024-10-27,C100198,Lahore,Store,Dresses,Maxi Dress,2,4680,2270,0,COD,No
701770,2025-01-04,C100563,Islamabad,Store,Jeans,Straight Leg Jeans,1,3080,1910,10,Bank Transfer,No
704553,2024-06-21,C101039,Lahore,Store,Shoes,Boots,2,6860,4140,0,Card,No
704198,2023-12-06,C100638,Faisalabad,Online,Accessories,Tote Bag,1,1680,910,15,Card,No
702489,2025-01-24,C100623,Karachi,Online,Kurtas,Festive Kurta,3,4490,2280,15,COD,Yes
701868,2023-11-09,C102095,Karachi,Online,T-Shirts,Oversized Tee,1,1910,1080,10,Wallet,No
703188,2025-06-13,C101344,Sialkot,Online,Accessories,Sunglasses,1,2170,1040,0,Card,No
702985,2024-09-12,C101339,Karachi,Store,Jackets,Bomber Jacket,1,5160,2620,10,Card,No
702111,2024-03-12,C101547,faisalabad,Online,Shoes,Sneakers,2,4670,2700,0,Bank Transfer,No
704395,2025-04-25,C101708,Multan,Online,Dresses,Bodycon Dress,1,4010,2390,10,COD,No
701337,2024-11-13,C101563,Peshawar,Online,Dresses,Bodycon Dress,1,3880,1930,20,Bank Transfer,No
701108,2025-02-24,C100187,Lahore,Online,Jackets,Denim Jacket,1,5790,3660,0,Card,No
705105,2025-04-19,C101314,Lahore,Online,Jeans,Slim Fit Jeans,3,3640,2130,0,COD,No
701906,2024-05-19,C101001,Karachi,Online,T-Shirts,Polo Shirt,1,2230,1240,0,Card,No
700304,2024-07-22,C101218,Rawalpindi,Store,Shoes,Loafers,1,5350,3270,10,Bank Transfer,No
704006,2023-08-27,C102070,Multan,Online,Jeans,Slim Fit Jeans,3,3570,2200,0,Card,No
705019,2025-04-25,C100926,Lahore,Online,Jeans,Slim Fit Jeans,2,3550,1730,20,Card,No
702935,2023-08-07,C101384,Sialkot,Online,T-Shirts,Classic Cotton Tee,3,1270,720,0,Card,No
701532,2023-11-26,C100706,Faisalabad,Online,Accessories,Leather Belt,2,1250,730,15,Card,No
701132,2023-12-24,C100270,Lahore,Online,T-Shirts,Classic Cotton Tee,1,1200,580,20,Card,No
702815,2023-09-30,C101147,Faisalabad,Online,Accessories,Baseball Cap,3,890,580,0,Wallet,No
703568,2023-07-24,C100781,Peshawar,Store,Jeans,Slim Fit Jeans,1,3570,1850,0,COD,No
700041,2024-01-21,C101935,Lahore,Store,T-Shirts,Graphic Print Tee,2,1500,950,0,COD,No
700449,2023-09-25,C101202,Multan,Online,Jackets,Hooded Jacket,1,4630,2950,0,COD,No
700852,2024-04-15,C101355,Lahore,Store,Dresses,Maxi Dress,2,4330,2740,0,COD,No
700998,2024-12-27,C100407,Multan,Online,Jeans,Ripped Jeans,1,3710,2020,20,COD,No
702873,2025-04-03,C100369,Peshawar,Online,Accessories,Baseball Cap,1,910,540,0,Wallet,No
700399,2025-06-09,C102140,Peshawar,Online,T-Shirts,Oversized Tee,1,1810,1120,0,Card,No
704205,2023-09-17,C100696,Faisalabad,Online,Accessories,Baseball Cap,2,870,490,10,COD,No
702720,2024-03-16,C102032,Karachi,Online,Kurtas,Festive Kurta,2,4230,2300,10,Card,No
704410,2023-08-17,C102072,Karachi,Online,Shoes,Sandals,1,2790,1660,15,Bank Transfer,Yes
701327,2025-01-06,C100408,Lahore,Online,Jeans,Straight Leg Jeans,3,3250,1670,0,Card,No
702607,2024-02-26,C100156,Karachi,Online,T-Shirts,Graphic Print Tee,1,1450,770,15,COD,No
701307,2024-05-05,C100716,islamabad,Store,SHOES,Sneakers,3,4640,2300,10,,No
704837,2024-10-04,C100787,Karachi,Store,Jeans,Straight Leg Jeans,1,3290,1730,0,Card,No
701304,2024-10-02,C100224,Karachi,Online,Shoes,Boots,1,6680,3680,0,Card,No
705163,2024-01-23,C100098,Lahore,Online,Dresses,Summer Floral Dress,1,3220,1940,0,COD,Yes
702383,2024-07-30,C100787,Karachi,Online,Dresses,Wrap Dress,1,4310,2330,10,Card,No
703945,2023-12-26,C100212,Lahore,Online,Jackets,Denim Jacket,3,5290,3100,0,COD,No
700701,2023-10-10,C101776,Rawalpindi,Online,Jeans,High-Waist Jeans,1,4390,2370,10,Wallet,No
701056,2023-07-04,C102011,Karachi,Store,Shoes,Loafers,1,5380,2620,0,Card,No
704203,2024-12-08,C100379,Rawalpindi,Store,Kurtas,Printed Kurta,1,2370,1350,20,COD,No
700143,2024-08-21,C100335,Islamabad,Online,Accessories,Leather Belt,1,1260,710,0,COD,No
704932,2025-06-09,C101391,Multan,Online,Shoes,Sandals,1,2990,1870,0,Bank Transfer,No
700128,2024-08-06,C101790,Faisalabad,Store,Accessories,Tote Bag,1,1610,840,10,Wallet,No
703269,2024-08-11,C100234,Peshawar,Store,Shoes,Sneakers,1,4530,2460,0,COD,No
703865,2024-08-01,C100168,Karachi,Online,Accessories,Tote Bag,1,1620,1020,10,COD,No
700271,2023-07-23,C101797,,Store,Jackets,Denim Jacket,1,5630,3110,0,Card,No
704871,2024-08-06,C100888,Lahore,Online,Accessories,Leather Belt,3,1200,640,0,COD,No
704488,2025-01-26,C101378,Islamabad,Store,Jeans,Straight Leg Jeans,2,3180,1990,0,Card,Yes
700843,2025-03-25,C101304,Multan,Online,Accessories,Leather Belt,1,1170,760,0,Card,No
704135,2025-03-13,C102140,Peshawar,Online,Jeans,High-Waist Jeans,1,4130,2290,0,Wallet,Yes
700256,2023-11-15,C100795,Karachi,Online,Dresses,Bodycon Dress,1,3700,2350,20,Wallet,No
703600,2025-02-04,C101420,Rawalpindi,Store,Shoes,Boots,3,6740,4290,0,Card,No
703963,2024-05-07,C100528,Faisalabad,Online,Dresses,Bodycon Dress,2,3770,1850,0,Card,No
701322,2024-11-07,C100036,Lahore,Online,Dresses,Wrap Dress,1,4130,2650,30,COD,No
703314,2024-07-31,C100697,islamabad,Store,Shoes,Sneakers,3,4540,2120,0,Card,No
702468,2025-05-08,C100151,Peshawar,Store,Dresses,Maxi Dress,1,4660,2200,10,COD,No
704724,2024-06-12,C101375,Lahore,Online,Shoes,Loafers,2,5420,3500,0,COD,No
705126,2024-03-18,C100608,FAISALABAD,Online,Kurtas,Embroidered Kurta,2,2690,1740,0,Card,No
703597,2024-01-21,C100191,Lahore,Online,Kurtas,Festive Kurta,1,4060,2300,0,Card,No
701641,2024-10-02,C101368,Lahore,Online,kurtas,Festive Kurta,1,4230,2130,0,Card,No
701057,2024-12-16,C102151,Lahore,Store,Jackets,Puffer Jacket,1,6540,3710,20,Wallet,No
703680,2024-09-15,C100785,Karachi,Store,T-Shirts,Oversized Tee,2,1780,880,10,COD,No
703528,2023-09-18,C101580,Peshawar,Online,Jackets,Hooded Jacket,1,5050,3020,0,COD,No
702536,2024-12-22,C100418,Lahore,Online,Shoes,Loafers,3,5130,3180,25,Wallet,No
700402,2024-04-03,C101540,Multan,Online,Dresses,Maxi Dress,3,4650,2170,15,Bank Transfer,No
703595,2023-07-27,C100152,Lahore,Online,Dresses,Maxi Dress,1,4450,2070,0,COD,No
704582,2024-01-03,C101377,Multan,Store,Accessories,Baseball Cap,2,920,470,10,Card,No
704509,2024-02-21,C100543,,Store,Accessories,Baseball Cap,1,950,520,0,COD,No
704780,2025-05-15,C100036,Lahore,Online,Shoes,Sandals,2,2830,1830,0,COD,No
703068,2024-08-10,C102011,Karachi,Online,Accessories,Baseball Cap,2,910,540,0,Card,No
700927,2023-11-07,C101810,Lahore,Store,Shoes,Loafers,2,5140,2370,15,Bank Transfer,Yes
703624,2025-05-27,C100445,Rawalpindi,Online,Accessories,Baseball Cap,1,870,500,10,Card,No
701337,2024-11-13,C101563,Peshawar,Online,Jeans,High-Waist Jeans,1,4510,2820,20,Bank Transfer,No
703784,2025-01-26,C100735,Rawalpindi,Online,Kurtas,Cotton Kurta,2,1920,1150,15,Bank Transfer,No
701224,2024-09-18,C101347,Karachi,Online,Shoes,Sneakers,3,4580,2680,0,Card,No
704115,2023-12-19,C101138,Lahore,Store,Shoes,Sandals,1,2910,1870,15,Wallet,No
700393,2024-03-14,C101422,Karachi,Online,DRESSES,Summer Floral Dress,1,3250,1930,0,Card,No
705173,2024-07-05,C100473,Lahore,Online,Accessories,Sunglasses,1,2150,1140,0,COD,No
703810,2024-06-14,C101452,Multan,Store,Accessories,Baseball Cap,1,880,430,0,COD,No
700887,2025-01-21,C100041,,Online,Dresses,Maxi Dress,2,4390,2410,0,COD,No
703465,2025-05-04,C101218,Rawalpindi,Online,Jeans,Straight Leg Jeans,2,3150,1690,10,Card,No
703841,2023-08-31,C101019,Karachi,Online,Jackets,Puffer Jacket,2,6700,3430,0,Bank Transfer,No
701061,2023-11-18,C101174,Islamabad,Online,Dresses,Bodycon Dress,3,3810,2070,30,Card,No
703614,2023-09-04,C100128,Lahore,Store,T-Shirts,Oversized Tee,1,1760,790,10,Wallet,No
700750,2023-10-21,C102132,Sialkot,Store,Shoes,Sandals,1,2910,1730,0,COD,No
702240,2023-11-20,C100553,Peshawar,Online,Shoes,Sandals,1,2700,1620,15,Wallet,No
701563,2024-02-08,C100592,Karachi,Store,Shoes,Sneakers,2,4580,2160,0,Bank Transfer,No
703076,2024-05-22,C100880,Karachi,Online,Accessories,Baseball Cap,2,930,500,10,Card,No
704412,2023-07-08,C100970,Lahore,Online,Jeans,Slim Fit Jeans,1,3420,1560,0,Card,No
704545,2025-03-14,C100252,Karachi,Online,Jeans,Straight Leg Jeans,1,3310,1720,0,COD,No
701361,2023-07-07,C100540,Sialkot,Online,T-Shirts,Graphic Print Tee,1,1550,990,10,Wallet,No
700217,2024-02-20,C101160,Lahore,Online,Kurtas,Printed Kurta,1,2310,1210,0,Card,No
703536,2023-11-10,C101763,Lahore,Store,Shoes,Sneakers,3,4790,2660,20,Wallet,No
700811,2025-05-11,C101717,Islamabad,Online,Accessories,Tote Bag,3,1680,790,10,Card,No
701215,2025-01-27,C101525,Lahore,Online,Accessories,Leather Belt,2,1210,700,15,Card,No
704173,2025-01-14,C100342,Faisalabad,Online,Accessories,Tote Bag,3,1600,960,15,Bank Transfer,No
700269,2024-12-29,C102119,Lahore,Store,Kurtas,Printed Kurta,3,2390,1420,0,Card,No
701233,2024-04-23,C100436,Lahore,Online,Kurtas,Printed Kurta,1,2390,1390,10,COD,No
702262,2024-11-30,C100573,Faisalabad,Store,Accessories,Sunglasses,3,2340,1400,15,COD,No
700486,2025-06-06,C100085,Lahore,Store,T-Shirts,Classic Cotton Tee,2,1200,610,15,COD,No
701646,2024-06-18,C101009,Karachi,Online,Dresses,Wrap Dress,2,4260,2190,0,Card,No
703978,2023-10-13,C101462,Lahore,Online,Dresses,Wrap Dress,3,3960,1900,0,Card,No
702525,2024-10-04,C100391,Lahore,Store,Kurtas,Printed Kurta,1,2580,1610,0,Card,Yes
701819,2025-04-27,C100481,Lahore,Online,SHOES,Loafers,1,5160,2800,15,COD,No
703022,2023-10-15,C101378,Islamabad,Store,Dresses,Summer Floral Dress,2,3270,1580,10,COD,No
700563,2024-07-23,C100731,Lahore,Online,Dresses,Summer Floral Dress,2,3210,1540,0,Wallet,No
701454,2024-03-16,C101853,Faisalabad,Online,Accessories,Baseball Cap,1,880,430,0,COD,No
705131,2024-11-26,C100802,Peshawar,Store,T-Shirts,Classic Cotton Tee,1,1170,580,15,Wallet,No
704834,2024-10-24,C100793,Lahore,Online,Jeans,Ripped Jeans  ,1,3860,2440,10,COD,No
703406,2025-03-12,C101290,Karachi,Online,Dresses,Wrap Dress,1,4170,2100,0,Wallet,No
704079,2024-02-09,C101358,Rawalpindi,Online,Dresses,Summer Floral Dress,2,3160,1600,0,COD,No
705127,2023-11-17,C101210,Faisalabad,Store,Kurtas,Embroidered Kurta,1,3020,1650,20,COD,No
702426,2025-05-04,C100165,Karachi,Online,Shoes,Boots,1,6580,3860,10,Card,No
701280,2023-08-16,C101415,Faisalabad,Online,Shoes,Sandals,2,3010,1530,0,Wallet,No
700984,2024-09-12,C101915,Lahore,Online,Jeans,Slim Fit Jeans,1,3710,2030,0,Bank Transfer,Yes
701332,2024-07-21,C101817,Karachi,Store,T-Shirts,Classic Cotton Tee,3,1210,730,0,Wallet,No
700438,2023-08-15,C100151,Peshawar,Store,Shoes,Sneakers,1,4320,2590,0,COD,No
704644,2023-07-10,C100654,Multan,Online,dresses,Summer Floral Dress,1,3350,1510,10,Card,No
701771,2024-04-24,C101220,Lahore,Online,Dresses,Wrap Dress,1,4120,2220,20,COD,No
700483,2023-09-25,C100050,Lahore,Online,Kurtas,Cotton Kurta,3,1910,910,0,Wallet,No
700353,2024-12-03,C100897,Lahore,Store,Jackets,Denim Jacket,2,5840,2760,20,Card,No
700929,2023-10-14,C101019,Karachi,Online,Jeans,Slim Fit Jeans,3,3720,2410,10,Bank Transfer,No
703036,2024-06-26,C100040,Karachi,Online,Jeans,Straight Leg Jeans,1,3210,1890,0,Card,No
700232,2023-11-18,C100380,Islamabad,Store,Jeans,High-Waist Jeans,1,4140,1870,30,Card,No
704110,2023-08-20,C100631,Multan,Store,Jeans,Straight Leg Jeans,1,3340,1670,0,COD,No
703177,2024-02-29,C101504,Faisalabad,Store,Jackets,Bomber Jacket,1,5340,2920,0,COD,No
705069,2025-01-16,C100697,Islamabad,Online,Accessories,Baseball Cap,1,900,470,0,Card,No
704179,2024-06-03,C100999,Karachi,Store,Dresses,Bodycon Dress,2,3940,1880,0,,No
704084,2023-07-08,C101890,Lahore,Online,Kurtas,Printed Kurta,3,2310,1050,0,Wallet,No
701150,2024-10-05,C100155,Rawalpindi,Online,T-Shirts,Oversized Tee,1,1870,1060,0,COD,No
702248,2024-07-05,C100016,Islamabad,Store,T-Shirts,Classic Cotton Tee,1,1290,720,0,COD,No
701548,2023-12-24,C102129,Lahore,Store,Jackets,Denim Jacket  ,1,5770,3280,10,Card,No
701115,2023-11-13,C100833,Rawalpindi,Online,Kurtas,Embroidered Kurta,1,3000,1800,15,COD,No
703003,2024-12-18,C101934,Rawalpindi,Online,Jackets,Puffer Jacket,1,7030,4070,30,COD,No
700743,2025-01-26,C102187,Islamabad,Online,Jackets,Bomber Jacket,1,4990,3030,10,,No
704867,2024-05-27,C101322,Lahore,Online,Shoes,Sneakers,1,4710,2240,0,Bank Transfer,No
703098,2024-08-26,C100403,Lahore,Online,Accessories,Sunglasses  ,3,2130,1200,0,Card,No
700187,2024-08-30,C100010,Karachi,Online,Dresses,Bodycon Dress,1,3970,2330,0,COD,No
705001,2024-09-12,C102101,,Online,Accessories,Sunglasses,2,2160,1280,0,Wallet,No
701294,2024-01-13,C100363,Lahore,Store,Accessories,Baseball Cap,1,930,540,0,Card,No
702812,2023-10-19,C101686,Islamabad,Online,Jackets,Puffer Jacket,1,7010,3620,0,COD,Yes
704906,2025-05-04,C101473,Karachi,Store,Kurtas,Festive Kurta,1,4430,2880,0,COD,No
702795,2023-11-16,C100544,Lahore,Online,Shoes,Boots,3,6910,3360,30,COD,No
702872,2025-06-28,C100793,Lahore,Store,Shoes,Sandals,1,2870,1780,15,Card,No
704278,2025-06-28,C100966,Sialkot,Online,Kurtas,Cotton Kurta,1,2030,1020,0,Card,No
703365,2025-03-04,C100870,Faisalabad,Store,T-Shirts,Polo Shirt,1,2300,1080,10,COD,No
700783,2024-08-11,C100302,Islamabad,Online,Shoes,Sneakers,2,4300,2400,0,COD,No
700757,2024-10-22,C100769,Islamabad,Store,Accessories,Sunglasses,2,2290,1240,0,COD,No
700500,2024-04-01,C101341,Faisalabad,Online,Shoes,Boots,1,6880,4060,10,Wallet,No
704906,2025-05-04,C101473,Karachi,Store,Kurtas,Festive Kurta,1,4430,2880,0,COD,No
704321,2025-04-25,C100140,Karachi,Store,Dresses,Maxi Dress,1,4560,2370,20,COD,No
702691,2025-02-10,C101072,Karachi,Online,dresses,Summer Floral Dress,2,3370,1840,15,COD,No
702780,2023-12-07,C100914,Sialkot,Store,Jeans,High-Waist Jeans,1,4220,2730,15,COD,No
701443,2024-10-04,C101194,Multan,Online,Jeans,Slim Fit Jeans,1,3490,2050,15,Wallet,No
704786,2024-03-05,C100061,Karachi,Store,T-Shirts,Polo Shirt,1,2190,1090,0,COD,No
702514,2024-05-16,C100722,Lahore,Online,Dresses,Maxi Dress  ,3,4320,2630,15,COD,No
703024,2023-07-18,C101853,Faisalabad,Online,T-Shirts,Graphic Print Tee,1,1560,860,0,Card,No
701097,2023-12-25,C100421,Lahore,Store,Jeans,Straight Leg Jeans,2,3100,1600,0,Card,No
701098,2024-05-09,C101632,Rawalpindi,Online,T-Shirts,Classic Cotton Tee,1,1140,730,0,Card,No
700271,2023-07-23,C101797,Karachi,Store,Shoes,Boots,1,6830,3650,0,Card,Yes
700995,2023-08-08,C101843,Sialkot,Store,Dresses,Bodycon Dress,1,3810,1960,0,Bank Transfer,No
704740,2025-01-22,C101304,Multan,Store,Shoes,Sneakers,1,4450,2300,0,COD,No
704079,2024-02-09,C101358,Rawalpindi,Online,Jeans,High-Waist Jeans,1,4240,2280,0,COD,No
704968,2024-09-06,C102042,Islamabad,Store,Accessories,Leather Belt,1,1180,730,15,Card,No
703814,2024-06-13,C100218,Peshawar,Online,T-Shirts,Polo Shirt,2,2110,1060,0,COD,No
701823,2024-05-01,C101207,Karachi,Store,Shoes,Boots,2,7010,3790,0,COD,No
702859,2024-10-09,C100498,Karachi,Store,Kurtas,Embroidered Kurta,1,2680,1350,0,Card,No
704078,2025-04-07,C101389,Lahore,Store,Accessories,Baseball Cap,3,930,420,10,COD,No
701052,2024-01-17,C100144,Karachi,Online,Jeans,High-Waist Jeans,1,4450,2360,0,COD,No
705086,2023-07-07,C102146,Lahore,Online,Shoes,Boots,2,6730,3290,0,COD,No
702539,2025-06-01,C100098,Lahore,Online,Dresses,Bodycon Dress,1,3980,2530,0,Bank Transfer,Yes
704002,2024-09-14,C100757,Peshawar,Store,Jeans,High-Waist Jeans,2,4090,2260,0,Card,No
704121,2024-06-09,C100416,Lahore,Online,T-Shirts,Oversized Tee,1,1760,820,0,COD,No
704027,2025-01-13,C100776,Islamabad,Online,Shoes,Loafers,3,5110,2760,0,Card,No
700040,2024-10-25,C100157,Rawalpindi,Store,Jackets,Puffer Jacket,1,6820,3910,0,Card,No
701685,2024-11-04,C100712,Faisalabad,Online,T-Shirts,Graphic Print Tee,3,1560,750,10,COD,No
704596,2023-09-09,C101448,Islamabad,Online,Shoes,Loafers,1,5560,2940,0,Card,Yes
702215,2023-10-03,C100847,Rawalpindi,Online,Jeans,Ripped Jeans,1,3930,2380,0,COD,No
703136,2024-04-04,C100241,Faisalabad,Online,Dresses,Bodycon Dress,1,4070,2100,0,Card,No
702392,2024-04-07,C100105,Rawalpindi,Online,Dresses,Summer Floral Dress,1,3130,1580,0,Card,Yes
701832,2023-08-31,C101575,Lahore,Online,Kurtas,Cotton Kurta,2,1870,900,15,Card,No
701295,2023-12-16,C101271,,Online,Jackets,Hooded Jacket,2,5100,2640,10,COD,No
701254,2024-07-15,C100738,Karachi,Store,T-Shirts,Oversized Tee,2,1760,1100,0,Card,No
701382,2025-06-08,C101799,Islamabad,Online,Kurtas,Cotton Kurta,2,1840,920,15,Card,No
700270,2025-01-17,C100341,Sialkot,Store,Accessories,Baseball Cap,1,940,600,0,Card,No
704443,2025-04-06,C101710,Faisalabad,Online,Kurtas,Cotton Kurta,1,2010,1060,0,Card,No
701598,2024-12-03,C101407,,Online,Accessories,Leather Belt,2,1220,660,20,Card,No
704885,2023-07-14,C100479,Karachi,Online,Accessories,Leather Belt,1,1290,790,0,COD,No
700525,2024-03-16,C100726,Lahore,Online,T-Shirts,Graphic Print Tee,1,1520,740,0,COD,No
703313,2023-07-25,C100097,Lahore,Store,Dresses,Summer Floral Dress,1,3250,2110,0,COD,No
700152,2024-08-18,C100247,Karachi,Online,T-Shirts,Classic Cotton Tee,1,1280,780,0,Card,No
704433,2024-05-27,C101759,Peshawar,Online,Dresses,Wrap Dress,3,4250,2150,0,COD,No
701395,2024-02-29,C102045,Lahore,Online,T-Shirts,Polo Shirt,1,2100,1270,0,COD,No
704600,2024-07-14,C100036,Lahore,Online,Accessories,Sunglasses,-2,2110,1150,0,COD,No
701889,2024-11-23,C101567,Lahore,Store,Accessories,Sunglasses,1,2160,1150,20,Card,No
702376,2024-06-26,C100543,Sialkot,Online,T-Shirts,Graphic Print Tee,2,1560,880,0,Card,No
703765,2024-10-12,C100520,Multan,Online,T-Shirts,Polo Shirt,1,2250,1380,0,COD,Yes
704264,2025-05-27,C101649,Faisalabad,Online,Accessories,Leather Belt,1,1230,630,0,Card,No
703740,2025-04-12,C101320,Karachi,Online,Jeans,Slim Fit Jeans,1,3520,2150,20,COD,No
704552,2025-01-30,C100638,Faisalabad,Store,Kurtas,Printed Kurta,1,2580,1640,0,COD,No
701528,2023-09-11,C100913,Sialkot,Online,Jackets,Hooded Jacket,1,0,3170,0,Wallet,Yes
703749,2025-02-06,C101529,Karachi,Store,Accessories,Sunglasses,1,2300,1300,0,Card,No
701962,2024-01-03,C100342,faisalabad,Store,Jackets,Puffer Jacket,2,6900,4080,10,Wallet,No
700059,2025-06-17,C100555,Lahore,Store,Dresses,Maxi Dress,2,4760,2910,0,Card,No
702102,2024-07-02,C101466,Karachi,Online,Kurtas,Printed Kurta,1,2520,1590,0,Card,No
703981,2023-09-30,C101832,Karachi,Online,jackets,Denim Jacket,1,5370,3180,15,COD,No
701261,2023-09-18,C102189,Peshawar,Store,Jeans,Ripped Jeans,3,3640,1710,15,Bank Transfer,No
702619,2025-04-18,C101114,Sialkot,Store,T-Shirts,Graphic Print Tee,2,1480,940,10,Card,No
701283,2023-12-16,C101833,Lahore,Store,Shoes,Boots,2,6880,4070,20,Wallet,Yes
703823,2024-12-24,C100596,Rawalpindi,Store,Kurtas,Embroidered Kurta  ,2,3000,1530,20,,No
701938,2023-08-04,C100424,Islamabad,Store,Accessories,Sunglasses,1,2170,1320,0,COD,No
701472,2024-05-15,C101834,Lahore,Online,Kurtas,Festive Kurta,2,4160,2470,15,COD,No
705159,2023-07-29,C101661,Islamabad,Online,T-Shirts,Oversized Tee,3,1890,890,10,COD,No
703204,2023-07-10,C100270,Lahore,Store,Shoes,Loafers,3,5010,2310,0,Card,No
701590,2023-09-20,C101618,Sialkot,Online,Accessories,Sunglasses,1,2220,1120,0,Card,No
704093,2024-07-22,C100677,Karachi,Online,T-Shirts,Graphic Print Tee,1,1520,730,0,COD,No
703659,2024-06-21,C100197,multan,Online,Dresses,Bodycon Dress,1,4020,1890,15,Wallet,No
700799,2024-09-26,C101846,Karachi,Store,Accessories,Leather Belt,1,1270,630,10,Card,No
701181,2023-08-11,C100299,Rawalpindi,Store,Shoes,Sneakers,1,4460,2380,0,Wallet,No
702637,2024-09-30,C100645,Multan,Online,Shoes,Boots,3,6490,3730,0,Card,No
703713,2025-06-22,C101628,Lahore,Store,Accessories,Sunglasses,-2,2250,1120,0,Card,No
703355,2024-02-22,C101380,Karachi,Store,T-Shirts,Classic Cotton Tee,1,1170,720,0,COD,No
701177,2024-05-20,C101612,Faisalabad,Store,Dresses,Maxi Dress,1,4540,2450,0,Card,No
701776,2024-02-29,C100768,Lahore,Online,Shoes,Sandals,1,2830,1350,0,Card,No
704955,2024-04-04,C100701,Karachi,Store,Dresses,Maxi Dress,3,4590,2280,15,Card,No
705122,2024-11-13,C101193,Sialkot,Online,Shoes,Sandals,1,2810,1610,0,Card,No
703052,2023-11-20,C101191,Karachi,Online,Jackets,Puffer Jacket,1,6930,4410,0,COD,No
705054,2024-11-17,C101992,Karachi,Store,Shoes,Boots,3,6190,3580,0,Card,No
704570,2025-06-02,C101817,Karachi,Online,Jeans,Slim Fit Jeans,1,3540,2200,10,COD,No
703940,2024-06-25,C100729,,Online,Accessories,Leather Belt,1,1150,650,0,COD,No
704361,2024-05-24,C101101,Karachi,Store,T-Shirts,Graphic Print Tee,3,1490,710,0,Wallet,No
703090,2024-09-26,C101162,Multan,Store,Shoes,Loafers,1,5260,2540,0,Card,No
702058,2024-12-24,C100061,Karachi,Online,Shoes,Sneakers,1,4470,2820,15,Card,No
702018,2025-01-16,C101435,Sialkot,Store,T-Shirts,Polo Shirt,3,2370,1080,0,Card,No
703413,2024-11-29,C102064,Karachi,Online,T-Shirts,Polo Shirt,3,2130,1140,20,COD,No
704157,2023-09-09,C101336,Lahore,Store,T-Shirts,Classic Cotton Tee,1,1140,720,0,Wallet,No
700238,2024-10-12,C101269,Karachi,Online,Dresses,Wrap Dress,1,3870,2480,0,Bank Transfer,No
704619,2024-04-17,C100347,Lahore,Store,Accessories,Tote Bag,1,1610,870,10,Wallet,Yes
702737,2023-11-24,C101712,Sialkot,Store,Jackets,Denim Jacket,2,5590,2860,20,COD,No
700416,2023-09-26,C101572,Islamabad,Online,Shoes,Sneakers,1,4800,2420,15,Card,Yes
705025,2023-10-27,C100624,Sialkot,Store,Dresses,Summer Floral Dress,1,3270,2090,0,Card,No
702225,2023-07-16,C100067,Karachi,Online,Dresses,Wrap Dress,2,4290,2030,15,Card,No
702867,2025-05-12,C100239,Lahore,Store,Dresses,Maxi Dress,2,4440,2510,20,COD,No
700946,2025-03-05,C102001,Karachi,Online,Jeans,Straight Leg Jeans,2,3140,1750,0,Card,No
701633,2023-09-27,C101496,Multan,Store,Jeans,Straight Leg Jeans,2,3190,1540,0,COD,No
700364,2024-02-23,C101344,Sialkot,Store,Jackets,Bomber Jacket,2,5410,3230,10,Bank Transfer,No
702718,2024-06-21,C101049,Lahore,Online,Jeans,High-Waist Jeans,1,4390,2820,0,COD,No
700399,2025-06-09,C102140,Peshawar,Online,Jeans,Slim Fit Jeans,1,3400,1980,0,Card,No
702970,2024-06-07,C101512,Islamabad,Online,Kurtas,Cotton Kurta,1,1890,1070,0,Card,No
700333,2023-12-22,C100574,Multan,Online,Shoes,Sneakers,2,4680,2610,25,Card,No
704539,2025-05-16,C101117,Faisalabad,Online,Accessories,Sunglasses,3,2190,1190,10,COD,No
701895,2023-11-14,C100983,Karachi,Online,TSHIRTS,Oversized Tee,1,1870,1000,30,Card,Yes
703878,2024-05-27,C100230,Lahore,Online,Shoes,Loafers,1,5270,3210,10,Bank Transfer,No
701379,2024-09-23,C101718,Rawalpindi,Online,Dresses,Bodycon Dress,1,4050,1990,0,COD,Yes
703312,2025-04-21,C102004,Lahore,Online,T-Shirts,Oversized Tee,2,1740,1010,0,Bank Transfer,No
704538,2024-05-14,C100087,Karachi,Online,Jackets,Bomber Jacket,2,5510,3100,20,Wallet,No
704642,2025-01-02,C100844,Lahore,Online,Jeans,Slim Fit Jeans,3,3740,2240,0,Card,No
703179,2024-10-21,C100322,Karachi,Online,Kurtas,Embroidered Kurta,1,2740,1480,0,COD,No
703508,2025-03-06,C101010,RAWALPINDI,Store,Jeans,Ripped Jeans,2,3920,2180,0,COD,No
702786,2025-04-04,C101389,Lahore,Online,Kurtas,Embroidered Kurta,1,3020,1860,15,Card,No
701658,2024-12-04,C101931,Islamabad,Store,jackets,Bomber Jacket,2,5230,2510,0,Wallet,No
701810,2025-04-13,C101867,Lahore,Store,kurtas,Cotton Kurta,1,1860,970,15,COD,No
702570,2024-09-10,C100168,Karachi,Online,T-Shirts,Polo Shirt,2,2320,1090,0,Bank Transfer,No
701229,2025-04-06,C101031,Rawalpindi,Online,Jackets,Denim Jacket,1,5460,3210,20,COD,No
700857,2023-12-03,C101819,Islamabad,Online,Jackets,Puffer Jacket,1,6660,3240,25,COD,No
703655,2024-11-05,C101805,Rawalpindi,Store,Shoes,Sandals,1,2890,1740,0,Card,No
704903,2023-07-07,C100482,Islamabad,Store,Shoes,Sandals,2,2770,1570,10,Wallet,No
703628,2023-11-28,C101025,Karachi,Online,Jackets,Denim Jacket,2,5390,3420,20,Card,No
702690,2023-11-23,C100294,Multan,Online,Kurtas,Printed Kurta,2,2550,1530,15,COD,No
701502,2023-12-04,C101422,Karachi,Online,Jackets,Bomber Jacket,1,5500,2770,20,COD,No
703651,2025-06-04,C100157,Rawalpindi,Store,Dresses,Maxi Dress,1,4520,2370,0,COD,No
700134,2024-04-12,C100112,Karachi,Online,Accessories,Leather Belt,1,1190,580,0,Card,No
700320,2024-06-23,C100512,Lahore,Online,Jeans,Slim Fit Jeans,3,3550,1790,0,COD,No
701737,2024-07-15,C100408,Lahore,Store,Shoes,Boots,1,6670,3240,10,Card,No
701992,2025-05-16,C100828,Multan,Store,Jeans,Slim Fit Jeans,1,3350,2170,0,Card,No
702874,2023-07-09,C100824,Multan,Store,Jeans,High-Waist Jeans,1,4360,2520,0,Wallet,No
701012,2024-02-14,C101921,Karachi,Online,Jackets,Hooded Jacket,3,4980,3170,15,COD,No
704234,2025-02-27,C100998,Sialkot,Online,Jeans,High-Waist Jeans,2,4440,2340,0,Card,No
701311,2024-07-15,C100150,,Online,Dresses,Summer Floral Dress,2,3140,1820,0,Wallet,No
704512,2023-09-05,C102030,Lahore,Online,Shoes,Sneakers,2,4820,2240,0,Card,No
701720,2024-06-13,C101387,Karachi,Online,Accessories,Baseball Cap,1,940,480,15,COD,No
700651,2025-01-18,C101046,Lahore,Online,Jackets,Puffer Jacket,3,7100,3350,10,Card,No
700863,2023-09-28,C100934,Faisalabad,Online,Accessories,Baseball Cap,1,870,420,0,Wallet,No
703496,2024-11-29,C101868,Islamabad,Store,Jeans,Straight Leg Jeans,3,3230,1640,15,Card,No
701757,2023-07-13,C101043,Rawalpindi,Store,Accessories,Tote Bag,1,1690,1000,0,Card,No
703405,2023-09-11,C101258,Islamabad,Online,Shoes,Sneakers,1,4830,2830,15,Card,No
705197,2025-03-30,C101832,Karachi,Online,Jeans,Straight Leg Jeans,1,3230,2030,0,Card,No
701874,2024-06-19,C100637,Rawalpindi,Online,Shoes,Loafers,1,5260,2400,0,COD,No
703093,2025-02-13,C101815,Islamabad,Online,Kurtas,Cotton Kurta,1,1940,1220,0,Wallet,No
703970,2025-06-06,C101705,Sialkot,Online,Shoes,Boots,1,6560,4190,0,Bank Transfer,No
700925,2025-02-28,C101161,Rawalpindi,Online,Jeans,High-Waist Jeans,1,4070,2630,0,Card,No
704980,2023-07-30,C100486,Karachi,Online,Jackets,Bomber Jacket,3,4990,2820,0,Card,No
702407,2025-05-10,C100073,Lahore,Store,T-Shirts,Oversized Tee,1,1940,1130,10,COD,No
704249,2024-09-29,C101940,Lahore,Online,Dresses,Summer Floral Dress,1,3220,1580,15,Card,No
703296,2025-03-13,C100069,Karachi,Store,Kurtas,Festive Kurta,1,4270,2570,10,Bank Transfer,No
700128,2024-08-06,C101790,Faisalabad,Store,Kurtas,Embroidered Kurta,3,2770,1730,0,Wallet,No
700624,2023-12-01,C101019,Karachi,Store,T-Shirts,Oversized Tee,1,1720,1080,0,COD,No
702985,2024-09-12,C101339,Karachi,Store,Jeans,Ripped Jeans,1,3650,1860,0,Card,No
702109,2023-08-04,C100161,Peshawar,Store,Jeans,Ripped Jeans,2,3680,2110,0,Card,No
701320,2025-03-23,C100834,Rawalpindi,Online,Jackets,Bomber Jacket,3,5200,2750,15,COD,No
700932,2024-10-22,C101258,Islamabad,Store,Shoes,Sandals,2,2700,1220,0,Card,No
702842,2024-09-10,C101839,Faisalabad,Store,Kurtas,Printed Kurta,3,2420,1380,0,Bank Transfer,No
701010,2023-07-13,C100703,Multan,Online,Accessories,Sunglasses,3,2370,1220,0,Bank Transfer,No
704353,2024-11-04,C101739,Faisalabad,Online,JEANS,High-Waist Jeans,2,4180,2200,15,Bank Transfer,No
704721,2024-04-10,C101661,Islamabad,Store,Shoes,Boots,3,6990,4020,10,Bank Transfer,No
701255,2023-10-13,C100653,Lahore,Store,Shoes,Boots,1,6350,3310,0,Wallet,Yes
703457,2025-05-12,C100564,Rawalpindi,Store,Dresses,Wrap Dress,3,3910,2130,0,Bank Transfer,No
702921,2024-01-30,C100863,Islamabad,Online,T-Shirts,Graphic Print Tee,1,1520,970,0,Card,Yes
701624,2023-08-30,C101732,Faisalabad,Online,Kurtas,Cotton Kurta,1,1870,1090,0,COD,No
702142,2023-09-20,C101384,Sialkot,Online,Kurtas,Printed Kurta,1,2300,1190,0,Card,No
703711,2024-09-08,C100480,Karachi,Store,Shoes,Loafers,2,5450,3340,0,Bank Transfer,No
705090,2024-12-06,C100016,Islamabad,Online,Shoes,Loafers,3,4960,2560,0,COD,No
702635,2023-10-14,C101765,Lahore,Store,Jeans,High-Waist Jeans,1,4410,2250,0,Card,No
700941,2025-06-16,C100658,,Store,Dresses,Maxi Dress,1,4610,2680,0,Card,Yes
703070,2024-02-25,C102099,Lahore,Store,Jeans,High-Waist Jeans,2,4250,2360,0,Wallet,No
701056,2023-07-04,C102011,Karachi,Store,Accessories,Baseball Cap,2,890,490,0,Card,No
704790,2024-11-25,C102081,Lahore,Online,Shoes,Boots,3,6570,3580,25,Bank Transfer,No
704944,2024-10-20,C100665,Rawalpindi,Online,Jeans,High-Waist Jeans,2,4400,2540,0,COD,No
701053,2024-05-01,C100110,Karachi,Online,Dresses,Maxi Dress,1,4330,2120,10,Card,No
704809,2025-04-19,C101445,Islamabad,Store,Shoes,Sandals,1,2690,1490,0,COD,No
700246,2025-06-22,C101286,Karachi,Online,Accessories,Tote Bag,1,1580,860,0,Card,No
704758,2024-06-16,C100327,Islamabad,Online,Jeans,Ripped Jeans,1,3920,2390,0,COD,No
702602,2023-08-18,C101505,Islamabad,Online,T-Shirts,Graphic Print Tee,3,1450,790,0,Wallet,No
700344,2024-01-17,C101889,Karachi,Online,Jackets,Bomber Jacket,1,5130,2550,10,Card,No
703188,2025-06-13,C101344,Sialkot,Online,Shoes,Loafers,1,5130,3030,0,Card,Yes
703577,2023-07-20,C101651,Karachi,Online,T-Shirts,Polo Shirt,2,2340,1230,0,COD,No
702996,2025-04-21,C101125,Islamabad,Online,Kurtas,Cotton Kurta,1,1950,1000,0,COD,No
705160,2025-01-05,C101332,Islamabad,Store,Accessories,Tote Bag,1,1710,1050,0,COD,No
704261,2024-08-27,C101715,Faisalabad,Online,T-Shirts,Oversized Tee,1,1740,1090,0,COD,No
704998,2024-07-14,C101327,Islamabad,Online,Accessories,Leather Belt,1,1270,660,0,COD,No
700224,2023-10-31,C101139,Rawalpindi,Online,Jeans,Slim Fit Jeans,3,3350,2060,0,COD,No
704447,2025-01-30,C100339,Peshawar,Online,Shoes,Boots,2,6810,4350,0,Card,Yes
704664,2024-09-01,C102156,Lahore,Store,Accessories,Baseball Cap,1,900,570,0,Card,Yes
703943,2024-04-19,C101473,Karachi,Online,T-Shirts,Classic Cotton Tee,1,1150,710,10,COD,No
701834,2023-07-01,C101002,Lahore,Online,T-Shirts,Polo Shirt,1,2280,1310,0,Card,No
704417,2023-09-14,C100691,,Online,Accessories,Leather Belt,2,1290,740,0,Card,No
700321,2024-01-26,C100096,Karachi,Online,Accessories,Baseball Cap,1,860,450,0,Card,No
700086,2024-04-30,C102112,Lahore,Online,Accessories,Sunglasses,2,2340,1320,20,COD,No
702893,2024-02-19,C102057,Karachi,Online,T-Shirts,Classic Cotton Tee,2,1230,730,0,COD,No
704207,2024-09-21,C100917,Lahore,Online,Jeans,Slim Fit Jeans,2,3740,2300,0,COD,No
704565,2024-07-30,C100605,Faisalabad,Online,Accessories,Baseball Cap,2,900,430,0,COD,No
702167,2023-07-08,C100398,Karachi,Store,Accessories,Tote Bag,2,1690,990,0,Card,No
702946,2024-12-14,C100625,Karachi,Store,Dresses,Bodycon Dress,2,3710,1780,15,Card,No
701228,2023-10-29,C101183,Lahore,Online,Jackets,Puffer Jacket,1,7170,3890,0,COD,No
701487,2023-11-11,C101871,Karachi,Store,Kurtas,Festive Kurta,2,4220,2390,15,Card,No
700384,2023-07-27,C101402,Sialkot,Online,T-Shirts,Polo Shirt,2,2110,1230,10,Card,No
703510,2025-05-09,C101018,Lahore,Store,Dresses,Wrap Dress,2,4300,2070,0,Card,No
700116,2025-03-05,C100219,Karachi,Online,Accessories,Baseball Cap,2,910,510,0,COD,No
701191,2024-02-03,C102095,Karachi,Online,Shoes,Sneakers,1,4800,2770,15,Wallet,No
700567,2023-12-31,C100033,Karachi,Online,Accessories,Leather Belt,1,1230,730,0,Card,No
700098,2025-04-15,C101843,Sialkot,Online,Kurtas,Printed Kurta  ,3,2470,1590,20,COD,No
700324,2024-09-01,C100746,Karachi,Online,Jackets,Denim Jacket,1,5590,3480,0,COD,No
702194,2024-07-01,C101575,Lahore,Store,Kurtas,Cotton Kurta,1,1880,960,0,Card,No
702894,2025-03-24,C100342,Faisalabad,Online,Shoes,Sneakers,3,4650,2890,15,Card,No
702317,2023-08-31,C100241,Faisalabad,Store,Dresses,Summer Floral Dress,2,3210,1890,0,Card,No
704222,2023-10-08,C102093,Lahore,Online,Jackets,Hooded Jacket,1,4600,2800,0,Card,No
703049,2024-12-20,C100707,Faisalabad,Online,Jeans,High-Waist Jeans,2,4110,1930,15,COD,No
700371,2024-10-31,C100999,Karachi,Online,Jeans,High-Waist Jeans,1,4240,2180,0,Wallet,No
703709,2024-12-11,C101485,Lahore,Store,Jeans,Ripped Jeans,1,4080,2020,30,Card,No
701587,2025-01-23,C100897,Lahore,Online,Accessories,Baseball Cap,1,920,420,0,Card,No
703709,2024-12-11,C101485,Lahore,Store,Accessories,Baseball Cap,3,950,470,0,Card,No
704671,2024-05-23,C100784,Sialkot,Online,Dresses,Bodycon Dress,1,3650,2230,15,COD,No
704011,2025-06-21,C101947,Peshawar,Store,T-Shirts,Oversized Tee,1,1800,1080,10,COD,No
702765,2024-05-29,C100094,Karachi,Online,Shoes,Loafers,2,5230,2930,15,COD,No
700669,2024-10-19,C100973,Peshawar,Store,Shoes,Loafers,1,4960,2270,0,COD,No
700468,2024-01-10,C101472,Lahore,Online,Jackets,Puffer Jacket,3,7160,4470,10,Wallet,No
703965,2023-08-19,C101105,Faisalabad,Online,Accessories,Tote Bag,2,1710,1070,0,Wallet,No
702680,2025-04-27,C100531,Rawalpindi,Online,Jeans,High-Waist Jeans,1,4030,2470,10,Wallet,No
704136,2024-06-01,C100277,Islamabad,Online,Accessories,Tote Bag,1,1660,940,0,Bank Transfer,No
704444,2023-10-26,C100313,Karachi,Online,Jeans,Ripped Jeans,3,3850,2210,0,COD,Yes
700348,2025-06-26,C101612,Faisalabad,Store,T-Shirts,Polo Shirt,1,2170,1390,0,COD,No
701695,2023-09-14,C101593,Karachi,Online,kurtas,Festive Kurta,-2,4370,2610,0,Card,No
704281,2024-05-24,C100253,Lahore,Online,Kurtas,Festive Kurta,1,4520,2920,20,COD,No
703283,2025-02-13,C101854,Multan,Online,Jeans,High-Waist Jeans,1,4430,2490,0,Card,No
700226,2024-09-11,C100477,Islamabad,Store,Jeans,Straight Leg Jeans,1,3340,1840,0,Wallet,No
703457,2025-05-12,C100564,Rawalpindi,Store,T-Shirts,Oversized Tee,1,1760,1060,0,Bank Transfer,No
704836,2025-04-30,C101235,Lahore,Store,Shoes,Sandals,2,2690,1550,0,COD,No
702214,2024-09-26,C100626,Faisalabad,Store,Jeans,Slim Fit Jeans,1,3680,1980,15,Card,No
700954,2023-12-23,C102051,Lahore,Online,Dresses,Wrap Dress,3,4300,2790,15,Bank Transfer,Yes
704831,2023-08-15,C100342,Faisalabad,Store,Kurtas,Festive Kurta,1,4070,1870,0,COD,No
703574,2024-05-28,C101032,Islamabad,Store,Shoes,Sneakers,1,4490,2550,15,COD,No
700776,2024-10-15,C101827,Karachi,Online,Dresses,Maxi Dress,1,4640,2490,10,COD,No
703208,2024-07-31,C101993,Lahore,Store,T-Shirts,Classic Cotton Tee,1,1160,720,0,COD,No
704741,2024-12-03,C101063,Islamabad,Online,Shoes,Sneakers,1,4720,2270,0,Card,No
702668,2024-11-24,C101924,Lahore,Online,Dresses,Bodycon Dress,1,3690,1800,20,COD,No
701943,2023-10-25,C100309,lahore,Store,Kurtas,Printed Kurta,3,2300,1460,0,COD,No
704041,2025-05-21,C100042,Rawalpindi,Online,Dresses,Maxi Dress,2,4740,3000,20,Card,No
704730,2025-03-28,C101980,Multan,Online,T-Shirts,Graphic Print Tee,3,1550,960,0,Wallet,No
701630,2023-10-18,C101071,Islamabad,Online,Jackets,Denim Jacket,2,5930,2760,0,Wallet,No
701356,2025-06-22,C102141,Karachi,Online,Accessories,Baseball Cap,1,900,560,0,Wallet,No
701950,2025-03-31,C100272,Lahore,Online,Shoes,Loafers,2,5050,2890,0,COD,Yes
704048,2024-10-22,C100302,Islamabad,Store,Accessories,Baseball Cap,1,910,430,0,Card,No
704709,2025-04-01,C100567,Lahore,Store,dresses,Summer Floral Dress,1,3150,1580,0,Card,No
701696,2023-10-04,C101372,Karachi,Store,Accessories,Sunglasses,2,2300,1320,0,COD,No
700548,2024-06-23,C100093,Karachi,Store,Jackets,Puffer Jacket,2,7060,3770,0,COD,No
702692,2024-01-20,C100179,Faisalabad,Store,Jackets,Bomber Jacket,1,5490,3400,0,Card,No
703852,2024-10-29,C101282,,Online,Jackets,Bomber Jacket,1,5540,3520,15,Wallet,No
701008,2023-10-11,C101555,Faisalabad,Online,Dresses,Summer Floral Dress,2,3460,1990,0,Card,No
700332,2024-12-29,C101615,Lahore,Online,Jeans,Ripped Jeans,1,3970,2460,15,COD,No
702204,2025-05-08,C101279,Islamabad,Store,Kurtas,Printed Kurta,1,2550,1150,15,Wallet,No
704937,2024-10-25,C100571,Multan,Store,Accessories,Leather Belt,1,1220,580,0,COD,No
700680,2024-10-14,C101140,Karachi,Store,Accessories,Tote Bag,1,1610,1040,0,COD,No
702159,2024-03-03,C100571,Multan,Store,Shoes,Loafers,1,5160,2340,10,COD,No
704242,2024-04-29,C100161,Peshawar,Online,Kurtas,Printed Kurta,3,2310,1260,15,COD,No
701516,2024-03-16,C100225,Peshawar,Store,Jackets,Denim Jacket,3,5640,3450,0,Card,No
703637,2024-11-25,C101074,Multan,Online,Kurtas,Cotton Kurta,2,1980,1080,30,COD,No
704966,2025-02-17,C100187,Lahore,Online,Jackets,Denim Jacket,1,5530,3300,0,COD,No
704679,2025-06-12,C101092,Karachi,Online,Jackets,Puffer Jacket,1,6920,3190,0,Bank Transfer,No
704884,2024-01-02,C101656,Lahore,Store,Accessories,Tote Bag,3,1690,940,0,COD,Yes
701015,2023-07-18,C100399,Karachi,Store,Kurtas,Cotton Kurta,1,1830,860,10,COD,No
702099,2024-03-10,C101347,Karachi,Online,Dresses,Bodycon Dress,2,3980,2270,0,Card,No
700171,2024-06-03,C101601,Lahore,Online,T-Shirts,Classic Cotton Tee,1,1190,660,15,COD,No
702494,2024-01-01,C100441,Lahore,Online,Jeans,Ripped Jeans,1,3740,1720,10,COD,No
703962,2024-07-25,C101279,Islamabad,Online,Dresses,Bodycon Dress,1,3700,2260,0,Wallet,No
700886,2025-01-13,C101334,Sialkot,Online,Accessories,Sunglasses,1,2250,1360,15,Wallet,No
704126,2025-03-22,C101569,Karachi,Store,Jackets,Bomber Jacket,2,5040,2880,0,Card,Yes
705161,2023-11-12,C101680,Faisalabad,Store,Jackets,Puffer Jacket,2,7320,3910,0,COD,No
701240,2024-11-10,C101150,Lahore,Store,Jackets,Puffer Jacket,3,7200,4420,20,Card,No
702089,2023-10-12,C101974,Lahore,Online,T-Shirts,Polo Shirt,1,2330,1470,15,COD,No
703353,2023-07-22,C101592,Sialkot,Online,T-Shirts,Polo Shirt,2,2100,1040,0,COD,No
700397,2025-05-28,C100429,Faisalabad,Online,Shoes,Sandals,3,3010,1730,20,COD,No
704930,2024-05-07,C100237,Faisalabad,Online,Dresses,Maxi Dress,3,4830,2330,15,Card,No
704554,2024-02-04,C101606,Sialkot,Store,Jackets,Denim Jacket,2,5290,3070,0,COD,No
703826,2024-09-10,C100217,Lahore,Online,Shoes,Sneakers,2,4550,2140,0,Card,No
702051,2025-03-05,C101324,KARACHI,Online,Dresses,Summer Floral Dress,1,3370,1520,0,COD,No
703290,2024-05-05,C101566,Lahore,Store,Jeans,Ripped Jeans,3,3710,1790,15,COD,No
701748,2023-07-29,C101873,Sialkot,Online,Accessories,Tote Bag,1,1530,990,0,Bank Transfer,No
700842,2024-09-26,C101382,Islamabad,Online,T-Shirts,Graphic Print Tee,2,1500,880,0,Card,No
703699,2025-05-30,C100408,Lahore,Online,Shoes,Loafers,2,5280,2610,10,Card,No
700824,2024-08-28,C100032,Karachi,Store,Jeans,High-Waist Jeans,1,4440,2560,0,Wallet,No
702806,2023-11-14,C100774,Lahore,Online,Jackets,Hooded Jacket,2,4810,2850,15,Card,No
700506,2023-09-25,C101074,Multan,Online,Jeans,Straight Leg Jeans,1,3420,1760,0,Card,No
701207,2023-10-09,C101335,Multan,Store,Shoes,Sneakers,1,4460,2410,0,Card,No
700042,2024-05-09,C100774,Lahore,Store,Jeans,Slim Fit Jeans,1,3340,1610,20,COD,No
702785,2023-07-31,C101372,Karachi,Online,Dresses,Maxi Dress,3,4580,2960,0,Card,Yes
701023,2024-09-21,C102189,Peshawar,Online,Jeans,Slim Fit Jeans,1,3510,2210,15,COD,No
700029,2023-09-08,C101631,Multan,Online,Accessories,Tote Bag,2,1690,1010,10,COD,No
704651,2024-02-28,C101381,Lahore,Store,JEANS,Straight Leg Jeans,2,3390,1590,0,Bank Transfer,No
700710,2024-02-26,C100505,Faisalabad,Online,T-Shirts,Polo Shirt,1,2170,990,10,Card,No
702735,2023-09-05,C100569,Islamabad,Store,Jeans,Straight Leg Jeans,2,3450,2060,0,Card,No
701762,2024-06-15,C101364,Karachi,Online,T-Shirts,Polo Shirt,1,2120,980,0,Bank Transfer,No
704418,2023-07-07,C102044,Sialkot,Online,Jeans,Straight Leg Jeans,2,3140,1910,10,COD,No
704641,2024-06-02,C100560,Lahore,Store,Kurtas,Printed Kurta,2,2440,1290,0,COD,No
704568,2025-02-02,C101808,Karachi,Online,Kurtas,Cotton Kurta,1,1870,1130,0,COD,No
703522,2024-09-11,C100731,Lahore,Online,T-Shirts,Classic Cotton Tee,1,1240,740,0,COD,No
701798,2024-04-21,C100369,Peshawar,Store,Jeans,Slim Fit Jeans,1,3640,2140,20,Card,No
700465,2025-04-26,C100230,Lahore,Store,T-Shirts,Graphic Print Tee,1,1440,670,0,Card,No
703459,2024-04-13,C102126,Karachi,Online,Jeans,Slim Fit Jeans,1,3460,1770,0,Card,Yes
704391,2024-10-04,C100237,Faisalabad,Store,Kurtas,Cotton Kurta,1,2000,1040,0,Card,Yes
702924,2024-03-03,C101717,Islamabad,Store,Jackets,Denim Jacket,2,5650,3540,0,COD,No
704703,2025-03-03,C100564,Rawalpindi,Store,T-Shirts,Oversized Tee,1,1920,1120,0,COD,No
700255,2023-11-08,C102140,Peshawar,Store,Jeans,High-Waist Jeans,2,4110,1850,0,COD,No
703216,2024-12-21,C101573,Multan,Online,Accessories,Baseball Cap,2,960,570,20,Wallet,No
700559,2025-04-04,C100182,Islamabad,Online,T-Shirts,Oversized Tee,2,1830,1160,20,Card,No
700560,2024-02-07,C101632,Rawalpindi,Online,Jeans,Slim Fit Jeans,3,3770,1940,0,COD,No
701044,2024-12-05,C102019,Karachi,Store,T-Shirts,Oversized Tee,1,1850,840,15,Card,No
700488,2025-06-26,C101757,Sialkot,Store,Shoes,Sandals,2,2990,1620,0,Card,No
702816,2025-02-09,C100801,Karachi,Online,Jackets,Puffer Jacket  ,1,6720,3480,0,Bank Transfer,No
700521,2024-02-08,C101617,Islamabad,Store,Accessories,Baseball Cap,2,910,420,0,Wallet,No
702205,2023-11-28,C101380,Karachi,Online,Accessories,Tote Bag,1,1520,840,20,COD,No
703800,2025-06-17,C101390,,Store,Dresses,Maxi Dress,1,4800,2580,0,Card,No
704785,2025-06-20,C101907,Lahore,Store,Shoes,Sandals,2,2720,1670,0,Card,No
705009,2023-09-12,C101636,Karachi,Online,Jeans,Slim Fit Jeans,1,3680,2310,0,COD,Yes
704176,2024-09-13,C100544,Lahore,Online,Jackets,Bomber Jacket,1,5540,3350,0,COD,No
701305,2025-05-24,C100417,Faisalabad,Store,Accessories,Sunglasses,1,2330,1220,0,Card,No
701875,2024-07-09,C101740,Lahore,Online,Dresses,Wrap Dress,1,4240,2620,0,Bank Transfer,No
704047,2025-05-08,C100739,Karachi,Online,Jeans,Ripped Jeans,1,3850,2400,0,Wallet,No
703481,2025-02-08,C100556,Karachi,Online,T-Shirts,Polo Shirt,2,2230,1090,0,Card,No
703170,2024-03-13,C100465,Rawalpindi,Store,T-Shirts,Graphic Print Tee,1,1580,840,10,COD,No
701283,2023-12-16,C101833,Lahore,Store,Accessories,Sunglasses,1,2170,1050,20,Wallet,No
701475,2025-01-12,C101637,Peshawar,Store,T-Shirts,Classic Cotton Tee,1,1150,670,0,COD,No
704887,2023-10-28,C100669,Karachi,Online,Shoes,Boots,2,7010,4390,0,Card,No
700896,2024-06-20,C101495,Islamabad,Online,Jeans,Slim Fit Jeans,2,3510,2170,0,Card,No
701056,2023-07-04,C102011,Karachi,Store,Kurtas,Festive Kurta,2,4270,2250,0,,No
702412,2024-11-07,C100970,Lahore,Store,Accessories,Baseball Cap,1,950,440,25,Card,No
702384,2024-08-20,C101686,Islamabad,Store,Kurtas,Printed Kurta,2,2480,1570,0,COD,No
700842,2024-09-26,C101382,Islamabad,Online,Accessories,Baseball Cap,1,910,530,0,Card,No
704687,2024-11-02,C100169,Sialkot,Online,Jackets,Hooded Jacket,1,4710,2850,30,Card,Yes
704711,2024-07-24,C100784,Sialkot,Online,Jeans,Slim Fit Jeans,1,3500,1700,0,COD,No
704862,2025-06-21,C101537,Faisalabad,Online,Shoes,Boots,1,6510,3520,0,COD,No
700597,2025-02-10,C101417,Islamabad,Store,Accessories,Sunglasses,2,2260,1390,0,COD,No
703180,2025-01-04,C101855,Sialkot,Store,Jackets,Denim Jacket,2,5290,2610,0,COD,No
702447,2024-12-25,C100644,Islamabad,Online,Jeans,High-Waist Jeans,1,4170,2530,0,Card,No
701279,2023-09-23,C100998,Sialkot,Online,Shoes,Sneakers,1,4840,2200,0,Card,No
700162,2023-12-06,C100652,Rawalpindi,Store,Jackets,Hooded Jacket,2,4890,2940,25,COD,Yes
703561,2025-06-07,C100410,Rawalpindi,Store,Kurtas,Embroidered Kurta,1,2900,1630,0,Card,No
704536,2025-06-25,C100410,Rawalpindi,Online,Dresses,Bodycon Dress,1,4060,2070,0,Bank Transfer,No
704650,2024-09-19,C101003,Lahore,Online,Kurtas,Printed Kurta,1,2450,1320,10,Wallet,No
704045,2023-07-06,C101007,Karachi,Store,Dresses,Bodycon Dress,1,4030,1820,0,Bank Transfer,No
700912,2023-07-01,C101623,Lahore,Online,Dresses,Wrap Dress,1,4140,2220,10,Wallet,Yes
701582,2024-07-18,C101525,Lahore,Online,T-Shirts,Oversized Tee,1,1830,1160,10,,No
703867,2024-05-20,C100383,Karachi,Store,Dresses,Maxi Dress,1,4820,3130,0,Card,No
700112,2023-09-04,C100406,Karachi,Online,Jeans,Slim Fit Jeans,1,3630,1890,10,COD,No
704539,2025-05-16,C101117,Faisalabad,Online,Kurtas,Printed Kurta,1,2480,1380,0,COD,No
704676,2024-03-17,C101462,Lahore,Online,Kurtas,Printed Kurta,1,2350,1150,15,Wallet,No
703929,2023-10-28,C101781,Faisalabad,Online,Kurtas,Festive Kurta,3,4230,2590,10,Card,No
700172,2024-12-26,C102018,Islamabad,Online,Jackets,Denim Jacket,1,5840,3420,15,Card,No
700594,2024-05-14,C102155,Multan,Store,T-Shirts,Graphic Print Tee,1,1620,910,0,COD,No
702703,2023-07-04,C101506,Faisalabad,Store,T-Shirts,Oversized Tee,2,1920,890,0,Bank Transfer,No
702205,2023-11-28,C101380,Karachi,Online,Kurtas,Printed Kurta,0,2550,1190,15,COD,No
702496,2024-12-10,C100224,Karachi,Store,Jackets,Denim Jacket,3,5890,2940,20,Bank Transfer,No
700449,2023-09-25,C101202,Multan,Online,Kurtas,Festive Kurta,2,4300,2040,0,COD,No
701267,2024-10-08,C101187,Sialkot,Store,Dresses,Maxi Dress,2,4460,2770,0,COD,Yes
702398,2025-03-07,C100469,Islamabad,Online,Kurtas,Printed Kurta,1,2320,1360,15,Card,No
705050,2023-11-19,C100860,faisalabad,Store,Kurtas,Embroidered Kurta,1,2890,1390,15,COD,No
703898,2024-08-30,C101653,Lahore,Online,Kurtas,Festive Kurta,3,4110,2280,0,Card,No
701327,2025-01-06,C100408,Lahore,Online,Jackets,Puffer Jacket,1,6930,3590,0,Card,No
704520,2025-06-05,C101038,Karachi,Online,Shoes,Loafers,1,4940,2900,10,Card,No
703387,2024-01-21,C101382,Islamabad,Online,Kurtas,Printed Kurta,3,2450,1200,10,COD,No
703168,2023-11-20,C100521,karachi,Online,Dresses,Wrap Dress,2,4250,2150,25,COD,No
700034,2025-01-26,C101546,Lahore,Store,Jeans,Slim Fit Jeans,1,3560,1700,0,Card,No
704810,2024-07-12,C100689,Islamabad,Online,Kurtas,Festive Kurta,2,4010,2400,10,Card,No
704838,2024-04-01,C102076,Sialkot,Online,Jeans,Straight Leg Jeans,2,3160,1430,10,COD,No
705169,2025-01-03,C101946,Lahore,Store,Jackets,Denim Jacket,2,5730,3170,0,COD,No
703697,2024-09-30,C100974,Karachi,Store,Accessories,Leather Belt,2,1190,610,0,Card,No
703573,2024-01-22,C100910,Faisalabad,Online,Kurtas,Embroidered Kurta,1,2750,1370,0,COD,No
703141,2024-01-11,C101615,Lahore,Online,Accessories,Sunglasses,2,2340,1220,0,Card,No
704876,2024-07-17,C100396,Multan,Store,T-Shirts,Oversized Tee  ,1,1880,1210,0,COD,No
701397,2024-03-20,C101833,lahore,Store,T-Shirts,Oversized Tee,1,1860,1010,0,COD,No
704124,2024-06-28,C100917,Lahore,Store,T-Shirts,Polo Shirt,1,2190,1030,10,Card,No
701562,2024-05-12,C101294,Karachi,Store,Dresses,Wrap Dress,2,3940,2380,10,COD,No
704009,2024-10-25,C100347,Lahore,Online,Jeans,Straight Leg Jeans,2,3280,1840,0,COD,No
701914,2025-01-05,C102045,Lahore,Store,Jackets,Bomber Jacket,1,5140,2760,15,COD,No
704057,2025-06-05,C100058,Lahore,Online,Dresses,Bodycon Dress,2,3770,2060,0,COD,No
704676,2024-03-17,C101462,Lahore,Online,Dresses,Wrap Dress,2,3860,2180,0,Wallet,No
704246,2023-08-03,C100463,,Online,Kurtas,Festive Kurta,3,4120,2180,10,COD,No
705041,2024-01-25,C102120,Karachi,Online,Jeans,Ripped Jeans,2,4040,2570,0,Wallet,No
703509,2025-06-15,C102004,Lahore,Online,Kurtas,Printed Kurta,1,2550,1540,0,Bank Transfer,No
703038,2024-06-22,C101049,Lahore,Online,T-Shirts,Oversized Tee,2,1830,940,0,Card,No
701089,2024-10-29,C101909,Peshawar,Online,Accessories,Tote Bag,1,1660,990,10,Bank Transfer,Yes
700989,2024-04-12,C100533,Rawalpindi,Store,Jackets,Hooded Jacket,1,4940,2730,15,Wallet,No
704269,2025-06-20,C101725,Lahore,Online,Kurtas,Cotton Kurta,1,1870,1050,0,Card,No
701236,2023-12-04,C102017,Lahore,Store,Jackets,Hooded Jacket,1,4670,2500,0,COD,Yes
704239,2024-03-15,C100577,Islamabad,Store,Accessories,Leather Belt,1,1250,600,15,COD,No
700229,2023-08-24,C101092,Karachi,Store,Jeans,Slim Fit Jeans,1,3670,2170,15,Card,No
702456,2024-04-19,C102129,Lahore,Store,Jeans,Straight Leg Jeans,3,3160,2020,0,COD,No
700974,2024-02-06,C101993,Lahore,Online,Jackets,Denim Jacket,2,5570,2890,0,Wallet,No
701377,2025-01-20,C101387,Karachi,Store,Shoes,Boots,1,7010,3590,0,Card,No
703605,2025-06-05,C102015,Islamabad,Online,Kurtas,Embroidered Kurta,1,2830,1520,0,Wallet,No
705031,2025-01-30,C100566,Faisalabad,Store,Jackets,Bomber Jacket,1,5160,3200,0,,No
703317,2023-09-01,C100342,Faisalabad,Store,Dresses,Wrap Dress,3,4080,2120,0,Bank Transfer,Yes
703753,2025-06-19,C100316,Karachi,Store,Shoes,Boots,1,6560,3560,0,Card,No
701022,2025-05-06,C100135,Lahore,Store,T-Shirts,Graphic Print Tee,1,1480,730,0,Card,No
705141,2024-09-24,C100190,Peshawar,Online,Kurtas,Cotton Kurta,2,1940,890,0,Bank Transfer,Yes
703611,2025-03-20,C100371,Karachi,Online,Accessories,Baseball Cap,2,900,580,0,COD,No
702529,2023-09-11,C101631,Multan,Online,Accessories,Baseball Cap,2,880,560,0,Bank Transfer,No
703238,2024-03-13,C101472,Lahore,Online,Accessories,Baseball Cap,2,970,570,10,Card,No
703166,2023-11-16,C101843,Sialkot,Online,Accessories,Sunglasses,3,2270,1170,15,Bank Transfer,No
702240,2023-11-20,C100553,Peshawar,Online,Accessories,Baseball Cap,3,860,540,0,Wallet,No
701938,2023-08-04,C100424,Islamabad,Store,Kurtas,Printed Kurta,1,2290,1370,0,COD,No
703963,2024-05-07,C100528,Faisalabad,Online,Shoes,Loafers,2,5440,3360,0,Card,No
700509,2025-04-18,C101968,Karachi,Online,Dresses,Wrap Dress,1,4000,2250,0,Card,No
703989,2025-06-09,C102116,Karachi,Store,T-Shirts,Graphic Print Tee,1,1530,820,0,COD,No
702046,2024-11-05,C102122,Karachi,Online,Kurtas,Printed Kurta  ,1,2420,1150,15,COD,No
700507,2025-02-27,C101356,Islamabad,Store,Jeans,Straight Leg Jeans,3,3360,1730,0,Card,No
704351,2023-11-21,C101124,Karachi,Online,Jackets,Bomber Jacket,2,5020,2850,0,Card,No
703411,2023-07-03,C100293,lahore,Store,Kurtas,Embroidered Kurta,1,2890,1320,0,COD,No
702913,2025-02-20,C100482,Islamabad,Store,Kurtas,Printed Kurta,1,2390,1170,0,Card,No
702839,2024-02-19,C100701,Karachi,Online,Dresses,Wrap Dress,1,4260,2720,0,COD,Yes
702575,2024-05-02,C100468,Lahore,Online,Dresses,Bodycon Dress,3,3960,1990,0,Card,No
704738,2025-05-19,C100229,Lahore,Store,Dresses,Wrap Dress,2,3950,2430,0,Card,No
704520,2025-06-05,C101038,Karachi,Online,Dresses,Wrap Dress,1,4020,1830,0,Card,No
703395,2024-11-28,C100050,Lahore,Online,Kurtas,Printed Kurta,2,2300,1210,0,COD,Yes
703978,2023-10-13,C101462,Lahore,Online,Accessories,Sunglasses,1,2100,1250,10,Card,No
700287,2025-05-14,C100209,Islamabad,Online,Jeans,Ripped Jeans,2,4080,1920,0,COD,No
704513,2024-01-28,C101632,Rawalpindi,Online,Jackets,Hooded Jacket,1,4580,2660,0,Card,No
700139,2023-10-04,C100409,Sialkot,Online,Jackets,Puffer Jacket,2,7130,3600,0,COD,No
703866,2025-02-06,C101669,Multan,Store,Dresses,Bodycon Dress,1,3760,1820,0,COD,No
703612,2025-02-08,C101093,Lahore,Online,Shoes,Sandals,1,2710,1390,0,Card,No
704533,2025-03-06,C101535,Karachi,Online,Jeans,High-Waist Jeans,1,4250,2120,0,COD,No
702217,2023-07-02,C100511,Multan,Online,Dresses,Maxi Dress,2,4830,2920,0,Wallet,No
702260,2025-06-06,C100298,Faisalabad,Store,Jeans,Slim Fit Jeans,1,3770,2000,0,COD,No
702121,2023-10-14,C100603,Rawalpindi,Online,T-Shirts,Polo Shirt,1,2370,1540,0,COD,No
704230,2025-02-01,C100184,faisalabad,Online,Kurtas,Cotton Kurta,1,2030,1270,0,Card,No
703736,2024-01-29,C101884,Karachi,Online,Kurtas,Cotton Kurta,1,1820,840,0,Card,No
704521,2024-12-17,C100329,Karachi,Store,Dresses,Maxi Dress,1,4330,2390,10,COD,No
703586,2023-08-19,C101600,Peshawar,Online,Shoes,Sneakers,2,4760,2760,0,Card,No
703974,2025-05-11,C100476,Karachi,Store,Dresses,Summer Floral Dress,1,3180,1440,0,,No
705011,2024-08-26,C101063,Islamabad,Online,T-Shirts,Classic Cotton Tee,1,1170,680,10,COD,No
701492,2024-03-14,C100485,Karachi,Store,Shoes,Boots,1,6990,3780,15,Wallet,No
704183,2025-02-22,C100234,Peshawar,Online,T-Shirts,Classic Cotton Tee,1,1280,600,10,Card,No
700683,2024-07-13,C100183,Karachi,Store,Accessories,Sunglasses,3,2100,1340,0,Card,No
701613,2024-08-28,C100001,Karachi,Online,Accessories,Baseball Cap,2,960,600,0,Bank Transfer,No
702920,2023-07-06,C100852,Multan,Online,T-Shirts,Polo Shirt,2,2330,1110,10,Card,No
703074,2023-09-16,C101214,Karachi,Store,Accessories,Tote Bag,1,1590,1020,15,Card,Yes
700828,2024-05-25,C101555,Faisalabad,Store,T-Shirts,Graphic Print Tee,1,1430,780,10,COD,No
701364,2025-01-14,C102167,Karachi,Store,Accessories,Sunglasses,2,2160,970,0,COD,No
703498,2023-08-02,C100409,Sialkot,Store,T-Shirts,Oversized Tee,2,1850,950,0,Card,No
703397,2023-12-22,C102127,Karachi,Online,Shoes,Boots,1,7010,3270,30,Bank Transfer,No
701518,2025-06-04,C100484,Lahore,Online,Jeans,Straight Leg Jeans,3,3390,1610,0,COD,No
700493,2023-11-21,C101188,Lahore,Online,T-Shirts,Classic Cotton Tee,1,1190,580,15,Card,No
700332,2024-12-29,C101615,Lahore,Online,Jackets,Denim Jacket,1,5760,3570,10,COD,No
700784,2024-04-27,C100748,Faisalabad,Store,Accessories,Leather Belt,1,1150,560,15,Bank Transfer,No
702269,2024-10-16,C102144,Karachi,Online,Jeans,Ripped Jeans,1,3610,2190,0,Card,No
702720,2024-03-16,C102032,Karachi,Online,Kurtas,Embroidered Kurta,2,2870,1800,0,Card,No
700494,2024-12-09,C100851,Lahore,Online,Jeans,Ripped Jeans,1,3700,1910,0,Card,No
705180,2023-07-14,C102018,ISLAMABAD,Store,T-Shirts,Graphic Print Tee,2,1470,920,0,Card,No
701749,2024-10-09,C100594,Lahore,Online,Kurtas,Embroidered Kurta,1,2760,1540,0,COD,No
703554,2023-11-02,C100102,Karachi,Online,Jackets,Puffer Jacket,1,6490,3060,15,COD,No
702541,2023-10-18,C100881,Islamabad,Online,Jackets,Hooded Jacket,1,4880,3000,0,Bank Transfer,No
702000,2024-08-25,C101451,Islamabad,Online,Shoes,Loafers,1,5370,2710,0,COD,No
703162,2023-07-27,C100513,Karachi,Online,Dresses,Summer Floral Dress,1,3090,1490,0,Wallet,No
702764,2024-11-04,C101213,Karachi,Online,Kurtas,Embroidered Kurta,1,2970,1430,15,COD,No
704095,2023-09-04,C100913,Sialkot,Online,Kurtas,Cotton Kurta,3,1940,1160,0,COD,No
702833,2024-05-29,C101647,Faisalabad,Store,Kurtas,Cotton Kurta,1,1860,840,0,Wallet,No
704243,2025-01-22,C101092,Karachi,Store,Kurtas,Festive Kurta,1,4030,2100,0,COD,No
704432,2025-04-29,C101064,Karachi,Online,Kurtas,Cotton Kurta,1,1930,1080,0,COD,No
701744,2023-09-16,C101531,Lahore,Online,jackets,Hooded Jacket,2,4970,2990,0,COD,No
704922,2024-07-24,C101496,Multan,Online,Dresses,Summer Floral Dress,1,3100,2000,0,COD,No
703175,2025-01-04,C101237,Karachi,Store,Jackets,Denim Jacket,1,5440,3180,10,Wallet,No
703463,2025-05-23,C100892,Lahore,Store,Dresses,Maxi Dress,1,4350,2260,10,COD,No
701127,2025-06-04,C100600,Karachi,Online,Accessories,Leather Belt,1,1220,700,0,Wallet,No
703354,2025-05-02,C100423,Lahore,Store,Jeans,High-Waist Jeans,1,4100,2460,0,COD,No
700764,2024-10-03,C100482,Islamabad,Online,Dresses,Maxi Dress,1,4630,3010,0,Card,No
700127,2025-03-01,C101432,Lahore,Online,Shoes,Boots,2,6270,4010,0,Card,No
700943,2024-05-25,C101413,Sialkot,Online,Kurtas,Cotton Kurta,1,1870,1100,10,Card,No
700994,2025-03-22,C100155,Rawalpindi,Store,Accessories,Leather Belt,2,1250,800,0,COD,No
702300,2025-01-19,C101235,Lahore,Online,Jackets,Bomber Jacket,1,5200,2440,0,Card,No
702587,2024-06-17,C100693,Karachi,Online,Kurtas,Printed Kurta,3,2400,1280,10,Bank Transfer,No
700081,2024-06-30,C101481,Lahore,Online,Dresses,Bodycon Dress,2,3800,2330,0,COD,No
702606,2023-12-08,C100886,Karachi,Online,Shoes,Sneakers,3,4570,2330,0,COD,No
702470,2024-05-23,C100133,Karachi,Online,T-Shirts,Classic Cotton Tee,1,1270,650,10,Wallet,Yes
701481,2023-10-12,C100737,Karachi,Online,Jackets,Puffer Jacket,2,6660,3550,0,Card,No
701529,2025-01-08,C100266,Karachi,Online,Kurtas,Printed Kurta,2,2340,1130,10,COD,No
701426,2023-11-10,C101100,Lahore,Online,Shoes,Sneakers  ,1,4810,2620,15,COD,No
702067,2025-03-08,C100359,Islamabad,Store,Kurtas,Embroidered Kurta,3,2930,1400,0,COD,No
700685,2024-12-17,C101019,Karachi,Store,Kurtas,Printed Kurta,1,2410,1160,30,COD,No
700639,2024-07-01,C101695,Islamabad,Store,Kurtas,Embroidered Kurta,1,2940,1720,10,Card,No
702232,2023-08-01,C100559,Karachi,Store,T-Shirts,Oversized Tee,3,1820,930,0,,No
701601,2024-07-30,C100869,Lahore,Online,Shoes,Sneakers,2,4530,2240,0,Card,Yes
704163,2025-01-28,C100967,Lahore,Online,Shoes,Boots,2,6750,3600,0,Bank Transfer,No
700071,2024-12-29,C102080,Karachi,Online,T-Shirts,Oversized Tee,2,1800,1160,20,COD,Yes
702573,2025-02-28,C101795,Karachi,Online,Jeans,Ripped Jeans,1,4060,2380,10,COD,No
703033,2024-11-22,C101151,Multan,Online,Shoes,Sandals,2,2940,1770,10,Bank Transfer,No
703565,2023-08-03,C101980,Multan,Online,Dresses,Wrap Dress,1,4190,2370,10,Bank Transfer,No
701238,2025-02-16,C100003,Rawalpindi,Online,T-Shirts,Graphic Print Tee,1,1520,830,0,COD,No
702929,2025-02-11,C101769,Multan,Store,Jackets,Bomber Jacket,2,4970,3040,0,Card,No
703203,2024-02-15,C101320,Karachi,Store,Accessories,Baseball Cap,1,900,470,0,,No
703578,2024-09-27,C101047,Faisalabad,Online,T-Shirts,Classic Cotton Tee,1,1280,740,0,Card,Yes
704445,2023-10-16,C101691,Peshawar,Store,Shoes,Boots,2,6970,4100,0,Bank Transfer,No
703739,2023-07-01,C101597,Lahore,Store,T-Shirts,Polo Shirt,1,2320,1420,0,Bank Transfer,No
703743,2025-01-08,C101693,Faisalabad,Online,Accessories,Leather Belt,1,1270,770,0,Wallet,No
701302,2025-01-17,C101311,Peshawar,Online,Jackets,Bomber Jacket,2,5050,2520,0,COD,No
700352,2024-02-10,C101567,Lahore,Online,Jackets,Denim Jacket,1,5640,3020,15,Wallet,No
701769,2024-12-26,C100213,Faisalabad,Online,Accessories,Tote Bag,2,1690,950,20,Card,No
704135,2025-03-13,C102140,Peshawar,Online,Shoes,Boots,1,6770,3140,0,Wallet,No
704018,2024-10-23,C100379,Rawalpindi,Store,Kurtas,Festive Kurta,2,4180,2410,0,COD,No
700533,2025-01-19,C100481,Lahore,Online,Accessories,Leather Belt,1,1190,640,0,COD,No
702222,2023-12-14,C100519,,Store,Shoes,Boots,2,6310,3110,0,Card,No
700624,2023-12-01,C101019,Karachi,Store,Jeans,High-Waist Jeans,2,4210,2450,25,COD,No
704194,2024-02-14,C101404,Lahore,Online,Dresses,Summer Floral Dress,3,3380,1960,0,Wallet,Yes
700212,2025-05-09,C101569,Karachi,Online,T-Shirts,Polo Shirt,3,2170,1040,0,COD,No
700505,2025-01-27,C100230,Lahore,Online,Shoes,Sandals,1,2940,1450,10,COD,No
704509,2024-02-21,C100543,Sialkot,Store,Jeans,Straight Leg Jeans,3,3390,1830,0,COD,No
704962,2023-11-29,C101283,Islamabad,Store,Jackets,Hooded Jacket,2,4680,2200,20,Wallet,No
704519,2025-03-07,C100804,Lahore,Store,Dresses,Summer Floral Dress,2,3340,1940,10,Card,No
701514,2024-06-17,C100560,Lahore,Store,T-Shirts,Oversized Tee,2,1890,1080,0,COD,No
703161,2024-12-11,C101538,,Online,Accessories,Sunglasses,3,2140,1170,20,Bank Transfer,No
702523,2024-09-10,C101122,Multan,Online,Shoes,Loafers,3,5130,2860,0,Card,No
701994,2024-07-17,C101774,Islamabad,Store,Kurtas,Cotton Kurta  ,2,2000,940,0,COD,No
701138,2024-06-29,C101720,Lahore,Online,Kurtas,Cotton Kurta,1,1880,1120,0,Wallet,Yes
704998,2024-07-14,C101327,Islamabad,Online,Shoes,Boots,1,6520,2980,0,COD,No
703732,2023-08-12,C101619,Lahore,Store,Dresses,Bodycon Dress,1,3680,1930,15,COD,No
702445,2024-12-28,C101757,Sialkot,Online,Dresses,Bodycon Dress,1,4080,2560,25,Bank Transfer,No
702084,2024-09-21,C100312,Lahore,Online,Jeans,High-Waist Jeans,1,4140,2620,15,Wallet,No
703091,2024-07-30,C101801,Islamabad,Store,Kurtas,Cotton Kurta,2,1900,860,10,COD,No
702267,2025-02-01,C100212,Lahore,Online,T-Shirts,Classic Cotton Tee,3,1220,570,0,Card,No
704066,2025-02-20,C101838,Faisalabad,Store,Jackets,Bomber Jacket,1,5240,3350,0,Wallet,No
704257,2024-02-29,C100916,Lahore,Store,Jackets,Bomber Jacket  ,1,4950,2810,0,COD,No
701945,2025-04-21,C101721,Lahore,Online,Dresses,Maxi Dress,3,4660,2100,0,COD,No
702307,2024-12-18,C102095,Karachi,Store,Accessories,Tote Bag,1,1590,830,15,COD,No
702817,2024-05-29,C101280,Karachi,Online,Kurtas,Cotton Kurta,1,1920,1160,20,Bank Transfer,No
704875,2023-12-02,C101188,Lahore,Online,T-Shirts,Classic Cotton Tee,2,1180,620,10,COD,No
704447,2025-01-30,C100339,Peshawar,Online,Jackets,Puffer Jacket,2,6650,3800,0,Card,No
703037,2024-06-30,C101875,Faisalabad,Online,T-Shirts,Graphic Print Tee,1,1600,850,0,Wallet,No
703511,2024-02-28,C101555,Faisalabad,Store,T-Shirts,Classic Cotton Tee,1,1280,710,0,Card,No
703898,2024-08-30,C101653,Lahore,Online,Jackets,Bomber Jacket,1,5040,2640,0,Card,No
703942,2025-02-16,C101162,Multan,Online,Jackets,Puffer Jacket,1,6860,4350,0,Card,Yes
702117,2024-12-17,C100181,Peshawar,Online,Jackets,Puffer Jacket,1,6920,3190,15,Wallet,No
703079,2024-11-05,C101016,Rawalpindi,Store,Jeans,High-Waist Jeans,1,4220,2390,30,Card,No
701243,2025-03-29,C100481,Lahore,Store,Jackets,Puffer Jacket,1,7150,4510,10,Card,No
701964,2023-07-14,C101650,KARACHI,Store,Accessories,Sunglasses,2,2120,1270,0,Bank Transfer,No
701898,2023-08-07,C101830,,Store,T-Shirts,Oversized Tee,1,1890,1160,0,Bank Transfer,No
701105,2024-04-26,C101019,Karachi,Store,Dresses,Bodycon Dress,2,3660,1790,15,COD,No
702456,2024-04-19,C102129,Lahore,Store,Jeans,High-Waist Jeans,3,4190,2360,0,COD,No
701785,2024-12-20,C100928,Islamabad,Store,Shoes,Loafers,1,5300,3390,0,Card,No
702058,2024-12-24,C100061,Karachi,Online,T-Shirts,Classic Cotton Tee,2,1240,800,10,Card,Yes
700723,2024-05-10,C100953,Lahore,Online,Kurtas,Printed Kurta,1,2480,1550,0,COD,No
701372,2023-07-21,C100241,Faisalabad,Online,Jeans,Ripped Jeans,1,3900,1780,10,COD,No
703142,2023-12-29,C100849,Sialkot,Online,Jeans,Ripped Jeans,1,3820,2140,20,Wallet,No
702534,2023-07-08,C101631,Multan,Online,Dresses,Wrap Dress,1,4200,2370,0,COD,No
703973,2025-04-07,C100687,Sialkot,Store,Kurtas,Embroidered Kurta,1,2910,1590,10,COD,No
704811,2024-06-05,C101850,Lahore,Store,Dresses,Maxi Dress,1,4320,2080,0,COD,No
703105,2025-03-04,C100379,Rawalpindi,Store,Jeans,High-Waist Jeans,3,4330,2630,15,Bank Transfer,No
704852,2025-03-07,C100795,Karachi,Store,Kurtas,Embroidered Kurta,3,2670,1280,0,Card,No
703266,2025-02-06,C101575,Lahore,Store,T-Shirts,Graphic Print Tee,1,1570,1010,0,Card,No
700829,2023-10-28,C100387,SIALKOT,Online,Jackets,Bomber Jacket,1,5300,2710,0,Wallet,No
700916,2024-04-24,C100276,Karachi,Online,Kurtas,Printed Kurta,1,2310,1430,10,COD,No
702223,2024-10-18,C101540,Multan,Online,Accessories,Leather Belt,2,1240,590,0,Card,No
700963,2025-04-04,C100708,Karachi,Online,Dresses,Summer Floral Dress,1,3190,1530,0,Card,No
704177,2023-12-07,C100179,Faisalabad,Store,Shoes,Loafers,1,4960,2240,0,COD,No
702346,2024-10-07,C101059,Rawalpindi,Store,T-Shirts,Classic Cotton Tee,3,1270,580,10,Card,No
705039,2024-02-25,C102154,Islamabad,Online,Shoes,Boots,2,6560,4030,0,COD,Yes
702474,2023-12-28,C100670,Lahore,Online,Kurtas,Printed Kurta,2,2300,1150,10,Card,No
702162,2024-09-02,C100647,Islamabad,Online,Jackets,Denim Jacket,1,5550,3010,15,Bank Transfer,No
702668,2024-11-24,C101924,LAHORE,Online,Jeans,Slim Fit Jeans,2,3470,1740,15,COD,No
705058,2024-01-27,C101817,Karachi,Online,Jackets,Denim Jacket,1,5270,2500,0,Wallet,No
703122,2025-04-22,C101710,Faisalabad,Online,Jeans,High-Waist Jeans,1,4470,2280,15,Bank Transfer,No
701540,2024-02-15,C101369,Karachi,Online,Jackets,Puffer Jacket,1,6750,4140,15,COD,No
703750,2023-08-28,C101930,Rawalpindi,Online,T-Shirts,Graphic Print Tee,1,1580,820,0,Card,No
700075,2024-01-31,C100726,LAHORE,Online,Dresses,Bodycon Dress,2,3730,2090,0,Card,No
700222,2025-02-19,C100089,Islamabad,Store,Jeans,Slim Fit Jeans,3,3620,1780,0,COD,No
704562,2023-10-20,C101496,Multan,Online,Accessories,Tote Bag,2,1580,1000,0,Card,No
700069,2023-10-20,C101836,Lahore,Online,T-Shirts,Graphic Print Tee,1,1520,820,10,COD,No
702243,2024-04-22,C101197,Rawalpindi,Online,Shoes,Sneakers,1,4460,2380,10,Bank Transfer,Yes
703097,2025-05-26,C101715,Faisalabad,Online,T-Shirts,Graphic Print Tee,1,1600,960,15,COD,No
703036,2024-06-26,C100040,Karachi,Online,Kurtas,Printed Kurta,1,2380,1220,10,Card,No
703171,2024-07-07,C100494,Faisalabad,Online,Accessories,Sunglasses,2,2270,1020,0,Card,No
700372,2024-05-09,C101385,Lahore,Online,Accessories,Baseball Cap,1,920,550,10,Card,No
703438,2025-02-16,C100792,Karachi,Online,Accessories,Tote Bag,1,1710,780,10,Card,No
703946,2024-03-17,C100110,Karachi,Store,Shoes,Loafers,1,5370,2870,10,COD,No
703942,2025-02-16,C101162,Multan,Online,Shoes,Boots,1,6660,3870,0,Card,No
701577,2024-04-04,C101305,Peshawar,Online,Jeans,Slim Fit Jeans,3,3720,2070,10,COD,No
703638,2024-01-23,C101690,Faisalabad,Store,Jackets,Puffer Jacket,1,6830,4000,0,Card,No
703146,2024-04-17,C101162,Multan,Online,Jackets,Puffer Jacket,1,6750,3410,20,Bank Transfer,No
700471,2023-10-14,C102140,Peshawar,Online,Accessories,Sunglasses,1,2190,1280,10,Bank Transfer,No
702860,2023-07-27,C102093,Lahore,Store,Dresses,Bodycon Dress,2,3630,1710,10,Bank Transfer,No
701037,2023-08-11,C100196,Islamabad,Store,Kurtas,Cotton Kurta,3,1980,900,0,COD,No
704060,2024-07-22,C101629,Karachi,Online,T-Shirts,Oversized Tee,1,1900,950,0,Card,No
701236,2023-12-04,C102017,Lahore,Store,Dresses,Summer Floral Dress,1,3220,1950,15,COD,Yes
701222,2024-05-02,C100880,Karachi,Store,Jeans,High-Waist Jeans,2,4140,2450,10,Card,No
703297,2023-09-30,C100906,Karachi,Store,Shoes,Boots,2,6410,3350,0,COD,No
700934,2023-11-26,C101923,Karachi,Store,Jackets,Denim Jacket,1,5340,2440,20,Card,No
704654,2024-02-15,C100397,Karachi,Store,Kurtas,Cotton Kurta,0,2030,1220,0,Bank Transfer,No
704879,2025-06-27,C100503,Islamabad,Online,Dresses,Summer Floral Dress,1,3290,1640,0,COD,No
703619,2023-08-18,C101816,Faisalabad,Store,Kurtas,Embroidered Kurta  ,1,3020,1700,0,COD,No
704409,2023-10-29,C101465,Rawalpindi,Online,Jeans,Ripped Jeans,1,3790,1800,10,Card,No
704185,2023-09-15,C101817,Karachi,Online,Kurtas,Embroidered Kurta,1,2760,1760,0,Wallet,No
704664,2024-09-01,C102156,Lahore,Store,Jeans,High-Waist Jeans,1,4170,2340,0,Card,No
701844,2025-05-23,C101074,Multan,Online,T-Shirts,Oversized Tee,1,1820,900,0,COD,Yes
700930,2025-06-20,C101316,Islamabad,Online,Dresses,Maxi Dress,1,4860,2480,0,COD,No
704496,2023-07-20,C100253,Lahore,Online,Accessories,Sunglasses,3,2310,1340,0,Card,No
704774,2023-10-21,C100298,Faisalabad,Online,Kurtas,Cotton Kurta,1,1980,1270,10,COD,No
704145,2025-06-29,C101939,Lahore,Store,SHOES,Boots,2,6520,3030,10,Card,No
701945,2025-04-21,C101721,Lahore,Online,Jeans,Ripped Jeans,2,3730,2140,15,COD,No
704549,2025-02-16,C101294,Karachi,Online,Shoes,Loafers,1,5470,3210,0,Wallet,No
704202,2025-04-18,C100264,Peshawar,Store,Jeans,High-Waist Jeans,2,4270,1970,0,Card,No
702799,2023-07-26,C100725,Lahore,Online,Shoes,Sandals,1,2930,1830,15,COD,Yes
703198,2023-11-07,C100718,Rawalpindi,Store,Jackets,Bomber Jacket  ,1,5010,2910,0,Bank Transfer,No
703468,2024-04-25,C100820,Lahore,Online,Kurtas,Printed Kurta,1,2480,1300,10,Card,No
700589,2024-02-25,C101617,Islamabad,Store,Shoes,Sandals,3,2790,1520,10,Wallet,No
704425,2024-12-09,C101747,Islamabad,Store,Dresses,Summer Floral Dress,1,3430,2010,20,COD,No
705030,2025-03-07,C101474,Islamabad,Store,Kurtas,Printed Kurta,2,2410,1240,0,COD,No
702285,2024-09-16,C100234,Peshawar,Online,Accessories,Baseball Cap,1,870,570,15,COD,No
702727,2023-09-13,C100200,Faisalabad,Online,Jeans,Ripped Jeans,2,3920,2050,15,COD,No
704754,2024-03-25,C100792,Karachi,Online,Accessories,Tote Bag,1,1560,890,0,Bank Transfer,No
702591,2023-11-17,C101828,Peshawar,Store,Jackets,Denim Jacket,1,5240,3190,15,Card,Yes
704281,2024-05-24,C100253,Lahore,Online,Dresses,Summer Floral Dress,2,3210,1880,10,COD,No
705095,2024-01-08,C101038,Karachi,Online,Jeans,Straight Leg Jeans,2,3270,1860,0,Wallet,No
704055,2024-07-18,C101051,Lahore,Online,Accessories,Tote Bag,2,1680,1080,0,Wallet,No
701872,2023-09-24,C100510,Lahore,Store,Jeans,Ripped Jeans,2,3980,2330,0,Card,No
701064,2023-12-28,C101618,Sialkot,Store,Accessories,Tote Bag,1,1640,790,20,Card,No
700282,2025-03-02,C101525,Lahore,Online,Jeans,Straight Leg Jeans,3,3300,1680,0,COD,No
701098,2024-05-09,C101632,Rawalpindi,Online,T-Shirts,Graphic Print Tee,3,1450,810,0,Card,Yes
700609,2024-09-22,C102016,Karachi,Store,Accessories,Leather Belt,2,1190,670,0,COD,No
703355,2024-02-22,C101380,Karachi,Store,Jackets,Hooded Jacket,2,4590,2450,0,COD,No
704025,2024-12-01,C101489,Karachi,Store,Jackets,Hooded Jacket,3,4930,2940,20,COD,No
700373,2024-09-19,C100824,Multan,Store,Jeans,Slim Fit Jeans,1,3520,2230,0,COD,No
703749,2025-02-06,C101529,Karachi,Store,Accessories,Tote Bag,1,1610,800,10,Card,No
704958,2025-04-07,C100292,Peshawar,Online,Dresses,Wrap Dress,2,4020,2340,0,COD,No
701613,2024-08-28,C100001,Karachi,Online,Dresses,Wrap Dress,2,4060,2550,10,Bank Transfer,No
702889,2024-11-09,C101999,Islamabad,Online,T-Shirts,Polo Shirt,2,2140,1060,15,COD,No
700936,2024-02-10,C100328,Islamabad,Online,Accessories,Sunglasses,1,2220,1090,0,COD,No
700524,2025-01-03,C101083,Multan,Online,Jackets,Puffer Jacket,1,6840,3870,0,COD,No
704515,2024-01-18,C101506,Faisalabad,Online,Jeans,High-Waist Jeans,1,4530,2810,10,COD,No
700854,2025-05-16,C100677,Karachi,Online,T-Shirts,Classic Cotton Tee,1,1190,570,0,Card,No
704197,2024-04-27,C101358,Rawalpindi,Online,Accessories,Leather Belt,1,1210,710,0,Wallet,No
703119,2025-01-29,C100075,Karachi,Online,T-Shirts,Oversized Tee,3,1800,960,0,COD,Yes
702805,2024-05-17,C101567,Lahore,Online,Dresses,Summer Floral Dress,1,3310,1850,15,Card,No
704008,2025-04-07,C101368,Lahore,Store,Accessories,Sunglasses,1,2130,1030,0,COD,No
703564,2024-05-04,C101871,Karachi,Online,T-Shirts,Polo Shirt,2,2190,1410,10,COD,No
702564,2025-01-05,C102151,Lahore,Store,Accessories,Leather Belt,1,1220,610,0,Wallet,No
701428,2025-05-25,C101258,Islamabad,Store,T-Shirts,Graphic Print Tee,3,1600,940,10,COD,No
704951,2023-11-23,C100981,Faisalabad,Online,Jackets,Bomber Jacket,3,5550,2880,0,Bank Transfer,No
702882,2024-06-25,C101846,Karachi,Online,kurtas,Embroidered Kurta,1,2680,1370,0,Bank Transfer,No
703164,2024-10-26,C100731,Lahore,Online,Jackets,Hooded Jacket,2,4930,2830,15,Card,No
701802,2024-03-06,C101607,Karachi,Online,Jackets,Bomber Jacket,2,4970,2950,0,Card,No
705014,2023-08-07,C101460,Faisalabad,Online,Shoes,Boots,3,6460,3070,0,Bank Transfer,No
701509,2024-10-23,C101299,Karachi,Online,Kurtas,Festive Kurta  ,3,4160,2660,0,COD,No
703903,2024-02-02,C100164,Islamabad,Online,Jeans,Ripped Jeans,3,3690,2260,10,Card,No
703404,2025-01-20,C100614,Karachi,Online,Dresses,Summer Floral Dress,2,3220,1840,0,COD,No
702965,2023-12-14,C100425,Faisalabad,Store,Jeans,Ripped Jeans,2,3920,2440,20,Bank Transfer,No
704242,2024-04-29,C100161,Peshawar,Online,Shoes,Loafers,3,5270,3210,10,COD,No
702344,2023-12-02,C100070,Lahore,Store,Jeans,Straight Leg Jeans,1,3130,1690,15,COD,No
703199,2024-10-29,C100922,Islamabad,Online,Jackets,Hooded Jacket,1,5140,2920,0,Wallet,No
704762,2024-03-22,C100852,Multan,Online,Jackets,Puffer Jacket,1,7290,4040,10,COD,No
701837,2025-02-26,C101087,Faisalabad,Online,Jackets,Puffer Jacket,1,6800,3510,0,COD,No
701789,2024-03-07,C102127,Karachi,Online,Dresses,Wrap Dress,2,3890,2380,0,COD,No
702035,2025-03-14,C101755,Islamabad,Store,Shoes,Boots,3,6410,3460,0,Card,No
701602,2024-05-06,C101916,Rawalpindi,Online,Jeans,Ripped Jeans,2,3940,2410,15,Card,No
701227,2024-06-24,C100249,Karachi,Online,Accessories,Sunglasses,2,2310,1200,0,Card,No
702614,2025-01-25,C101801,Islamabad,Online,Shoes,Loafers,1,5230,2890,0,COD,No
703107,2023-08-08,C100254,Lahore,Online,Jeans,Straight Leg Jeans,1,3440,2150,0,COD,No
701911,2025-02-12,C100157,Rawalpindi,Online,Accessories,Leather Belt,2,1180,640,0,COD,No
704920,2025-06-20,C100362,Lahore,Store,T-Shirts,Classic Cotton Tee  ,3,1220,730,0,Wallet,No
704879,2025-06-27,C100503,Islamabad,Online,Accessories,Baseball Cap,2,930,440,0,COD,Yes
704161,2023-11-11,C100878,Islamabad,Store,Accessories,Sunglasses,1,2150,1020,0,Bank Transfer,No
701104,2025-05-06,C101728,LAHORE,Online,T-Shirts,Graphic Print Tee,3,1520,950,20,Card,No
702737,2023-11-24,C101712,Sialkot,Store,Jeans,Straight Leg Jeans,2,3240,1780,0,COD,No
701222,2024-05-02,C100880,Karachi,Store,T-Shirts,Graphic Print Tee,3,1610,730,10,Card,No
700970,2025-03-17,C102088,Rawalpindi,Online,T-Shirts,Classic Cotton Tee,1,1250,770,0,COD,No
701591,2024-09-14,C100682,Lahore,Online,Jackets,Denim Jacket,1,5810,3550,0,COD,No
704001,2025-04-02,C100413,Peshawar,Online,Shoes,Sandals,1,2660,1460,15,COD,No
702400,2024-01-15,C101288,Karachi,Store,T-Shirts,Polo Shirt,1,2340,1120,0,COD,No
700727,2023-08-12,C102116,,Store,Jeans,Straight Leg Jeans,1,3150,1850,10,Card,Yes
701454,2024-03-16,C101853,Faisalabad,Online,Accessories,Leather Belt,1,1190,640,0,COD,No
702199,2023-12-10,C101915,Lahore,Online,jeans,Straight Leg Jeans,3,3320,1780,0,Card,No
700279,2023-12-12,C101952,Faisalabad,Store,Jeans,Straight Leg Jeans,1,3120,1750,30,Wallet,No
700824,2024-08-28,C100032,Karachi,Store,T-Shirts,Classic Cotton Tee,1,1210,750,10,Wallet,No
702603,2025-05-07,C101868,Islamabad,Online,Accessories,Sunglasses,1,2160,1200,15,Wallet,No
703026,2024-11-01,C100929,Faisalabad,Online,Jackets,Denim Jacket,2,5900,3000,20,Card,Yes
700523,2024-04-01,C101689,Karachi,Online,Accessories,Tote Bag,1,1650,990,15,COD,No
704090,2024-02-24,C101993,Lahore,Store,Jeans,Straight Leg Jeans,1,3150,1950,10,COD,No
700048,2025-04-02,C100616,Faisalabad,Online,Accessories,Leather Belt,1,1230,780,15,COD,No
700319,2025-06-26,C100957,Islamabad,Store,Jeans,Slim Fit Jeans,2,3440,1910,0,,No
700674,2025-03-26,C101774,Islamabad,Online,Shoes,Sneakers,3,4400,2130,15,COD,No
704036,2024-05-22,C102151,Lahore,Online,Kurtas,Festive Kurta,1,4420,2430,20,COD,No
701434,2023-07-27,C101649,Faisalabad,Store,T-Shirts,Classic Cotton Tee,1,1280,710,0,Wallet,No
705101,2023-09-29,C100314,Karachi,Store,Shoes,Loafers,1,5020,2550,0,COD,No
702719,2025-05-06,C102083,Lahore,Store,T-Shirts,Graphic Print Tee,2,1470,790,20,Wallet,No
702653,2024-09-03,C100570,Karachi,Online,Shoes,Boots  ,2,6590,3400,0,Bank Transfer,No
703488,2024-01-15,C100228,Islamabad,Online,Jackets,Puffer Jacket,1,6940,3500,0,COD,No
703421,2025-03-18,C101598,Faisalabad,Online,Jeans,High-Waist Jeans,1,4490,2250,0,Wallet,No
705184,2024-12-15,C102068,Lahore,Online,Kurtas,Festive Kurta,1,4450,2880,15,Card,Yes
700096,2025-06-12,C101347,Karachi,Store,Shoes,Sneakers,2,4430,2370,0,,Yes
702442,2025-04-27,C100251,MULTAN,Store,Kurtas,Printed Kurta,1,2320,1210,0,,No
701824,2024-12-03,C101679,Islamabad,Store,Jeans,High-Waist Jeans,2,4280,2110,15,Card,No
704650,2024-09-19,C101003,Lahore,Online,Kurtas,Cotton Kurta,2,1920,1170,0,Wallet,No
704446,2024-05-02,C101504,Faisalabad,Store,Accessories,Leather Belt  ,1,1190,680,15,COD,No
702791,2025-04-23,C101161,Rawalpindi,Online,Jeans,Slim Fit Jeans,1,3450,2050,20,Card,No
700531,2025-01-30,C101447,Islamabad,Store,Accessories,Baseball Cap,3,900,550,0,Card,No
703886,2024-06-03,C101333,Sialkot,Online,T-Shirts,Classic Cotton Tee,2,1200,680,15,COD,No
700111,2023-09-12,C100795,Karachi,Store,Jeans,High-Waist Jeans,1,4010,2240,0,Card,No
701330,2024-10-09,C101090,Lahore,Store,Accessories,Sunglasses,1,2260,1410,0,Card,No
701512,2024-03-12,C100848,Lahore,Online,Shoes,Loafers,1,5550,3010,0,COD,No
700908,2023-07-22,C100388,Lahore,Online,Dresses,Maxi Dress,1,4540,2460,10,Card,No
703920,2025-06-12,C101922,Karachi,Online,Kurtas,Cotton Kurta,2,1920,1210,0,Wallet,No
700079,2023-09-02,C101585,Peshawar,Online,Jeans,Straight Leg Jeans,2,3310,1840,15,Card,No
701483,2024-12-13,C100482,Islamabad,Store,Jackets,Bomber Jacket,1,5270,2580,20,Card,No
702390,2025-05-27,C101319,Multan,Store,Dresses,Summer Floral Dress,3,3300,1810,15,Card,No
705011,2024-08-26,C101063,Islamabad,Online,Dresses,Bodycon Dress,1,3890,2440,0,COD,Yes
704294,2025-05-02,C100094,Karachi,Online,T-Shirts,Graphic Print Tee,2,1510,930,10,COD,No
704419,2023-07-07,C100073,Lahore,Store,SHOES,Loafers,3,5000,2740,0,COD,No
703637,2024-11-25,C101074,Multan,Online,Shoes,Sneakers,1,4470,2480,15,COD,No
702693,2024-02-08,C101530,Karachi,Online,Jeans,Straight Leg Jeans,1,3180,1940,0,COD,No
702233,2025-01-11,C100212,Lahore,Store,Accessories,Tote Bag,3,1640,850,0,COD,No
704287,2025-03-26,C100665,Rawalpindi,Store,Shoes,Boots,2,6970,3760,10,Wallet,No
702688,2023-10-02,C101836,Lahore,Online,Accessories,Leather Belt,1,1190,750,0,COD,No
703930,2025-01-01,C101127,RAWALPINDI,Online,Dresses,Maxi Dress,1,4600,2920,0,Wallet,No
704396,2023-08-24,C101635,Karachi,Online,Dresses,Wrap Dress,3,3960,2090,0,,No
701774,2023-09-27,C101710,Faisalabad,Online,Accessories,Leather Belt,2,1180,600,0,Card,No
701291,2023-08-23,C100251,Multan,Online,Kurtas,Embroidered Kurta,2,2730,1640,0,Bank Transfer,Yes
702097,2023-10-18,C102008,Lahore,Online,Shoes,Boots,1,6840,4070,0,Card,No
702351,2023-08-07,C100804,Lahore,Store,Dresses,Bodycon Dress,2,3800,2180,0,Card,No
704505,2025-06-13,C101947,Peshawar,Online,Jeans,High-Waist Jeans,1,4100,2640,0,Bank Transfer,No
701577,2024-04-04,C101305,Peshawar,Online,Dresses,Wrap Dress,1,4020,2400,10,COD,No
701531,2024-03-01,C101561,Islamabad,Online,Jackets,Puffer Jacket,1,7190,4300,0,COD,No
705083,2024-07-26,C101607,Karachi,Online,Accessories,Leather Belt,1,1280,700,0,COD,No
701675,2025-04-27,C101245,Karachi,Online,Dresses,Bodycon Dress,2,3720,2080,10,Card,Yes
702782,2023-07-03,C100397,Karachi,Online,Dresses,Wrap Dress,1,4100,2620,0,COD,No
700749,2024-12-07,C100503,Islamabad,Store,Kurtas,Cotton Kurta,1,2050,1130,15,Card,No
704328,2024-04-16,C101927,Rawalpindi,Online,T-Shirts,Polo Shirt,3,2310,1290,0,Card,No
702838,2024-09-28,C100703,Multan,Store,Kurtas,Festive Kurta,3,4440,2050,0,Card,No
703338,2024-01-06,C100134,Islamabad,Store,Jeans,Straight Leg Jeans,2,3440,2190,0,COD,No
703414,2024-06-28,C100911,Multan,Online,Dresses,Summer Floral Dress,1,3040,1830,0,Wallet,Yes
700382,2023-11-13,C101222,Peshawar,Online,Kurtas,Printed Kurta,2,2400,1090,0,COD,No
705110,2023-11-22,C100857,Multan,Store,Accessories,Baseball Cap,2,960,600,15,Bank Transfer,No
704959,2024-09-15,C101203,Rawalpindi,Store,T-Shirts,Classic Cotton Tee,2,1190,570,0,Card,No
701902,2023-09-18,C102166,Peshawar,Store,Kurtas,Embroidered Kurta,2,2670,1430,10,Wallet,Yes
704646,2023-09-15,C101972,Faisalabad,Online,Jeans,Ripped Jeans,3,3830,2440,0,Card,No
703625,2024-02-05,C100894,Faisalabad,Online,Jackets,Puffer Jacket,3,6900,4350,15,Wallet,No
703025,2023-12-01,C101530,Karachi,Online,Accessories,Leather Belt,1,1180,670,15,Bank Transfer,No
701408,2024-05-05,C100169,Sialkot,Online,T-Shirts,Polo Shirt,2,2150,990,15,Card,No
701862,2025-04-30,C101871,Karachi,Store,T-Shirts,Classic Cotton Tee,1,1150,570,0,COD,No
704482,2024-04-27,C101208,Karachi,Online,Dresses,Bodycon Dress,2,4040,2300,10,Card,No
701867,2024-10-20,C100718,Rawalpindi,Online,Kurtas,Embroidered Kurta,2,2690,1350,0,Card,No
700407,2024-02-27,C101207,Karachi,Store,Jeans,Straight Leg Jeans,1,3200,1780,0,Wallet,No
700899,2025-04-15,C101175,Faisalabad,Store,Shoes,Loafers,1,5120,2620,20,Card,No
702942,2023-09-07,C100791,Karachi,Online,jeans,High-Waist Jeans,1,4490,2380,0,Bank Transfer,No
703471,2024-12-07,C101814,Multan,Store,Accessories,Sunglasses,1,2150,990,20,Card,No
701246,2025-02-16,C101410,Multan,Online,Kurtas,Cotton Kurta,1,2020,950,10,Bank Transfer,No
702621,2023-10-08,C100835,Islamabad,Store,Shoes,Sandals,1,2800,1510,0,Wallet,No
700498,2024-09-10,C101915,Lahore,Online,Kurtas,Printed Kurta,1,2560,1200,0,Card,No
700781,2025-02-12,C100535,Lahore,Online,Jackets,Bomber Jacket,1,5340,3250,0,Card,No
700324,2024-09-01,C100746,Karachi,Online,Shoes,Loafers,1,5500,3530,0,COD,No
701691,2023-09-24,C101884,Karachi,Store,Kurtas,Embroidered Kurta,1,2730,1350,0,COD,No
704813,2024-02-06,C100553,Peshawar,Online,Jackets,Denim Jacket,2,5240,3090,0,COD,No
704937,2024-10-25,C100571,Multan,Store,Kurtas,Embroidered Kurta,1,3000,1930,10,COD,No
704689,2024-05-08,C100298,Faisalabad,Online,Jeans,Ripped Jeans,2,4060,2300,0,Bank Transfer,No
703760,2024-01-19,C101915,Lahore,Store,T-Shirts,Oversized Tee,2,1840,1170,15,Card,No
704757,2025-01-27,C100302,,Online,T-Shirts,Oversized Tee,3,1810,1070,0,COD,No
703412,2024-10-06,C100296,Sialkot,Store,Jackets,Hooded Jacket,3,4670,2600,10,Bank Transfer,No
704632,2023-08-10,C101002,Lahore,Online,Kurtas,Printed Kurta,2,2470,1350,0,Card,No
703531,2024-03-05,C100045,Faisalabad,Online,T-Shirts,Graphic Print Tee,1,1480,730,0,COD,No
702471,2023-10-14,C100169,Sialkot,Online,Shoes,Boots,1,6840,3240,0,Wallet,No
701520,2025-03-20,C101119,Peshawar,Online,Kurtas,Festive Kurta,3,4460,2880,15,COD,No
705085,2024-05-10,C100813,Islamabad,Online,Dresses,Summer Floral Dress,1,3240,2090,20,COD,No
704743,2024-08-05,C100027,Lahore,Online,DRESSES,Maxi Dress,1,4350,2060,0,Wallet,No
701220,2023-12-06,C101321,Karachi,Online,Kurtas,Festive Kurta,2,4500,2220,25,,No
703275,2024-05-20,C100321,Karachi,Online,Accessories,Leather Belt,1,1180,750,0,Bank Transfer,No
701784,2024-01-26,C101685,Lahore,Online,Accessories,Baseball Cap,2,890,500,15,Bank Transfer,Yes
701838,2024-04-22,C101701,Sialkot,Online,Accessories,Tote Bag,1,1660,820,0,Card,No
701456,2025-01-04,C100563,Islamabad,Store,T-Shirts,Graphic Print Tee,2,1560,990,0,Wallet,No
700134,2024-04-12,C100112,Karachi,Online,Kurtas,Embroidered Kurta,2,2760,1400,20,Card,No
705172,2025-02-03,C101652,Lahore,Store,Jackets,Denim Jacket,1,5460,2700,15,Wallet,No
704671,2024-05-23,C100784,Sialkot,Online,Dresses,Bodycon Dress,1,3650,2230,15,COD,No
700331,2024-04-30,C100330,Faisalabad,Online,Accessories,Tote Bag,1,1680,930,15,Wallet,No
702527,2024-12-18,C100377,KARACHI,Store,Shoes,Sandals,1,2670,1470,0,Card,No
701799,2024-05-16,C100122,Lahore,Store,T-Shirts,Classic Cotton Tee,1,1190,680,0,COD,No
703383,2024-05-05,C100545,Karachi,Online,T-Shirts,Graphic Print Tee,1,1620,840,10,Wallet,No
703783,2024-04-06,C100217,Lahore,Online,Kurtas,Printed Kurta,1,2450,1410,15,Wallet,No
701063,2023-09-08,C100078,Islamabad,Online,T-Shirts,Graphic Print Tee,1,1540,850,15,Wallet,No
701265,2024-10-09,C101502,KARACHI,Online,Jackets,Bomber Jacket,1,5340,3390,0,Card,No
704718,2024-02-09,C101034,Karachi,Online,Jackets,Puffer Jacket,1,7310,3500,0,Card,No
701242,2023-09-27,C102044,Sialkot,Online,Jackets,Hooded Jacket,2,5180,3330,0,COD,No
702435,2024-03-06,C101918,Islamabad,Online,Dresses,Bodycon Dress,1,3730,1920,0,COD,No
703858,2024-11-29,C100078,,Store,Jackets,Hooded Jacket,1,5050,2960,15,COD,No
702351,2023-08-07,C100804,Lahore,Store,Kurtas,Cotton Kurta,2,1820,910,0,Card,Yes
705158,2023-12-07,C100525,Karachi,Online,T-Shirts,Polo Shirt,2,2370,1490,15,Card,No
701627,2025-04-25,C100956,Faisalabad,Online,Jackets,Puffer Jacket,2,6970,4130,15,Card,No
701124,2024-08-08,C100710,Sialkot,Online,Accessories,Leather Belt,2,1270,630,10,COD,No
703099,2024-04-15,C101286,Karachi,Online,Kurtas,Embroidered Kurta,2,2680,1410,0,Card,No
705164,2023-11-13,C100585,Islamabad,Store,Jeans,High-Waist Jeans,1,4530,2720,10,Card,No
701296,2024-05-22,C100539,Multan,Store,T-Shirts,Oversized Tee,1,1840,1190,20,Card,No
702394,2025-02-05,C100093,Karachi,Online,Dresses,Summer Floral Dress,2,3310,1890,0,Card,No
704615,2025-06-19,C100381,Peshawar,Store,Kurtas,Printed Kurta,2,2350,1230,0,Wallet,No
704837,2024-10-04,C100787,Karachi,Store,Accessories,Baseball Cap,2,890,530,0,Card,No
702387,2024-01-07,C102074,Karachi,Online,Jeans,Ripped Jeans,1,3930,2460,0,COD,Yes
700391,2023-10-28,C101390,Peshawar,Store,Dresses,Bodycon Dress,2,3800,1950,10,Bank Transfer,No
701009,2024-01-24,C100135,Lahore,Store,T-Shirts,Polo Shirt,1,2200,1400,0,,No
705010,2025-04-06,C101220,Lahore,Store,Accessories,Leather Belt,2,1260,810,0,COD,Yes
700213,2023-09-08,C100117,Rawalpindi,Online,Kurtas,Cotton Kurta,2,1900,1180,10,COD,Yes
702214,2024-09-26,C100626,Faisalabad,Store,Jeans,High-Waist Jeans,1,4230,2340,0,Card,No
702614,2025-01-25,C101801,Islamabad,Online,Jeans,High-Waist Jeans,1,4340,2250,0,COD,No
704722,2023-08-21,C101128,Rawalpindi,Store,Kurtas,Cotton Kurta,2,1920,1060,0,COD,No
703051,2024-12-03,C100775,Multan,Store,Shoes,Boots,1,6700,4300,10,COD,No
704226,2024-09-18,C100048,Rawalpindi,Online,Jeans,High-Waist Jeans,1,4170,2370,0,Wallet,No
704119,2024-06-12,C101663,Lahore,Store,Accessories,Tote Bag,2,1680,900,0,Wallet,No
700625,2023-12-11,C101178,Lahore,Online,Jackets,Denim Jacket,1,5380,3050,0,Wallet,No
702862,2024-10-22,C100584,Peshawar,Store,Shoes,Boots,2,6500,3350,0,Wallet,No
703296,2025-03-13,C100069,KARACHI,Store,Jackets,Puffer Jacket,2,6570,3080,10,Bank Transfer,No
702258,2024-10-06,C101940,Lahore,Online,T-Shirts,Graphic Print Tee,1,1600,850,10,COD,No
702324,2023-07-13,C101107,Karachi,Online,Accessories,Leather Belt,2,1150,540,0,Wallet,No
703938,2025-02-20,C100863,Islamabad,Store,Accessories,Baseball Cap,2,950,570,0,COD,No
702315,2025-02-26,C100215,Faisalabad,Online,T-Shirts,Polo Shirt,3,2360,1180,0,Card,No
701193,2024-09-25,C101943,Lahore,Online,Dresses,Bodycon Dress,2,3710,1720,0,Wallet,No
703819,2023-08-13,C101299,Karachi,Store,Shoes,Sneakers,1,4320,2780,0,Card,No
700979,2024-03-31,C100412,Lahore,Store,Jeans,Straight Leg Jeans,2,3330,2130,0,Card,No
703599,2025-04-03,C102048,Lahore,Online,Dresses,Bodycon Dress,1,3670,2270,10,Wallet,No
701349,2024-09-21,C102091,Multan,Online,Shoes,Boots,1,6790,3750,0,Bank Transfer,No
701775,2023-08-31,C100298,Faisalabad,Online,T-Shirts,Classic Cotton Tee,1,1180,610,15,Card,No
701949,2024-08-02,C101364,Karachi,Store,Shoes,Sneakers,2,4720,2700,0,Bank Transfer,No
704900,2023-11-05,C100564,Rawalpindi,Online,Jackets,Bomber Jacket,2,5280,3050,0,Wallet,No
703800,2025-06-17,C101390,Peshawar,Store,T-Shirts,Oversized Tee,3,1780,1150,0,Card,No
704650,2024-09-19,C101003,Lahore,Online,accessories,Leather Belt,0,1240,610,0,Wallet,No
701159,2024-06-10,C100983,Karachi,Store,Kurtas,Printed Kurta,1,2430,1110,10,COD,No
703693,2024-02-14,C101765,Lahore,Online,Dresses,Wrap Dress,1,3970,2140,0,Bank Transfer,No
702570,2024-09-10,C100168,Karachi,Online,Shoes,Boots,1,6700,4230,15,Bank Transfer,No
701059,2024-03-18,C101426,Lahore,Online,Jackets,Puffer Jacket  ,2,7330,3520,0,Card,No
704274,2024-04-29,C101322,Lahore,Online,Accessories,Sunglasses,2,2200,1080,10,Card,No
702492,2024-05-03,C101401,Lahore,Online,Shoes,Sandals,1,2700,1690,0,Bank Transfer,No
702643,2024-05-06,C100198,Lahore,Store,Jackets,Bomber Jacket,1,5340,3060,15,Card,No
702922,2024-04-29,C101099,lahore,Online,Dresses,Wrap Dress,2,4140,2220,10,Wallet,No
701985,2024-04-08,C100801,Karachi,Online,Accessories,Leather Belt,2,1290,690,10,Wallet,No
700344,2024-01-17,C101889,Karachi,Online,T-Shirts,Classic Cotton Tee,1,1180,710,10,Card,No
701926,2024-01-21,C102028,Islamabad,Online,Jackets,Puffer Jacket,3,6940,4230,0,COD,No
701454,2024-03-16,C101853,Faisalabad,Online,Shoes,Sneakers,2,4780,2750,0,COD,No
703763,2024-09-11,C100809,Sialkot,Online,Shoes,Boots,2,6930,4090,0,COD,Yes
701948,2025-01-25,C101923,Karachi,Online,Jackets,Bomber Jacket,2,5570,2890,0,COD,No
700578,2023-12-24,C102011,Karachi,Store,T-Shirts,Graphic Print Tee,1,1600,860,15,Wallet,No
703148,2024-10-09,C101553,Karachi,Online,Dresses,Wrap Dress,2,4140,1870,0,Bank Transfer,Yes
703877,2024-03-23,C100323,Islamabad,Store,Jackets,Hooded Jacket,1,4920,2640,15,COD,No
701199,2023-07-29,C100227,Islamabad,Online,Accessories,Leather Belt,1,1220,620,0,Wallet,No
703672,2025-04-03,C100860,Faisalabad,Store,Dresses,Bodycon Dress,2,4010,2280,0,Card,Yes
704649,2025-01-05,C100739,karachi,Online,Kurtas,Printed Kurta,1,2350,1230,10,COD,No
701147,2024-08-05,C101162,Multan,Store,Jackets,Bomber Jacket,1,5040,3020,0,COD,No
702399,2024-06-08,C100679,Karachi,Online,Dresses,Summer Floral Dress,1,3370,1660,10,COD,No
700328,2025-02-14,C100130,Lahore,Online,Dresses,Maxi Dress,1,4650,2270,0,Wallet,No
703318,2025-03-19,C101580,Peshawar,Online,Jeans,Slim Fit Jeans,1,3740,2390,10,Bank Transfer,No
703089,2024-06-10,C101261,Karachi,Store,T-Shirts,Graphic Print Tee,1,1530,880,0,Wallet,No
703555,2025-05-22,C100665,RAWALPINDI,Online,Shoes,Loafers,2,4950,2350,0,Wallet,No
702559,2023-07-14,C100330,Faisalabad,Online,Dresses,Summer Floral Dress,1,3370,1650,10,COD,No
701801,2023-08-10,C100036,Lahore,Store,Jeans,Straight Leg Jeans,1,3160,1980,10,Card,No
700177,2023-07-12,C102183,Lahore,Online,Jackets,Denim Jacket,1,5720,2630,10,Bank Transfer,No
701824,2024-12-03,C101679,Islamabad,Store,Jeans,Slim Fit Jeans,1,3460,2010,10,Card,No
703504,2024-11-18,C100888,Lahore,Store,Kurtas,Embroidered Kurta,2,2670,1580,25,COD,No
700459,2024-11-03,C100091,Rawalpindi,Online,Jeans,Ripped Jeans,1,3710,2050,20,Card,No
701684,2023-10-01,C100196,ISLAMABAD,Online,Jeans,Ripped Jeans,3,3890,2400,0,Bank Transfer,No
702854,2023-08-29,C101360,Rawalpindi,Online,Jeans,High-Waist Jeans,1,4140,2320,10,COD,No
701983,2024-11-01,C100457,Karachi,Store,Kurtas,Embroidered Kurta,1,2720,1620,10,Card,No
702679,2023-08-01,C101717,Islamabad,Store,T-Shirts,Oversized Tee,1,1910,1110,0,COD,No
701085,2024-04-28,C100443,Lahore,Online,Dresses,Summer Floral Dress,1,3220,1780,10,Card,No
702483,2025-05-30,C101866,Peshawar,Online,Kurtas,Festive Kurta,2,4460,2140,0,Card,No
700727,2023-08-12,C102116,Karachi,Store,Shoes,Sandals,2,2780,1450,0,Card,Yes
702584,2025-06-25,C101078,Islamabad,Store,kurtas,Cotton Kurta,1,1880,1210,0,COD,No
700930,2025-06-20,C101316,islamabad,Online,Jeans,Straight Leg Jeans,1,3290,1570,0,COD,No
704354,2025-02-14,C102064,Karachi,Store,Accessories,Sunglasses,3,2290,1290,0,COD,No
700734,2023-11-13,C100026,Karachi,Store,Accessories,Baseball Cap,1,970,470,0,Bank Transfer,No
700274,2025-01-06,C100801,Karachi,Store,Accessories,Tote Bag,1,1620,950,0,Bank Transfer,No
702629,2024-04-23,C100727,Lahore,Online,Dresses,Wrap Dress,2,4300,2100,10,COD,No
702947,2024-10-25,C100957,Islamabad,Online,Jeans,Straight Leg Jeans,1,3200,1720,0,Card,No
704112,2024-01-19,C101420,Rawalpindi,Online,Dresses,Bodycon Dress,1,4040,2460,0,Wallet,No
702490,2024-01-20,C100948,Multan,Online,Jackets,Puffer Jacket,3,7020,3450,15,COD,No
701421,2025-02-02,C101740,Lahore,Online,Accessories,Baseball Cap,3,870,520,0,COD,No
704118,2025-02-16,C100165,Karachi,Store,Accessories,Sunglasses,1,2210,1100,0,Card,No
702974,2025-06-07,C101460,Faisalabad,Store,Dresses,Maxi Dress,2,4460,2890,0,Wallet,No
704525,2024-07-06,C100290,Multan,Store,Kurtas,Printed Kurta,3,2560,1560,0,Card,No
703436,2024-02-27,C100652,Rawalpindi,Online,Accessories,Leather Belt,2,1290,640,10,Card,No
704980,2023-07-30,C100486,Karachi,Online,Accessories,Baseball Cap,1,870,520,0,Card,No
700132,2024-05-02,C100329,Karachi,Store,T-Shirts,Classic Cotton Tee,3,1230,720,0,COD,No
702739,2025-06-01,C100329,Karachi,Online,Shoes,Loafers,2,5190,2980,0,Card,No
704506,2024-03-08,C101941,Karachi,Store,Kurtas,Embroidered Kurta,1,2710,1290,0,COD,No
703332,2024-04-08,C101500,rawalpindi,Store,kurtas,Printed Kurta,1,2480,1520,0,Wallet,No
705120,2025-04-07,C102137,Faisalabad,Store,Dresses,Bodycon Dress,3,4090,2260,10,COD,No
703315,2024-03-30,C100880,Karachi,Store,Kurtas,Printed Kurta,2,2580,1540,0,Card,No
701173,2023-11-16,C101785,Multan,Online,T-Shirts,Graphic Print Tee,2,1510,900,25,,Yes
700190,2024-03-15,C100027,Lahore,Store,Kurtas,Embroidered Kurta,2,2900,1610,0,COD,No
701496,2023-10-28,C100194,Lahore,Online,Shoes,Loafers,3,5200,3210,0,Card,No
702123,2024-09-13,C101598,Faisalabad,Store,Kurtas,Printed Kurta,2,2340,1310,0,Card,No
704006,2023-08-27,C102070,Multan,Online,Jeans,High-Waist Jeans  ,2,4030,2370,0,Card,No
700398,2025-06-16,C100023,Peshawar,Online,Accessories,Baseball Cap,3,910,460,10,COD,No
704341,2024-09-06,C100858,Karachi,Online,Jeans,Ripped Jeans,1,4060,1960,10,COD,No
700433,2024-01-14,C101620,Lahore,Store,Jackets,Hooded Jacket,3,5140,2470,15,Bank Transfer,No
703234,2025-04-09,C101326,Karachi,Store,Accessories,Tote Bag,1,1540,880,0,Bank Transfer,No
700531,2025-01-30,C101447,Islamabad,Store,Accessories,Baseball Cap,3,900,550,0,Card,No
702807,2024-09-11,C100902,Lahore,Store,T-Shirts,Oversized Tee,2,1900,1000,0,Card,No
703320,2023-08-01,C100353,Islamabad,Online,kurtas,Printed Kurta,2,2300,1240,0,Wallet,No
703209,2024-05-20,C100723,Sialkot,Store,Accessories,Leather Belt,2,1150,740,0,Card,No
704261,2024-08-27,C101715,Faisalabad,Online,Jeans,Slim Fit Jeans,1,3380,1990,0,COD,No
702704,2025-05-26,C100626,Faisalabad,Store,T-Shirts,Classic Cotton Tee,1,1190,590,15,Bank Transfer,No
702432,2024-03-20,C101758,Peshawar,Store,Kurtas,Printed Kurta,1,2590,1590,10,Wallet,Yes
701385,2024-02-23,C100254,Lahore,Store,Dresses,Summer Floral Dress,1,3310,1660,0,COD,No
701600,2024-03-08,C101835,Lahore,Online,Dresses,Maxi Dress,3,4490,2320,0,Card,No
700308,2024-02-25,C100481,Lahore,Store,Accessories,Tote Bag,1,1630,810,0,COD,No
704612,2025-01-09,C101720,Lahore,Online,Shoes,Loafers,2,5360,2460,0,Card,No
703126,2023-10-16,C100281,Lahore,Store,Jeans,Straight Leg Jeans,1,3080,1480,0,Card,No
703029,2024-02-21,C101142,Multan,Store,Dresses,Wrap Dress,2,3820,2350,10,Card,No
704302,2025-03-17,C101475,Islamabad,Online,Shoes,Loafers,2,5550,2880,0,COD,No
700540,2023-08-26,C101397,Peshawar,Online,Kurtas,Festive Kurta,2,4240,2060,0,Bank Transfer,No
701710,2024-04-10,C100111,Lahore,Store,Shoes,Boots,1,6240,3090,20,Card,No
703270,2023-12-09,C102083,Lahore,Online,Jackets,Hooded Jacket,2,4600,2670,15,COD,No
703278,2025-06-17,C101757,Sialkot,Online,Jeans,Straight Leg Jeans,1,3380,1840,10,Card,No
702126,2024-01-20,C100712,Faisalabad,Online,Kurtas,Cotton Kurta,2,1920,930,0,Card,No
702886,2024-11-07,C100492,Rawalpindi,Online,Accessories,Tote Bag,1,1710,1070,10,Wallet,No
702411,2023-09-21,C100160,,Store,Jeans,Slim Fit Jeans,2,3690,1920,0,Wallet,No
700895,2024-06-20,C101377,Multan,Store,Kurtas,Embroidered Kurta,3,2960,1450,0,Card,No
704801,2023-10-17,C100349,Lahore,Online,SHOES,Boots,1,6430,2900,10,Card,Yes
704700,2025-04-10,C100394,Lahore,Store,T-Shirts,Polo Shirt,2,2100,1080,0,COD,No
702617,2025-02-05,C101577,Multan,Online,Kurtas,Cotton Kurta,2,1880,1180,0,COD,No
702460,2023-07-20,C101597,Lahore,Store,T-Shirts,Oversized Tee,3,1790,830,10,Card,No
705120,2025-04-07,C102137,faisalabad,Store,Shoes,Loafers,2,5220,2550,15,,No
703182,2024-09-27,C100921,Multan,Store,T-Shirts,Classic Cotton Tee,1,1260,620,10,Card,No
700053,2025-01-28,C102086,Karachi,Store,Accessories,Leather Belt,2,1190,660,0,Wallet,Yes
702789,2024-01-01,C100127,Lahore,Online,Jackets,Denim Jacket,2,5770,3010,15,Card,No
703716,2024-07-13,C102110,Islamabad,Online,Accessories,Baseball Cap,3,950,470,0,Card,No
700114,2025-02-28,C101505,Islamabad,Store,Jeans,Ripped Jeans,3,3850,2020,0,Card,No
700109,2024-08-28,C101489,Karachi,Store,Shoes,Boots,1,6590,3170,15,Card,No
704098,2023-09-30,C100017,LAHORE,Online,T-Shirts,Oversized Tee,3,1830,1140,0,Card,No
703748,2024-09-11,C100218,,Online,Dresses,Bodycon Dress,1,3700,2280,0,Card,No
703798,2025-06-28,C101930,Rawalpindi,Online,T-Shirts,Classic Cotton Tee,2,1140,610,10,Wallet,No
701039,2025-02-07,C100889,Rawalpindi,Online,Kurtas,Embroidered Kurta,1,2860,1440,15,Wallet,No
704938,2023-08-25,C101828,Peshawar,Online,T-Shirts,Oversized Tee,1,1910,1070,0,Card,No
704208,2023-10-01,C100924,Lahore,Online,Jeans,Straight Leg Jeans,1,3200,1620,15,COD,No
702033,2024-03-24,C100493,karachi,Store,Jackets,Denim Jacket,1,5500,3120,0,Card,Yes
701927,2025-04-04,C100824,Multan,Online,Jackets,Denim Jacket,1,5480,2760,10,Bank Transfer,No
701566,2025-03-06,C102009,Rawalpindi,Online,Jeans,Slim Fit Jeans,2,3600,1880,0,COD,No
704656,2025-02-05,C101710,Faisalabad,Online,Accessories,Leather Belt  ,1,1190,550,0,Bank Transfer,No
702790,2025-01-13,C101902,Multan,Store,Accessories,Leather Belt,1,1170,740,0,COD,No
700241,2024-05-19,C100983,Karachi,Online,T-Shirts,Classic Cotton Tee,1,1170,600,0,Card,No
704651,2024-02-28,C101381,Lahore,Store,Kurtas,Embroidered Kurta,1,2800,1500,0,Bank Transfer,No
700022,2024-12-21,C100179,Faisalabad,Online,Dresses,Maxi Dress,1,4370,1980,10,Bank Transfer,Yes
701626,2024-10-16,C101884,Karachi,Store,T-Shirts,Oversized Tee,2,1770,920,0,Wallet,No
700150,2025-01-09,C101447,Islamabad,Store,Jackets,Denim Jacket,2,5900,3400,0,Card,No
704125,2023-11-21,C100010,Karachi,Online,Accessories,Leather Belt,2,1230,560,10,Bank Transfer,No
703150,2025-01-06,C100961,Karachi,Online,Dresses,Summer Floral Dress,1,3370,1620,0,Card,No
703285,2023-08-31,C101689,Karachi,Store,Accessories,Sunglasses,1,2280,1080,0,COD,No
704019,2025-05-11,C100804,Lahore,Store,Accessories,Tote Bag,1,1710,830,20,COD,No
701804,2025-05-09,C100331,lahore,Store,Jeans,Slim Fit Jeans,2,3460,1590,0,Card,No
701145,2023-07-10,C100953,Lahore,Online,Dresses,Wrap Dress,1,4200,2110,0,COD,No
700136,2025-04-11,C100266,Karachi,Store,shoes,Sandals,2,2710,1550,15,Wallet,No
704392,2023-10-04,C102124,Karachi,Online,Shoes,Sandals,1,2840,1390,0,Card,No
702967,2024-02-01,C101763,Lahore,Online,Accessories,Tote Bag,2,1530,800,0,COD,No
701013,2024-08-14,C101478,Karachi,Online,T-Shirts,Polo Shirt,1,2220,1100,0,COD,No
702526,2023-10-25,C100597,Islamabad,Online,Shoes,Boots,1,6380,3240,10,Bank Transfer,No
703272,2025-03-13,C101618,Sialkot,Store,jackets,Hooded Jacket,1,4780,2480,15,COD,No
703063,2025-05-17,C102032,Karachi,Store,Dresses,Wrap Dress,1,3840,2050,15,Card,No
704303,2023-08-09,C100272,Lahore,Online,T-Shirts,Classic Cotton Tee,1,1230,600,10,COD,No
700617,2025-06-20,C100670,Lahore,Online,Dresses,Wrap Dress,2,4260,2500,10,Wallet,No
704580,2024-05-01,C101634,Sialkot,Online,Kurtas,Festive Kurta,1,4170,2010,10,COD,No
701307,2024-05-05,C100716,Islamabad,Store,T-Shirts,Classic Cotton Tee,1,1260,770,15,COD,No
701363,2024-05-23,C101955,Sialkot,Store,T-Shirts,Oversized Tee,3,1890,980,10,Wallet,No
704725,2023-10-03,C100746,Karachi,Store,T-Shirts,Polo Shirt,1,2370,1240,15,Card,No
701809,2025-04-08,C102008,Lahore,Store,Jeans,Straight Leg Jeans,2,3130,1850,15,COD,No
702347,2025-06-05,C101798,Islamabad,Store,Kurtas,Festive Kurta,2,4240,2150,0,COD,No
701533,2025-05-08,C101062,Lahore,Store,Kurtas,Festive Kurta,1,4150,2080,0,COD,No
702371,2023-12-05,C101387,Karachi,Online,Jeans,High-Waist Jeans,3,4290,2230,15,Wallet,No
701129,2023-08-12,C101805,Rawalpindi,Online,Jeans,Slim Fit Jeans,1,3680,2290,10,COD,No
702660,2024-10-07,C101535,Karachi,Store,Jeans,Slim Fit Jeans,1,3440,2180,10,COD,No
701822,2024-02-13,C101710,Faisalabad,Store,Jeans,Straight Leg Jeans,3,3060,1510,0,Card,No
702928,2023-07-22,C100809,Sialkot,Store,T-Shirts,Polo Shirt,3,2210,1180,0,COD,No
703195,2024-05-05,C101189,Rawalpindi,Store,Dresses,Wrap Dress,3,4200,2600,20,Wallet,No
700359,2023-09-04,C100573,Faisalabad,Store,T-Shirts,Graphic Print Tee,1,1500,940,0,COD,No
702729,2025-03-04,C101572,Islamabad,Online,Accessories,Sunglasses,1,2130,1120,0,Bank Transfer,No
702952,2025-04-21,C101218,Rawalpindi,Online,Accessories,Baseball Cap,1,900,530,20,Card,No
702174,2023-08-21,C101973,Karachi,Store,Kurtas,Embroidered Kurta,3,2940,1390,0,Wallet,No
700778,2025-01-03,C101593,Karachi,Online,Accessories,Sunglasses,1,2180,1130,0,COD,No
704780,2025-05-15,C100036,Lahore,Online,Dresses,Wrap Dress,1,4080,2030,0,COD,No
704202,2025-04-18,C100264,Peshawar,Store,dresses,Maxi Dress,2,4790,2460,20,Card,No
703081,2024-01-30,C101446,PESHAWAR,Online,Jackets,Bomber Jacket,1,5490,3550,0,COD,No
700169,2024-09-12,C101891,Faisalabad,Store,Jackets,Denim Jacket,3,5910,2960,0,Wallet,No
701507,2025-05-21,C100963,Lahore,Online,Jeans,Straight Leg Jeans,2,3290,1710,15,Bank Transfer,Yes
701693,2024-03-08,C101853,Faisalabad,Online,Jackets,Puffer Jacket,1,6980,4490,0,Card,No
702295,2023-07-31,C102091,Multan,Online,Accessories,Leather Belt,3,1180,760,0,Wallet,No
700405,2024-06-17,C100427,Multan,Store,Shoes,Boots,1,6450,3040,0,COD,No
700205,2025-04-12,C101167,Islamabad,Online,Jackets,Bomber Jacket,2,5310,2950,0,COD,No
701245,2024-12-29,C100847,Rawalpindi,Store,Kurtas,Printed Kurta,1,2460,1450,15,COD,No
705135,2025-06-05,C100033,Karachi,Online,TSHIRTS,Classic Cotton Tee,2,1210,760,0,COD,No
702527,2024-12-18,C100377,Karachi,Store,Dresses,Bodycon Dress,3,4100,2070,30,Card,No
702188,2023-12-29,C101872,Sialkot,Online,T-Shirts,Polo Shirt,1,2110,1230,15,COD,Yes
701255,2023-10-13,C100653,,Store,Shoes,Loafers,1,5150,2660,0,Wallet,No
703389,2023-10-25,C101496,Multan,Online,Jeans,Ripped Jeans,1,3670,1980,0,Card,No
703016,2024-02-19,C100707,Faisalabad,Store,Jackets,Hooded Jacket,1,4920,2400,0,Wallet,No
702452,2025-01-13,C102193,Lahore,Store,Jackets,Hooded Jacket,2,4680,3010,0,COD,Yes
700574,2025-01-22,C101797,Karachi,Online,Jackets,Bomber Jacket,1,5420,2930,0,Card,No
701078,2023-09-13,C101058,Islamabad,Store,Shoes,Boots,1,6970,3790,0,Card,No
700207,2024-01-27,C100494,Faisalabad,Online,T-Shirts,Classic Cotton Tee,2,1250,600,0,Card,No
703904,2025-04-26,C101019,Karachi,Online,Dresses,Bodycon Dress,1,3770,1800,0,COD,No
701263,2023-10-24,C100055,Faisalabad,Store,jeans,High-Waist Jeans,2,4300,2690,0,COD,No
703175,2025-01-04,C101237,Karachi,Store,Shoes,Sneakers,2,4760,2800,10,Wallet,No
702476,2024-05-17,C101311,Peshawar,Online,T-Shirts,Graphic Print Tee,3,1580,770,10,COD,No
700178,2025-01-10,C102011,Karachi,Online,Kurtas,Embroidered Kurta,2,3010,1530,0,COD,Yes
701353,2023-08-20,C101520,Karachi,Store,Jeans,Straight Leg Jeans,1,3320,1630,10,Card,No
704448,2023-10-18,C100633,Karachi,Store,Jackets,Hooded Jacket,2,4660,2660,0,Card,No
701587,2025-01-23,C100897,Lahore,Online,Jeans,Slim Fit Jeans,2,3550,2200,0,Card,No
701275,2025-05-28,C100252,Karachi,Online,Kurtas,Festive Kurta,2,4520,2160,20,Wallet,No
704137,2024-02-04,C100800,Faisalabad,Online,Accessories,Sunglasses,2,2100,1290,0,COD,No
704833,2025-04-11,C101853,Faisalabad,Online,Kurtas,Embroidered Kurta,1,2770,1770,0,Card,No
704223,2023-08-12,C101608,Karachi,Store,Shoes,Loafers  ,2,5080,2920,0,Card,No
704707,2025-05-31,C101350,Faisalabad,Online,Shoes,Boots,2,6800,3550,10,Card,No
701984,2023-09-07,C100331,Lahore,Online,Dresses,Maxi Dress,2,4470,2030,0,COD,No
705080,2024-08-10,C100241,Faisalabad,Store,Jeans,Straight Leg Jeans,3,3070,1900,0,COD,No
700549,2023-08-07,C101650,Karachi,Online,Accessories,Tote Bag,1,1590,920,0,COD,No
702295,2023-07-31,C102091,Multan,Online,Dresses,Summer Floral Dress,3,3430,1910,0,Wallet,Yes
703349,2025-06-15,C101839,Faisalabad,Online,Dresses,Bodycon Dress,2,3970,2120,0,Bank Transfer,No
703875,2025-01-06,C101590,Lahore,Online,Jackets,Denim Jacket,1,5530,2760,0,Bank Transfer,No
702359,2024-11-11,C101871,Karachi,Online,Jeans,Straight Leg Jeans,1,3410,1800,30,Bank Transfer,No
702455,2024-04-20,C100179,Faisalabad,Online,T-Shirts,Oversized Tee,1,1920,1180,0,COD,No
704708,2024-10-31,C100905,Rawalpindi,Store,Accessories,Leather Belt,3,1170,710,0,Card,No
703457,2025-05-12,C100564,Rawalpindi,Store,Accessories,Baseball Cap,1,910,490,10,Bank Transfer,No
704485,2023-11-16,C100118,Karachi,Online,Shoes,Sneakers,1,4640,2430,25,COD,No
700487,2025-06-08,C101364,Karachi,Store,T-Shirts,Classic Cotton Tee,1,1140,670,0,Wallet,No
702217,2023-07-02,C100511,Multan,Online,Jeans,Straight Leg Jeans,2,3220,1810,0,Wallet,No
703028,2025-04-24,C100594,Lahore,Online,Kurtas,Festive Kurta,3,4460,2680,20,COD,No
700656,2023-08-26,C100384,Karachi,Online,Jackets,Hooded Jacket,2,5150,3160,0,Card,No
703349,2025-06-15,C101839,Faisalabad,Online,Kurtas,Cotton Kurta,2,1840,1120,0,Bank Transfer,No
704749,2023-09-28,C100374,Lahore,Store,Accessories,Sunglasses,1,2320,1210,0,COD,No
700790,2025-03-18,C100916,Lahore,Store,Dresses,Maxi Dress,1,4420,2700,0,COD,Yes
703640,2025-01-31,C100198,Lahore,Store,Dresses,Summer Floral Dress,1,3410,1760,0,COD,No
702550,2023-10-22,C100996,Islamabad,Store,Dresses,Bodycon Dress,1,4000,2530,0,Card,No
704540,2023-11-06,C100513,Karachi,Online,Jeans,Straight Leg Jeans,1,3140,1640,0,Card,No
700358,2024-07-13,C102060,Sialkot,Store,Jeans,Ripped Jeans,2,3670,1810,0,COD,No
701301,2025-01-13,C100079,Faisalabad,Online,T-Shirts,Polo Shirt,2,2360,1250,10,COD,No
705136,2025-03-08,C100593,Islamabad,Store,Jeans,Slim Fit Jeans,1,3710,2230,10,COD,No
702151,2024-10-17,C100595,Karachi,Online,Shoes,Loafers,2,5300,2810,0,COD,No
705183,2024-08-11,C101543,Lahore,Online,Jeans,High-Waist Jeans,1,4160,2240,10,Card,No
701244,2024-08-27,C101859,Karachi,Online,Kurtas,Cotton Kurta,2,1810,900,0,COD,No
703964,2024-01-07,C101578,Sialkot,Online,Shoes,Boots,1,6690,4150,0,Card,No
702812,2023-10-19,C101686,Islamabad,Online,T-Shirts,Polo Shirt,3,2140,1040,0,COD,No
700546,2024-05-28,C100556,Karachi,Store,Accessories,Sunglasses,2,2270,1180,20,Wallet,No
704054,2024-02-12,C100469,Islamabad,Online,Shoes,Sneakers,2,4720,2180,15,Card,No
704708,2024-10-31,C100905,Rawalpindi,Store,TSHIRTS,Classic Cotton Tee,3,1230,660,0,Card,No
700598,2024-06-25,C100847,Rawalpindi,Online,Kurtas,Cotton Kurta,1,1860,1010,10,COD,No
702176,2024-08-26,C100986,Karachi,Store,jeans,Straight Leg Jeans,1,3250,2040,10,COD,No
702734,2025-04-08,C100347,Lahore,Online,SHOES,Boots,1,6680,3600,0,Bank Transfer,Yes
704331,2024-11-19,C100483,Karachi,Store,Kurtas,Festive Kurta,2,4410,2750,0,Wallet,No
701226,2025-06-07,C102046,Karachi,Online,Kurtas,Printed Kurta,1,2380,1190,0,COD,No
700199,2025-05-11,C100429,,Store,T-Shirts,Graphic Print Tee,2,1440,820,10,COD,No
702130,2025-03-07,C101711,Karachi,Online,T-Shirts,Graphic Print Tee,2,1530,870,0,COD,No
704326,2023-08-12,C101408,,Store,Dresses,Wrap Dress,2,4180,2290,0,COD,No
700087,2025-06-28,C102095,Karachi,Store,Kurtas,Cotton Kurta,3,1980,1160,0,Card,Yes
704407,2024-08-24,C101496,Multan,Online,Dresses,Summer Floral Dress,3,3100,1410,0,Wallet,No
702477,2023-07-27,C102068,Lahore,Online,Dresses,Bodycon Dress,2,3640,2250,0,COD,No
701716,2024-06-11,C101646,Karachi,Online,Jeans,High-Waist Jeans,1,4070,2490,0,COD,No
700635,2024-10-13,C101489,Karachi,Online,Kurtas,Printed Kurta,1,2410,1330,0,Card,No
700485,2025-02-26,C100795,Karachi,Online,Dresses,Bodycon Dress,3,3840,2330,0,COD,No
702374,2025-06-20,C101311,Peshawar,Store,JEANS,High-Waist Jeans,2,4070,2270,0,Card,No
700958,2023-12-12,C100468,Lahore,Store,Shoes,Boots,1,6480,3830,10,Wallet,No
700645,2024-01-02,C100906,Karachi,Online,Dresses,Wrap Dress,1,4190,2400,0,COD,No
701932,2023-08-16,C100513,KARACHI,Online,Jackets,Hooded Jacket,1,4860,2910,0,COD,No
701414,2024-10-07,C100063,Faisalabad,Store,Jackets,Denim Jacket,2,5240,2880,0,COD,Yes
701792,2025-06-08,C100145,karachi,Online,T-Shirts,Graphic Print Tee,1,1550,870,0,Bank Transfer,No
703359,2024-09-25,C101214,Karachi,Online,Kurtas,Embroidered Kurta,2,2960,1630,0,COD,No
700669,2024-10-19,C100973,Peshawar,Store,Jeans,Ripped Jeans,2,3790,1970,15,COD,No
701493,2024-04-03,C101547,Faisalabad,Online,Accessories,Leather Belt,1,1290,810,10,COD,No
704005,2023-11-15,C100088,Lahore,Online,Jeans,Straight Leg Jeans,3,3360,2110,0,COD,No
700808,2024-10-06,C100389,Multan,Online,Accessories,Leather Belt,1,1210,670,0,COD,No
704190,2023-11-07,C100999,Karachi,Store,Jeans,Slim Fit Jeans,1,3510,1960,15,COD,No
703189,2023-09-13,C100769,Islamabad,Store,Shoes,Sneakers,2,4810,2500,0,COD,Yes
701015,2023-07-18,C100399,Karachi,Store,Accessories,Tote Bag,1,1650,940,0,COD,No
703123,2023-08-28,C101662,Faisalabad,Store,Kurtas,Festive Kurta,1,4180,2460,0,COD,No
701656,2024-12-19,C102136,Karachi,Online,Kurtas,Printed Kurta,2,2390,1460,0,Bank Transfer,No
702640,2024-11-13,C102088,Rawalpindi,Online,Jeans,Ripped Jeans,1,3870,1940,0,COD,No
704463,2023-10-01,C100369,Peshawar,Store,Kurtas,Embroidered Kurta,1,2830,1540,15,Bank Transfer,No
700350,2024-07-22,C100428,Lahore,Online,Dresses,Maxi Dress,2,4550,2640,0,Card,Yes
705051,2024-12-14,C101924,Lahore,Online,T-Shirts,Classic Cotton Tee,2,1150,530,15,COD,No
702771,2025-05-29,C100225,peshawar,Online,Dresses,Bodycon Dress,1,4020,2140,10,Card,Yes
701316,2025-03-29,C100098,Lahore,Online,Kurtas,Embroidered Kurta,1,2870,1670,0,COD,No
700295,2025-06-03,C100343,Islamabad,Online,Jeans,Straight Leg Jeans,1,3320,1510,10,COD,No
702253,2024-10-01,C101094,Islamabad,Online,T-Shirts,Oversized Tee,1,1940,940,0,Wallet,No
702100,2023-10-24,C101128,Rawalpindi,Online,T-Shirts,Oversized Tee,1,1850,1060,0,Wallet,No
700058,2025-04-14,C100644,Islamabad,Store,T-Shirts,Oversized Tee,3,1920,870,0,Card,No
702085,2024-09-27,C101525,,Store,Accessories,Leather Belt,2,1250,640,15,Card,Yes
701071,2023-10-10,C100975,Islamabad,Store,T-Shirts,Graphic Print Tee,1,1520,710,10,COD,No
704348,2023-11-23,C100573,Faisalabad,Store,Kurtas,Embroidered Kurta,1,2870,1460,30,COD,No
700910,2024-01-21,C101606,Sialkot,Store,Accessories,Sunglasses,2,2150,1040,0,Wallet,No
702552,2025-04-01,C100063,Faisalabad,Online,Jeans,High-Waist Jeans,1,4410,2690,15,COD,Yes
701924,2025-03-04,C100250,Rawalpindi,Online,Accessories,Sunglasses,2,2350,1200,0,Card,No
704204,2024-09-11,C101817,Karachi,Store,Kurtas,Embroidered Kurta,2,2850,1410,0,COD,No
702705,2024-10-15,C102116,Karachi,Online,Jeans,High-Waist Jeans,1,4230,2400,0,COD,No
701810,2025-04-13,C101867,,Store,Accessories,Tote Bag,2,1660,800,10,COD,No
700357,2023-07-06,C101598,,Store,Kurtas,Cotton Kurta,1,1850,1140,15,,No
704370,2025-01-21,C101469,Lahore,Store,Kurtas,Festive Kurta,2,4320,2040,0,Card,No
702395,2025-01-05,C100969,Lahore,Online,Jeans,Slim Fit Jeans,2,3550,1900,0,Bank Transfer,Yes
700239,2025-04-14,C101561,Islamabad,Online,T-Shirts,Oversized Tee,3,1740,860,20,COD,No
700257,2024-03-30,C100567,Lahore,Online,Dresses,Bodycon Dress,2,3850,2240,0,COD,No
705028,2025-06-20,C100578,Multan,Online,Dresses,Summer Floral Dress,1,3140,1480,10,COD,Yes
701413,2025-03-21,C100983,Karachi,Online,Accessories,Sunglasses,1,2200,1320,0,Bank Transfer,No
703909,2023-12-28,C101653,Lahore,Online,T-Shirts,Classic Cotton Tee,2,1200,620,15,COD,No
700507,2025-02-27,C101356,Islamabad,Store,Jackets,Hooded Jacket,1,5120,3220,0,Card,No
702100,2023-10-24,C101128,Rawalpindi,Online,Jackets,Hooded Jacket,1,4730,2260,0,Wallet,No
704091,2024-10-11,C101207,Karachi,Online,Accessories,Tote Bag,1,1680,850,0,COD,No
702944,2025-06-12,C100094,Karachi,Store,Kurtas,Embroidered Kurta,1,2700,1650,0,COD,No
703086,2024-06-29,C101753,Faisalabad,Online,Dresses,Wrap Dress,2,4100,2050,0,COD,No
701027,2025-06-06,C100012,Rawalpindi,Online,Accessories,Tote Bag,1,1640,890,0,COD,No
702137,2025-05-03,C100170,Karachi,Store,Shoes,Loafers,3,5180,2840,0,Card,No
704305,2024-11-09,C101896,Rawalpindi,Store,Dresses,Bodycon Dress,3,3980,2280,25,Card,No
704466,2023-07-26,C102001,Karachi,Online,T-Shirts,Polo Shirt,3,2340,1260,0,COD,No
701128,2025-01-12,C100597,Islamabad,Online,Jackets,Bomber Jacket,1,5390,3110,0,Card,No
700143,2024-08-21,C100335,Islamabad,Online,Kurtas,Cotton Kurta,1,1910,930,0,COD,No
700565,2024-08-07,C101865,multan,Store,Shoes,Sandals,2,2780,1740,0,Card,No
703513,2025-06-03,C101623,Lahore,Online,Jeans,High-Waist Jeans,2,4070,2640,0,Card,No
704740,2025-01-22,C101304,Multan,Store,Accessories,Tote Bag,2,1540,960,0,COD,No
702951,2023-11-16,C100843,Karachi,Online,Shoes,Boots,1,6960,3390,25,Card,No
703323,2025-03-09,C100708,Karachi,Online,T-Shirts,Oversized Tee,3,1860,1070,0,Card,Yes
703377,2024-02-11,C100156,Karachi,Online,Jackets,Hooded Jacket,1,4970,2880,15,COD,No
701852,2023-09-17,C102155,Multan,Online,Jackets,Hooded Jacket,1,4790,2690,10,COD,No
704156,2024-02-10,C100538,Lahore,Store,Shoes,Sneakers,1,4520,2720,10,COD,No
702712,2024-04-22,C101178,Lahore,Store,Accessories,Tote Bag,2,1610,1040,0,COD,No
702797,2024-08-31,C101581,Karachi,Store,dresses,Maxi Dress,2,4500,2380,0,COD,No
702086,2024-06-13,C101562,Peshawar,Store,Accessories,Baseball Cap,2,950,530,0,Wallet,No
701450,2024-01-11,C100611,Rawalpindi,Online,Jeans,Ripped Jeans,2,3670,1910,0,Card,No
704794,2025-04-17,C101895,Lahore,Store,Kurtas,Printed Kurta,1,2410,1360,10,COD,No
701105,2024-04-26,C101019,Karachi,Store,Shoes,Boots,1,6280,3870,0,COD,No
701773,2023-12-15,C101064,Karachi,Online,Jackets,Hooded Jacket,2,4930,2990,20,Bank Transfer,Yes
701508,2024-09-22,C100080,Rawalpindi,Online,Shoes,Sandals,1,2730,1680,0,COD,No
701465,2024-04-01,C101996,Karachi,Store,T-Shirts,Polo Shirt,2,2230,1300,15,COD,No
702667,2024-01-07,C100010,Karachi,Online,Kurtas,Festive Kurta,1,4400,2200,10,Card,No
703484,2024-03-26,C100371,Karachi,Online,T-Shirts,Classic Cotton Tee,1,1200,550,0,Card,No
701077,2024-12-08,C100469,Islamabad,Online,Shoes,Boots,2,6250,3430,10,Card,No
702009,2025-03-31,C100100,Peshawar,Store,Jackets,Hooded Jacket,1,4710,2640,0,Wallet,Yes
704772,2024-12-23,C100135,Lahore,Store,Accessories,Baseball Cap,1,870,540,20,COD,No
701809,2025-04-08,C102008,Lahore,Store,Dresses,Maxi Dress,2,4310,1960,10,COD,No
703519,2024-09-22,C101312,Islamabad,Store,Jeans,Straight Leg Jeans,2,3130,2020,0,Card,No
700268,2025-01-14,C101731,Lahore,Store,t-shirts,Classic Cotton Tee,1,1230,750,0,COD,No
701286,2024-12-26,C100587,Karachi,Online,Shoes,Loafers,3,5590,2610,20,COD,Yes
700773,2023-07-13,C101646,Karachi,Online,T-Shirts,Graphic Print Tee,2,1580,780,15,COD,No
701570,2024-07-08,C100655,Karachi,Store,Kurtas,Embroidered Kurta,2,2940,1750,0,Wallet,No
703215,2023-07-10,C101048,MULTAN,Store,T-Shirts,Graphic Print Tee,1,1570,830,15,Card,No
704930,2024-05-07,C100237,,Online,T-Shirts,Polo Shirt,1,2370,1260,20,,No
703694,2024-09-22,C102099,Lahore,Online,Dresses,Wrap Dress,2,4150,2090,0,Card,No
703838,2023-07-11,C101588,Karachi,Online,Dresses,Bodycon Dress,1,3910,2530,0,Card,No
703164,2024-10-26,C100731,Lahore,Online,Shoes,Sneakers,2,4310,2560,10,Card,No
704523,2024-08-15,C101262,Karachi,Online,Kurtas,Embroidered Kurta  ,2,2840,1510,0,Card,No
700700,2024-01-31,C101838,Faisalabad,Online,T-Shirts,Polo Shirt,1,2280,1080,0,Bank Transfer,No
703643,2024-10-20,C100770,Lahore,Store,Jackets,Puffer Jacket,1,6850,3520,15,COD,Yes
700252,2023-12-21,C101561,Islamabad,Online,Kurtas,Embroidered Kurta,2,2820,1810,0,COD,No
700759,2024-12-24,C100261,Multan,Store,Jackets,Puffer Jacket,1,6510,4140,30,Bank Transfer,Yes
701139,2024-06-04,C101691,Peshawar,Online,Kurtas,Festive Kurta,1,4220,2100,15,Card,No
704543,2024-09-01,C101445,Islamabad,Store,Accessories,Baseball Cap,2,940,560,0,COD,No
702266,2024-06-05,C101369,Karachi,Online,Kurtas,Cotton Kurta,-1,1930,1170,0,COD,No
703580,2025-03-09,C101049,Lahore,Online,Jeans,High-Waist Jeans,1,4470,2270,0,Card,No
704411,2024-06-25,C101321,karachi,Online,Jeans,Ripped Jeans,1,3640,1660,0,COD,No
700781,2025-02-12,C100535,Lahore,Online,Jackets,Denim Jacket,1,5350,3480,10,Card,Yes
703881,2025-03-22,C100616,Faisalabad,Store,Jackets,Denim Jacket,1,5660,3270,0,Card,No
704839,2024-12-08,C100053,Rawalpindi,Online,Jackets,Bomber Jacket,3,5410,3420,20,COD,No
703373,2023-11-03,C102051,Lahore,Store,Accessories,Leather Belt,1,1260,620,20,Card,No
702956,2025-04-26,C101778,Karachi,Store,Jeans,Slim Fit Jeans,1,3470,2150,10,Wallet,No
702638,2025-06-04,C101274,Lahore,Online,T-Shirts,Classic Cotton Tee,3,1210,740,0,COD,No
700536,2023-09-22,C101776,Rawalpindi,Online,T-Shirts,Graphic Print Tee,2,1580,820,15,,No
700368,2023-07-18,C100377,Karachi,Online,T-Shirts,Oversized Tee,2,1780,990,0,Card,No
704147,2024-01-13,C102085,Karachi,Online,Accessories,Tote Bag,1,1710,870,0,COD,No
701560,2024-07-12,C100381,Peshawar,Store,Kurtas,Festive Kurta,1,4170,2440,0,COD,No
701354,2023-10-23,C100309,Lahore,Online,T-Shirts,Graphic Print Tee,1,1430,650,0,COD,No
700321,2024-01-26,C100096,Karachi,Online,Jackets,Denim Jacket,3,5290,3020,0,Card,Yes
701404,2023-07-26,C101979,Lahore,Store,Dresses,Wrap Dress,1,4180,2180,0,Bank Transfer,No
700010,2023-09-29,C100955,Peshawar,Online,T-Shirts,Oversized Tee,1,1870,880,0,COD,No
700436,2024-07-10,C101874,Peshawar,Online,Accessories,Sunglasses,1,2270,1380,10,Card,No
701825,2024-11-22,C102083,Lahore,Online,Jackets,Bomber Jacket,1,5570,3210,0,Card,No
700845,2024-01-24,C101709,Karachi,Online,Jackets,Bomber Jacket,1,5400,3290,0,COD,No
704586,2025-04-24,C100340,Lahore,Online,Jackets,Puffer Jacket,3,7120,3580,0,COD,No
703583,2024-03-23,C100828,Multan,Online,Shoes,Boots,2,6500,3460,15,COD,No
703540,2023-09-25,C101368,Lahore,Store,Accessories,Sunglasses,1,2090,1350,0,COD,No
704731,2023-09-11,C101161,Rawalpindi,Store,Shoes,Sneakers,3,4680,2170,0,Card,No
704598,2024-11-12,C101075,Karachi,Online,Jackets,Denim Jacket,3,5810,3260,20,COD,No
701678,2025-03-10,C100017,Lahore,Online,Jackets,Bomber Jacket,2,5280,3080,0,Card,No
704621,2025-03-26,C100985,Peshawar,Online,Accessories,Sunglasses,1,2180,1050,0,COD,No
702142,2023-09-20,C101384,Sialkot,Online,Shoes,Boots,1,6600,3630,0,Card,No
701372,2023-07-21,C100241,Faisalabad,Online,Shoes,Loafers,3,5380,3250,0,COD,No
702666,2023-10-26,C100972,Lahore,Store,Jeans,Slim Fit Jeans,1,3650,1920,0,Wallet,Yes
702594,2023-10-02,C101702,Karachi,Online,Jackets,Denim Jacket  ,1,5560,3560,10,COD,No
703974,2025-05-11,C100476,Karachi,Store,Jeans,Straight Leg Jeans,1,3340,1610,15,COD,No
704084,2023-07-08,C101890,Lahore,Online,Accessories,Tote Bag,2,1710,1050,0,Wallet,No
701397,2024-03-20,C101833,Lahore,Store,Kurtas,Embroidered Kurta,1,2790,1410,0,COD,No
702386,2023-08-13,C100631,Multan,Store,Accessories,Tote Bag,2,1620,780,0,Card,No
701130,2024-02-08,C100938,Peshawar,Online,T-Shirts,Oversized Tee,1,1720,1080,0,Card,No
701713,2024-12-03,C101692,Lahore,Online,Jackets,Puffer Jacket,2,7040,4340,10,COD,No
702235,2025-03-31,C101576,Faisalabad,Online,Accessories,Tote Bag,1,1670,1020,0,Card,Yes
701470,2023-07-05,C102129,Lahore,Store,Accessories,Sunglasses,1,2090,1190,0,Card,No
701289,2025-01-07,C101727,Multan,Store,Kurtas,Festive Kurta,3,4260,2310,0,Card,No
704325,2025-02-17,C100398,Karachi,Online,Shoes,Sandals,3,2810,1440,0,Card,Yes
701326,2024-04-23,C101814,Multan,Online,Accessories,Tote Bag,1,1550,920,10,Wallet,No
700020,2024-05-28,C100160,Lahore,Store,Jeans,Ripped Jeans,2,3800,1730,0,Card,No
701636,2025-05-05,C100955,Peshawar,Online,Kurtas,Embroidered Kurta,2,3010,1720,20,COD,No
702140,2023-11-21,C100779,Multan,Store,Kurtas,Embroidered Kurta,1,2960,1780,0,Bank Transfer,No
704877,2024-11-21,C100263,Lahore,Store,Dresses,Bodycon Dress,1,4030,2070,15,Card,No
702556,2025-03-12,C101378,Islamabad,Store,T-Shirts,Classic Cotton Tee,2,1270,800,0,Bank Transfer,No
700673,2023-07-26,C100894,Faisalabad,Store,Shoes,Sandals,1,3010,1370,0,Bank Transfer,No
700193,2024-08-04,C101749,Karachi,Online,Shoes,Loafers,1,5080,2880,0,COD,No
700907,2024-07-22,C101258,Islamabad,Online,Kurtas,Cotton Kurta,2,1820,850,0,Card,No
700233,2025-01-02,C101347,Karachi,Store,Jackets,Bomber Jacket  ,1,5140,2670,0,Wallet,No
702563,2024-02-23,C100723,Sialkot,Store,Shoes,Loafers,3,5590,3110,10,COD,No
702199,2023-12-10,C101915,Lahore,Online,Accessories,Tote Bag,3,1560,710,20,Card,No
703124,2025-02-12,C101757,Sialkot,Store,Jeans,High-Waist Jeans,2,4030,2220,10,Bank Transfer,No
704697,2024-11-29,C100266,Karachi,Online,Kurtas,Cotton Kurta,1,1990,1230,0,Card,No
700371,2024-10-31,C100999,Karachi,Online,T-Shirts,Polo Shirt,1,2110,1370,15,Wallet,No
703407,2024-04-13,C100934,Faisalabad,Online,Kurtas,Embroidered Kurta,2,2790,1760,0,COD,No
700676,2024-02-29,C101969,Islamabad,Store,Jeans,Straight Leg Jeans,2,3100,1450,0,Card,No
703426,2024-05-13,C100048,Rawalpindi,Store,Shoes,Loafers,3,5330,2660,15,Card,No
702655,2024-03-15,C100189,Karachi,Online,Shoes,Sneakers,1,4500,2150,0,Wallet,No
701826,2024-09-29,C101556,Peshawar,Store,Dresses,Wrap Dress,1,3940,1900,10,,No
701957,2024-04-08,C100302,Islamabad,Store,Tshirts,Polo Shirt,1,2300,1090,0,COD,No
703673,2023-09-27,C101077,Karachi,Online,Shoes,Loafers,2,5220,2950,0,COD,No
703181,2025-01-05,C101053,lahore,Online,Jackets,Puffer Jacket,2,7180,3740,0,Card,No
700008,2024-06-04,C101587,Islamabad,Online,Jeans,Slim Fit Jeans,1,3420,1620,0,,No
703576,2025-06-30,C101347,Karachi,Store,Dresses,Wrap Dress,3,3950,2270,0,Card,No
700457,2024-05-29,C101500,Rawalpindi,Store,accessories,Leather Belt,1,1190,750,20,Card,No
702917,2024-10-04,C101096,Lahore,Store,Shoes,Loafers,1,5320,3310,0,COD,No
701788,2025-02-17,C100228,Islamabad,Store,Jackets,Puffer Jacket,1,7060,4500,0,Card,No
703910,2025-01-19,C101460,Faisalabad,Online,Accessories,Tote Bag,1,1640,830,0,COD,No
701306,2023-08-28,C102139,Multan,Online,T-Shirts,Classic Cotton Tee,1,1150,710,0,Bank Transfer,No
701919,2025-01-26,C100345,Faisalabad,Store,Kurtas,Festive Kurta,1,4360,2710,0,COD,No
704217,2025-02-14,C100647,Islamabad,Online,Shoes,Boots,2,6200,3990,0,Bank Transfer,No
704206,2024-09-23,C102058,Lahore,Online,Shoes,Sandals,2,2980,1660,0,COD,No
701112,2024-01-25,C100767,Lahore,Store,T-Shirts,Oversized Tee,2,1730,1060,0,COD,No
703792,2024-06-22,C101724,Karachi,Online,Kurtas,Cotton Kurta,1,1910,990,0,Card,No
701721,2025-05-12,C100257,Lahore,Online,Jeans,Straight Leg Jeans,2,3460,1680,10,Card,No
700351,2024-03-13,C101279,Islamabad,Store,Kurtas,Printed Kurta,1,2290,1050,0,Card,No
700633,2024-09-20,C101161,Rawalpindi,Online,T-Shirts,Graphic Print Tee,1,1510,700,0,Card,No
702457,2023-12-03,C101325,Multan,Online,Kurtas,Printed Kurta,1,2340,1440,20,Wallet,No
703882,2023-08-20,C100100,Peshawar,Store,Shoes,Loafers,2,5420,2720,10,Card,Yes
703521,2023-09-06,C101610,Lahore,Store,Kurtas,Festive Kurta,1,4000,2590,0,Wallet,No
705158,2023-12-07,C100525,Karachi,Online,Dresses,Bodycon Dress,1,3940,2330,20,Card,No
700037,2024-09-19,C101591,Lahore,Online,Kurtas,Festive Kurta,1,4300,1980,0,Wallet,No
703260,2023-07-30,C101250,Lahore,Online,Accessories,Leather Belt,1,1230,700,0,COD,No
705115,2025-06-26,C100902,Lahore,Store,T-Shirts,Polo Shirt,1,2340,1510,10,Card,No
700270,2025-01-17,C100341,Sialkot,Store,Dresses,Wrap Dress,1,4090,2280,15,Card,No
700035,2023-11-22,C100060,Rawalpindi,Online,Jackets,Hooded Jacket,1,4680,2460,20,Card,No
704883,2024-08-21,C102049,Karachi,Store,Dresses,Summer Floral Dress,1,3070,1390,0,Card,No
702124,2024-10-07,C101134,Sialkot,Store,Jackets,Bomber Jacket,1,5310,2660,0,COD,No
704508,2024-09-08,C102058,Lahore,Online,Kurtas,Cotton Kurta,1,2010,1220,0,Card,No
703165,2024-12-18,C100226,Lahore,Online,Kurtas,Printed Kurta,1,2440,1300,20,COD,No
704832,2024-07-16,C102193,Lahore,Online,Jackets,Hooded Jacket,1,5110,3280,0,Card,No
701083,2024-08-31,C100210,Rawalpindi,Online,Dresses,Wrap Dress,0,4060,2550,0,Card,No
701987,2024-03-02,C101335,Multan,Store,T-Shirts,Oversized Tee,1,1820,940,0,Wallet,No
704408,2023-08-20,C100141,Karachi,Store,Shoes,Boots,1,6720,4290,0,Bank Transfer,No
